design_name,clock_frequency_mhz,toggle_rate,static_probability,cell_count,seq_cell_count,total_area,logic_depth,dynamic_power,leakage_power,power_units,vdd,temperature,process,pvt_corner
adder_12bit,10,0.1,0.5,132,0,1.645056,52,8.7210,6.4352,uW/nW,0.60,25,TT,saed05rvt_base_tt0p60v25c
adder_12bit,10,0.5,0.5,132,0,1.645056,52,42.2655,6.4352,uW/nW,0.60,25,TT,saed05rvt_base_tt0p60v25c
adder_12bit,10,0.3,0.5,132,0,1.645056,52,25.4936,6.4352,uW/nW,0.60,25,TT,saed05rvt_base_tt0p60v25c
adder_12bit,10,0.8,0.5,132,0,1.645056,52,67.4231,6.4352,uW/nW,0.60,25,TT,saed05rvt_base_tt0p60v25c
adder_12bit,10,0.5,0.3,132,0,1.645056,52,42.2195,6.2167,uW/nW,0.60,25,TT,saed05rvt_base_tt0p60v25c
adder_12bit,10,0.5,0.7,132,0,1.645056,52,42.2073,7.4987,uW/nW,0.60,25,TT,saed05rvt_base_tt0p60v25c
adder_12bit,50,0.1,0.5,132,0,1.645056,52,10.0476,6.4352,uW/nW,0.60,25,TT,saed05rvt_base_tt0p60v25c
adder_12bit,50,0.5,0.5,132,0,1.645056,52,43.6051,6.4352,uW/nW,0.60,25,TT,saed05rvt_base_tt0p60v25c
adder_12bit,50,0.3,0.5,132,0,1.645056,52,26.8299,6.4352,uW/nW,0.60,25,TT,saed05rvt_base_tt0p60v25c
adder_12bit,50,0.8,0.5,132,0,1.645056,52,68.7650,6.4352,uW/nW,0.60,25,TT,saed05rvt_base_tt0p60v25c
adder_12bit,50,0.5,0.3,132,0,1.645056,52,43.3538,6.2167,uW/nW,0.60,25,TT,saed05rvt_base_tt0p60v25c
adder_12bit,50,0.5,0.7,132,0,1.645056,52,43.3402,7.4987,uW/nW,0.60,25,TT,saed05rvt_base_tt0p60v25c
adder_12bit,100,0.1,0.5,132,0,1.645056,52,10.2511,7.3425,uW/nW,0.60,25,TT,saed05rvt_base_tt0p60v25c
adder_12bit,100,0.5,0.5,132,0,1.645056,52,44.2141,7.0335,uW/nW,0.60,25,TT,saed05rvt_base_tt0p60v25c
adder_12bit,100,0.3,0.5,132,0,1.645056,52,27.4446,7.0335,uW/nW,0.60,25,TT,saed05rvt_base_tt0p60v25c
adder_12bit,100,0.8,0.5,132,0,1.645056,52,69.3704,7.0335,uW/nW,0.60,25,TT,saed05rvt_base_tt0p60v25c
adder_12bit,100,0.5,0.3,132,0,1.645056,52,44.2113,6.4229,uW/nW,0.60,25,TT,saed05rvt_base_tt0p60v25c
adder_12bit,100,0.5,0.7,132,0,1.645056,52,44.2046,7.7008,uW/nW,0.60,25,TT,saed05rvt_base_tt0p60v25c
adder_12bit,200,0.1,0.5,132,0,1.645056,52,10.9184,7.3431,uW/nW,0.60,25,TT,saed05rvt_base_tt0p60v25c
adder_12bit,200,0.5,0.5,132,0,1.645056,52,46.2693,7.0370,uW/nW,0.60,25,TT,saed05rvt_base_tt0p60v25c
adder_12bit,200,0.3,0.5,132,0,1.645056,52,28.7208,7.3408,uW/nW,0.60,25,TT,saed05rvt_base_tt0p60v25c
adder_12bit,200,0.8,0.5,132,0,1.645056,52,71.4227,7.0370,uW/nW,0.60,25,TT,saed05rvt_base_tt0p60v25c
adder_12bit,200,0.5,0.3,132,0,1.645056,52,46.2458,6.4259,uW/nW,0.60,25,TT,saed05rvt_base_tt0p60v25c
adder_12bit,200,0.5,0.7,132,0,1.645056,52,46.2500,7.7077,uW/nW,0.60,25,TT,saed05rvt_base_tt0p60v25c
adder_12bit,300,0.1,0.5,132,0,1.645056,52,11.2710,7.3435,uW/nW,0.60,25,TT,saed05rvt_base_tt0p60v25c
adder_12bit,300,0.5,0.5,132,0,1.645056,52,47.2290,7.3404,uW/nW,0.60,25,TT,saed05rvt_base_tt0p60v25c
adder_12bit,300,0.3,0.5,132,0,1.645056,52,29.3955,7.3419,uW/nW,0.60,25,TT,saed05rvt_base_tt0p60v25c
adder_12bit,300,0.8,0.5,132,0,1.645056,52,73.4333,7.0359,uW/nW,0.60,25,TT,saed05rvt_base_tt0p60v25c
adder_12bit,300,0.5,0.3,132,0,1.645056,52,46.5992,7.0302,uW/nW,0.60,25,TT,saed05rvt_base_tt0p60v25c
adder_12bit,300,0.5,0.7,132,0,1.645056,52,47.2995,7.7192,uW/nW,0.60,25,TT,saed05rvt_base_tt0p60v25c
adder_12bit,450,0.1,0.5,132,0,1.645056,52,11.5850,7.3458,uW/nW,0.60,25,TT,saed05rvt_base_tt0p60v25c
adder_12bit,450,0.5,0.5,132,0,1.645056,52,48.1470,7.3411,uW/nW,0.60,25,TT,saed05rvt_base_tt0p60v25c
adder_12bit,450,0.3,0.5,132,0,1.645056,52,29.9702,7.3444,uW/nW,0.60,25,TT,saed05rvt_base_tt0p60v25c
adder_12bit,450,0.8,0.5,132,0,1.645056,52,75.0104,7.3426,uW/nW,0.60,25,TT,saed05rvt_base_tt0p60v25c
adder_12bit,450,0.5,0.3,132,0,1.645056,52,47.4945,7.2027,uW/nW,0.60,25,TT,saed05rvt_base_tt0p60v25c
adder_12bit,450,0.5,0.7,132,0,1.645056,52,48.7331,7.5657,uW/nW,0.60,25,TT,saed05rvt_base_tt0p60v25c
adder_12bit,600,0.1,0.5,132,0,1.645056,52,11.7531,7.3377,uW/nW,0.60,25,TT,saed05rvt_base_tt0p60v25c
adder_12bit,600,0.5,0.5,132,0,1.645056,52,48.6608,7.3436,uW/nW,0.60,25,TT,saed05rvt_base_tt0p60v25c
adder_12bit,600,0.3,0.5,132,0,1.645056,52,30.2857,7.3462,uW/nW,0.60,25,TT,saed05rvt_base_tt0p60v25c
adder_12bit,600,0.8,0.5,132,0,1.645056,52,75.9106,7.3436,uW/nW,0.60,25,TT,saed05rvt_base_tt0p60v25c
adder_12bit,600,0.5,0.3,132,0,1.645056,52,47.9971,7.2042,uW/nW,0.60,25,TT,saed05rvt_base_tt0p60v25c
adder_12bit,600,0.5,0.7,132,0,1.645056,52,49.2668,7.5652,uW/nW,0.60,25,TT,saed05rvt_base_tt0p60v25c
adder_12bit,750,0.1,0.5,132,0,1.645056,52,11.8517,7.3435,uW/nW,0.60,25,TT,saed05rvt_base_tt0p60v25c
adder_12bit,750,0.5,0.5,132,0,1.645056,52,48.9776,7.3430,uW/nW,0.60,25,TT,saed05rvt_base_tt0p60v25c
adder_12bit,750,0.3,0.5,132,0,1.645056,52,30.4839,7.3410,uW/nW,0.60,25,TT,saed05rvt_base_tt0p60v25c
adder_12bit,750,0.8,0.5,132,0,1.645056,52,76.4715,7.3394,uW/nW,0.60,25,TT,saed05rvt_base_tt0p60v25c
adder_12bit,750,0.5,0.3,132,0,1.645056,52,48.3023,7.2034,uW/nW,0.60,25,TT,saed05rvt_base_tt0p60v25c
adder_12bit,750,0.5,0.7,132,0,1.645056,52,49.5967,7.5606,uW/nW,0.60,25,TT,saed05rvt_base_tt0p60v25c
adder_12bit,900,0.1,0.5,132,0,1.645056,52,11.9281,7.3410,uW/nW,0.60,25,TT,saed05rvt_base_tt0p60v25c
adder_12bit,900,0.5,0.5,132,0,1.645056,52,49.2117,7.3422,uW/nW,0.60,25,TT,saed05rvt_base_tt0p60v25c
adder_12bit,900,0.3,0.5,132,0,1.645056,52,30.6259,7.3425,uW/nW,0.60,25,TT,saed05rvt_base_tt0p60v25c
adder_12bit,900,0.8,0.5,132,0,1.645056,52,76.8629,7.3428,uW/nW,0.60,25,TT,saed05rvt_base_tt0p60v25c
adder_12bit,900,0.5,0.3,132,0,1.645056,52,48.5240,7.2026,uW/nW,0.60,25,TT,saed05rvt_base_tt0p60v25c
adder_12bit,900,0.5,0.7,132,0,1.645056,52,49.8395,7.5652,uW/nW,0.60,25,TT,saed05rvt_base_tt0p60v25c
adder_12bit,1000,0.1,0.5,132,0,1.645056,52,12.0071,7.3414,uW/nW,0.60,25,TT,saed05rvt_base_tt0p60v25c
adder_12bit,1000,0.5,0.5,132,0,1.645056,52,49.3657,7.3407,uW/nW,0.60,25,TT,saed05rvt_base_tt0p60v25c
adder_12bit,1000,0.3,0.5,132,0,1.645056,52,30.7448,7.3375,uW/nW,0.60,25,TT,saed05rvt_base_tt0p60v25c
adder_12bit,1000,0.8,0.5,132,0,1.645056,52,77.1055,7.3397,uW/nW,0.60,25,TT,saed05rvt_base_tt0p60v25c
adder_12bit,1000,0.5,0.3,132,0,1.645056,52,48.6783,7.1994,uW/nW,0.60,25,TT,saed05rvt_base_tt0p60v25c
adder_12bit,1000,0.5,0.7,132,0,1.645056,52,50.0062,7.5611,uW/nW,0.60,25,TT,saed05rvt_base_tt0p60v25c
adder_12bit,10,0.1,0.5,132,0,1.645056,52,10.0612,734.9678,uW/nW,0.60,125,TT,saed05rvt_base_tt0p60v125c
adder_12bit,10,0.5,0.5,132,0,1.645056,52,48.9146,734.9678,uW/nW,0.60,125,TT,saed05rvt_base_tt0p60v125c
adder_12bit,10,0.3,0.5,132,0,1.645056,52,29.4882,734.9678,uW/nW,0.60,125,TT,saed05rvt_base_tt0p60v125c
adder_12bit,10,0.8,0.5,132,0,1.645056,52,78.0541,734.9678,uW/nW,0.60,125,TT,saed05rvt_base_tt0p60v125c
adder_12bit,10,0.5,0.3,132,0,1.645056,52,48.8825,685.0848,uW/nW,0.60,125,TT,saed05rvt_base_tt0p60v125c
adder_12bit,10,0.5,0.7,132,0,1.645056,52,48.8383,881.2834,uW/nW,0.60,125,TT,saed05rvt_base_tt0p60v125c
adder_12bit,50,0.1,0.5,132,0,1.645056,52,11.4399,734.9678,uW/nW,0.60,125,TT,saed05rvt_base_tt0p60v125c
adder_12bit,50,0.5,0.5,132,0,1.645056,52,50.3058,734.9678,uW/nW,0.60,125,TT,saed05rvt_base_tt0p60v125c
adder_12bit,50,0.3,0.5,132,0,1.645056,52,30.8762,734.9678,uW/nW,0.60,125,TT,saed05rvt_base_tt0p60v125c
adder_12bit,50,0.8,0.5,132,0,1.645056,52,79.4473,734.9678,uW/nW,0.60,125,TT,saed05rvt_base_tt0p60v125c
adder_12bit,50,0.5,0.3,132,0,1.645056,52,50.0582,685.0848,uW/nW,0.60,125,TT,saed05rvt_base_tt0p60v125c
adder_12bit,50,0.5,0.7,132,0,1.645056,52,50.0142,881.2834,uW/nW,0.60,125,TT,saed05rvt_base_tt0p60v125c
adder_12bit,100,0.1,0.5,132,0,1.645056,52,11.6361,841.9580,uW/nW,0.60,125,TT,saed05rvt_base_tt0p60v125c
adder_12bit,100,0.5,0.5,132,0,1.645056,52,50.9209,801.7316,uW/nW,0.60,125,TT,saed05rvt_base_tt0p60v125c
adder_12bit,100,0.3,0.5,132,0,1.645056,52,31.4971,801.7316,uW/nW,0.60,125,TT,saed05rvt_base_tt0p60v125c
adder_12bit,100,0.8,0.5,132,0,1.645056,52,80.0591,801.7316,uW/nW,0.60,125,TT,saed05rvt_base_tt0p60v125c
adder_12bit,100,0.5,0.3,132,0,1.645056,52,50.9332,709.1117,uW/nW,0.60,125,TT,saed05rvt_base_tt0p60v125c
adder_12bit,100,0.5,0.7,132,0,1.645056,52,50.8964,904.6809,uW/nW,0.60,125,TT,saed05rvt_base_tt0p60v125c
adder_12bit,200,0.1,0.5,132,0,1.645056,52,12.3211,841.9976,uW/nW,0.60,125,TT,saed05rvt_base_tt0p60v125c
adder_12bit,200,0.5,0.5,132,0,1.645056,52,53.0267,802.1990,uW/nW,0.60,125,TT,saed05rvt_base_tt0p60v125c
adder_12bit,200,0.3,0.5,132,0,1.645056,52,32.8013,841.6965,uW/nW,0.60,125,TT,saed05rvt_base_tt0p60v125c
adder_12bit,200,0.8,0.5,132,0,1.645056,52,82.1615,802.1990,uW/nW,0.60,125,TT,saed05rvt_base_tt0p60v125c
adder_12bit,200,0.5,0.3,132,0,1.645056,52,53.0174,709.4142,uW/nW,0.60,125,TT,saed05rvt_base_tt0p60v125c
adder_12bit,200,0.5,0.7,132,0,1.645056,52,52.9928,905.6679,uW/nW,0.60,125,TT,saed05rvt_base_tt0p60v125c
adder_12bit,300,0.1,0.5,132,0,1.645056,52,12.6836,842.0472,uW/nW,0.60,125,TT,saed05rvt_base_tt0p60v125c
adder_12bit,300,0.5,0.5,132,0,1.645056,52,54.0034,841.6386,uW/nW,0.60,125,TT,saed05rvt_base_tt0p60v125c
adder_12bit,300,0.3,0.5,132,0,1.645056,52,33.4918,841.8270,uW/nW,0.60,125,TT,saed05rvt_base_tt0p60v125c
adder_12bit,300,0.8,0.5,132,0,1.645056,52,84.2200,802.0622,uW/nW,0.60,125,TT,saed05rvt_base_tt0p60v125c
adder_12bit,300,0.5,0.3,132,0,1.645056,52,53.3706,789.6176,uW/nW,0.60,125,TT,saed05rvt_base_tt0p60v125c
adder_12bit,300,0.5,0.7,132,0,1.645056,52,54.0664,905.9714,uW/nW,0.60,125,TT,saed05rvt_base_tt0p60v125c
adder_12bit,450,0.1,0.5,132,0,1.645056,52,13.0063,842.3926,uW/nW,0.60,125,TT,saed05rvt_base_tt0p60v125c
adder_12bit,450,0.5,0.5,132,0,1.645056,52,54.9414,841.7585,uW/nW,0.60,125,TT,saed05rvt_base_tt0p60v125c
adder_12bit,450,0.3,0.5,132,0,1.645056,52,34.0800,842.1851,uW/nW,0.60,125,TT,saed05rvt_base_tt0p60v125c
adder_12bit,450,0.8,0.5,132,0,1.645056,52,85.8237,841.9449,uW/nW,0.60,125,TT,saed05rvt_base_tt0p60v125c
adder_12bit,450,0.5,0.3,132,0,1.645056,52,54.2833,813.0629,uW/nW,0.60,125,TT,saed05rvt_base_tt0p60v125c
adder_12bit,450,0.5,0.7,132,0,1.645056,52,55.5364,885.6349,uW/nW,0.60,125,TT,saed05rvt_base_tt0p60v125c
adder_12bit,600,0.1,0.5,132,0,1.645056,52,13.1791,841.3038,uW/nW,0.60,125,TT,saed05rvt_base_tt0p60v125c
adder_12bit,600,0.5,0.5,132,0,1.645056,52,55.4661,842.0443,uW/nW,0.60,125,TT,saed05rvt_base_tt0p60v125c
adder_12bit,600,0.3,0.5,132,0,1.645056,52,34.4027,842.4070,uW/nW,0.60,125,TT,saed05rvt_base_tt0p60v125c
adder_12bit,600,0.8,0.5,132,0,1.645056,52,86.7421,842.0557,uW/nW,0.60,125,TT,saed05rvt_base_tt0p60v125c
adder_12bit,600,0.5,0.3,132,0,1.645056,52,54.7965,813.2446,uW/nW,0.60,125,TT,saed05rvt_base_tt0p60v125c
adder_12bit,600,0.5,0.7,132,0,1.645056,52,56.0816,885.5831,uW/nW,0.60,125,TT,saed05rvt_base_tt0p60v125c
adder_12bit,750,0.1,0.5,132,0,1.645056,52,13.2804,842.1005,uW/nW,0.60,125,TT,saed05rvt_base_tt0p60v125c
adder_12bit,750,0.5,0.5,132,0,1.645056,52,55.7899,842.0300,uW/nW,0.60,125,TT,saed05rvt_base_tt0p60v125c
adder_12bit,750,0.3,0.5,132,0,1.645056,52,34.6057,841.7656,uW/nW,0.60,125,TT,saed05rvt_base_tt0p60v125c
adder_12bit,750,0.8,0.5,132,0,1.645056,52,87.3150,841.5245,uW/nW,0.60,125,TT,saed05rvt_base_tt0p60v125c
adder_12bit,750,0.5,0.3,132,0,1.645056,52,55.1086,813.3146,uW/nW,0.60,125,TT,saed05rvt_base_tt0p60v125c
adder_12bit,750,0.5,0.7,132,0,1.645056,52,56.4189,884.8818,uW/nW,0.60,125,TT,saed05rvt_base_tt0p60v125c
adder_12bit,900,0.1,0.5,132,0,1.645056,52,13.3589,841.7003,uW/nW,0.60,125,TT,saed05rvt_base_tt0p60v125c
adder_12bit,900,0.5,0.5,132,0,1.645056,52,56.0289,841.8961,uW/nW,0.60,125,TT,saed05rvt_base_tt0p60v125c
adder_12bit,900,0.3,0.5,132,0,1.645056,52,34.7509,841.9568,uW/nW,0.60,125,TT,saed05rvt_base_tt0p60v125c
adder_12bit,900,0.8,0.5,132,0,1.645056,52,87.7141,842.0181,uW/nW,0.60,125,TT,saed05rvt_base_tt0p60v125c
adder_12bit,900,0.5,0.3,132,0,1.645056,52,55.3349,813.2544,uW/nW,0.60,125,TT,saed05rvt_base_tt0p60v125c
adder_12bit,900,0.5,0.7,132,0,1.645056,52,56.6667,885.4688,uW/nW,0.60,125,TT,saed05rvt_base_tt0p60v125c
adder_12bit,1000,0.1,0.5,132,0,1.645056,52,13.4402,841.8332,uW/nW,0.60,125,TT,saed05rvt_base_tt0p60v125c
adder_12bit,1000,0.5,0.5,132,0,1.645056,52,56.1868,841.7115,uW/nW,0.60,125,TT,saed05rvt_base_tt0p60v125c
adder_12bit,1000,0.3,0.5,132,0,1.645056,52,34.8730,841.2888,uW/nW,0.60,125,TT,saed05rvt_base_tt0p60v125c
adder_12bit,1000,0.8,0.5,132,0,1.645056,52,87.9623,841.5579,uW/nW,0.60,125,TT,saed05rvt_base_tt0p60v125c
adder_12bit,1000,0.5,0.3,132,0,1.645056,52,55.4930,812.7656,uW/nW,0.60,125,TT,saed05rvt_base_tt0p60v125c
adder_12bit,1000,0.5,0.7,132,0,1.645056,52,56.8377,884.9077,uW/nW,0.60,125,TT,saed05rvt_base_tt0p60v125c
adder_12bit,10,0.1,0.5,132,0,1.645056,52,20.0725,1.8375,uW/uW,0.75,125,TT,saed05rvt_base_tt0p75v125c
adder_12bit,10,0.5,0.5,132,0,1.645056,52,98.0892,1.8375,uW/uW,0.75,125,TT,saed05rvt_base_tt0p75v125c
adder_12bit,10,0.3,0.5,132,0,1.645056,52,59.0804,1.8375,uW/uW,0.75,125,TT,saed05rvt_base_tt0p75v125c
adder_12bit,10,0.8,0.5,132,0,1.645056,52,156.6028,1.8375,uW/uW,0.75,125,TT,saed05rvt_base_tt0p75v125c
adder_12bit,10,0.5,0.3,132,0,1.645056,52,98.0258,1.7101,uW/uW,0.75,125,TT,saed05rvt_base_tt0p75v125c
adder_12bit,10,0.5,0.7,132,0,1.645056,52,97.9804,2.2096,uW/uW,0.75,125,TT,saed05rvt_base_tt0p75v125c
adder_12bit,50,0.1,0.5,132,0,1.645056,52,22.3658,1.8375,uW/uW,0.75,125,TT,saed05rvt_base_tt0p75v125c
adder_12bit,50,0.5,0.5,132,0,1.645056,52,100.3627,1.8375,uW/uW,0.75,125,TT,saed05rvt_base_tt0p75v125c
adder_12bit,50,0.3,0.5,132,0,1.645056,52,61.3589,1.8375,uW/uW,0.75,125,TT,saed05rvt_base_tt0p75v125c
adder_12bit,50,0.8,0.5,132,0,1.645056,52,158.8728,1.8375,uW/uW,0.75,125,TT,saed05rvt_base_tt0p75v125c
adder_12bit,50,0.5,0.3,132,0,1.645056,52,99.9481,1.7101,uW/uW,0.75,125,TT,saed05rvt_base_tt0p75v125c
adder_12bit,50,0.5,0.7,132,0,1.645056,52,99.9110,2.2096,uW/uW,0.75,125,TT,saed05rvt_base_tt0p75v125c
adder_12bit,100,0.1,0.5,132,0,1.645056,52,22.6923,2.1094,uW/uW,0.75,125,TT,saed05rvt_base_tt0p75v125c
adder_12bit,100,0.5,0.5,132,0,1.645056,52,101.3575,2.0065,uW/uW,0.75,125,TT,saed05rvt_base_tt0p75v125c
adder_12bit,100,0.3,0.5,132,0,1.645056,52,62.3641,2.0065,uW/uW,0.75,125,TT,saed05rvt_base_tt0p75v125c
adder_12bit,100,0.8,0.5,132,0,1.645056,52,159.8612,2.0065,uW/uW,0.75,125,TT,saed05rvt_base_tt0p75v125c
adder_12bit,100,0.5,0.3,132,0,1.645056,52,101.3536,1.7714,uW/uW,0.75,125,TT,saed05rvt_base_tt0p75v125c
adder_12bit,100,0.5,0.7,132,0,1.645056,52,101.3334,2.2690,uW/uW,0.75,125,TT,saed05rvt_base_tt0p75v125c
adder_12bit,200,0.1,0.5,132,0,1.645056,52,23.8539,2.1098,uW/uW,0.75,125,TT,saed05rvt_base_tt0p75v125c
adder_12bit,200,0.5,0.5,132,0,1.645056,52,104.7758,2.0080,uW/uW,0.75,125,TT,saed05rvt_base_tt0p75v125c
adder_12bit,200,0.3,0.5,132,0,1.645056,52,64.5170,2.1097,uW/uW,0.75,125,TT,saed05rvt_base_tt0p75v125c
adder_12bit,200,0.8,0.5,132,0,1.645056,52,163.2635,2.0080,uW/uW,0.75,125,TT,saed05rvt_base_tt0p75v125c
adder_12bit,200,0.5,0.3,132,0,1.645056,52,104.7316,1.7717,uW/uW,0.75,125,TT,saed05rvt_base_tt0p75v125c
adder_12bit,200,0.5,0.7,132,0,1.645056,52,104.7419,2.2717,uW/uW,0.75,125,TT,saed05rvt_base_tt0p75v125c
adder_12bit,300,0.1,0.5,132,0,1.645056,52,24.4471,2.1101,uW/uW,0.75,125,TT,saed05rvt_base_tt0p75v125c
adder_12bit,300,0.5,0.5,132,0,1.645056,52,106.3852,2.1091,uW/uW,0.75,125,TT,saed05rvt_base_tt0p75v125c
adder_12bit,300,0.3,0.5,132,0,1.645056,52,65.6544,2.1093,uW/uW,0.75,125,TT,saed05rvt_base_tt0p75v125c
adder_12bit,300,0.8,0.5,132,0,1.645056,52,166.5913,2.0072,uW/uW,0.75,125,TT,saed05rvt_base_tt0p75v125c
adder_12bit,300,0.5,0.3,132,0,1.645056,52,105.3437,1.9764,uW/uW,0.75,125,TT,saed05rvt_base_tt0p75v125c
adder_12bit,300,0.5,0.7,132,0,1.645056,52,106.5036,2.2730,uW/uW,0.75,125,TT,saed05rvt_base_tt0p75v125c
adder_12bit,450,0.1,0.5,132,0,1.645056,52,24.9972,2.1100,uW/uW,0.75,125,TT,saed05rvt_base_tt0p75v125c
adder_12bit,450,0.5,0.5,132,0,1.645056,52,107.9265,2.1089,uW/uW,0.75,125,TT,saed05rvt_base_tt0p75v125c
adder_12bit,450,0.3,0.5,132,0,1.645056,52,66.6279,2.1101,uW/uW,0.75,125,TT,saed05rvt_base_tt0p75v125c
adder_12bit,450,0.8,0.5,132,0,1.645056,52,169.1977,2.1097,uW/uW,0.75,125,TT,saed05rvt_base_tt0p75v125c
adder_12bit,450,0.5,0.3,132,0,1.645056,52,106.8444,2.0356,uW/uW,0.75,125,TT,saed05rvt_base_tt0p75v125c
adder_12bit,450,0.5,0.7,132,0,1.645056,52,108.9058,2.2201,uW/uW,0.75,125,TT,saed05rvt_base_tt0p75v125c
adder_12bit,600,0.1,0.5,132,0,1.645056,52,25.2573,2.1067,uW/uW,0.75,125,TT,saed05rvt_base_tt0p75v125c
adder_12bit,600,0.5,0.5,132,0,1.645056,52,108.7678,2.1111,uW/uW,0.75,125,TT,saed05rvt_base_tt0p75v125c
adder_12bit,600,0.3,0.5,132,0,1.645056,52,67.1445,2.1123,uW/uW,0.75,125,TT,saed05rvt_base_tt0p75v125c
adder_12bit,600,0.8,0.5,132,0,1.645056,52,170.6987,2.1108,uW/uW,0.75,125,TT,saed05rvt_base_tt0p75v125c
adder_12bit,600,0.5,0.3,132,0,1.645056,52,107.6696,2.0371,uW/uW,0.75,125,TT,saed05rvt_base_tt0p75v125c
adder_12bit,600,0.5,0.7,132,0,1.645056,52,109.7799,2.2227,uW/uW,0.75,125,TT,saed05rvt_base_tt0p75v125c
adder_12bit,750,0.1,0.5,132,0,1.645056,52,25.4530,2.1087,uW/uW,0.75,125,TT,saed05rvt_base_tt0p75v125c
adder_12bit,750,0.5,0.5,132,0,1.645056,52,109.3339,2.1103,uW/uW,0.75,125,TT,saed05rvt_base_tt0p75v125c
adder_12bit,750,0.3,0.5,132,0,1.645056,52,67.5121,2.1089,uW/uW,0.75,125,TT,saed05rvt_base_tt0p75v125c
adder_12bit,750,0.8,0.5,132,0,1.645056,52,171.6585,2.1093,uW/uW,0.75,125,TT,saed05rvt_base_tt0p75v125c
adder_12bit,750,0.5,0.3,132,0,1.645056,52,108.2071,2.0366,uW/uW,0.75,125,TT,saed05rvt_base_tt0p75v125c
adder_12bit,750,0.5,0.7,132,0,1.645056,52,110.3814,2.2203,uW/uW,0.75,125,TT,saed05rvt_base_tt0p75v125c
adder_12bit,900,0.1,0.5,132,0,1.645056,52,25.5819,2.1078,uW/uW,0.75,125,TT,saed05rvt_base_tt0p75v125c
adder_12bit,900,0.5,0.5,132,0,1.645056,52,109.7472,2.1072,uW/uW,0.75,125,TT,saed05rvt_base_tt0p75v125c
adder_12bit,900,0.3,0.5,132,0,1.645056,52,67.7641,2.1084,uW/uW,0.75,125,TT,saed05rvt_base_tt0p75v125c
adder_12bit,900,0.8,0.5,132,0,1.645056,52,172.3419,2.1082,uW/uW,0.75,125,TT,saed05rvt_base_tt0p75v125c
adder_12bit,900,0.5,0.3,132,0,1.645056,52,108.5981,2.0354,uW/uW,0.75,125,TT,saed05rvt_base_tt0p75v125c
adder_12bit,900,0.5,0.7,132,0,1.645056,52,110.7930,2.2188,uW/uW,0.75,125,TT,saed05rvt_base_tt0p75v125c
adder_12bit,1000,0.1,0.5,132,0,1.645056,52,25.6677,2.1083,uW/uW,0.75,125,TT,saed05rvt_base_tt0p75v125c
adder_12bit,1000,0.5,0.5,132,0,1.645056,52,109.9576,2.1097,uW/uW,0.75,125,TT,saed05rvt_base_tt0p75v125c
adder_12bit,1000,0.3,0.5,132,0,1.645056,52,67.9075,2.1086,uW/uW,0.75,125,TT,saed05rvt_base_tt0p75v125c
adder_12bit,1000,0.8,0.5,132,0,1.645056,52,172.7110,2.1081,uW/uW,0.75,125,TT,saed05rvt_base_tt0p75v125c
adder_12bit,1000,0.5,0.3,132,0,1.645056,52,108.8175,2.0353,uW/uW,0.75,125,TT,saed05rvt_base_tt0p75v125c
adder_12bit,1000,0.5,0.7,132,0,1.645056,52,111.0213,2.2196,uW/uW,0.75,125,TT,saed05rvt_base_tt0p75v125c
adder_12bit,10,0.1,0.5,132,0,1.645056,52,18.6282,20.5472,uW/nW,0.75,25,TT,saed05rvt_base_tt0p75v25c
adder_12bit,10,0.5,0.5,132,0,1.645056,52,90.9848,20.5472,uW/nW,0.75,25,TT,saed05rvt_base_tt0p75v25c
adder_12bit,10,0.3,0.5,132,0,1.645056,52,54.8069,20.5472,uW/nW,0.75,25,TT,saed05rvt_base_tt0p75v25c
adder_12bit,10,0.8,0.5,132,0,1.645056,52,145.2515,20.5472,uW/nW,0.75,25,TT,saed05rvt_base_tt0p75v25c
adder_12bit,10,0.5,0.3,132,0,1.645056,52,90.9122,19.7677,uW/nW,0.75,25,TT,saed05rvt_base_tt0p75v25c
adder_12bit,10,0.5,0.7,132,0,1.645056,52,90.8903,24.0718,uW/nW,0.75,25,TT,saed05rvt_base_tt0p75v25c
adder_12bit,50,0.1,0.5,132,0,1.645056,52,20.7688,20.5472,uW/nW,0.75,25,TT,saed05rvt_base_tt0p75v25c
adder_12bit,50,0.5,0.5,132,0,1.645056,52,93.1408,20.5472,uW/nW,0.75,25,TT,saed05rvt_base_tt0p75v25c
adder_12bit,50,0.3,0.5,132,0,1.645056,52,56.9590,20.5472,uW/nW,0.75,25,TT,saed05rvt_base_tt0p75v25c
adder_12bit,50,0.8,0.5,132,0,1.645056,52,147.4101,20.5472,uW/nW,0.75,25,TT,saed05rvt_base_tt0p75v25c
adder_12bit,50,0.5,0.3,132,0,1.645056,52,92.7366,19.7677,uW/nW,0.75,25,TT,saed05rvt_base_tt0p75v25c
adder_12bit,50,0.5,0.7,132,0,1.645056,52,92.7150,24.0718,uW/nW,0.75,25,TT,saed05rvt_base_tt0p75v25c
adder_12bit,100,0.1,0.5,132,0,1.645056,52,21.0826,23.5123,uW/nW,0.75,25,TT,saed05rvt_base_tt0p75v25c
adder_12bit,100,0.5,0.5,132,0,1.645056,52,94.1066,22.4825,uW/nW,0.75,25,TT,saed05rvt_base_tt0p75v25c
adder_12bit,100,0.3,0.5,132,0,1.645056,52,57.9338,22.4825,uW/nW,0.75,25,TT,saed05rvt_base_tt0p75v25c
adder_12bit,100,0.8,0.5,132,0,1.645056,52,148.3702,22.4825,uW/nW,0.75,25,TT,saed05rvt_base_tt0p75v25c
adder_12bit,100,0.5,0.3,132,0,1.645056,52,94.1026,20.4372,uW/nW,0.75,25,TT,saed05rvt_base_tt0p75v25c
adder_12bit,100,0.5,0.7,132,0,1.645056,52,94.0887,24.7364,uW/nW,0.75,25,TT,saed05rvt_base_tt0p75v25c
adder_12bit,200,0.1,0.5,132,0,1.645056,52,22.1679,23.5155,uW/nW,0.75,25,TT,saed05rvt_base_tt0p75v25c
adder_12bit,200,0.5,0.5,132,0,1.645056,52,97.3943,22.4951,uW/nW,0.75,25,TT,saed05rvt_base_tt0p75v25c
adder_12bit,200,0.3,0.5,132,0,1.645056,52,59.9774,23.5152,uW/nW,0.75,25,TT,saed05rvt_base_tt0p75v25c
adder_12bit,200,0.8,0.5,132,0,1.645056,52,151.6521,22.4951,uW/nW,0.75,25,TT,saed05rvt_base_tt0p75v25c
adder_12bit,200,0.5,0.3,132,0,1.645056,52,97.3594,20.4452,uW/nW,0.75,25,TT,saed05rvt_base_tt0p75v25c
adder_12bit,200,0.5,0.7,132,0,1.645056,52,97.3648,24.7559,uW/nW,0.75,25,TT,saed05rvt_base_tt0p75v25c
adder_12bit,300,0.1,0.5,132,0,1.645056,52,22.7223,23.5171,uW/nW,0.75,25,TT,saed05rvt_base_tt0p75v25c
adder_12bit,300,0.5,0.5,132,0,1.645056,52,98.9149,23.5066,uW/nW,0.75,25,TT,saed05rvt_base_tt0p75v25c
adder_12bit,300,0.3,0.5,132,0,1.645056,52,61.0489,23.5062,uW/nW,0.75,25,TT,saed05rvt_base_tt0p75v25c
adder_12bit,300,0.8,0.5,132,0,1.645056,52,154.8585,22.4845,uW/nW,0.75,25,TT,saed05rvt_base_tt0p75v25c
adder_12bit,300,0.5,0.3,132,0,1.645056,52,97.9130,22.4584,uW/nW,0.75,25,TT,saed05rvt_base_tt0p75v25c
adder_12bit,300,0.5,0.7,132,0,1.645056,52,99.0331,24.7957,uW/nW,0.75,25,TT,saed05rvt_base_tt0p75v25c
adder_12bit,450,0.1,0.5,132,0,1.645056,52,23.1874,23.5148,uW/nW,0.75,25,TT,saed05rvt_base_tt0p75v25c
adder_12bit,450,0.5,0.5,132,0,1.645056,52,100.3629,23.5045,uW/nW,0.75,25,TT,saed05rvt_base_tt0p75v25c
adder_12bit,450,0.3,0.5,132,0,1.645056,52,61.9366,23.5179,uW/nW,0.75,25,TT,saed05rvt_base_tt0p75v25c
adder_12bit,450,0.8,0.5,132,0,1.645056,52,157.3348,23.5171,uW/nW,0.75,25,TT,saed05rvt_base_tt0p75v25c
adder_12bit,450,0.5,0.3,132,0,1.645056,52,99.3112,23.0300,uW/nW,0.75,25,TT,saed05rvt_base_tt0p75v25c
adder_12bit,450,0.5,0.7,132,0,1.645056,52,101.3102,24.2828,uW/nW,0.75,25,TT,saed05rvt_base_tt0p75v25c
adder_12bit,600,0.1,0.5,132,0,1.645056,52,23.4867,23.4897,uW/nW,0.75,25,TT,saed05rvt_base_tt0p75v25c
adder_12bit,600,0.5,0.5,132,0,1.645056,52,101.1968,23.5147,uW/nW,0.75,25,TT,saed05rvt_base_tt0p75v25c
adder_12bit,600,0.3,0.5,132,0,1.645056,52,62.4658,23.5279,uW/nW,0.75,25,TT,saed05rvt_base_tt0p75v25c
adder_12bit,600,0.8,0.5,132,0,1.645056,52,158.7967,23.5179,uW/nW,0.75,25,TT,saed05rvt_base_tt0p75v25c
adder_12bit,600,0.5,0.3,132,0,1.645056,52,100.1293,23.0411,uW/nW,0.75,25,TT,saed05rvt_base_tt0p75v25c
adder_12bit,600,0.5,0.7,132,0,1.645056,52,102.1780,24.2889,uW/nW,0.75,25,TT,saed05rvt_base_tt0p75v25c
adder_12bit,750,0.1,0.5,132,0,1.645056,52,23.6432,23.5090,uW/nW,0.75,25,TT,saed05rvt_base_tt0p75v25c
adder_12bit,750,0.5,0.5,132,0,1.645056,52,101.7051,23.5123,uW/nW,0.75,25,TT,saed05rvt_base_tt0p75v25c
adder_12bit,750,0.3,0.5,132,0,1.645056,52,62.7873,23.4948,uW/nW,0.75,25,TT,saed05rvt_base_tt0p75v25c
adder_12bit,750,0.8,0.5,132,0,1.645056,52,159.6917,23.4989,uW/nW,0.75,25,TT,saed05rvt_base_tt0p75v25c
adder_12bit,750,0.5,0.3,132,0,1.645056,52,100.6197,23.0279,uW/nW,0.75,25,TT,saed05rvt_base_tt0p75v25c
adder_12bit,750,0.5,0.7,132,0,1.645056,52,102.7125,24.2663,uW/nW,0.75,25,TT,saed05rvt_base_tt0p75v25c
adder_12bit,900,0.1,0.5,132,0,1.645056,52,23.7851,23.5020,uW/nW,0.75,25,TT,saed05rvt_base_tt0p75v25c
adder_12bit,900,0.5,0.5,132,0,1.645056,52,102.1059,23.5043,uW/nW,0.75,25,TT,saed05rvt_base_tt0p75v25c
adder_12bit,900,0.3,0.5,132,0,1.645056,52,63.0342,23.5038,uW/nW,0.75,25,TT,saed05rvt_base_tt0p75v25c
adder_12bit,900,0.8,0.5,132,0,1.645056,52,160.3487,23.5137,uW/nW,0.75,25,TT,saed05rvt_base_tt0p75v25c
adder_12bit,900,0.5,0.3,132,0,1.645056,52,100.9972,23.0385,uW/nW,0.75,25,TT,saed05rvt_base_tt0p75v25c
adder_12bit,900,0.5,0.7,132,0,1.645056,52,103.1196,24.2827,uW/nW,0.75,25,TT,saed05rvt_base_tt0p75v25c
adder_12bit,1000,0.1,0.5,132,0,1.645056,52,23.8314,23.5068,uW/nW,0.75,25,TT,saed05rvt_base_tt0p75v25c
adder_12bit,1000,0.5,0.5,132,0,1.645056,52,102.2971,23.5137,uW/nW,0.75,25,TT,saed05rvt_base_tt0p75v25c
adder_12bit,1000,0.3,0.5,132,0,1.645056,52,63.1613,23.5048,uW/nW,0.75,25,TT,saed05rvt_base_tt0p75v25c
adder_12bit,1000,0.8,0.5,132,0,1.645056,52,160.6948,23.5054,uW/nW,0.75,25,TT,saed05rvt_base_tt0p75v25c
adder_12bit,1000,0.5,0.3,132,0,1.645056,52,101.2001,23.0210,uW/nW,0.75,25,TT,saed05rvt_base_tt0p75v25c
adder_12bit,1000,0.5,0.7,132,0,1.645056,52,103.3252,24.2774,uW/nW,0.75,25,TT,saed05rvt_base_tt0p75v25c
adder_12bit,10,0.1,0.5,132,0,1.645056,52,14.2416,1.1784,uW/uW,0.66,125,FF,saed05rvt_base_ff0p660v125c
adder_12bit,10,0.5,0.5,132,0,1.645056,52,69.5012,1.1784,uW/uW,0.66,125,FF,saed05rvt_base_ff0p660v125c
adder_12bit,10,0.3,0.5,132,0,1.645056,52,41.8715,1.1784,uW/uW,0.66,125,FF,saed05rvt_base_ff0p660v125c
adder_12bit,10,0.8,0.5,132,0,1.645056,52,110.9456,1.1784,uW/uW,0.66,125,FF,saed05rvt_base_ff0p660v125c
adder_12bit,10,0.5,0.3,132,0,1.645056,52,69.4641,1.0973,uW/uW,0.66,125,FF,saed05rvt_base_ff0p660v125c
adder_12bit,10,0.5,0.7,132,0,1.645056,52,69.4064,1.4153,uW/uW,0.66,125,FF,saed05rvt_base_ff0p660v125c
adder_12bit,50,0.1,0.5,132,0,1.645056,52,15.9428,1.1784,uW/uW,0.66,125,FF,saed05rvt_base_ff0p660v125c
adder_12bit,50,0.5,0.5,132,0,1.645056,52,71.2078,1.1784,uW/uW,0.66,125,FF,saed05rvt_base_ff0p660v125c
adder_12bit,50,0.3,0.5,132,0,1.645056,52,43.5768,1.1784,uW/uW,0.66,125,FF,saed05rvt_base_ff0p660v125c
adder_12bit,50,0.8,0.5,132,0,1.645056,52,112.6532,1.1784,uW/uW,0.66,125,FF,saed05rvt_base_ff0p660v125c
adder_12bit,50,0.5,0.3,132,0,1.645056,52,70.9073,1.0973,uW/uW,0.66,125,FF,saed05rvt_base_ff0p660v125c
adder_12bit,50,0.5,0.7,132,0,1.645056,52,70.8504,1.4153,uW/uW,0.66,125,FF,saed05rvt_base_ff0p660v125c
adder_12bit,100,0.1,0.5,132,0,1.645056,52,16.1855,1.3514,uW/uW,0.66,125,FF,saed05rvt_base_ff0p660v125c
adder_12bit,100,0.5,0.5,132,0,1.645056,52,71.9602,1.2862,uW/uW,0.66,125,FF,saed05rvt_base_ff0p660v125c
adder_12bit,100,0.3,0.5,132,0,1.645056,52,44.3364,1.2862,uW/uW,0.66,125,FF,saed05rvt_base_ff0p660v125c
adder_12bit,100,0.8,0.5,132,0,1.645056,52,113.4013,1.2862,uW/uW,0.66,125,FF,saed05rvt_base_ff0p660v125c
adder_12bit,100,0.5,0.3,132,0,1.645056,52,71.9760,1.1361,uW/uW,0.66,125,FF,saed05rvt_base_ff0p660v125c
adder_12bit,100,0.5,0.7,132,0,1.645056,52,71.9287,1.4530,uW/uW,0.66,125,FF,saed05rvt_base_ff0p660v125c
adder_12bit,200,0.1,0.5,132,0,1.645056,52,17.0329,1.3514,uW/uW,0.66,125,FF,saed05rvt_base_ff0p660v125c
adder_12bit,200,0.5,0.5,132,0,1.645056,52,74.5375,1.2869,uW/uW,0.66,125,FF,saed05rvt_base_ff0p660v125c
adder_12bit,200,0.3,0.5,132,0,1.645056,52,45.9421,1.3509,uW/uW,0.66,125,FF,saed05rvt_base_ff0p660v125c
adder_12bit,200,0.8,0.5,132,0,1.645056,52,115.9719,1.2869,uW/uW,0.66,125,FF,saed05rvt_base_ff0p660v125c
adder_12bit,200,0.5,0.3,132,0,1.645056,52,74.5247,1.1366,uW/uW,0.66,125,FF,saed05rvt_base_ff0p660v125c
adder_12bit,200,0.5,0.7,132,0,1.645056,52,74.4955,1.4546,uW/uW,0.66,125,FF,saed05rvt_base_ff0p660v125c
adder_12bit,300,0.1,0.5,132,0,1.645056,52,17.4821,1.3515,uW/uW,0.66,125,FF,saed05rvt_base_ff0p660v125c
adder_12bit,300,0.5,0.5,132,0,1.645056,52,75.7425,1.3508,uW/uW,0.66,125,FF,saed05rvt_base_ff0p660v125c
adder_12bit,300,0.3,0.5,132,0,1.645056,52,46.7927,1.3511,uW/uW,0.66,125,FF,saed05rvt_base_ff0p660v125c
adder_12bit,300,0.8,0.5,132,0,1.645056,52,118.4887,1.2867,uW/uW,0.66,125,FF,saed05rvt_base_ff0p660v125c
adder_12bit,300,0.5,0.3,132,0,1.645056,52,74.9687,1.2665,uW/uW,0.66,125,FF,saed05rvt_base_ff0p660v125c
adder_12bit,300,0.5,0.7,132,0,1.645056,52,75.8176,1.4553,uW/uW,0.66,125,FF,saed05rvt_base_ff0p660v125c
adder_12bit,450,0.1,0.5,132,0,1.645056,52,17.8822,1.3521,uW/uW,0.66,125,FF,saed05rvt_base_ff0p660v125c
adder_12bit,450,0.5,0.5,132,0,1.645056,52,76.8960,1.3510,uW/uW,0.66,125,FF,saed05rvt_base_ff0p660v125c
adder_12bit,450,0.3,0.5,132,0,1.645056,52,47.5184,1.3517,uW/uW,0.66,125,FF,saed05rvt_base_ff0p660v125c
adder_12bit,450,0.8,0.5,132,0,1.645056,52,120.4617,1.3513,uW/uW,0.66,125,FF,saed05rvt_base_ff0p660v125c
adder_12bit,450,0.5,0.3,132,0,1.645056,52,76.0922,1.3044,uW/uW,0.66,125,FF,saed05rvt_base_ff0p660v125c
adder_12bit,450,0.5,0.7,132,0,1.645056,52,77.6207,1.4224,uW/uW,0.66,125,FF,saed05rvt_base_ff0p660v125c
adder_12bit,600,0.1,0.5,132,0,1.645056,52,18.0966,1.3503,uW/uW,0.66,125,FF,saed05rvt_base_ff0p660v125c
adder_12bit,600,0.5,0.5,132,0,1.645056,52,77.5419,1.3515,uW/uW,0.66,125,FF,saed05rvt_base_ff0p660v125c
adder_12bit,600,0.3,0.5,132,0,1.645056,52,47.9169,1.3521,uW/uW,0.66,125,FF,saed05rvt_base_ff0p660v125c
adder_12bit,600,0.8,0.5,132,0,1.645056,52,121.5894,1.3515,uW/uW,0.66,125,FF,saed05rvt_base_ff0p660v125c
adder_12bit,600,0.5,0.3,132,0,1.645056,52,76.7239,1.3047,uW/uW,0.66,125,FF,saed05rvt_base_ff0p660v125c
adder_12bit,600,0.5,0.7,132,0,1.645056,52,78.2920,1.4223,uW/uW,0.66,125,FF,saed05rvt_base_ff0p660v125c
adder_12bit,750,0.1,0.5,132,0,1.645056,52,18.2222,1.3516,uW/uW,0.66,125,FF,saed05rvt_base_ff0p660v125c
adder_12bit,750,0.5,0.5,132,0,1.645056,52,77.9411,1.3515,uW/uW,0.66,125,FF,saed05rvt_base_ff0p660v125c
adder_12bit,750,0.3,0.5,132,0,1.645056,52,48.1677,1.3510,uW/uW,0.66,125,FF,saed05rvt_base_ff0p660v125c
adder_12bit,750,0.8,0.5,132,0,1.645056,52,122.2936,1.3507,uW/uW,0.66,125,FF,saed05rvt_base_ff0p660v125c
adder_12bit,750,0.5,0.3,132,0,1.645056,52,77.1086,1.3048,uW/uW,0.66,125,FF,saed05rvt_base_ff0p660v125c
adder_12bit,750,0.5,0.7,132,0,1.645056,52,78.7078,1.4211,uW/uW,0.66,125,FF,saed05rvt_base_ff0p660v125c
adder_12bit,900,0.1,0.5,132,0,1.645056,52,18.3197,1.3509,uW/uW,0.66,125,FF,saed05rvt_base_ff0p660v125c
adder_12bit,900,0.5,0.5,132,0,1.645056,52,78.2356,1.3513,uW/uW,0.66,125,FF,saed05rvt_base_ff0p660v125c
adder_12bit,900,0.3,0.5,132,0,1.645056,52,48.3470,1.3514,uW/uW,0.66,125,FF,saed05rvt_base_ff0p660v125c
adder_12bit,900,0.8,0.5,132,0,1.645056,52,122.7845,1.3514,uW/uW,0.66,125,FF,saed05rvt_base_ff0p660v125c
adder_12bit,900,0.5,0.3,132,0,1.645056,52,77.3876,1.3047,uW/uW,0.66,125,FF,saed05rvt_base_ff0p660v125c
adder_12bit,900,0.5,0.7,132,0,1.645056,52,79.0132,1.4221,uW/uW,0.66,125,FF,saed05rvt_base_ff0p660v125c
adder_12bit,1000,0.1,0.5,132,0,1.645056,52,18.4204,1.3511,uW/uW,0.66,125,FF,saed05rvt_base_ff0p660v125c
adder_12bit,1000,0.5,0.5,132,0,1.645056,52,78.4308,1.3510,uW/uW,0.66,125,FF,saed05rvt_base_ff0p660v125c
adder_12bit,1000,0.3,0.5,132,0,1.645056,52,48.4982,1.3503,uW/uW,0.66,125,FF,saed05rvt_base_ff0p660v125c
adder_12bit,1000,0.8,0.5,132,0,1.645056,52,123.0905,1.3507,uW/uW,0.66,125,FF,saed05rvt_base_ff0p660v125c
adder_12bit,1000,0.5,0.3,132,0,1.645056,52,77.5828,1.3040,uW/uW,0.66,125,FF,saed05rvt_base_ff0p660v125c
adder_12bit,1000,0.5,0.7,132,0,1.645056,52,79.2246,1.4212,uW/uW,0.66,125,FF,saed05rvt_base_ff0p660v125c
adder_12bit,10,0.1,0.5,132,0,1.645056,52,12.6453,11.3542,uW/nW,0.66,25,FF,saed05rvt_base_ff0p660v25c
adder_12bit,10,0.5,0.5,132,0,1.645056,52,61.5901,11.3542,uW/nW,0.66,25,FF,saed05rvt_base_ff0p660v25c
adder_12bit,10,0.3,0.5,132,0,1.645056,52,37.1181,11.3542,uW/nW,0.66,25,FF,saed05rvt_base_ff0p660v25c
adder_12bit,10,0.8,0.5,132,0,1.645056,52,98.2978,11.3542,uW/nW,0.66,25,FF,saed05rvt_base_ff0p660v25c
adder_12bit,10,0.5,0.3,132,0,1.645056,52,61.5449,10.9431,uW/nW,0.66,25,FF,saed05rvt_base_ff0p660v25c
adder_12bit,10,0.5,0.7,132,0,1.645056,52,61.5084,13.2688,uW/nW,0.66,25,FF,saed05rvt_base_ff0p660v25c
adder_12bit,50,0.1,0.5,132,0,1.645056,52,14.2665,11.3542,uW/nW,0.66,25,FF,saed05rvt_base_ff0p660v25c
adder_12bit,50,0.5,0.5,132,0,1.645056,52,63.2267,11.3542,uW/nW,0.66,25,FF,saed05rvt_base_ff0p660v25c
adder_12bit,50,0.3,0.5,132,0,1.645056,52,38.7508,11.3542,uW/nW,0.66,25,FF,saed05rvt_base_ff0p660v25c
adder_12bit,50,0.8,0.5,132,0,1.645056,52,99.9371,11.3542,uW/nW,0.66,25,FF,saed05rvt_base_ff0p660v25c
adder_12bit,50,0.5,0.3,132,0,1.645056,52,62.9308,10.9431,uW/nW,0.66,25,FF,saed05rvt_base_ff0p660v25c
adder_12bit,50,0.5,0.7,132,0,1.645056,52,62.8931,13.2688,uW/nW,0.66,25,FF,saed05rvt_base_ff0p660v25c
adder_12bit,100,0.1,0.5,132,0,1.645056,52,14.5086,12.9732,uW/nW,0.66,25,FF,saed05rvt_base_ff0p660v25c
adder_12bit,100,0.5,0.5,132,0,1.645056,52,63.9661,12.4172,uW/nW,0.66,25,FF,saed05rvt_base_ff0p660v25c
adder_12bit,100,0.3,0.5,132,0,1.645056,52,39.4969,12.4172,uW/nW,0.66,25,FF,saed05rvt_base_ff0p660v25c
adder_12bit,100,0.8,0.5,132,0,1.645056,52,100.6724,12.4172,uW/nW,0.66,25,FF,saed05rvt_base_ff0p660v25c
adder_12bit,100,0.5,0.3,132,0,1.645056,52,63.9731,11.3113,uW/nW,0.66,25,FF,saed05rvt_base_ff0p660v25c
adder_12bit,100,0.5,0.7,132,0,1.645056,52,63.9425,13.6321,uW/nW,0.66,25,FF,saed05rvt_base_ff0p660v25c
adder_12bit,200,0.1,0.5,132,0,1.645056,52,15.3267,12.9723,uW/nW,0.66,25,FF,saed05rvt_base_ff0p660v25c
adder_12bit,200,0.5,0.5,132,0,1.645056,52,66.4706,12.4200,uW/nW,0.66,25,FF,saed05rvt_base_ff0p660v25c
adder_12bit,200,0.3,0.5,132,0,1.645056,52,41.0482,12.9733,uW/nW,0.66,25,FF,saed05rvt_base_ff0p660v25c
adder_12bit,200,0.8,0.5,132,0,1.645056,52,103.1733,12.4200,uW/nW,0.66,25,FF,saed05rvt_base_ff0p660v25c
adder_12bit,200,0.5,0.3,132,0,1.645056,52,66.4545,11.3127,uW/nW,0.66,25,FF,saed05rvt_base_ff0p660v25c
adder_12bit,200,0.5,0.7,132,0,1.645056,52,66.4373,13.6378,uW/nW,0.66,25,FF,saed05rvt_base_ff0p660v25c
adder_12bit,300,0.1,0.5,132,0,1.645056,52,15.7602,12.9743,uW/nW,0.66,25,FF,saed05rvt_base_ff0p660v25c
adder_12bit,300,0.5,0.5,132,0,1.645056,52,67.6397,12.9665,uW/nW,0.66,25,FF,saed05rvt_base_ff0p660v25c
adder_12bit,300,0.3,0.5,132,0,1.645056,52,41.8760,12.9693,uW/nW,0.66,25,FF,saed05rvt_base_ff0p660v25c
adder_12bit,300,0.8,0.5,132,0,1.645056,52,105.6276,12.4167,uW/nW,0.66,25,FF,saed05rvt_base_ff0p660v25c
adder_12bit,300,0.5,0.3,132,0,1.645056,52,66.8858,12.4016,uW/nW,0.66,25,FF,saed05rvt_base_ff0p660v25c
adder_12bit,300,0.5,0.7,132,0,1.645056,52,67.7180,13.6624,uW/nW,0.66,25,FF,saed05rvt_base_ff0p660v25c
adder_12bit,450,0.1,0.5,132,0,1.645056,52,16.1193,12.9759,uW/nW,0.66,25,FF,saed05rvt_base_ff0p660v25c
adder_12bit,450,0.5,0.5,132,0,1.645056,52,68.7405,12.9696,uW/nW,0.66,25,FF,saed05rvt_base_ff0p660v25c
adder_12bit,450,0.3,0.5,132,0,1.645056,52,42.5562,12.9756,uW/nW,0.66,25,FF,saed05rvt_base_ff0p660v25c
adder_12bit,450,0.8,0.5,132,0,1.645056,52,107.5235,12.9719,uW/nW,0.66,25,FF,saed05rvt_base_ff0p660v25c
adder_12bit,450,0.5,0.3,132,0,1.645056,52,67.9524,12.7144,uW/nW,0.66,25,FF,saed05rvt_base_ff0p660v25c
adder_12bit,450,0.5,0.7,132,0,1.645056,52,69.4410,13.3841,uW/nW,0.66,25,FF,saed05rvt_base_ff0p660v25c
adder_12bit,600,0.1,0.5,132,0,1.645056,52,16.3593,12.9711,uW/nW,0.66,25,FF,saed05rvt_base_ff0p660v25c
adder_12bit,600,0.5,0.5,132,0,1.645056,52,69.3898,12.9727,uW/nW,0.66,25,FF,saed05rvt_base_ff0p660v25c
adder_12bit,600,0.3,0.5,132,0,1.645056,52,42.9700,12.9847,uW/nW,0.66,25,FF,saed05rvt_base_ff0p660v25c
adder_12bit,600,0.8,0.5,132,0,1.645056,52,108.6445,12.9760,uW/nW,0.66,25,FF,saed05rvt_base_ff0p660v25c
adder_12bit,600,0.5,0.3,132,0,1.645056,52,68.5878,12.7190,uW/nW,0.66,25,FF,saed05rvt_base_ff0p660v25c
adder_12bit,600,0.5,0.7,132,0,1.645056,52,70.1217,13.3887,uW/nW,0.66,25,FF,saed05rvt_base_ff0p660v25c
adder_12bit,750,0.1,0.5,132,0,1.645056,52,16.4716,12.9707,uW/nW,0.66,25,FF,saed05rvt_base_ff0p660v25c
adder_12bit,750,0.5,0.5,132,0,1.645056,52,69.7769,12.9693,uW/nW,0.66,25,FF,saed05rvt_base_ff0p660v25c
adder_12bit,750,0.3,0.5,132,0,1.645056,52,43.2084,12.9659,uW/nW,0.66,25,FF,saed05rvt_base_ff0p660v25c
adder_12bit,750,0.8,0.5,132,0,1.645056,52,109.3273,12.9641,uW/nW,0.66,25,FF,saed05rvt_base_ff0p660v25c
adder_12bit,750,0.5,0.3,132,0,1.645056,52,68.9596,12.7166,uW/nW,0.66,25,FF,saed05rvt_base_ff0p660v25c
adder_12bit,750,0.5,0.7,132,0,1.645056,52,70.5268,13.3740,uW/nW,0.66,25,FF,saed05rvt_base_ff0p660v25c
adder_12bit,900,0.1,0.5,132,0,1.645056,52,16.5742,12.9721,uW/nW,0.66,25,FF,saed05rvt_base_ff0p660v25c
adder_12bit,900,0.5,0.5,132,0,1.645056,52,70.0802,12.9731,uW/nW,0.66,25,FF,saed05rvt_base_ff0p660v25c
adder_12bit,900,0.3,0.5,132,0,1.645056,52,43.4002,12.9764,uW/nW,0.66,25,FF,saed05rvt_base_ff0p660v25c
adder_12bit,900,0.8,0.5,132,0,1.645056,52,109.8243,12.9830,uW/nW,0.66,25,FF,saed05rvt_base_ff0p660v25c
adder_12bit,900,0.5,0.3,132,0,1.645056,52,69.2499,12.7174,uW/nW,0.66,25,FF,saed05rvt_base_ff0p660v25c
adder_12bit,900,0.5,0.7,132,0,1.645056,52,70.8343,13.3921,uW/nW,0.66,25,FF,saed05rvt_base_ff0p660v25c
adder_12bit,1000,0.1,0.5,132,0,1.645056,52,16.6033,12.9720,uW/nW,0.66,25,FF,saed05rvt_base_ff0p660v25c
adder_12bit,1000,0.5,0.5,132,0,1.645056,52,70.2096,12.9803,uW/nW,0.66,25,FF,saed05rvt_base_ff0p660v25c
adder_12bit,1000,0.3,0.5,132,0,1.645056,52,43.4790,12.9736,uW/nW,0.66,25,FF,saed05rvt_base_ff0p660v25c
adder_12bit,1000,0.8,0.5,132,0,1.645056,52,110.0723,12.9727,uW/nW,0.66,25,FF,saed05rvt_base_ff0p660v25c
adder_12bit,1000,0.5,0.3,132,0,1.645056,52,69.3833,12.7134,uW/nW,0.66,25,FF,saed05rvt_base_ff0p660v25c
adder_12bit,1000,0.5,0.7,132,0,1.645056,52,70.9803,13.3852,uW/nW,0.66,25,FF,saed05rvt_base_ff0p660v25c
adder_12bit,10,0.1,0.5,132,0,1.645056,52,27.3349,3.0965,uW/uW,0.825,125,FF,saed05rvt_base_ff0p825v125c
adder_12bit,10,0.5,0.5,132,0,1.645056,52,133.8383,3.0965,uW/uW,0.825,125,FF,saed05rvt_base_ff0p825v125c
adder_12bit,10,0.3,0.5,132,0,1.645056,52,80.5848,3.0965,uW/uW,0.825,125,FF,saed05rvt_base_ff0p825v125c
adder_12bit,10,0.8,0.5,132,0,1.645056,52,213.7196,3.0965,uW/uW,0.825,125,FF,saed05rvt_base_ff0p825v125c
adder_12bit,10,0.5,0.3,132,0,1.645056,52,133.7644,2.8805,uW/uW,0.825,125,FF,saed05rvt_base_ff0p825v125c
adder_12bit,10,0.5,0.7,132,0,1.645056,52,133.7033,3.7267,uW/uW,0.825,125,FF,saed05rvt_base_ff0p825v125c
adder_12bit,50,0.1,0.5,132,0,1.645056,52,30.2393,3.0965,uW/uW,0.825,125,FF,saed05rvt_base_ff0p825v125c
adder_12bit,50,0.5,0.5,132,0,1.645056,52,136.6745,3.0965,uW/uW,0.825,125,FF,saed05rvt_base_ff0p825v125c
adder_12bit,50,0.3,0.5,132,0,1.645056,52,83.4384,3.0965,uW/uW,0.825,125,FF,saed05rvt_base_ff0p825v125c
adder_12bit,50,0.8,0.5,132,0,1.645056,52,216.5441,3.0965,uW/uW,0.825,125,FF,saed05rvt_base_ff0p825v125c
adder_12bit,50,0.5,0.3,132,0,1.645056,52,136.1645,2.8805,uW/uW,0.825,125,FF,saed05rvt_base_ff0p825v125c
adder_12bit,50,0.5,0.7,132,0,1.645056,52,136.1195,3.7267,uW/uW,0.825,125,FF,saed05rvt_base_ff0p825v125c
adder_12bit,100,0.1,0.5,132,0,1.645056,52,30.6549,3.5571,uW/uW,0.825,125,FF,saed05rvt_base_ff0p825v125c
adder_12bit,100,0.5,0.5,132,0,1.645056,52,137.9033,3.3825,uW/uW,0.825,125,FF,saed05rvt_base_ff0p825v125c
adder_12bit,100,0.3,0.5,132,0,1.645056,52,84.6813,3.3825,uW/uW,0.825,125,FF,saed05rvt_base_ff0p825v125c
adder_12bit,100,0.8,0.5,132,0,1.645056,52,217.7642,3.3825,uW/uW,0.825,125,FF,saed05rvt_base_ff0p825v125c
adder_12bit,100,0.5,0.3,132,0,1.645056,52,137.8939,2.9843,uW/uW,0.825,125,FF,saed05rvt_base_ff0p825v125c
adder_12bit,100,0.5,0.7,132,0,1.645056,52,137.8740,3.8274,uW/uW,0.825,125,FF,saed05rvt_base_ff0p825v125c
adder_12bit,200,0.1,0.5,132,0,1.645056,52,32.1374,3.5577,uW/uW,0.825,125,FF,saed05rvt_base_ff0p825v125c
adder_12bit,200,0.5,0.5,132,0,1.645056,52,142.1382,3.3850,uW/uW,0.825,125,FF,saed05rvt_base_ff0p825v125c
adder_12bit,200,0.3,0.5,132,0,1.645056,52,87.3921,3.5577,uW/uW,0.825,125,FF,saed05rvt_base_ff0p825v125c
adder_12bit,200,0.8,0.5,132,0,1.645056,52,221.9672,3.3850,uW/uW,0.825,125,FF,saed05rvt_base_ff0p825v125c
adder_12bit,200,0.5,0.3,132,0,1.645056,52,142.0673,2.9847,uW/uW,0.825,125,FF,saed05rvt_base_ff0p825v125c
adder_12bit,200,0.5,0.7,132,0,1.645056,52,142.1012,3.8319,uW/uW,0.825,125,FF,saed05rvt_base_ff0p825v125c
adder_12bit,300,0.1,0.5,132,0,1.645056,52,32.8980,3.5583,uW/uW,0.825,125,FF,saed05rvt_base_ff0p825v125c
adder_12bit,300,0.5,0.5,132,0,1.645056,52,144.1747,3.5566,uW/uW,0.825,125,FF,saed05rvt_base_ff0p825v125c
adder_12bit,300,0.3,0.5,132,0,1.645056,52,88.8273,3.5570,uW/uW,0.825,125,FF,saed05rvt_base_ff0p825v125c
adder_12bit,300,0.8,0.5,132,0,1.645056,52,226.0761,3.3836,uW/uW,0.825,125,FF,saed05rvt_base_ff0p825v125c
adder_12bit,300,0.5,0.3,132,0,1.645056,52,142.8798,3.3318,uW/uW,0.825,125,FF,saed05rvt_base_ff0p825v125c
adder_12bit,300,0.5,0.7,132,0,1.645056,52,144.3183,3.8344,uW/uW,0.825,125,FF,saed05rvt_base_ff0p825v125c
adder_12bit,450,0.1,0.5,132,0,1.645056,52,33.6044,3.5580,uW/uW,0.825,125,FF,saed05rvt_base_ff0p825v125c
adder_12bit,450,0.5,0.5,132,0,1.645056,52,146.1124,3.5563,uW/uW,0.825,125,FF,saed05rvt_base_ff0p825v125c
adder_12bit,450,0.3,0.5,132,0,1.645056,52,90.0623,3.5582,uW/uW,0.825,125,FF,saed05rvt_base_ff0p825v125c
adder_12bit,450,0.8,0.5,132,0,1.645056,52,229.3513,3.5576,uW/uW,0.825,125,FF,saed05rvt_base_ff0p825v125c
adder_12bit,450,0.5,0.3,132,0,1.645056,52,144.7720,3.4322,uW/uW,0.825,125,FF,saed05rvt_base_ff0p825v125c
adder_12bit,450,0.5,0.7,132,0,1.645056,52,147.3145,3.7448,uW/uW,0.825,125,FF,saed05rvt_base_ff0p825v125c
adder_12bit,600,0.1,0.5,132,0,1.645056,52,33.9384,3.5525,uW/uW,0.825,125,FF,saed05rvt_base_ff0p825v125c
adder_12bit,600,0.5,0.5,132,0,1.645056,52,147.1728,3.5601,uW/uW,0.825,125,FF,saed05rvt_base_ff0p825v125c
adder_12bit,600,0.3,0.5,132,0,1.645056,52,90.7179,3.5620,uW/uW,0.825,125,FF,saed05rvt_base_ff0p825v125c
adder_12bit,600,0.8,0.5,132,0,1.645056,52,231.2292,3.5595,uW/uW,0.825,125,FF,saed05rvt_base_ff0p825v125c
adder_12bit,600,0.5,0.3,132,0,1.645056,52,145.8119,3.4348,uW/uW,0.825,125,FF,saed05rvt_base_ff0p825v125c
adder_12bit,600,0.5,0.7,132,0,1.645056,52,148.4166,3.7493,uW/uW,0.825,125,FF,saed05rvt_base_ff0p825v125c
adder_12bit,750,0.1,0.5,132,0,1.645056,52,34.1902,3.5559,uW/uW,0.825,125,FF,saed05rvt_base_ff0p825v125c
adder_12bit,750,0.5,0.5,132,0,1.645056,52,147.8899,3.5586,uW/uW,0.825,125,FF,saed05rvt_base_ff0p825v125c
adder_12bit,750,0.3,0.5,132,0,1.645056,52,91.1865,3.5562,uW/uW,0.825,125,FF,saed05rvt_base_ff0p825v125c
adder_12bit,750,0.8,0.5,132,0,1.645056,52,232.4364,3.5568,uW/uW,0.825,125,FF,saed05rvt_base_ff0p825v125c
adder_12bit,750,0.5,0.3,132,0,1.645056,52,146.4931,3.4339,uW/uW,0.825,125,FF,saed05rvt_base_ff0p825v125c
adder_12bit,750,0.5,0.7,132,0,1.645056,52,149.1782,3.7453,uW/uW,0.825,125,FF,saed05rvt_base_ff0p825v125c
adder_12bit,900,0.1,0.5,132,0,1.645056,52,34.3564,3.5544,uW/uW,0.825,125,FF,saed05rvt_base_ff0p825v125c
adder_12bit,900,0.5,0.5,132,0,1.645056,52,148.4127,3.5534,uW/uW,0.825,125,FF,saed05rvt_base_ff0p825v125c
adder_12bit,900,0.3,0.5,132,0,1.645056,52,91.5072,3.5553,uW/uW,0.825,125,FF,saed05rvt_base_ff0p825v125c
adder_12bit,900,0.8,0.5,132,0,1.645056,52,233.2971,3.5551,uW/uW,0.825,125,FF,saed05rvt_base_ff0p825v125c
adder_12bit,900,0.5,0.3,132,0,1.645056,52,146.9882,3.4319,uW/uW,0.825,125,FF,saed05rvt_base_ff0p825v125c
adder_12bit,900,0.5,0.7,132,0,1.645056,52,149.7000,3.7426,uW/uW,0.825,125,FF,saed05rvt_base_ff0p825v125c
adder_12bit,1000,0.1,0.5,132,0,1.645056,52,34.4665,3.5551,uW/uW,0.825,125,FF,saed05rvt_base_ff0p825v125c
adder_12bit,1000,0.5,0.5,132,0,1.645056,52,148.6803,3.5576,uW/uW,0.825,125,FF,saed05rvt_base_ff0p825v125c
adder_12bit,1000,0.3,0.5,132,0,1.645056,52,91.6906,3.5557,uW/uW,0.825,125,FF,saed05rvt_base_ff0p825v125c
adder_12bit,1000,0.8,0.5,132,0,1.645056,52,233.7625,3.5549,uW/uW,0.825,125,FF,saed05rvt_base_ff0p825v125c
adder_12bit,1000,0.5,0.3,132,0,1.645056,52,147.2664,3.4316,uW/uW,0.825,125,FF,saed05rvt_base_ff0p825v125c
adder_12bit,1000,0.5,0.7,132,0,1.645056,52,149.9903,3.7441,uW/uW,0.825,125,FF,saed05rvt_base_ff0p825v125c
adder_12bit,10,0.1,0.5,132,0,1.645056,52,25.8222,38.8444,uW/nW,0.825,25,FF,saed05rvt_base_ff0p825v25c
adder_12bit,10,0.5,0.5,132,0,1.645056,52,126.4445,38.8444,uW/nW,0.825,25,FF,saed05rvt_base_ff0p825v25c
adder_12bit,10,0.3,0.5,132,0,1.645056,52,76.1334,38.8444,uW/nW,0.825,25,FF,saed05rvt_base_ff0p825v25c
adder_12bit,10,0.8,0.5,132,0,1.645056,52,201.9111,38.8444,uW/nW,0.825,25,FF,saed05rvt_base_ff0p825v25c
adder_12bit,10,0.5,0.3,132,0,1.645056,52,126.3757,37.3104,uW/nW,0.825,25,FF,saed05rvt_base_ff0p825v25c
adder_12bit,10,0.5,0.7,132,0,1.645056,52,126.3091,45.5977,uW/nW,0.825,25,FF,saed05rvt_base_ff0p825v25c
adder_12bit,50,0.1,0.5,132,0,1.645056,52,28.4886,38.8444,uW/nW,0.825,25,FF,saed05rvt_base_ff0p825v25c
adder_12bit,50,0.5,0.5,132,0,1.645056,52,129.1112,38.8444,uW/nW,0.825,25,FF,saed05rvt_base_ff0p825v25c
adder_12bit,50,0.3,0.5,132,0,1.645056,52,78.8000,38.8444,uW/nW,0.825,25,FF,saed05rvt_base_ff0p825v25c
adder_12bit,50,0.8,0.5,132,0,1.645056,52,204.5779,38.8444,uW/nW,0.825,25,FF,saed05rvt_base_ff0p825v25c
adder_12bit,50,0.5,0.3,132,0,1.645056,52,128.6324,37.3104,uW/nW,0.825,25,FF,saed05rvt_base_ff0p825v25c
adder_12bit,50,0.5,0.7,132,0,1.645056,52,128.5696,45.5977,uW/nW,0.825,25,FF,saed05rvt_base_ff0p825v25c
adder_12bit,100,0.1,0.5,132,0,1.645056,52,28.8776,44.4913,uW/nW,0.825,25,FF,saed05rvt_base_ff0p825v25c
adder_12bit,100,0.5,0.5,132,0,1.645056,52,130.2966,42.5162,uW/nW,0.825,25,FF,saed05rvt_base_ff0p825v25c
adder_12bit,100,0.3,0.5,132,0,1.645056,52,79.9967,42.5162,uW/nW,0.825,25,FF,saed05rvt_base_ff0p825v25c
adder_12bit,100,0.8,0.5,132,0,1.645056,52,205.7565,42.5162,uW/nW,0.825,25,FF,saed05rvt_base_ff0p825v25c
adder_12bit,100,0.5,0.3,132,0,1.645056,52,130.3073,38.5876,uW/nW,0.825,25,FF,saed05rvt_base_ff0p825v25c
adder_12bit,100,0.5,0.7,132,0,1.645056,52,130.2608,46.8475,uW/nW,0.825,25,FF,saed05rvt_base_ff0p825v25c
adder_12bit,200,0.1,0.5,132,0,1.645056,52,30.2102,44.4964,uW/nW,0.825,25,FF,saed05rvt_base_ff0p825v25c
adder_12bit,200,0.5,0.5,132,0,1.645056,52,134.3347,42.5396,uW/nW,0.825,25,FF,saed05rvt_base_ff0p825v25c
adder_12bit,200,0.3,0.5,132,0,1.645056,52,82.5212,44.4817,uW/nW,0.825,25,FF,saed05rvt_base_ff0p825v25c
adder_12bit,200,0.8,0.5,132,0,1.645056,52,209.7822,42.5396,uW/nW,0.825,25,FF,saed05rvt_base_ff0p825v25c
adder_12bit,200,0.5,0.3,132,0,1.645056,52,134.2982,38.6066,uW/nW,0.825,25,FF,saed05rvt_base_ff0p825v25c
adder_12bit,200,0.5,0.7,132,0,1.645056,52,134.2846,46.8940,uW/nW,0.825,25,FF,saed05rvt_base_ff0p825v25c
adder_12bit,300,0.1,0.5,132,0,1.645056,52,30.9169,44.4985,uW/nW,0.825,25,FF,saed05rvt_base_ff0p825v25c
adder_12bit,300,0.5,0.5,132,0,1.645056,52,136.2331,44.4788,uW/nW,0.825,25,FF,saed05rvt_base_ff0p825v25c
adder_12bit,300,0.3,0.5,132,0,1.645056,52,83.8574,44.4884,uW/nW,0.825,25,FF,saed05rvt_base_ff0p825v25c
adder_12bit,300,0.8,0.5,132,0,1.645056,52,213.7244,42.5324,uW/nW,0.825,25,FF,saed05rvt_base_ff0p825v25c
adder_12bit,300,0.5,0.3,132,0,1.645056,52,135.0075,42.4615,uW/nW,0.825,25,FF,saed05rvt_base_ff0p825v25c
adder_12bit,300,0.5,0.7,132,0,1.645056,52,136.3620,46.9825,uW/nW,0.825,25,FF,saed05rvt_base_ff0p825v25c
adder_12bit,450,0.1,0.5,132,0,1.645056,52,31.5463,44.5137,uW/nW,0.825,25,FF,saed05rvt_base_ff0p825v25c
adder_12bit,450,0.5,0.5,132,0,1.645056,52,138.0439,44.4837,uW/nW,0.825,25,FF,saed05rvt_base_ff0p825v25c
adder_12bit,450,0.3,0.5,132,0,1.645056,52,84.9976,44.5049,uW/nW,0.825,25,FF,saed05rvt_base_ff0p825v25c
adder_12bit,450,0.8,0.5,132,0,1.645056,52,216.8291,44.4932,uW/nW,0.825,25,FF,saed05rvt_base_ff0p825v25c
adder_12bit,450,0.5,0.3,132,0,1.645056,52,136.7735,43.5615,uW/nW,0.825,25,FF,saed05rvt_base_ff0p825v25c
adder_12bit,450,0.5,0.7,132,0,1.645056,52,139.1876,46.0156,uW/nW,0.825,25,FF,saed05rvt_base_ff0p825v25c
adder_12bit,600,0.1,0.5,132,0,1.645056,52,31.8835,44.4622,uW/nW,0.825,25,FF,saed05rvt_base_ff0p825v25c
adder_12bit,600,0.5,0.5,132,0,1.645056,52,139.0582,44.4994,uW/nW,0.825,25,FF,saed05rvt_base_ff0p825v25c
adder_12bit,600,0.3,0.5,132,0,1.645056,52,85.6237,44.5160,uW/nW,0.825,25,FF,saed05rvt_base_ff0p825v25c
adder_12bit,600,0.8,0.5,132,0,1.645056,52,218.5986,44.4996,uW/nW,0.825,25,FF,saed05rvt_base_ff0p825v25c
adder_12bit,600,0.5,0.3,132,0,1.645056,52,137.7651,43.5710,uW/nW,0.825,25,FF,saed05rvt_base_ff0p825v25c
adder_12bit,600,0.5,0.7,132,0,1.645056,52,140.2420,46.0129,uW/nW,0.825,25,FF,saed05rvt_base_ff0p825v25c
adder_12bit,750,0.1,0.5,132,0,1.645056,52,32.0811,44.4974,uW/nW,0.825,25,FF,saed05rvt_base_ff0p825v25c
adder_12bit,750,0.5,0.5,132,0,1.645056,52,139.6851,44.4947,uW/nW,0.825,25,FF,saed05rvt_base_ff0p825v25c
adder_12bit,750,0.3,0.5,132,0,1.645056,52,86.0179,44.4820,uW/nW,0.825,25,FF,saed05rvt_base_ff0p825v25c
adder_12bit,750,0.8,0.5,132,0,1.645056,52,219.7038,44.4712,uW/nW,0.825,25,FF,saed05rvt_base_ff0p825v25c
adder_12bit,750,0.5,0.3,132,0,1.645056,52,138.3690,43.5660,uW/nW,0.825,25,FF,saed05rvt_base_ff0p825v25c
adder_12bit,750,0.5,0.7,132,0,1.645056,52,140.8953,45.9802,uW/nW,0.825,25,FF,saed05rvt_base_ff0p825v25c
adder_12bit,900,0.1,0.5,132,0,1.645056,52,32.2346,44.4819,uW/nW,0.825,25,FF,saed05rvt_base_ff0p825v25c
adder_12bit,900,0.5,0.5,132,0,1.645056,52,140.1475,44.4891,uW/nW,0.825,25,FF,saed05rvt_base_ff0p825v25c
adder_12bit,900,0.3,0.5,132,0,1.645056,52,86.2997,44.4912,uW/nW,0.825,25,FF,saed05rvt_base_ff0p825v25c
adder_12bit,900,0.8,0.5,132,0,1.645056,52,220.4744,44.4932,uW/nW,0.825,25,FF,saed05rvt_base_ff0p825v25c
adder_12bit,900,0.5,0.3,132,0,1.645056,52,138.8070,43.5609,uW/nW,0.825,25,FF,saed05rvt_base_ff0p825v25c
adder_12bit,900,0.5,0.7,132,0,1.645056,52,141.3751,46.0089,uW/nW,0.825,25,FF,saed05rvt_base_ff0p825v25c
adder_12bit,1000,0.1,0.5,132,0,1.645056,52,32.3931,44.4843,uW/nW,0.825,25,FF,saed05rvt_base_ff0p825v25c
adder_12bit,1000,0.5,0.5,132,0,1.645056,52,140.4541,44.4801,uW/nW,0.825,25,FF,saed05rvt_base_ff0p825v25c
adder_12bit,1000,0.3,0.5,132,0,1.645056,52,86.5374,44.4598,uW/nW,0.825,25,FF,saed05rvt_base_ff0p825v25c
adder_12bit,1000,0.8,0.5,132,0,1.645056,52,220.9547,44.4738,uW/nW,0.825,25,FF,saed05rvt_base_ff0p825v25c
adder_12bit,1000,0.5,0.3,132,0,1.645056,52,139.1134,43.5406,uW/nW,0.825,25,FF,saed05rvt_base_ff0p825v25c
adder_12bit,1000,0.5,0.7,132,0,1.645056,52,141.7074,45.9836,uW/nW,0.825,25,FF,saed05rvt_base_ff0p825v25c
adder_12bit,10,0.1,0.5,132,0,1.645056,52,6.5979,452.8485,uW/nW,0.540,125,SS,saed05rvt_base_ss0p540v125c
adder_12bit,10,0.5,0.5,132,0,1.645056,52,31.8770,452.8485,uW/nW,0.540,125,SS,saed05rvt_base_ss0p540v125c
adder_12bit,10,0.3,0.5,132,0,1.645056,52,19.2378,452.8485,uW/nW,0.540,125,SS,saed05rvt_base_ss0p540v125c
adder_12bit,10,0.8,0.5,132,0,1.645056,52,50.8356,452.8485,uW/nW,0.540,125,SS,saed05rvt_base_ss0p540v125c
adder_12bit,10,0.5,0.3,132,0,1.645056,52,31.8433,422.2022,uW/nW,0.540,125,SS,saed05rvt_base_ss0p540v125c
adder_12bit,10,0.5,0.7,132,0,1.645056,52,31.8235,542.4155,uW/nW,0.540,125,SS,saed05rvt_base_ss0p540v125c
adder_12bit,50,0.1,0.5,132,0,1.645056,52,7.6969,452.8485,uW/nW,0.540,125,SS,saed05rvt_base_ss0p540v125c
adder_12bit,50,0.5,0.5,132,0,1.645056,52,32.9896,452.8485,uW/nW,0.540,125,SS,saed05rvt_base_ss0p540v125c
adder_12bit,50,0.3,0.5,132,0,1.645056,52,20.3469,452.8485,uW/nW,0.540,125,SS,saed05rvt_base_ss0p540v125c
adder_12bit,50,0.8,0.5,132,0,1.645056,52,51.9505,452.8485,uW/nW,0.540,125,SS,saed05rvt_base_ss0p540v125c
adder_12bit,50,0.5,0.3,132,0,1.645056,52,32.7838,422.2022,uW/nW,0.540,125,SS,saed05rvt_base_ss0p540v125c
adder_12bit,50,0.5,0.7,132,0,1.645056,52,32.7634,542.4155,uW/nW,0.540,125,SS,saed05rvt_base_ss0p540v125c
adder_12bit,100,0.1,0.5,132,0,1.645056,52,7.8527,518.2413,uW/nW,0.540,125,SS,saed05rvt_base_ss0p540v125c
adder_12bit,100,0.5,0.5,132,0,1.645056,52,33.4834,493.6629,uW/nW,0.540,125,SS,saed05rvt_base_ss0p540v125c
adder_12bit,100,0.3,0.5,132,0,1.645056,52,20.8453,493.6629,uW/nW,0.540,125,SS,saed05rvt_base_ss0p540v125c
adder_12bit,100,0.8,0.5,132,0,1.645056,52,52.4415,493.6629,uW/nW,0.540,125,SS,saed05rvt_base_ss0p540v125c
adder_12bit,100,0.5,0.3,132,0,1.645056,52,33.4865,436.8561,uW/nW,0.540,125,SS,saed05rvt_base_ss0p540v125c
adder_12bit,100,0.5,0.7,132,0,1.645056,52,33.4692,556.8953,uW/nW,0.540,125,SS,saed05rvt_base_ss0p540v125c
adder_12bit,200,0.1,0.5,132,0,1.645056,52,8.4069,518.2833,uW/nW,0.540,125,SS,saed05rvt_base_ss0p540v125c
adder_12bit,200,0.5,0.5,132,0,1.645056,52,35.1744,493.9431,uW/nW,0.540,125,SS,saed05rvt_base_ss0p540v125c
adder_12bit,200,0.3,0.5,132,0,1.645056,52,21.8891,518.2834,uW/nW,0.540,125,SS,saed05rvt_base_ss0p540v125c
adder_12bit,200,0.8,0.5,132,0,1.645056,52,54.1309,493.9431,uW/nW,0.540,125,SS,saed05rvt_base_ss0p540v125c
adder_12bit,200,0.5,0.3,132,0,1.645056,52,35.1631,436.9803,uW/nW,0.540,125,SS,saed05rvt_base_ss0p540v125c
adder_12bit,200,0.5,0.7,132,0,1.645056,52,35.1532,557.3840,uW/nW,0.540,125,SS,saed05rvt_base_ss0p540v125c
adder_12bit,300,0.1,0.5,132,0,1.645056,52,8.6898,518.3308,uW/nW,0.540,125,SS,saed05rvt_base_ss0p540v125c
adder_12bit,300,0.5,0.5,132,0,1.645056,52,35.9476,518.0866,uW/nW,0.540,125,SS,saed05rvt_base_ss0p540v125c
adder_12bit,300,0.3,0.5,132,0,1.645056,52,22.4377,518.0773,uW/nW,0.540,125,SS,saed05rvt_base_ss0p540v125c
adder_12bit,300,0.8,0.5,132,0,1.645056,52,55.7812,493.6988,uW/nW,0.540,125,SS,saed05rvt_base_ss0p540v125c
adder_12bit,300,0.5,0.3,132,0,1.645056,52,35.4366,486.1505,uW/nW,0.540,125,SS,saed05rvt_base_ss0p540v125c
adder_12bit,300,0.5,0.7,132,0,1.645056,52,36.0058,557.4111,uW/nW,0.540,125,SS,saed05rvt_base_ss0p540v125c
adder_12bit,450,0.1,0.5,132,0,1.645056,52,8.9271,518.2999,uW/nW,0.540,125,SS,saed05rvt_base_ss0p540v125c
adder_12bit,450,0.5,0.5,132,0,1.645056,52,36.6901,518.0472,uW/nW,0.540,125,SS,saed05rvt_base_ss0p540v125c
adder_12bit,450,0.3,0.5,132,0,1.645056,52,22.8920,518.3712,uW/nW,0.540,125,SS,saed05rvt_base_ss0p540v125c
adder_12bit,450,0.8,0.5,132,0,1.645056,52,57.0428,518.3406,uW/nW,0.540,125,SS,saed05rvt_base_ss0p540v125c
adder_12bit,450,0.5,0.3,132,0,1.645056,52,36.1517,500.5027,uW/nW,0.540,125,SS,saed05rvt_base_ss0p540v125c
adder_12bit,450,0.5,0.7,132,0,1.645056,52,37.1772,544.7634,uW/nW,0.540,125,SS,saed05rvt_base_ss0p540v125c
adder_12bit,600,0.1,0.5,132,0,1.645056,52,9.0797,517.6636,uW/nW,0.540,125,SS,saed05rvt_base_ss0p540v125c
adder_12bit,600,0.5,0.5,132,0,1.645056,52,37.1174,518.2736,uW/nW,0.540,125,SS,saed05rvt_base_ss0p540v125c
adder_12bit,600,0.3,0.5,132,0,1.645056,52,23.1627,518.5978,uW/nW,0.540,125,SS,saed05rvt_base_ss0p540v125c
adder_12bit,600,0.8,0.5,132,0,1.645056,52,57.7934,518.3491,uW/nW,0.540,125,SS,saed05rvt_base_ss0p540v125c
adder_12bit,600,0.5,0.3,132,0,1.645056,52,36.5713,500.7304,uW/nW,0.540,125,SS,saed05rvt_base_ss0p540v125c
adder_12bit,600,0.5,0.7,132,0,1.645056,52,37.6218,544.9302,uW/nW,0.540,125,SS,saed05rvt_base_ss0p540v125c
adder_12bit,750,0.1,0.5,132,0,1.645056,52,9.1595,518.1809,uW/nW,0.540,125,SS,saed05rvt_base_ss0p540v125c
adder_12bit,750,0.5,0.5,132,0,1.645056,52,37.3778,518.2460,uW/nW,0.540,125,SS,saed05rvt_base_ss0p540v125c
adder_12bit,750,0.3,0.5,132,0,1.645056,52,23.3272,517.8312,uW/nW,0.540,125,SS,saed05rvt_base_ss0p540v125c
adder_12bit,750,0.8,0.5,132,0,1.645056,52,58.2528,517.9069,uW/nW,0.540,125,SS,saed05rvt_base_ss0p540v125c
adder_12bit,750,0.5,0.3,132,0,1.645056,52,36.8228,500.5024,uW/nW,0.540,125,SS,saed05rvt_base_ss0p540v125c
adder_12bit,750,0.5,0.7,132,0,1.645056,52,37.8955,544.3442,uW/nW,0.540,125,SS,saed05rvt_base_ss0p540v125c
adder_12bit,900,0.1,0.5,132,0,1.645056,52,9.2319,517.9819,uW/nW,0.540,125,SS,saed05rvt_base_ss0p540v125c
adder_12bit,900,0.5,0.5,132,0,1.645056,52,37.5833,518.0402,uW/nW,0.540,125,SS,saed05rvt_base_ss0p540v125c
adder_12bit,900,0.3,0.5,132,0,1.645056,52,23.4535,518.0487,uW/nW,0.540,125,SS,saed05rvt_base_ss0p540v125c
adder_12bit,900,0.8,0.5,132,0,1.645056,52,58.5899,518.2635,uW/nW,0.540,125,SS,saed05rvt_base_ss0p540v125c
adder_12bit,900,0.5,0.3,132,0,1.645056,52,37.0164,500.7112,uW/nW,0.540,125,SS,saed05rvt_base_ss0p540v125c
adder_12bit,900,0.5,0.7,132,0,1.645056,52,38.1040,544.7723,uW/nW,0.540,125,SS,saed05rvt_base_ss0p540v125c
adder_12bit,1000,0.1,0.5,132,0,1.645056,52,9.2556,518.1362,uW/nW,0.540,125,SS,saed05rvt_base_ss0p540v125c
adder_12bit,1000,0.5,0.5,132,0,1.645056,52,37.6812,518.2624,uW/nW,0.540,125,SS,saed05rvt_base_ss0p540v125c
adder_12bit,1000,0.3,0.5,132,0,1.645056,52,23.5185,518.0328,uW/nW,0.540,125,SS,saed05rvt_base_ss0p540v125c
adder_12bit,1000,0.8,0.5,132,0,1.645056,52,58.7676,518.0356,uW/nW,0.540,125,SS,saed05rvt_base_ss0p540v125c
adder_12bit,1000,0.5,0.3,132,0,1.645056,52,37.1205,500.2803,uW/nW,0.540,125,SS,saed05rvt_base_ss0p540v125c
adder_12bit,1000,0.5,0.7,132,0,1.645056,52,38.2092,544.6094,uW/nW,0.540,125,SS,saed05rvt_base_ss0p540v125c
adder_12bit,10,0.1,0.5,132,0,1.645056,52,5.4920,3.5790,uW/nW,0.540,25,SS,saed05rvt_base_ss0p540v25c
adder_12bit,10,0.5,0.5,132,0,1.645056,52,26.3991,3.5790,uW/nW,0.540,25,SS,saed05rvt_base_ss0p540v25c
adder_12bit,10,0.3,0.5,132,0,1.645056,52,15.9458,3.5790,uW/nW,0.540,25,SS,saed05rvt_base_ss0p540v25c
adder_12bit,10,0.8,0.5,132,0,1.645056,52,42.0789,3.5790,uW/nW,0.540,25,SS,saed05rvt_base_ss0p540v25c
adder_12bit,10,0.5,0.3,132,0,1.645056,52,26.3672,3.4602,uW/nW,0.540,25,SS,saed05rvt_base_ss0p540v25c
adder_12bit,10,0.5,0.7,132,0,1.645056,52,26.3490,4.1627,uW/nW,0.540,25,SS,saed05rvt_base_ss0p540v25c
adder_12bit,50,0.1,0.5,132,0,1.645056,52,6.5434,3.5790,uW/nW,0.540,25,SS,saed05rvt_base_ss0p540v25c
adder_12bit,50,0.5,0.5,132,0,1.645056,52,27.4599,3.5790,uW/nW,0.540,25,SS,saed05rvt_base_ss0p540v25c
adder_12bit,50,0.3,0.5,132,0,1.645056,52,17.0042,3.5790,uW/nW,0.540,25,SS,saed05rvt_base_ss0p540v25c
adder_12bit,50,0.8,0.5,132,0,1.645056,52,43.1414,3.5790,uW/nW,0.540,25,SS,saed05rvt_base_ss0p540v25c
adder_12bit,50,0.5,0.3,132,0,1.645056,52,27.2662,3.4602,uW/nW,0.540,25,SS,saed05rvt_base_ss0p540v25c
adder_12bit,50,0.5,0.7,132,0,1.645056,52,27.2469,4.1627,uW/nW,0.540,25,SS,saed05rvt_base_ss0p540v25c
adder_12bit,100,0.1,0.5,132,0,1.645056,52,6.7131,4.0775,uW/nW,0.540,25,SS,saed05rvt_base_ss0p540v25c
adder_12bit,100,0.5,0.5,132,0,1.645056,52,27.9450,3.9086,uW/nW,0.540,25,SS,saed05rvt_base_ss0p540v25c
adder_12bit,100,0.3,0.5,132,0,1.645056,52,17.4940,3.9086,uW/nW,0.540,25,SS,saed05rvt_base_ss0p540v25c
adder_12bit,100,0.8,0.5,132,0,1.645056,52,43.6235,3.9086,uW/nW,0.540,25,SS,saed05rvt_base_ss0p540v25c
adder_12bit,100,0.5,0.3,132,0,1.645056,52,27.9468,3.5737,uW/nW,0.540,25,SS,saed05rvt_base_ss0p540v25c
adder_12bit,100,0.5,0.7,132,0,1.645056,52,27.9330,4.2740,uW/nW,0.540,25,SS,saed05rvt_base_ss0p540v25c
adder_12bit,200,0.1,0.5,132,0,1.645056,52,7.2475,4.0778,uW/nW,0.540,25,SS,saed05rvt_base_ss0p540v25c
adder_12bit,200,0.5,0.5,132,0,1.645056,52,29.5752,3.9105,uW/nW,0.540,25,SS,saed05rvt_base_ss0p540v25c
adder_12bit,200,0.3,0.5,132,0,1.645056,52,18.5154,4.0765,uW/nW,0.540,25,SS,saed05rvt_base_ss0p540v25c
adder_12bit,200,0.8,0.5,132,0,1.645056,52,45.2510,3.9105,uW/nW,0.540,25,SS,saed05rvt_base_ss0p540v25c
adder_12bit,200,0.5,0.3,132,0,1.645056,52,29.5602,3.5753,uW/nW,0.540,25,SS,saed05rvt_base_ss0p540v25c
adder_12bit,200,0.5,0.7,132,0,1.645056,52,29.5551,4.2777,uW/nW,0.540,25,SS,saed05rvt_base_ss0p540v25c
adder_12bit,300,0.1,0.5,132,0,1.645056,52,7.5303,4.0780,uW/nW,0.540,25,SS,saed05rvt_base_ss0p540v25c
adder_12bit,300,0.5,0.5,132,0,1.645056,52,30.3491,4.0763,uW/nW,0.540,25,SS,saed05rvt_base_ss0p540v25c
adder_12bit,300,0.3,0.5,132,0,1.645056,52,19.0547,4.0772,uW/nW,0.540,25,SS,saed05rvt_base_ss0p540v25c
adder_12bit,300,0.8,0.5,132,0,1.645056,52,46.8458,3.9100,uW/nW,0.540,25,SS,saed05rvt_base_ss0p540v25c
adder_12bit,300,0.5,0.3,132,0,1.645056,52,29.8579,3.9061,uW/nW,0.540,25,SS,saed05rvt_base_ss0p540v25c
adder_12bit,300,0.5,0.7,132,0,1.645056,52,30.3946,4.2833,uW/nW,0.540,25,SS,saed05rvt_base_ss0p540v25c
adder_12bit,450,0.1,0.5,132,0,1.645056,52,7.7820,4.0793,uW/nW,0.540,25,SS,saed05rvt_base_ss0p540v25c
adder_12bit,450,0.5,0.5,132,0,1.645056,52,31.0822,4.0767,uW/nW,0.540,25,SS,saed05rvt_base_ss0p540v25c
adder_12bit,450,0.3,0.5,132,0,1.645056,52,19.5147,4.0785,uW/nW,0.540,25,SS,saed05rvt_base_ss0p540v25c
adder_12bit,450,0.8,0.5,132,0,1.645056,52,48.1148,4.0775,uW/nW,0.540,25,SS,saed05rvt_base_ss0p540v25c
adder_12bit,450,0.5,0.3,132,0,1.645056,52,30.5766,4.0007,uW/nW,0.540,25,SS,saed05rvt_base_ss0p540v25c
adder_12bit,450,0.5,0.7,132,0,1.645056,52,31.5325,4.1988,uW/nW,0.540,25,SS,saed05rvt_base_ss0p540v25c
adder_12bit,600,0.1,0.5,132,0,1.645056,52,7.9168,4.0748,uW/nW,0.540,25,SS,saed05rvt_base_ss0p540v25c
adder_12bit,600,0.5,0.5,132,0,1.645056,52,31.4931,4.0780,uW/nW,0.540,25,SS,saed05rvt_base_ss0p540v25c
adder_12bit,600,0.3,0.5,132,0,1.645056,52,19.7675,4.0795,uW/nW,0.540,25,SS,saed05rvt_base_ss0p540v25c
adder_12bit,600,0.8,0.5,132,0,1.645056,52,48.8331,4.0780,uW/nW,0.540,25,SS,saed05rvt_base_ss0p540v25c
adder_12bit,600,0.5,0.3,132,0,1.645056,52,30.9789,4.0015,uW/nW,0.540,25,SS,saed05rvt_base_ss0p540v25c
adder_12bit,600,0.5,0.7,132,0,1.645056,52,31.9592,4.1986,uW/nW,0.540,25,SS,saed05rvt_base_ss0p540v25c
adder_12bit,750,0.1,0.5,132,0,1.645056,52,7.9960,4.0780,uW/nW,0.540,25,SS,saed05rvt_base_ss0p540v25c
adder_12bit,750,0.5,0.5,132,0,1.645056,52,31.7472,4.0778,uW/nW,0.540,25,SS,saed05rvt_base_ss0p540v25c
adder_12bit,750,0.3,0.5,132,0,1.645056,52,19.9265,4.0767,uW/nW,0.540,25,SS,saed05rvt_base_ss0p540v25c
adder_12bit,750,0.8,0.5,132,0,1.645056,52,49.2816,4.0758,uW/nW,0.540,25,SS,saed05rvt_base_ss0p540v25c
adder_12bit,750,0.5,0.3,132,0,1.645056,52,31.2236,4.0011,uW/nW,0.540,25,SS,saed05rvt_base_ss0p540v25c
adder_12bit,750,0.5,0.7,132,0,1.645056,52,32.2237,4.1961,uW/nW,0.540,25,SS,saed05rvt_base_ss0p540v25c
adder_12bit,900,0.1,0.5,132,0,1.645056,52,8.0573,4.0767,uW/nW,0.540,25,SS,saed05rvt_base_ss0p540v25c
adder_12bit,900,0.5,0.5,132,0,1.645056,52,31.9346,4.0773,uW/nW,0.540,25,SS,saed05rvt_base_ss0p540v25c
adder_12bit,900,0.3,0.5,132,0,1.645056,52,20.0405,4.0775,uW/nW,0.540,25,SS,saed05rvt_base_ss0p540v25c
adder_12bit,900,0.8,0.5,132,0,1.645056,52,49.5948,4.0777,uW/nW,0.540,25,SS,saed05rvt_base_ss0p540v25c
adder_12bit,900,0.5,0.3,132,0,1.645056,52,31.4014,4.0006,uW/nW,0.540,25,SS,saed05rvt_base_ss0p540v25c
adder_12bit,900,0.5,0.7,132,0,1.645056,52,32.4181,4.1986,uW/nW,0.540,25,SS,saed05rvt_base_ss0p540v25c
adder_12bit,1000,0.1,0.5,132,0,1.645056,52,8.1208,4.0769,uW/nW,0.540,25,SS,saed05rvt_base_ss0p540v25c
adder_12bit,1000,0.5,0.5,132,0,1.645056,52,32.0580,4.0765,uW/nW,0.540,25,SS,saed05rvt_base_ss0p540v25c
adder_12bit,1000,0.3,0.5,132,0,1.645056,52,20.1357,4.0748,uW/nW,0.540,25,SS,saed05rvt_base_ss0p540v25c
adder_12bit,1000,0.8,0.5,132,0,1.645056,52,49.7888,4.0760,uW/nW,0.540,25,SS,saed05rvt_base_ss0p540v25c
adder_12bit,1000,0.5,0.3,132,0,1.645056,52,31.5250,3.9989,uW/nW,0.540,25,SS,saed05rvt_base_ss0p540v25c
adder_12bit,1000,0.5,0.7,132,0,1.645056,52,32.5515,4.1964,uW/nW,0.540,25,SS,saed05rvt_base_ss0p540v25c
adder_12bit,10,0.1,0.5,132,0,1.645056,52,13.9447,1.0729,uW/uW,0.675,125,SS,saed05rvt_base_ss0p675v125c
adder_12bit,10,0.5,0.5,132,0,1.645056,52,67.9263,1.0729,uW/uW,0.675,125,SS,saed05rvt_base_ss0p675v125c
adder_12bit,10,0.3,0.5,132,0,1.645056,52,40.9356,1.0729,uW/uW,0.675,125,SS,saed05rvt_base_ss0p675v125c
adder_12bit,10,0.8,0.5,132,0,1.645056,52,108.4122,1.0729,uW/uW,0.675,125,SS,saed05rvt_base_ss0p675v125c
adder_12bit,10,0.5,0.3,132,0,1.645056,52,67.8679,998.0001,uW/nW,0.675,125,SS,saed05rvt_base_ss0p675v125c
adder_12bit,10,0.5,0.7,132,0,1.645056,52,67.8461,1.2897,uW/uW,0.675,125,SS,saed05rvt_base_ss0p675v125c
adder_12bit,50,0.1,0.5,132,0,1.645056,52,15.7366,1.0729,uW/uW,0.675,125,SS,saed05rvt_base_ss0p675v125c
adder_12bit,50,0.5,0.5,132,0,1.645056,52,69.7233,1.0729,uW/uW,0.675,125,SS,saed05rvt_base_ss0p675v125c
adder_12bit,50,0.3,0.5,132,0,1.645056,52,42.7313,1.0729,uW/uW,0.675,125,SS,saed05rvt_base_ss0p675v125c
adder_12bit,50,0.8,0.5,132,0,1.645056,52,110.2101,1.0729,uW/uW,0.675,125,SS,saed05rvt_base_ss0p675v125c
adder_12bit,50,0.5,0.3,132,0,1.645056,52,69.3865,998.0001,uW/nW,0.675,125,SS,saed05rvt_base_ss0p675v125c
adder_12bit,50,0.5,0.7,132,0,1.645056,52,69.3681,1.2897,uW/uW,0.675,125,SS,saed05rvt_base_ss0p675v125c
adder_12bit,100,0.1,0.5,132,0,1.645056,52,15.9913,1.2307,uW/uW,0.675,125,SS,saed05rvt_base_ss0p675v125c
adder_12bit,100,0.5,0.5,132,0,1.645056,52,70.5143,1.1710,uW/uW,0.675,125,SS,saed05rvt_base_ss0p675v125c
adder_12bit,100,0.3,0.5,132,0,1.645056,52,43.5300,1.1710,uW/uW,0.675,125,SS,saed05rvt_base_ss0p675v125c
adder_12bit,100,0.8,0.5,132,0,1.645056,52,110.9964,1.1710,uW/uW,0.675,125,SS,saed05rvt_base_ss0p675v125c
adder_12bit,100,0.5,0.3,132,0,1.645056,52,70.5100,1.0334,uW/uW,0.675,125,SS,saed05rvt_base_ss0p675v125c
adder_12bit,100,0.5,0.7,132,0,1.645056,52,70.5018,1.3242,uW/uW,0.675,125,SS,saed05rvt_base_ss0p675v125c
adder_12bit,200,0.1,0.5,132,0,1.645056,52,16.8837,1.2308,uW/uW,0.675,125,SS,saed05rvt_base_ss0p675v125c
adder_12bit,200,0.5,0.5,132,0,1.645056,52,73.2263,1.1717,uW/uW,0.675,125,SS,saed05rvt_base_ss0p675v125c
adder_12bit,200,0.3,0.5,132,0,1.645056,52,45.2201,1.2303,uW/uW,0.675,125,SS,saed05rvt_base_ss0p675v125c
adder_12bit,200,0.8,0.5,132,0,1.645056,52,113.7014,1.1717,uW/uW,0.675,125,SS,saed05rvt_base_ss0p675v125c
adder_12bit,200,0.5,0.3,132,0,1.645056,52,73.1915,1.0338,uW/uW,0.675,125,SS,saed05rvt_base_ss0p675v125c
adder_12bit,200,0.5,0.7,132,0,1.645056,52,73.2031,1.3257,uW/uW,0.675,125,SS,saed05rvt_base_ss0p675v125c
adder_12bit,300,0.1,0.5,132,0,1.645056,52,17.3567,1.2308,uW/uW,0.675,125,SS,saed05rvt_base_ss0p675v125c
adder_12bit,300,0.5,0.5,132,0,1.645056,52,74.4942,1.2302,uW/uW,0.675,125,SS,saed05rvt_base_ss0p675v125c
adder_12bit,300,0.3,0.5,132,0,1.645056,52,46.1153,1.2305,uW/uW,0.675,125,SS,saed05rvt_base_ss0p675v125c
adder_12bit,300,0.8,0.5,132,0,1.645056,52,116.3485,1.1715,uW/uW,0.675,125,SS,saed05rvt_base_ss0p675v125c
adder_12bit,300,0.5,0.3,132,0,1.645056,52,73.6588,1.1527,uW/uW,0.675,125,SS,saed05rvt_base_ss0p675v125c
adder_12bit,300,0.5,0.7,132,0,1.645056,52,74.5939,1.3262,uW/uW,0.675,125,SS,saed05rvt_base_ss0p675v125c
adder_12bit,450,0.1,0.5,132,0,1.645056,52,17.7781,1.2313,uW/uW,0.675,125,SS,saed05rvt_base_ss0p675v125c
adder_12bit,450,0.5,0.5,132,0,1.645056,52,75.7084,1.2304,uW/uW,0.675,125,SS,saed05rvt_base_ss0p675v125c
adder_12bit,450,0.3,0.5,132,0,1.645056,52,46.8794,1.2310,uW/uW,0.675,125,SS,saed05rvt_base_ss0p675v125c
adder_12bit,450,0.8,0.5,132,0,1.645056,52,118.4250,1.2307,uW/uW,0.675,125,SS,saed05rvt_base_ss0p675v125c
adder_12bit,450,0.5,0.3,132,0,1.645056,52,74.8414,1.1874,uW/uW,0.675,125,SS,saed05rvt_base_ss0p675v125c
adder_12bit,450,0.5,0.7,132,0,1.645056,52,76.4910,1.2961,uW/uW,0.675,125,SS,saed05rvt_base_ss0p675v125c
adder_12bit,600,0.1,0.5,132,0,1.645056,52,18.0039,1.2297,uW/uW,0.675,125,SS,saed05rvt_base_ss0p675v125c
adder_12bit,600,0.5,0.5,132,0,1.645056,52,76.3885,1.2308,uW/uW,0.675,125,SS,saed05rvt_base_ss0p675v125c
adder_12bit,600,0.3,0.5,132,0,1.645056,52,47.2990,1.2314,uW/uW,0.675,125,SS,saed05rvt_base_ss0p675v125c
adder_12bit,600,0.8,0.5,132,0,1.645056,52,119.6120,1.2308,uW/uW,0.675,125,SS,saed05rvt_base_ss0p675v125c
adder_12bit,600,0.5,0.3,132,0,1.645056,52,75.5065,1.1877,uW/uW,0.675,125,SS,saed05rvt_base_ss0p675v125c
adder_12bit,600,0.5,0.7,132,0,1.645056,52,77.1976,1.2961,uW/uW,0.675,125,SS,saed05rvt_base_ss0p675v125c
adder_12bit,750,0.1,0.5,132,0,1.645056,52,18.1360,1.2309,uW/uW,0.675,125,SS,saed05rvt_base_ss0p675v125c
adder_12bit,750,0.5,0.5,132,0,1.645056,52,76.8080,1.2308,uW/uW,0.675,125,SS,saed05rvt_base_ss0p675v125c
adder_12bit,750,0.3,0.5,132,0,1.645056,52,47.5627,1.2304,uW/uW,0.675,125,SS,saed05rvt_base_ss0p675v125c
adder_12bit,750,0.8,0.5,132,0,1.645056,52,120.3520,1.2300,uW/uW,0.675,125,SS,saed05rvt_base_ss0p675v125c
adder_12bit,750,0.5,0.3,132,0,1.645056,52,75.9108,1.1878,uW/uW,0.675,125,SS,saed05rvt_base_ss0p675v125c
adder_12bit,750,0.5,0.7,132,0,1.645056,52,77.6346,1.2950,uW/uW,0.675,125,SS,saed05rvt_base_ss0p675v125c
adder_12bit,900,0.1,0.5,132,0,1.645056,52,18.2388,1.2303,uW/uW,0.675,125,SS,saed05rvt_base_ss0p675v125c
adder_12bit,900,0.5,0.5,132,0,1.645056,52,77.1181,1.2306,uW/uW,0.675,125,SS,saed05rvt_base_ss0p675v125c
adder_12bit,900,0.3,0.5,132,0,1.645056,52,47.7515,1.2307,uW/uW,0.675,125,SS,saed05rvt_base_ss0p675v125c
adder_12bit,900,0.8,0.5,132,0,1.645056,52,120.8689,1.2308,uW/uW,0.675,125,SS,saed05rvt_base_ss0p675v125c
adder_12bit,900,0.5,0.3,132,0,1.645056,52,76.2047,1.1877,uW/uW,0.675,125,SS,saed05rvt_base_ss0p675v125c
adder_12bit,900,0.5,0.7,132,0,1.645056,52,77.9562,1.2959,uW/uW,0.675,125,SS,saed05rvt_base_ss0p675v125c
adder_12bit,1000,0.1,0.5,132,0,1.645056,52,18.3449,1.2305,uW/uW,0.675,125,SS,saed05rvt_base_ss0p675v125c
adder_12bit,1000,0.5,0.5,132,0,1.645056,52,77.3236,1.2303,uW/uW,0.675,125,SS,saed05rvt_base_ss0p675v125c
adder_12bit,1000,0.3,0.5,132,0,1.645056,52,47.9108,1.2297,uW/uW,0.675,125,SS,saed05rvt_base_ss0p675v125c
adder_12bit,1000,0.8,0.5,132,0,1.645056,52,121.1910,1.2301,uW/uW,0.675,125,SS,saed05rvt_base_ss0p675v125c
adder_12bit,1000,0.5,0.3,132,0,1.645056,52,76.4101,1.1870,uW/uW,0.675,125,SS,saed05rvt_base_ss0p675v125c
adder_12bit,1000,0.5,0.7,132,0,1.645056,52,78.1788,1.2950,uW/uW,0.675,125,SS,saed05rvt_base_ss0p675v125c
adder_12bit,10,0.1,0.5,132,0,1.645056,52,12.5372,10.6063,uW/nW,0.675,25,SS,saed05rvt_base_ss0p675v25c
adder_12bit,10,0.5,0.5,132,0,1.645056,52,60.9674,10.6063,uW/nW,0.675,25,SS,saed05rvt_base_ss0p675v25c
adder_12bit,10,0.3,0.5,132,0,1.645056,52,36.7527,10.6063,uW/nW,0.675,25,SS,saed05rvt_base_ss0p675v25c
adder_12bit,10,0.8,0.5,132,0,1.645056,52,97.2892,10.6063,uW/nW,0.675,25,SS,saed05rvt_base_ss0p675v25c
adder_12bit,10,0.5,0.3,132,0,1.645056,52,60.9080,10.2033,uW/nW,0.675,25,SS,saed05rvt_base_ss0p675v25c
adder_12bit,10,0.5,0.7,132,0,1.645056,52,60.8931,12.4166,uW/nW,0.675,25,SS,saed05rvt_base_ss0p675v25c
adder_12bit,50,0.1,0.5,132,0,1.645056,52,14.2380,10.6063,uW/nW,0.675,25,SS,saed05rvt_base_ss0p675v25c
adder_12bit,50,0.5,0.5,132,0,1.645056,52,62.6858,10.6063,uW/nW,0.675,25,SS,saed05rvt_base_ss0p675v25c
adder_12bit,50,0.3,0.5,132,0,1.645056,52,38.4667,10.6063,uW/nW,0.675,25,SS,saed05rvt_base_ss0p675v25c
adder_12bit,50,0.8,0.5,132,0,1.645056,52,99.0106,10.6063,uW/nW,0.675,25,SS,saed05rvt_base_ss0p675v25c
adder_12bit,50,0.5,0.3,132,0,1.645056,52,62.3624,10.2033,uW/nW,0.675,25,SS,saed05rvt_base_ss0p675v25c
adder_12bit,50,0.5,0.7,132,0,1.645056,52,62.3462,12.4166,uW/nW,0.675,25,SS,saed05rvt_base_ss0p675v25c
adder_12bit,100,0.1,0.5,132,0,1.645056,52,14.4908,12.1252,uW/nW,0.675,25,SS,saed05rvt_base_ss0p675v25c
adder_12bit,100,0.5,0.5,132,0,1.645056,52,63.4628,11.5993,uW/nW,0.675,25,SS,saed05rvt_base_ss0p675v25c
adder_12bit,100,0.3,0.5,132,0,1.645056,52,39.2508,11.5993,uW/nW,0.675,25,SS,saed05rvt_base_ss0p675v25c
adder_12bit,100,0.8,0.5,132,0,1.645056,52,99.7831,11.5993,uW/nW,0.675,25,SS,saed05rvt_base_ss0p675v25c
adder_12bit,100,0.5,0.3,132,0,1.645056,52,63.4595,10.5465,uW/nW,0.675,25,SS,saed05rvt_base_ss0p675v25c
adder_12bit,100,0.5,0.7,132,0,1.645056,52,63.4487,12.7573,uW/nW,0.675,25,SS,saed05rvt_base_ss0p675v25c
adder_12bit,200,0.1,0.5,132,0,1.645056,52,15.3547,12.1267,uW/nW,0.675,25,SS,saed05rvt_base_ss0p675v25c
adder_12bit,200,0.5,0.5,132,0,1.645056,52,66.0969,11.6056,uW/nW,0.675,25,SS,saed05rvt_base_ss0p675v25c
adder_12bit,200,0.3,0.5,132,0,1.645056,52,40.8816,12.1266,uW/nW,0.675,25,SS,saed05rvt_base_ss0p675v25c
adder_12bit,200,0.8,0.5,132,0,1.645056,52,102.4139,11.6056,uW/nW,0.675,25,SS,saed05rvt_base_ss0p675v25c
adder_12bit,200,0.5,0.3,132,0,1.645056,52,66.0703,10.5505,uW/nW,0.675,25,SS,saed05rvt_base_ss0p675v25c
adder_12bit,200,0.5,0.7,132,0,1.645056,52,66.0725,12.7671,uW/nW,0.675,25,SS,saed05rvt_base_ss0p675v25c
adder_12bit,300,0.1,0.5,132,0,1.645056,52,15.7956,12.1276,uW/nW,0.675,25,SS,saed05rvt_base_ss0p675v25c
adder_12bit,300,0.5,0.5,132,0,1.645056,52,67.3086,12.1222,uW/nW,0.675,25,SS,saed05rvt_base_ss0p675v25c
adder_12bit,300,0.3,0.5,132,0,1.645056,52,41.7372,12.1220,uW/nW,0.675,25,SS,saed05rvt_base_ss0p675v25c
adder_12bit,300,0.8,0.5,132,0,1.645056,52,104.9854,11.6003,uW/nW,0.675,25,SS,saed05rvt_base_ss0p675v25c
adder_12bit,300,0.5,0.3,132,0,1.645056,52,66.5051,11.5805,uW/nW,0.675,25,SS,saed05rvt_base_ss0p675v25c
adder_12bit,300,0.5,0.7,132,0,1.645056,52,67.4044,12.7853,uW/nW,0.675,25,SS,saed05rvt_base_ss0p675v25c
adder_12bit,450,0.1,0.5,132,0,1.645056,52,16.1654,12.1264,uW/nW,0.675,25,SS,saed05rvt_base_ss0p675v25c
adder_12bit,450,0.5,0.5,132,0,1.645056,52,68.4666,12.1211,uW/nW,0.675,25,SS,saed05rvt_base_ss0p675v25c
adder_12bit,450,0.3,0.5,132,0,1.645056,52,42.4456,12.1280,uW/nW,0.675,25,SS,saed05rvt_base_ss0p675v25c
adder_12bit,450,0.8,0.5,132,0,1.645056,52,106.9622,12.1276,uW/nW,0.675,25,SS,saed05rvt_base_ss0p675v25c
adder_12bit,450,0.5,0.3,132,0,1.645056,52,67.6219,11.8734,uW/nW,0.675,25,SS,saed05rvt_base_ss0p675v25c
adder_12bit,450,0.5,0.7,132,0,1.645056,52,69.2288,12.5219,uW/nW,0.675,25,SS,saed05rvt_base_ss0p675v25c
adder_12bit,600,0.1,0.5,132,0,1.645056,52,16.4033,12.1135,uW/nW,0.675,25,SS,saed05rvt_base_ss0p675v25c
adder_12bit,600,0.5,0.5,132,0,1.645056,52,69.1330,12.1263,uW/nW,0.675,25,SS,saed05rvt_base_ss0p675v25c
adder_12bit,600,0.3,0.5,132,0,1.645056,52,42.8678,12.1331,uW/nW,0.675,25,SS,saed05rvt_base_ss0p675v25c
adder_12bit,600,0.8,0.5,132,0,1.645056,52,108.1325,12.1279,uW/nW,0.675,25,SS,saed05rvt_base_ss0p675v25c
adder_12bit,600,0.5,0.3,132,0,1.645056,52,68.2757,11.8791,uW/nW,0.675,25,SS,saed05rvt_base_ss0p675v25c
adder_12bit,600,0.5,0.7,132,0,1.645056,52,69.9223,12.5249,uW/nW,0.675,25,SS,saed05rvt_base_ss0p675v25c
adder_12bit,750,0.1,0.5,132,0,1.645056,52,16.5277,12.1236,uW/nW,0.675,25,SS,saed05rvt_base_ss0p675v25c
adder_12bit,750,0.5,0.5,132,0,1.645056,52,69.5391,12.1252,uW/nW,0.675,25,SS,saed05rvt_base_ss0p675v25c
adder_12bit,750,0.3,0.5,132,0,1.645056,52,43.1242,12.1163,uW/nW,0.675,25,SS,saed05rvt_base_ss0p675v25c
adder_12bit,750,0.8,0.5,132,0,1.645056,52,108.8486,12.1183,uW/nW,0.675,25,SS,saed05rvt_base_ss0p675v25c
adder_12bit,750,0.5,0.3,132,0,1.645056,52,68.6676,11.8724,uW/nW,0.675,25,SS,saed05rvt_base_ss0p675v25c
adder_12bit,750,0.5,0.7,132,0,1.645056,52,70.3494,12.5136,uW/nW,0.675,25,SS,saed05rvt_base_ss0p675v25c
adder_12bit,900,0.1,0.5,132,0,1.645056,52,16.6404,12.1198,uW/nW,0.675,25,SS,saed05rvt_base_ss0p675v25c
adder_12bit,900,0.5,0.5,132,0,1.645056,52,69.8594,12.1211,uW/nW,0.675,25,SS,saed05rvt_base_ss0p675v25c
adder_12bit,900,0.3,0.5,132,0,1.645056,52,43.3211,12.1208,uW/nW,0.675,25,SS,saed05rvt_base_ss0p675v25c
adder_12bit,900,0.8,0.5,132,0,1.645056,52,109.3743,12.1259,uW/nW,0.675,25,SS,saed05rvt_base_ss0p675v25c
adder_12bit,900,0.5,0.3,132,0,1.645056,52,68.9692,11.8777,uW/nW,0.675,25,SS,saed05rvt_base_ss0p675v25c
adder_12bit,900,0.5,0.7,132,0,1.645056,52,70.6747,12.5218,uW/nW,0.675,25,SS,saed05rvt_base_ss0p675v25c
adder_12bit,1000,0.1,0.5,132,0,1.645056,52,16.6773,12.1224,uW/nW,0.675,25,SS,saed05rvt_base_ss0p675v25c
adder_12bit,1000,0.5,0.5,132,0,1.645056,52,70.0121,12.1259,uW/nW,0.675,25,SS,saed05rvt_base_ss0p675v25c
adder_12bit,1000,0.3,0.5,132,0,1.645056,52,43.4226,12.1213,uW/nW,0.675,25,SS,saed05rvt_base_ss0p675v25c
adder_12bit,1000,0.8,0.5,132,0,1.645056,52,109.6513,12.1216,uW/nW,0.675,25,SS,saed05rvt_base_ss0p675v25c
adder_12bit,1000,0.5,0.3,132,0,1.645056,52,69.1314,11.8688,uW/nW,0.675,25,SS,saed05rvt_base_ss0p675v25c
adder_12bit,1000,0.5,0.7,132,0,1.645056,52,70.8390,12.5191,uW/nW,0.675,25,SS,saed05rvt_base_ss0p675v25c
comparator_12bit,10,0.1,0.5,94,0,1.205568,40,664.2847,4.5574,nW/nW,0.60,25,TT,saed05rvt_base_tt0p60v25c
comparator_12bit,10,0.5,0.5,94,0,1.205568,40,2.0123,4.5574,uW/nW,0.60,25,TT,saed05rvt_base_tt0p60v25c
comparator_12bit,10,0.3,0.5,94,0,1.205568,40,1.3383,4.5574,uW/nW,0.60,25,TT,saed05rvt_base_tt0p60v25c
comparator_12bit,10,0.8,0.5,94,0,1.205568,40,3.0233,4.5574,uW/nW,0.60,25,TT,saed05rvt_base_tt0p60v25c
comparator_12bit,10,0.5,0.3,94,0,1.205568,40,1.8956,5.5317,uW/nW,0.60,25,TT,saed05rvt_base_tt0p60v25c
comparator_12bit,10,0.5,0.7,94,0,1.205568,40,1.8809,5.5150,uW/nW,0.60,25,TT,saed05rvt_base_tt0p60v25c
comparator_12bit,50,0.1,0.5,94,0,1.205568,40,1.9734,4.5574,uW/nW,0.60,25,TT,saed05rvt_base_tt0p60v25c
comparator_12bit,50,0.5,0.5,94,0,1.205568,40,3.3214,4.5574,uW/nW,0.60,25,TT,saed05rvt_base_tt0p60v25c
comparator_12bit,50,0.3,0.5,94,0,1.205568,40,2.6474,4.5574,uW/nW,0.60,25,TT,saed05rvt_base_tt0p60v25c
comparator_12bit,50,0.8,0.5,94,0,1.205568,40,4.3324,4.5574,uW/nW,0.60,25,TT,saed05rvt_base_tt0p60v25c
comparator_12bit,50,0.5,0.3,94,0,1.205568,40,2.6972,5.5317,uW/nW,0.60,25,TT,saed05rvt_base_tt0p60v25c
comparator_12bit,50,0.5,0.7,94,0,1.205568,40,2.6818,5.5150,uW/nW,0.60,25,TT,saed05rvt_base_tt0p60v25c
comparator_12bit,100,0.1,0.5,94,0,1.205568,40,1.8744,5.4619,uW/nW,0.60,25,TT,saed05rvt_base_tt0p60v25c
comparator_12bit,100,0.5,0.5,94,0,1.205568,40,4.5345,4.7552,uW/nW,0.60,25,TT,saed05rvt_base_tt0p60v25c
comparator_12bit,100,0.3,0.5,94,0,1.205568,40,3.8605,4.7552,uW/nW,0.60,25,TT,saed05rvt_base_tt0p60v25c
comparator_12bit,100,0.8,0.5,94,0,1.205568,40,5.5456,4.7552,uW/nW,0.60,25,TT,saed05rvt_base_tt0p60v25c
comparator_12bit,100,0.5,0.3,94,0,1.205568,40,3.0006,5.8471,uW/nW,0.60,25,TT,saed05rvt_base_tt0p60v25c
comparator_12bit,100,0.5,0.7,94,0,1.205568,40,2.9864,5.8304,uW/nW,0.60,25,TT,saed05rvt_base_tt0p60v25c
comparator_12bit,200,0.1,0.5,94,0,1.205568,40,2.2487,5.4597,uW/nW,0.60,25,TT,saed05rvt_base_tt0p60v25c
comparator_12bit,200,0.5,0.5,94,0,1.205568,40,7.1998,4.7529,uW/nW,0.60,25,TT,saed05rvt_base_tt0p60v25c
comparator_12bit,200,0.3,0.5,94,0,1.205568,40,4.3649,5.4636,uW/nW,0.60,25,TT,saed05rvt_base_tt0p60v25c
comparator_12bit,200,0.8,0.5,94,0,1.205568,40,8.2108,4.7529,uW/nW,0.60,25,TT,saed05rvt_base_tt0p60v25c
comparator_12bit,200,0.5,0.3,94,0,1.205568,40,3.9579,5.8419,uW/nW,0.60,25,TT,saed05rvt_base_tt0p60v25c
comparator_12bit,200,0.5,0.7,94,0,1.205568,40,3.9450,5.8252,uW/nW,0.60,25,TT,saed05rvt_base_tt0p60v25c
comparator_12bit,300,0.1,0.5,94,0,1.205568,40,2.4204,5.4625,uW/nW,0.60,25,TT,saed05rvt_base_tt0p60v25c
comparator_12bit,300,0.5,0.5,94,0,1.205568,40,6.7349,5.4641,uW/nW,0.60,25,TT,saed05rvt_base_tt0p60v25c
comparator_12bit,300,0.3,0.5,94,0,1.205568,40,5.0939,5.4643,uW/nW,0.60,25,TT,saed05rvt_base_tt0p60v25c
comparator_12bit,300,0.8,0.5,94,0,1.205568,40,10.8490,4.7535,uW/nW,0.60,25,TT,saed05rvt_base_tt0p60v25c
comparator_12bit,300,0.5,0.3,94,0,1.205568,40,6.6506,5.4915,uW/nW,0.60,25,TT,saed05rvt_base_tt0p60v25c
comparator_12bit,300,0.5,0.7,94,0,1.205568,40,6.6292,5.4829,uW/nW,0.60,25,TT,saed05rvt_base_tt0p60v25c
comparator_12bit,450,0.1,0.5,94,0,1.205568,40,2.5506,5.4587,uW/nW,0.60,25,TT,saed05rvt_base_tt0p60v25c
comparator_12bit,450,0.5,0.5,94,0,1.205568,40,7.9603,5.4679,uW/nW,0.60,25,TT,saed05rvt_base_tt0p60v25c
comparator_12bit,450,0.3,0.5,94,0,1.205568,40,5.7078,5.4639,uW/nW,0.60,25,TT,saed05rvt_base_tt0p60v25c
comparator_12bit,450,0.8,0.5,94,0,1.205568,40,10.2461,5.4655,uW/nW,0.60,25,TT,saed05rvt_base_tt0p60v25c
comparator_12bit,450,0.5,0.3,94,0,1.205568,40,8.2750,5.5713,uW/nW,0.60,25,TT,saed05rvt_base_tt0p60v25c
comparator_12bit,450,0.5,0.7,94,0,1.205568,40,8.2505,5.5651,uW/nW,0.60,25,TT,saed05rvt_base_tt0p60v25c
comparator_12bit,600,0.1,0.5,94,0,1.205568,40,2.6354,5.4591,uW/nW,0.60,25,TT,saed05rvt_base_tt0p60v25c
comparator_12bit,600,0.5,0.5,94,0,1.205568,40,8.7268,5.4629,uW/nW,0.60,25,TT,saed05rvt_base_tt0p60v25c
comparator_12bit,600,0.3,0.5,94,0,1.205568,40,6.0624,5.4675,uW/nW,0.60,25,TT,saed05rvt_base_tt0p60v25c
comparator_12bit,600,0.8,0.5,94,0,1.205568,40,11.7055,5.4661,uW/nW,0.60,25,TT,saed05rvt_base_tt0p60v25c
comparator_12bit,600,0.5,0.3,94,0,1.205568,40,9.0822,5.5739,uW/nW,0.60,25,TT,saed05rvt_base_tt0p60v25c
comparator_12bit,600,0.5,0.7,94,0,1.205568,40,9.0437,5.5678,uW/nW,0.60,25,TT,saed05rvt_base_tt0p60v25c
comparator_12bit,750,0.1,0.5,94,0,1.205568,40,2.6795,5.4565,uW/nW,0.60,25,TT,saed05rvt_base_tt0p60v25c
comparator_12bit,750,0.5,0.5,94,0,1.205568,40,9.2463,5.4654,uW/nW,0.60,25,TT,saed05rvt_base_tt0p60v25c
comparator_12bit,750,0.3,0.5,94,0,1.205568,40,6.3198,5.4681,uW/nW,0.60,25,TT,saed05rvt_base_tt0p60v25c
comparator_12bit,750,0.8,0.5,94,0,1.205568,40,12.7308,5.4663,uW/nW,0.60,25,TT,saed05rvt_base_tt0p60v25c
comparator_12bit,750,0.5,0.3,94,0,1.205568,40,9.6560,5.5726,uW/nW,0.60,25,TT,saed05rvt_base_tt0p60v25c
comparator_12bit,750,0.5,0.7,94,0,1.205568,40,9.6211,5.5697,uW/nW,0.60,25,TT,saed05rvt_base_tt0p60v25c
comparator_12bit,900,0.1,0.5,94,0,1.205568,40,2.7040,5.4579,uW/nW,0.60,25,TT,saed05rvt_base_tt0p60v25c
comparator_12bit,900,0.5,0.5,94,0,1.205568,40,9.6170,5.4687,uW/nW,0.60,25,TT,saed05rvt_base_tt0p60v25c
comparator_12bit,900,0.3,0.5,94,0,1.205568,40,6.4927,5.4674,uW/nW,0.60,25,TT,saed05rvt_base_tt0p60v25c
comparator_12bit,900,0.8,0.5,94,0,1.205568,40,13.4935,5.4681,uW/nW,0.60,25,TT,saed05rvt_base_tt0p60v25c
comparator_12bit,900,0.5,0.3,94,0,1.205568,40,10.0538,5.5765,uW/nW,0.60,25,TT,saed05rvt_base_tt0p60v25c
comparator_12bit,900,0.5,0.7,94,0,1.205568,40,10.0360,5.5728,uW/nW,0.60,25,TT,saed05rvt_base_tt0p60v25c
comparator_12bit,1000,0.1,0.5,94,0,1.205568,40,2.7247,5.4624,uW/nW,0.60,25,TT,saed05rvt_base_tt0p60v25c
comparator_12bit,1000,0.5,0.5,94,0,1.205568,40,9.8153,5.4690,uW/nW,0.60,25,TT,saed05rvt_base_tt0p60v25c
comparator_12bit,1000,0.3,0.5,94,0,1.205568,40,6.6102,5.4681,uW/nW,0.60,25,TT,saed05rvt_base_tt0p60v25c
comparator_12bit,1000,0.8,0.5,94,0,1.205568,40,13.8629,5.4687,uW/nW,0.60,25,TT,saed05rvt_base_tt0p60v25c
comparator_12bit,1000,0.5,0.3,94,0,1.205568,40,10.2801,5.5737,uW/nW,0.60,25,TT,saed05rvt_base_tt0p60v25c
comparator_12bit,1000,0.5,0.7,94,0,1.205568,40,10.2619,5.5683,uW/nW,0.60,25,TT,saed05rvt_base_tt0p60v25c
comparator_12bit,10,0.1,0.5,94,0,1.112832,32,640.8456,478.8205,nW/nW,0.60,125,TT,saed05rvt_base_tt0p60v125c
comparator_12bit,10,0.5,0.5,94,0,1.112832,32,1.8897,479.8105,uW/nW,0.60,125,TT,saed05rvt_base_tt0p60v125c
comparator_12bit,10,0.3,0.5,94,0,1.112832,32,1.2516,479.8105,uW/nW,0.60,125,TT,saed05rvt_base_tt0p60v125c
comparator_12bit,10,0.8,0.5,94,0,1.112832,32,2.8469,479.8105,uW/nW,0.60,125,TT,saed05rvt_base_tt0p60v125c
comparator_12bit,10,0.5,0.3,94,0,1.112832,32,1.7975,564.7114,uW/nW,0.60,125,TT,saed05rvt_base_tt0p60v125c
comparator_12bit,10,0.5,0.7,94,0,1.112832,32,1.8079,574.4207,uW/nW,0.60,125,TT,saed05rvt_base_tt0p60v125c
comparator_12bit,50,0.1,0.5,94,0,1.112832,32,1.9271,478.8205,uW/nW,0.60,125,TT,saed05rvt_base_tt0p60v125c
comparator_12bit,50,0.5,0.5,94,0,1.112832,32,3.0676,479.8105,uW/nW,0.60,125,TT,saed05rvt_base_tt0p60v125c
comparator_12bit,50,0.3,0.5,94,0,1.112832,32,2.4293,479.8105,uW/nW,0.60,125,TT,saed05rvt_base_tt0p60v125c
comparator_12bit,50,0.8,0.5,94,0,1.112832,32,4.0248,479.8105,uW/nW,0.60,125,TT,saed05rvt_base_tt0p60v125c
comparator_12bit,50,0.5,0.3,94,0,1.112832,32,2.6284,564.7114,uW/nW,0.60,125,TT,saed05rvt_base_tt0p60v125c
comparator_12bit,50,0.5,0.7,94,0,1.112832,32,2.6444,574.4207,uW/nW,0.60,125,TT,saed05rvt_base_tt0p60v125c
comparator_12bit,100,0.1,0.5,94,0,1.112832,32,1.7644,577.6843,uW/nW,0.60,125,TT,saed05rvt_base_tt0p60v125c
comparator_12bit,100,0.5,0.5,94,0,1.112832,32,4.1212,504.4052,uW/nW,0.60,125,TT,saed05rvt_base_tt0p60v125c
comparator_12bit,100,0.3,0.5,94,0,1.112832,32,3.4824,504.4052,uW/nW,0.60,125,TT,saed05rvt_base_tt0p60v125c
comparator_12bit,100,0.8,0.5,94,0,1.112832,32,5.0787,504.4052,uW/nW,0.60,125,TT,saed05rvt_base_tt0p60v125c
comparator_12bit,100,0.5,0.3,94,0,1.112832,32,2.9503,598.6708,uW/nW,0.60,125,TT,saed05rvt_base_tt0p60v125c
comparator_12bit,100,0.5,0.7,94,0,1.112832,32,2.9691,608.3801,uW/nW,0.60,125,TT,saed05rvt_base_tt0p60v125c
comparator_12bit,200,0.1,0.5,94,0,1.112832,32,2.1171,577.3475,uW/nW,0.60,125,TT,saed05rvt_base_tt0p60v125c
comparator_12bit,200,0.5,0.5,94,0,1.112832,32,6.3539,504.3889,uW/nW,0.60,125,TT,saed05rvt_base_tt0p60v125c
comparator_12bit,200,0.3,0.5,94,0,1.112832,32,3.7834,579.5275,uW/nW,0.60,125,TT,saed05rvt_base_tt0p60v125c
comparator_12bit,200,0.8,0.5,94,0,1.112832,32,7.3125,504.3889,uW/nW,0.60,125,TT,saed05rvt_base_tt0p60v125c
comparator_12bit,200,0.5,0.3,94,0,1.112832,32,3.7750,598.7803,uW/nW,0.60,125,TT,saed05rvt_base_tt0p60v125c
comparator_12bit,200,0.5,0.7,94,0,1.112832,32,3.8016,608.4896,uW/nW,0.60,125,TT,saed05rvt_base_tt0p60v125c
comparator_12bit,300,0.1,0.5,94,0,1.112832,32,2.2643,577.6835,uW/nW,0.60,125,TT,saed05rvt_base_tt0p60v125c
comparator_12bit,300,0.5,0.5,94,0,1.112832,32,5.6862,579.1939,uW/nW,0.60,125,TT,saed05rvt_base_tt0p60v125c
comparator_12bit,300,0.3,0.5,94,0,1.112832,32,4.3447,579.1554,uW/nW,0.60,125,TT,saed05rvt_base_tt0p60v125c
comparator_12bit,300,0.8,0.5,94,0,1.112832,32,9.4997,504.2678,uW/nW,0.60,125,TT,saed05rvt_base_tt0p60v125c
comparator_12bit,300,0.5,0.3,94,0,1.112832,32,5.5943,575.5163,uW/nW,0.60,125,TT,saed05rvt_base_tt0p60v125c
comparator_12bit,300,0.5,0.7,94,0,1.112832,32,5.6417,585.2017,uW/nW,0.60,125,TT,saed05rvt_base_tt0p60v125c
comparator_12bit,450,0.1,0.5,94,0,1.112832,32,2.3863,577.3832,uW/nW,0.60,125,TT,saed05rvt_base_tt0p60v125c
comparator_12bit,450,0.5,0.5,94,0,1.112832,32,6.6256,579.1889,uW/nW,0.60,125,TT,saed05rvt_base_tt0p60v125c
comparator_12bit,450,0.3,0.5,94,0,1.112832,32,4.8193,579.1516,uW/nW,0.60,125,TT,saed05rvt_base_tt0p60v125c
comparator_12bit,450,0.8,0.5,94,0,1.112832,32,8.5050,579.0687,uW/nW,0.60,125,TT,saed05rvt_base_tt0p60v125c
comparator_12bit,450,0.5,0.3,94,0,1.112832,32,6.7751,582.4245,uW/nW,0.60,125,TT,saed05rvt_base_tt0p60v125c
comparator_12bit,450,0.5,0.7,94,0,1.112832,32,6.8275,592.0732,uW/nW,0.60,125,TT,saed05rvt_base_tt0p60v125c
comparator_12bit,600,0.1,0.5,94,0,1.112832,32,2.4522,577.2208,uW/nW,0.60,125,TT,saed05rvt_base_tt0p60v125c
comparator_12bit,600,0.5,0.5,94,0,1.112832,32,7.1685,579.4788,uW/nW,0.60,125,TT,saed05rvt_base_tt0p60v125c
comparator_12bit,600,0.3,0.5,94,0,1.112832,32,5.0735,578.9702,uW/nW,0.60,125,TT,saed05rvt_base_tt0p60v125c
comparator_12bit,600,0.8,0.5,94,0,1.112832,32,9.5657,579.5689,uW/nW,0.60,125,TT,saed05rvt_base_tt0p60v125c
comparator_12bit,600,0.5,0.3,94,0,1.112832,32,7.3517,582.5555,uW/nW,0.60,125,TT,saed05rvt_base_tt0p60v125c
comparator_12bit,600,0.5,0.7,94,0,1.112832,32,7.4107,592.1644,uW/nW,0.60,125,TT,saed05rvt_base_tt0p60v125c
comparator_12bit,750,0.1,0.5,94,0,1.112832,32,2.4959,577.4178,uW/nW,0.60,125,TT,saed05rvt_base_tt0p60v125c
comparator_12bit,750,0.5,0.5,94,0,1.112832,32,7.5489,578.8362,uW/nW,0.60,125,TT,saed05rvt_base_tt0p60v125c
comparator_12bit,750,0.3,0.5,94,0,1.112832,32,5.2708,579.3258,uW/nW,0.60,125,TT,saed05rvt_base_tt0p60v125c
comparator_12bit,750,0.8,0.5,94,0,1.112832,32,10.3187,578.8918,uW/nW,0.60,125,TT,saed05rvt_base_tt0p60v125c
comparator_12bit,750,0.5,0.3,94,0,1.112832,32,7.7571,582.1448,uW/nW,0.60,125,TT,saed05rvt_base_tt0p60v125c
comparator_12bit,750,0.5,0.7,94,0,1.112832,32,7.8112,591.8111,uW/nW,0.60,125,TT,saed05rvt_base_tt0p60v125c
comparator_12bit,900,0.1,0.5,94,0,1.112832,32,2.5156,577.3942,uW/nW,0.60,125,TT,saed05rvt_base_tt0p60v125c
comparator_12bit,900,0.5,0.5,94,0,1.112832,32,7.8324,579.3785,uW/nW,0.60,125,TT,saed05rvt_base_tt0p60v125c
comparator_12bit,900,0.3,0.5,94,0,1.112832,32,5.4024,578.9570,uW/nW,0.60,125,TT,saed05rvt_base_tt0p60v125c
comparator_12bit,900,0.8,0.5,94,0,1.112832,32,10.8796,579.2920,uW/nW,0.60,125,TT,saed05rvt_base_tt0p60v125c
comparator_12bit,900,0.5,0.3,94,0,1.112832,32,8.0516,582.4654,uW/nW,0.60,125,TT,saed05rvt_base_tt0p60v125c
comparator_12bit,900,0.5,0.7,94,0,1.112832,32,8.1263,592.2237,uW/nW,0.60,125,TT,saed05rvt_base_tt0p60v125c
comparator_12bit,1000,0.1,0.5,94,0,1.112832,32,2.5375,577.6277,uW/nW,0.60,125,TT,saed05rvt_base_tt0p60v125c
comparator_12bit,1000,0.5,0.5,94,0,1.112832,32,7.9759,579.0337,uW/nW,0.60,125,TT,saed05rvt_base_tt0p60v125c
comparator_12bit,1000,0.3,0.5,94,0,1.112832,32,5.4578,578.7846,uW/nW,0.60,125,TT,saed05rvt_base_tt0p60v125c
comparator_12bit,1000,0.8,0.5,94,0,1.112832,32,11.1931,579.2963,uW/nW,0.60,125,TT,saed05rvt_base_tt0p60v125c
comparator_12bit,1000,0.5,0.3,94,0,1.112832,32,8.2075,582.5034,uW/nW,0.60,125,TT,saed05rvt_base_tt0p60v125c
comparator_12bit,1000,0.5,0.7,94,0,1.112832,32,8.2744,592.3396,uW/nW,0.60,125,TT,saed05rvt_base_tt0p60v125c
comparator_12bit,10,0.1,0.5,94,0,1.165248,32,1.0198,1.3181,uW/uW,0.75,125,TT,saed05rvt_base_tt0p75v125c
comparator_12bit,10,0.5,0.5,94,0,1.165248,32,2.9352,1.3606,uW/uW,0.75,125,TT,saed05rvt_base_tt0p75v125c
comparator_12bit,10,0.3,0.5,94,0,1.165248,32,1.9343,1.3606,uW/uW,0.75,125,TT,saed05rvt_base_tt0p75v125c
comparator_12bit,10,0.8,0.5,94,0,1.165248,32,4.4367,1.3606,uW/uW,0.75,125,TT,saed05rvt_base_tt0p75v125c
comparator_12bit,10,0.5,0.3,94,0,1.165248,32,2.8203,1.6256,uW/uW,0.75,125,TT,saed05rvt_base_tt0p75v125c
comparator_12bit,10,0.5,0.7,94,0,1.165248,32,2.8138,1.6460,uW/uW,0.75,125,TT,saed05rvt_base_tt0p75v125c
comparator_12bit,50,0.1,0.5,94,0,1.165248,32,3.0972,1.3181,uW/uW,0.75,125,TT,saed05rvt_base_tt0p75v125c
comparator_12bit,50,0.5,0.5,94,0,1.165248,32,4.6668,1.3606,uW/uW,0.75,125,TT,saed05rvt_base_tt0p75v125c
comparator_12bit,50,0.3,0.5,94,0,1.165248,32,3.6658,1.3606,uW/uW,0.75,125,TT,saed05rvt_base_tt0p75v125c
comparator_12bit,50,0.8,0.5,94,0,1.165248,32,6.1682,1.3606,uW/uW,0.75,125,TT,saed05rvt_base_tt0p75v125c
comparator_12bit,50,0.5,0.3,94,0,1.165248,32,4.0794,1.6256,uW/uW,0.75,125,TT,saed05rvt_base_tt0p75v125c
comparator_12bit,50,0.5,0.7,94,0,1.165248,32,4.0809,1.6460,uW/uW,0.75,125,TT,saed05rvt_base_tt0p75v125c
comparator_12bit,100,0.1,0.5,94,0,1.165248,32,2.9741,1.5420,uW/uW,0.75,125,TT,saed05rvt_base_tt0p75v125c
comparator_12bit,100,0.5,0.5,94,0,1.165248,32,6.3434,1.3788,uW/uW,0.75,125,TT,saed05rvt_base_tt0p75v125c
comparator_12bit,100,0.3,0.5,94,0,1.165248,32,5.3424,1.3788,uW/uW,0.75,125,TT,saed05rvt_base_tt0p75v125c
comparator_12bit,100,0.8,0.5,94,0,1.165248,32,7.8448,1.3788,uW/uW,0.75,125,TT,saed05rvt_base_tt0p75v125c
comparator_12bit,100,0.5,0.3,94,0,1.165248,32,4.6313,1.6425,uW/uW,0.75,125,TT,saed05rvt_base_tt0p75v125c
comparator_12bit,100,0.5,0.7,94,0,1.165248,32,4.6359,1.6630,uW/uW,0.75,125,TT,saed05rvt_base_tt0p75v125c
comparator_12bit,200,0.1,0.5,94,0,1.165248,32,3.5815,1.5413,uW/uW,0.75,125,TT,saed05rvt_base_tt0p75v125c
comparator_12bit,200,0.5,0.5,94,0,1.165248,32,9.6391,1.3786,uW/uW,0.75,125,TT,saed05rvt_base_tt0p75v125c
comparator_12bit,200,0.3,0.5,94,0,1.165248,32,6.3389,1.5522,uW/uW,0.75,125,TT,saed05rvt_base_tt0p75v125c
comparator_12bit,200,0.8,0.5,94,0,1.165248,32,11.1405,1.3786,uW/uW,0.75,125,TT,saed05rvt_base_tt0p75v125c
comparator_12bit,200,0.5,0.3,94,0,1.165248,32,5.9082,1.6422,uW/uW,0.75,125,TT,saed05rvt_base_tt0p75v125c
comparator_12bit,200,0.5,0.7,94,0,1.165248,32,5.9223,1.6627,uW/uW,0.75,125,TT,saed05rvt_base_tt0p75v125c
comparator_12bit,300,0.1,0.5,94,0,1.165248,32,3.8506,1.5418,uW/uW,0.75,125,TT,saed05rvt_base_tt0p75v125c
comparator_12bit,300,0.5,0.5,94,0,1.165248,32,9.4737,1.5515,uW/uW,0.75,125,TT,saed05rvt_base_tt0p75v125c
comparator_12bit,300,0.3,0.5,94,0,1.165248,32,7.3475,1.5525,uW/uW,0.75,125,TT,saed05rvt_base_tt0p75v125c
comparator_12bit,300,0.8,0.5,94,0,1.165248,32,14.3387,1.3785,uW/uW,0.75,125,TT,saed05rvt_base_tt0p75v125c
comparator_12bit,300,0.5,0.3,94,0,1.165248,32,9.3334,1.5471,uW/uW,0.75,125,TT,saed05rvt_base_tt0p75v125c
comparator_12bit,300,0.5,0.7,94,0,1.165248,32,9.3682,1.5679,uW/uW,0.75,125,TT,saed05rvt_base_tt0p75v125c
comparator_12bit,450,0.1,0.5,94,0,1.165248,32,4.0559,1.5416,uW/uW,0.75,125,TT,saed05rvt_base_tt0p75v125c
comparator_12bit,450,0.5,0.5,94,0,1.165248,32,11.1235,1.5526,uW/uW,0.75,125,TT,saed05rvt_base_tt0p75v125c
comparator_12bit,450,0.3,0.5,94,0,1.165248,32,8.1535,1.5519,uW/uW,0.75,125,TT,saed05rvt_base_tt0p75v125c
comparator_12bit,450,0.8,0.5,94,0,1.165248,32,14.0026,1.5537,uW/uW,0.75,125,TT,saed05rvt_base_tt0p75v125c
comparator_12bit,450,0.5,0.3,94,0,1.165248,32,11.3626,1.5698,uW/uW,0.75,125,TT,saed05rvt_base_tt0p75v125c
comparator_12bit,450,0.5,0.7,94,0,1.165248,32,11.4152,1.5905,uW/uW,0.75,125,TT,saed05rvt_base_tt0p75v125c
comparator_12bit,600,0.1,0.5,94,0,1.165248,32,4.1747,1.5410,uW/uW,0.75,125,TT,saed05rvt_base_tt0p75v125c
comparator_12bit,600,0.5,0.5,94,0,1.165248,32,12.0934,1.5518,uW/uW,0.75,125,TT,saed05rvt_base_tt0p75v125c
comparator_12bit,600,0.3,0.5,94,0,1.165248,32,8.6260,1.5515,uW/uW,0.75,125,TT,saed05rvt_base_tt0p75v125c
comparator_12bit,600,0.8,0.5,94,0,1.165248,32,15.9974,1.5524,uW/uW,0.75,125,TT,saed05rvt_base_tt0p75v125c
comparator_12bit,600,0.5,0.3,94,0,1.165248,32,12.3732,1.5699,uW/uW,0.75,125,TT,saed05rvt_base_tt0p75v125c
comparator_12bit,600,0.5,0.7,94,0,1.165248,32,12.4292,1.5901,uW/uW,0.75,125,TT,saed05rvt_base_tt0p75v125c
comparator_12bit,750,0.1,0.5,94,0,1.165248,32,4.2353,1.5407,uW/uW,0.75,125,TT,saed05rvt_base_tt0p75v125c
comparator_12bit,750,0.5,0.5,94,0,1.165248,32,12.7261,1.5520,uW/uW,0.75,125,TT,saed05rvt_base_tt0p75v125c
comparator_12bit,750,0.3,0.5,94,0,1.165248,32,8.9364,1.5526,uW/uW,0.75,125,TT,saed05rvt_base_tt0p75v125c
comparator_12bit,750,0.8,0.5,94,0,1.165248,32,17.3034,1.5520,uW/uW,0.75,125,TT,saed05rvt_base_tt0p75v125c
comparator_12bit,750,0.5,0.3,94,0,1.165248,32,13.0593,1.5695,uW/uW,0.75,125,TT,saed05rvt_base_tt0p75v125c
comparator_12bit,750,0.5,0.7,94,0,1.165248,32,13.1041,1.5902,uW/uW,0.75,125,TT,saed05rvt_base_tt0p75v125c
comparator_12bit,900,0.1,0.5,94,0,1.165248,32,4.2856,1.5414,uW/uW,0.75,125,TT,saed05rvt_base_tt0p75v125c
comparator_12bit,900,0.5,0.5,94,0,1.165248,32,13.1813,1.5515,uW/uW,0.75,125,TT,saed05rvt_base_tt0p75v125c
comparator_12bit,900,0.3,0.5,94,0,1.165248,32,9.1205,1.5506,uW/uW,0.75,125,TT,saed05rvt_base_tt0p75v125c
comparator_12bit,900,0.8,0.5,94,0,1.165248,32,18.2569,1.5510,uW/uW,0.75,125,TT,saed05rvt_base_tt0p75v125c
comparator_12bit,900,0.5,0.3,94,0,1.165248,32,13.5175,1.5691,uW/uW,0.75,125,TT,saed05rvt_base_tt0p75v125c
comparator_12bit,900,0.5,0.7,94,0,1.165248,32,13.5696,1.5904,uW/uW,0.75,125,TT,saed05rvt_base_tt0p75v125c
comparator_12bit,1000,0.1,0.5,94,0,1.165248,32,4.3117,1.5434,uW/uW,0.75,125,TT,saed05rvt_base_tt0p75v125c
comparator_12bit,1000,0.5,0.5,94,0,1.165248,32,13.4329,1.5517,uW/uW,0.75,125,TT,saed05rvt_base_tt0p75v125c
comparator_12bit,1000,0.3,0.5,94,0,1.165248,32,9.2548,1.5523,uW/uW,0.75,125,TT,saed05rvt_base_tt0p75v125c
comparator_12bit,1000,0.8,0.5,94,0,1.165248,32,18.7401,1.5521,uW/uW,0.75,125,TT,saed05rvt_base_tt0p75v125c
comparator_12bit,1000,0.5,0.3,94,0,1.165248,32,13.7809,1.5698,uW/uW,0.75,125,TT,saed05rvt_base_tt0p75v125c
comparator_12bit,1000,0.5,0.7,94,0,1.165248,32,13.8177,1.5912,uW/uW,0.75,125,TT,saed05rvt_base_tt0p75v125c
comparator_12bit,10,0.1,0.5,94,0,1.165248,32,996.5753,15.0315,nW/nW,0.75,25,TT,saed05rvt_base_tt0p75v25c
comparator_12bit,10,0.5,0.5,94,0,1.165248,32,2.9016,15.3443,uW/nW,0.75,25,TT,saed05rvt_base_tt0p75v25c
comparator_12bit,10,0.3,0.5,94,0,1.165248,32,1.9082,15.3443,uW/nW,0.75,25,TT,saed05rvt_base_tt0p75v25c
comparator_12bit,10,0.8,0.5,94,0,1.165248,32,4.3917,15.3443,uW/nW,0.75,25,TT,saed05rvt_base_tt0p75v25c
comparator_12bit,10,0.5,0.3,94,0,1.165248,32,2.7933,18.5416,uW/nW,0.75,25,TT,saed05rvt_base_tt0p75v25c
comparator_12bit,10,0.5,0.7,94,0,1.165248,32,2.7770,18.2265,uW/nW,0.75,25,TT,saed05rvt_base_tt0p75v25c
comparator_12bit,50,0.1,0.5,94,0,1.165248,32,2.9960,15.0315,uW/nW,0.75,25,TT,saed05rvt_base_tt0p75v25c
comparator_12bit,50,0.5,0.5,94,0,1.165248,32,4.5738,15.3443,uW/nW,0.75,25,TT,saed05rvt_base_tt0p75v25c
comparator_12bit,50,0.3,0.5,94,0,1.165248,32,3.5803,15.3443,uW/nW,0.75,25,TT,saed05rvt_base_tt0p75v25c
comparator_12bit,50,0.8,0.5,94,0,1.165248,32,6.0639,15.3443,uW/nW,0.75,25,TT,saed05rvt_base_tt0p75v25c
comparator_12bit,50,0.5,0.3,94,0,1.165248,32,3.9986,18.5416,uW/nW,0.75,25,TT,saed05rvt_base_tt0p75v25c
comparator_12bit,50,0.5,0.7,94,0,1.165248,32,3.9906,18.2265,uW/nW,0.75,25,TT,saed05rvt_base_tt0p75v25c
comparator_12bit,100,0.1,0.5,94,0,1.165248,32,2.8737,17.5661,uW/nW,0.75,25,TT,saed05rvt_base_tt0p75v25c
comparator_12bit,100,0.5,0.5,94,0,1.165248,32,6.1973,15.7325,uW/nW,0.75,25,TT,saed05rvt_base_tt0p75v25c
comparator_12bit,100,0.3,0.5,94,0,1.165248,32,5.2039,15.7325,uW/nW,0.75,25,TT,saed05rvt_base_tt0p75v25c
comparator_12bit,100,0.8,0.5,94,0,1.165248,32,7.6875,15.7325,uW/nW,0.75,25,TT,saed05rvt_base_tt0p75v25c
comparator_12bit,100,0.5,0.3,94,0,1.165248,32,4.5311,18.9305,uW/nW,0.75,25,TT,saed05rvt_base_tt0p75v25c
comparator_12bit,100,0.5,0.7,94,0,1.165248,32,4.5261,18.6153,uW/nW,0.75,25,TT,saed05rvt_base_tt0p75v25c
comparator_12bit,200,0.1,0.5,94,0,1.165248,32,3.4548,17.5605,uW/nW,0.75,25,TT,saed05rvt_base_tt0p75v25c
comparator_12bit,200,0.5,0.5,94,0,1.165248,32,9.3940,15.7307,uW/nW,0.75,25,TT,saed05rvt_base_tt0p75v25c
comparator_12bit,200,0.3,0.5,94,0,1.165248,32,6.1531,17.6748,uW/nW,0.75,25,TT,saed05rvt_base_tt0p75v25c
comparator_12bit,200,0.8,0.5,94,0,1.165248,32,10.8841,15.7307,uW/nW,0.75,25,TT,saed05rvt_base_tt0p75v25c
comparator_12bit,200,0.5,0.3,94,0,1.165248,32,5.7655,18.9284,uW/nW,0.75,25,TT,saed05rvt_base_tt0p75v25c
comparator_12bit,200,0.5,0.7,94,0,1.165248,32,5.7703,18.6132,uW/nW,0.75,25,TT,saed05rvt_base_tt0p75v25c
comparator_12bit,300,0.1,0.5,94,0,1.165248,32,3.7120,17.5678,uW/nW,0.75,25,TT,saed05rvt_base_tt0p75v25c
comparator_12bit,300,0.5,0.5,94,0,1.165248,32,9.2114,17.6668,uW/nW,0.75,25,TT,saed05rvt_base_tt0p75v25c
comparator_12bit,300,0.3,0.5,94,0,1.165248,32,7.1260,17.6785,uW/nW,0.75,25,TT,saed05rvt_base_tt0p75v25c
comparator_12bit,300,0.8,0.5,94,0,1.165248,32,13.9889,15.7309,uW/nW,0.75,25,TT,saed05rvt_base_tt0p75v25c
comparator_12bit,300,0.5,0.3,94,0,1.165248,32,9.0794,17.8763,uW/nW,0.75,25,TT,saed05rvt_base_tt0p75v25c
comparator_12bit,300,0.5,0.7,94,0,1.165248,32,9.1038,17.5648,uW/nW,0.75,25,TT,saed05rvt_base_tt0p75v25c
comparator_12bit,450,0.1,0.5,94,0,1.165248,32,3.9077,17.5621,uW/nW,0.75,25,TT,saed05rvt_base_tt0p75v25c
comparator_12bit,450,0.5,0.5,94,0,1.165248,32,10.8055,17.6769,uW/nW,0.75,25,TT,saed05rvt_base_tt0p75v25c
comparator_12bit,450,0.3,0.5,94,0,1.165248,32,7.9015,17.6707,uW/nW,0.75,25,TT,saed05rvt_base_tt0p75v25c
comparator_12bit,450,0.8,0.5,94,0,1.165248,32,13.6317,17.6878,uW/nW,0.75,25,TT,saed05rvt_base_tt0p75v25c
comparator_12bit,450,0.5,0.3,94,0,1.165248,32,11.0386,18.1225,uW/nW,0.75,25,TT,saed05rvt_base_tt0p75v25c
comparator_12bit,450,0.5,0.7,94,0,1.165248,32,11.0796,17.8094,uW/nW,0.75,25,TT,saed05rvt_base_tt0p75v25c
comparator_12bit,600,0.1,0.5,94,0,1.165248,32,4.0211,17.5558,uW/nW,0.75,25,TT,saed05rvt_base_tt0p75v25c
comparator_12bit,600,0.5,0.5,94,0,1.165248,32,11.7409,17.6717,uW/nW,0.75,25,TT,saed05rvt_base_tt0p75v25c
comparator_12bit,600,0.3,0.5,94,0,1.165248,32,8.3553,17.6673,uW/nW,0.75,25,TT,saed05rvt_base_tt0p75v25c
comparator_12bit,600,0.8,0.5,94,0,1.165248,32,15.5620,17.6774,uW/nW,0.75,25,TT,saed05rvt_base_tt0p75v25c
comparator_12bit,600,0.5,0.3,94,0,1.165248,32,12.0091,18.1289,uW/nW,0.75,25,TT,saed05rvt_base_tt0p75v25c
comparator_12bit,600,0.5,0.7,94,0,1.165248,32,12.0582,17.8088,uW/nW,0.75,25,TT,saed05rvt_base_tt0p75v25c
comparator_12bit,750,0.1,0.5,94,0,1.165248,32,4.0793,17.5504,uW/nW,0.75,25,TT,saed05rvt_base_tt0p75v25c
comparator_12bit,750,0.5,0.5,94,0,1.165248,32,12.3500,17.6739,uW/nW,0.75,25,TT,saed05rvt_base_tt0p75v25c
comparator_12bit,750,0.3,0.5,94,0,1.165248,32,8.6530,17.6803,uW/nW,0.75,25,TT,saed05rvt_base_tt0p75v25c
comparator_12bit,750,0.8,0.5,94,0,1.165248,32,16.8238,17.6728,uW/nW,0.75,25,TT,saed05rvt_base_tt0p75v25c
comparator_12bit,750,0.5,0.3,94,0,1.165248,32,12.6700,18.1237,uW/nW,0.75,25,TT,saed05rvt_base_tt0p75v25c
comparator_12bit,750,0.5,0.7,94,0,1.165248,32,12.7107,17.8106,uW/nW,0.75,25,TT,saed05rvt_base_tt0p75v25c
comparator_12bit,900,0.1,0.5,94,0,1.165248,32,4.1271,17.5562,uW/nW,0.75,25,TT,saed05rvt_base_tt0p75v25c
comparator_12bit,900,0.5,0.5,94,0,1.165248,32,12.7886,17.6645,uW/nW,0.75,25,TT,saed05rvt_base_tt0p75v25c
comparator_12bit,900,0.3,0.5,94,0,1.165248,32,8.8303,17.6595,uW/nW,0.75,25,TT,saed05rvt_base_tt0p75v25c
comparator_12bit,900,0.8,0.5,94,0,1.165248,32,17.7449,17.6613,uW/nW,0.75,25,TT,saed05rvt_base_tt0p75v25c
comparator_12bit,900,0.5,0.3,94,0,1.165248,32,13.1179,18.1179,uW/nW,0.75,25,TT,saed05rvt_base_tt0p75v25c
comparator_12bit,900,0.5,0.7,94,0,1.165248,32,13.1516,17.8100,uW/nW,0.75,25,TT,saed05rvt_base_tt0p75v25c
comparator_12bit,1000,0.1,0.5,94,0,1.165248,32,4.1517,17.5825,uW/nW,0.75,25,TT,saed05rvt_base_tt0p75v25c
comparator_12bit,1000,0.5,0.5,94,0,1.165248,32,13.0299,17.6673,uW/nW,0.75,25,TT,saed05rvt_base_tt0p75v25c
comparator_12bit,1000,0.3,0.5,94,0,1.165248,32,8.9588,17.6745,uW/nW,0.75,25,TT,saed05rvt_base_tt0p75v25c
comparator_12bit,1000,0.8,0.5,94,0,1.165248,32,18.2102,17.6720,uW/nW,0.75,25,TT,saed05rvt_base_tt0p75v25c
comparator_12bit,1000,0.5,0.3,94,0,1.165248,32,13.3650,18.1236,uW/nW,0.75,25,TT,saed05rvt_base_tt0p75v25c
comparator_12bit,1000,0.5,0.7,94,0,1.165248,32,13.3956,17.8184,uW/nW,0.75,25,TT,saed05rvt_base_tt0p75v25c
comparator_12bit,10,0.1,0.5,102,0,1.245888,34,827.8278,854.3372,nW/nW,0.66,125,FF,saed05rvt_base_ff0p660v125c
comparator_12bit,10,0.5,0.5,102,0,1.245888,34,2.6419,854.3372,uW/nW,0.66,125,FF,saed05rvt_base_ff0p660v125c
comparator_12bit,10,0.3,0.5,102,0,1.245888,34,1.7349,854.3372,uW/nW,0.66,125,FF,saed05rvt_base_ff0p660v125c
comparator_12bit,10,0.8,0.5,102,0,1.245888,34,4.0024,854.3372,uW/nW,0.66,125,FF,saed05rvt_base_ff0p660v125c
comparator_12bit,10,0.5,0.3,102,0,1.245888,34,2.5151,981.2168,uW/nW,0.66,125,FF,saed05rvt_base_ff0p660v125c
comparator_12bit,10,0.5,0.7,102,0,1.245888,34,2.4970,991.5910,uW/nW,0.66,125,FF,saed05rvt_base_ff0p660v125c
comparator_12bit,50,0.1,0.5,102,0,1.245888,34,2.3229,854.3372,uW/nW,0.66,125,FF,saed05rvt_base_ff0p660v125c
comparator_12bit,50,0.5,0.5,102,0,1.245888,34,4.1391,854.3372,uW/nW,0.66,125,FF,saed05rvt_base_ff0p660v125c
comparator_12bit,50,0.3,0.5,102,0,1.245888,34,3.2317,854.3372,uW/nW,0.66,125,FF,saed05rvt_base_ff0p660v125c
comparator_12bit,50,0.8,0.5,102,0,1.245888,34,5.4999,854.3372,uW/nW,0.66,125,FF,saed05rvt_base_ff0p660v125c
comparator_12bit,50,0.5,0.3,102,0,1.245888,34,3.4813,981.2168,uW/nW,0.66,125,FF,saed05rvt_base_ff0p660v125c
comparator_12bit,50,0.5,0.7,102,0,1.245888,34,3.4630,991.5910,uW/nW,0.66,125,FF,saed05rvt_base_ff0p660v125c
comparator_12bit,100,0.1,0.5,102,0,1.245888,34,2.3436,974.8731,uW/nW,0.66,125,FF,saed05rvt_base_ff0p660v125c
comparator_12bit,100,0.5,0.5,102,0,1.245888,34,5.3302,901.7633,uW/nW,0.66,125,FF,saed05rvt_base_ff0p660v125c
comparator_12bit,100,0.3,0.5,102,0,1.245888,34,4.4235,901.7633,uW/nW,0.66,125,FF,saed05rvt_base_ff0p660v125c
comparator_12bit,100,0.8,0.5,102,0,1.245888,34,6.6896,901.7633,uW/nW,0.66,125,FF,saed05rvt_base_ff0p660v125c
comparator_12bit,100,0.5,0.3,102,0,1.245888,34,3.9072,1.0386,uW/uW,0.66,125,FF,saed05rvt_base_ff0p660v125c
comparator_12bit,100,0.5,0.7,102,0,1.245888,34,3.8927,1.0490,uW/uW,0.66,125,FF,saed05rvt_base_ff0p660v125c
comparator_12bit,200,0.1,0.5,102,0,1.245888,34,2.8308,975.1309,uW/nW,0.66,125,FF,saed05rvt_base_ff0p660v125c
comparator_12bit,200,0.5,0.5,102,0,1.245888,34,8.1062,901.8026,uW/nW,0.66,125,FF,saed05rvt_base_ff0p660v125c
comparator_12bit,200,0.3,0.5,102,0,1.245888,34,5.2897,974.7435,uW/nW,0.66,125,FF,saed05rvt_base_ff0p660v125c
comparator_12bit,200,0.8,0.5,102,0,1.245888,34,9.4665,901.8026,uW/nW,0.66,125,FF,saed05rvt_base_ff0p660v125c
comparator_12bit,200,0.5,0.3,102,0,1.245888,34,5.0225,1.0387,uW/uW,0.66,125,FF,saed05rvt_base_ff0p660v125c
comparator_12bit,200,0.5,0.7,102,0,1.245888,34,5.0127,1.0491,uW/uW,0.66,125,FF,saed05rvt_base_ff0p660v125c
comparator_12bit,300,0.1,0.5,102,0,1.245888,34,3.0459,975.2681,uW/nW,0.66,125,FF,saed05rvt_base_ff0p660v125c
comparator_12bit,300,0.5,0.5,102,0,1.245888,34,8.0719,973.8491,uW/nW,0.66,125,FF,saed05rvt_base_ff0p660v125c
comparator_12bit,300,0.3,0.5,102,0,1.245888,34,6.1508,974.6171,uW/nW,0.66,125,FF,saed05rvt_base_ff0p660v125c
comparator_12bit,300,0.8,0.5,102,0,1.245888,34,12.1942,901.5323,uW/nW,0.66,125,FF,saed05rvt_base_ff0p660v125c
comparator_12bit,300,0.5,0.3,102,0,1.245888,34,7.9937,971.4592,uW/nW,0.66,125,FF,saed05rvt_base_ff0p660v125c
comparator_12bit,300,0.5,0.7,102,0,1.245888,34,8.0009,982.6999,uW/nW,0.66,125,FF,saed05rvt_base_ff0p660v125c
comparator_12bit,450,0.1,0.5,102,0,1.245888,34,3.2071,974.8801,uW/nW,0.66,125,FF,saed05rvt_base_ff0p660v125c
comparator_12bit,450,0.5,0.5,102,0,1.245888,34,9.5110,975.0240,uW/nW,0.66,125,FF,saed05rvt_base_ff0p660v125c
comparator_12bit,450,0.3,0.5,102,0,1.245888,34,6.8669,974.9023,uW/nW,0.66,125,FF,saed05rvt_base_ff0p660v125c
comparator_12bit,450,0.8,0.5,102,0,1.245888,34,12.1562,974.6998,uW/nW,0.66,125,FF,saed05rvt_base_ff0p660v125c
comparator_12bit,450,0.5,0.3,102,0,1.245888,34,9.8356,981.7425,uW/nW,0.66,125,FF,saed05rvt_base_ff0p660v125c
comparator_12bit,450,0.5,0.7,102,0,1.245888,34,9.8481,993.2874,uW/nW,0.66,125,FF,saed05rvt_base_ff0p660v125c
comparator_12bit,600,0.1,0.5,102,0,1.245888,34,3.3153,974.5441,uW/nW,0.66,125,FF,saed05rvt_base_ff0p660v125c
comparator_12bit,600,0.5,0.5,102,0,1.245888,34,10.4034,974.5516,uW/nW,0.66,125,FF,saed05rvt_base_ff0p660v125c
comparator_12bit,600,0.3,0.5,102,0,1.245888,34,7.2977,974.7402,uW/nW,0.66,125,FF,saed05rvt_base_ff0p660v125c
comparator_12bit,600,0.8,0.5,102,0,1.245888,34,13.8658,974.8447,uW/nW,0.66,125,FF,saed05rvt_base_ff0p660v125c
comparator_12bit,600,0.5,0.3,102,0,1.245888,34,10.7724,982.1105,uW/nW,0.66,125,FF,saed05rvt_base_ff0p660v125c
comparator_12bit,600,0.5,0.7,102,0,1.245888,34,10.7698,993.7432,uW/nW,0.66,125,FF,saed05rvt_base_ff0p660v125c
comparator_12bit,750,0.1,0.5,102,0,1.245888,34,3.3725,974.7198,uW/nW,0.66,125,FF,saed05rvt_base_ff0p660v125c
comparator_12bit,750,0.5,0.5,102,0,1.245888,34,11.0139,974.9296,uW/nW,0.66,125,FF,saed05rvt_base_ff0p660v125c
comparator_12bit,750,0.3,0.5,102,0,1.245888,34,7.6033,974.9678,uW/nW,0.66,125,FF,saed05rvt_base_ff0p660v125c
comparator_12bit,750,0.8,0.5,102,0,1.245888,34,15.0759,974.9351,uW/nW,0.66,125,FF,saed05rvt_base_ff0p660v125c
comparator_12bit,750,0.5,0.3,102,0,1.245888,34,11.4492,982.4515,uW/nW,0.66,125,FF,saed05rvt_base_ff0p660v125c
comparator_12bit,750,0.5,0.7,102,0,1.245888,34,11.4509,993.9396,uW/nW,0.66,125,FF,saed05rvt_base_ff0p660v125c
comparator_12bit,900,0.1,0.5,102,0,1.245888,34,3.4121,975.0487,uW/nW,0.66,125,FF,saed05rvt_base_ff0p660v125c
comparator_12bit,900,0.5,0.5,102,0,1.245888,34,11.4110,974.4208,uW/nW,0.66,125,FF,saed05rvt_base_ff0p660v125c
comparator_12bit,900,0.3,0.5,102,0,1.245888,34,7.7956,974.3257,uW/nW,0.66,125,FF,saed05rvt_base_ff0p660v125c
comparator_12bit,900,0.8,0.5,102,0,1.245888,34,15.9276,974.9003,uW/nW,0.66,125,FF,saed05rvt_base_ff0p660v125c
comparator_12bit,900,0.5,0.3,102,0,1.245888,34,11.8852,981.9376,uW/nW,0.66,125,FF,saed05rvt_base_ff0p660v125c
comparator_12bit,900,0.5,0.7,102,0,1.245888,34,11.8750,993.7581,uW/nW,0.66,125,FF,saed05rvt_base_ff0p660v125c
comparator_12bit,1000,0.1,0.5,102,0,1.245888,34,3.4233,974.7672,uW/nW,0.66,125,FF,saed05rvt_base_ff0p660v125c
comparator_12bit,1000,0.5,0.5,102,0,1.245888,34,11.6517,974.5130,uW/nW,0.66,125,FF,saed05rvt_base_ff0p660v125c
comparator_12bit,1000,0.3,0.5,102,0,1.245888,34,7.9053,974.7614,uW/nW,0.66,125,FF,saed05rvt_base_ff0p660v125c
comparator_12bit,1000,0.8,0.5,102,0,1.245888,34,16.3794,974.6454,uW/nW,0.66,125,FF,saed05rvt_base_ff0p660v125c
comparator_12bit,1000,0.5,0.3,102,0,1.245888,34,12.1390,981.9708,uW/nW,0.66,125,FF,saed05rvt_base_ff0p660v125c
comparator_12bit,1000,0.5,0.7,102,0,1.245888,34,12.1436,993.4557,uW/nW,0.66,125,FF,saed05rvt_base_ff0p660v125c
comparator_12bit,10,0.1,0.5,102,0,1.245888,34,812.6210,8.3888,nW/nW,0.66,25,FF,saed05rvt_base_ff0p660v25c
comparator_12bit,10,0.5,0.5,102,0,1.245888,34,2.5972,8.3888,uW/nW,0.66,25,FF,saed05rvt_base_ff0p660v25c
comparator_12bit,10,0.3,0.5,102,0,1.245888,34,1.7050,8.3888,uW/nW,0.66,25,FF,saed05rvt_base_ff0p660v25c
comparator_12bit,10,0.8,0.5,102,0,1.245888,34,3.9356,8.3888,uW/nW,0.66,25,FF,saed05rvt_base_ff0p660v25c
comparator_12bit,10,0.5,0.3,102,0,1.245888,34,2.4764,9.8875,uW/nW,0.66,25,FF,saed05rvt_base_ff0p660v25c
comparator_12bit,10,0.5,0.7,102,0,1.245888,34,2.4543,9.7578,uW/nW,0.66,25,FF,saed05rvt_base_ff0p660v25c
comparator_12bit,50,0.1,0.5,102,0,1.245888,34,2.2763,8.3888,uW/nW,0.66,25,FF,saed05rvt_base_ff0p660v25c
comparator_12bit,50,0.5,0.5,102,0,1.245888,34,4.0631,8.3888,uW/nW,0.66,25,FF,saed05rvt_base_ff0p660v25c
comparator_12bit,50,0.3,0.5,102,0,1.245888,34,3.1704,8.3888,uW/nW,0.66,25,FF,saed05rvt_base_ff0p660v25c
comparator_12bit,50,0.8,0.5,102,0,1.245888,34,5.4018,8.3888,uW/nW,0.66,25,FF,saed05rvt_base_ff0p660v25c
comparator_12bit,50,0.5,0.3,102,0,1.245888,34,3.4203,9.8875,uW/nW,0.66,25,FF,saed05rvt_base_ff0p660v25c
comparator_12bit,50,0.5,0.7,102,0,1.245888,34,3.3985,9.7578,uW/nW,0.66,25,FF,saed05rvt_base_ff0p660v25c
comparator_12bit,100,0.1,0.5,102,0,1.245888,34,2.2954,9.6702,uW/nW,0.66,25,FF,saed05rvt_base_ff0p660v25c
comparator_12bit,100,0.5,0.5,102,0,1.245888,34,5.2363,8.8267,uW/nW,0.66,25,FF,saed05rvt_base_ff0p660v25c
comparator_12bit,100,0.3,0.5,102,0,1.245888,34,4.3439,8.8267,uW/nW,0.66,25,FF,saed05rvt_base_ff0p660v25c
comparator_12bit,100,0.8,0.5,102,0,1.245888,34,6.5741,8.8267,uW/nW,0.66,25,FF,saed05rvt_base_ff0p660v25c
comparator_12bit,100,0.5,0.3,102,0,1.245888,34,3.8400,10.4047,uW/nW,0.66,25,FF,saed05rvt_base_ff0p660v25c
comparator_12bit,100,0.5,0.7,102,0,1.245888,34,3.8215,10.2753,uW/nW,0.66,25,FF,saed05rvt_base_ff0p660v25c
comparator_12bit,200,0.1,0.5,102,0,1.245888,34,2.7705,9.6727,uW/nW,0.66,25,FF,saed05rvt_base_ff0p660v25c
comparator_12bit,200,0.5,0.5,102,0,1.245888,34,7.9655,8.8279,uW/nW,0.66,25,FF,saed05rvt_base_ff0p660v25c
comparator_12bit,200,0.3,0.5,102,0,1.245888,34,5.1898,9.6789,uW/nW,0.66,25,FF,saed05rvt_base_ff0p660v25c
comparator_12bit,200,0.8,0.5,102,0,1.245888,34,9.3043,8.8279,uW/nW,0.66,25,FF,saed05rvt_base_ff0p660v25c
comparator_12bit,200,0.5,0.3,102,0,1.245888,34,4.9342,10.4065,uW/nW,0.66,25,FF,saed05rvt_base_ff0p660v25c
comparator_12bit,200,0.5,0.7,102,0,1.245888,34,4.9203,10.2772,uW/nW,0.66,25,FF,saed05rvt_base_ff0p660v25c
comparator_12bit,300,0.1,0.5,102,0,1.245888,34,2.9803,9.6743,uW/nW,0.66,25,FF,saed05rvt_base_ff0p660v25c
comparator_12bit,300,0.5,0.5,102,0,1.245888,34,7.9246,9.6700,uW/nW,0.66,25,FF,saed05rvt_base_ff0p660v25c
comparator_12bit,300,0.3,0.5,102,0,1.245888,34,6.0332,9.6780,uW/nW,0.66,25,FF,saed05rvt_base_ff0p660v25c
comparator_12bit,300,0.8,0.5,102,0,1.245888,34,11.9874,8.8256,uW/nW,0.66,25,FF,saed05rvt_base_ff0p660v25c
comparator_12bit,300,0.5,0.3,102,0,1.245888,34,7.8481,9.7490,uW/nW,0.66,25,FF,saed05rvt_base_ff0p660v25c
comparator_12bit,300,0.5,0.7,102,0,1.245888,34,7.8527,9.6326,uW/nW,0.66,25,FF,saed05rvt_base_ff0p660v25c
comparator_12bit,450,0.1,0.5,102,0,1.245888,34,3.1377,9.6688,uW/nW,0.66,25,FF,saed05rvt_base_ff0p660v25c
comparator_12bit,450,0.5,0.5,102,0,1.245888,34,9.3355,9.6804,uW/nW,0.66,25,FF,saed05rvt_base_ff0p660v25c
comparator_12bit,450,0.3,0.5,102,0,1.245888,34,6.7345,9.6792,uW/nW,0.66,25,FF,saed05rvt_base_ff0p660v25c
comparator_12bit,450,0.8,0.5,102,0,1.245888,34,11.9403,9.6769,uW/nW,0.66,25,FF,saed05rvt_base_ff0p660v25c
comparator_12bit,450,0.5,0.3,102,0,1.245888,34,9.6530,9.8559,uW/nW,0.66,25,FF,saed05rvt_base_ff0p660v25c
comparator_12bit,450,0.5,0.7,102,0,1.245888,34,9.6646,9.7454,uW/nW,0.66,25,FF,saed05rvt_base_ff0p660v25c
comparator_12bit,600,0.1,0.5,102,0,1.245888,34,3.2431,9.6685,uW/nW,0.66,25,FF,saed05rvt_base_ff0p660v25c
comparator_12bit,600,0.5,0.5,102,0,1.245888,34,10.2092,9.6763,uW/nW,0.66,25,FF,saed05rvt_base_ff0p660v25c
comparator_12bit,600,0.3,0.5,102,0,1.245888,34,7.1556,9.6785,uW/nW,0.66,25,FF,saed05rvt_base_ff0p660v25c
comparator_12bit,600,0.8,0.5,102,0,1.245888,34,13.6168,9.6800,uW/nW,0.66,25,FF,saed05rvt_base_ff0p660v25c
comparator_12bit,600,0.5,0.3,102,0,1.245888,34,10.5696,9.8610,uW/nW,0.66,25,FF,saed05rvt_base_ff0p660v25c
comparator_12bit,600,0.5,0.7,102,0,1.245888,34,10.5668,9.7517,uW/nW,0.66,25,FF,saed05rvt_base_ff0p660v25c
comparator_12bit,750,0.1,0.5,102,0,1.245888,34,3.2990,9.6694,uW/nW,0.66,25,FF,saed05rvt_base_ff0p660v25c
comparator_12bit,750,0.5,0.5,102,0,1.245888,34,10.8070,9.6791,uW/nW,0.66,25,FF,saed05rvt_base_ff0p660v25c
comparator_12bit,750,0.3,0.5,102,0,1.245888,34,7.4545,9.6805,uW/nW,0.66,25,FF,saed05rvt_base_ff0p660v25c
comparator_12bit,750,0.8,0.5,102,0,1.245888,34,14.8028,9.6785,uW/nW,0.66,25,FF,saed05rvt_base_ff0p660v25c
comparator_12bit,750,0.5,0.3,102,0,1.245888,34,11.2321,9.8623,uW/nW,0.66,25,FF,saed05rvt_base_ff0p660v25c
comparator_12bit,750,0.5,0.7,102,0,1.245888,34,11.2332,9.7523,uW/nW,0.66,25,FF,saed05rvt_base_ff0p660v25c
comparator_12bit,900,0.1,0.5,102,0,1.245888,34,3.3377,9.6709,uW/nW,0.66,25,FF,saed05rvt_base_ff0p660v25c
comparator_12bit,900,0.5,0.5,102,0,1.245888,34,11.1957,9.6753,uW/nW,0.66,25,FF,saed05rvt_base_ff0p660v25c
comparator_12bit,900,0.3,0.5,102,0,1.245888,34,7.6429,9.6748,uW/nW,0.66,25,FF,saed05rvt_base_ff0p660v25c
comparator_12bit,900,0.8,0.5,102,0,1.245888,34,15.6371,9.6799,uW/nW,0.66,25,FF,saed05rvt_base_ff0p660v25c
comparator_12bit,900,0.5,0.3,102,0,1.245888,34,11.6585,9.8585,uW/nW,0.66,25,FF,saed05rvt_base_ff0p660v25c
comparator_12bit,900,0.5,0.7,102,0,1.245888,34,11.6484,9.7506,uW/nW,0.66,25,FF,saed05rvt_base_ff0p660v25c
comparator_12bit,1000,0.1,0.5,102,0,1.245888,34,3.3484,9.6696,uW/nW,0.66,25,FF,saed05rvt_base_ff0p660v25c
comparator_12bit,1000,0.5,0.5,102,0,1.245888,34,11.4312,9.6760,uW/nW,0.66,25,FF,saed05rvt_base_ff0p660v25c
comparator_12bit,1000,0.3,0.5,102,0,1.245888,34,7.7505,9.6791,uW/nW,0.66,25,FF,saed05rvt_base_ff0p660v25c
comparator_12bit,1000,0.8,0.5,102,0,1.245888,34,16.0804,9.6775,uW/nW,0.66,25,FF,saed05rvt_base_ff0p660v25c
comparator_12bit,1000,0.5,0.3,102,0,1.245888,34,11.9073,9.8591,uW/nW,0.66,25,FF,saed05rvt_base_ff0p660v25c
comparator_12bit,1000,0.5,0.7,102,0,1.245888,34,11.9118,9.7476,uW/nW,0.66,25,FF,saed05rvt_base_ff0p660v25c
comparator_12bit,10,0.1,0.5,94,0,1.165248,32,1.2486,2.2163,uW/uW,0.825,125,FF,saed05rvt_base_ff0p825v125c
comparator_12bit,10,0.5,0.5,94,0,1.165248,32,3.5589,2.2886,uW/uW,0.825,125,FF,saed05rvt_base_ff0p825v125c
comparator_12bit,10,0.3,0.5,94,0,1.165248,32,2.3497,2.2886,uW/uW,0.825,125,FF,saed05rvt_base_ff0p825v125c
comparator_12bit,10,0.8,0.5,94,0,1.165248,32,5.3727,2.2886,uW/uW,0.825,125,FF,saed05rvt_base_ff0p825v125c
comparator_12bit,10,0.5,0.3,94,0,1.165248,32,3.4144,2.7383,uW/uW,0.825,125,FF,saed05rvt_base_ff0p825v125c
comparator_12bit,10,0.5,0.7,94,0,1.165248,32,3.4144,2.7708,uW/uW,0.825,125,FF,saed05rvt_base_ff0p825v125c
comparator_12bit,50,0.1,0.5,94,0,1.165248,32,3.8245,2.2163,uW/uW,0.825,125,FF,saed05rvt_base_ff0p825v125c
comparator_12bit,50,0.5,0.5,94,0,1.165248,32,5.7028,2.2886,uW/uW,0.825,125,FF,saed05rvt_base_ff0p825v125c
comparator_12bit,50,0.3,0.5,94,0,1.165248,32,4.4937,2.2886,uW/uW,0.825,125,FF,saed05rvt_base_ff0p825v125c
comparator_12bit,50,0.8,0.5,94,0,1.165248,32,7.5166,2.2886,uW/uW,0.825,125,FF,saed05rvt_base_ff0p825v125c
comparator_12bit,50,0.5,0.3,94,0,1.165248,32,4.9811,2.7383,uW/uW,0.825,125,FF,saed05rvt_base_ff0p825v125c
comparator_12bit,50,0.5,0.7,94,0,1.165248,32,4.9902,2.7708,uW/uW,0.825,125,FF,saed05rvt_base_ff0p825v125c
comparator_12bit,100,0.1,0.5,94,0,1.165248,32,3.6740,2.5957,uW/uW,0.825,125,FF,saed05rvt_base_ff0p825v125c
comparator_12bit,100,0.5,0.5,94,0,1.165248,32,7.7728,2.3193,uW/uW,0.825,125,FF,saed05rvt_base_ff0p825v125c
comparator_12bit,100,0.3,0.5,94,0,1.165248,32,6.5637,2.3193,uW/uW,0.825,125,FF,saed05rvt_base_ff0p825v125c
comparator_12bit,100,0.8,0.5,94,0,1.165248,32,9.5866,2.3193,uW/uW,0.825,125,FF,saed05rvt_base_ff0p825v125c
comparator_12bit,100,0.5,0.3,94,0,1.165248,32,5.6638,2.7669,uW/uW,0.825,125,FF,saed05rvt_base_ff0p825v125c
comparator_12bit,100,0.5,0.7,94,0,1.165248,32,5.6769,2.7994,uW/uW,0.825,125,FF,saed05rvt_base_ff0p825v125c
comparator_12bit,200,0.1,0.5,94,0,1.165248,32,4.4291,2.5946,uW/uW,0.825,125,FF,saed05rvt_base_ff0p825v125c
comparator_12bit,200,0.5,0.5,94,0,1.165248,32,11.8415,2.3190,uW/uW,0.825,125,FF,saed05rvt_base_ff0p825v125c
comparator_12bit,200,0.3,0.5,94,0,1.165248,32,7.8072,2.6131,uW/uW,0.825,125,FF,saed05rvt_base_ff0p825v125c
comparator_12bit,200,0.8,0.5,94,0,1.165248,32,13.6552,2.3190,uW/uW,0.825,125,FF,saed05rvt_base_ff0p825v125c
comparator_12bit,200,0.5,0.3,94,0,1.165248,32,7.2438,2.7664,uW/uW,0.825,125,FF,saed05rvt_base_ff0p825v125c
comparator_12bit,200,0.5,0.7,94,0,1.165248,32,7.2683,2.7989,uW/uW,0.825,125,FF,saed05rvt_base_ff0p825v125c
comparator_12bit,300,0.1,0.5,94,0,1.165248,32,4.7639,2.5954,uW/uW,0.825,125,FF,saed05rvt_base_ff0p825v125c
comparator_12bit,300,0.5,0.5,94,0,1.165248,32,11.6550,2.6119,uW/uW,0.825,125,FF,saed05rvt_base_ff0p825v125c
comparator_12bit,300,0.3,0.5,94,0,1.165248,32,9.0567,2.6137,uW/uW,0.825,125,FF,saed05rvt_base_ff0p825v125c
comparator_12bit,300,0.8,0.5,94,0,1.165248,32,17.6020,2.3189,uW/uW,0.825,125,FF,saed05rvt_base_ff0p825v125c
comparator_12bit,300,0.5,0.3,94,0,1.165248,32,11.4791,2.6052,uW/uW,0.825,125,FF,saed05rvt_base_ff0p825v125c
comparator_12bit,300,0.5,0.7,94,0,1.165248,32,11.5293,2.6383,uW/uW,0.825,125,FF,saed05rvt_base_ff0p825v125c
comparator_12bit,450,0.1,0.5,94,0,1.165248,32,5.0196,2.5951,uW/uW,0.825,125,FF,saed05rvt_base_ff0p825v125c
comparator_12bit,450,0.5,0.5,94,0,1.165248,32,13.6974,2.6138,uW/uW,0.825,125,FF,saed05rvt_base_ff0p825v125c
comparator_12bit,450,0.3,0.5,94,0,1.165248,32,10.0569,2.6127,uW/uW,0.825,125,FF,saed05rvt_base_ff0p825v125c
comparator_12bit,450,0.8,0.5,94,0,1.165248,32,17.2124,2.6157,uW/uW,0.825,125,FF,saed05rvt_base_ff0p825v125c
comparator_12bit,450,0.5,0.3,94,0,1.165248,32,13.9928,2.6438,uW/uW,0.825,125,FF,saed05rvt_base_ff0p825v125c
comparator_12bit,450,0.5,0.7,94,0,1.165248,32,14.0651,2.6766,uW/uW,0.825,125,FF,saed05rvt_base_ff0p825v125c
comparator_12bit,600,0.1,0.5,94,0,1.165248,32,5.1673,2.5940,uW/uW,0.825,125,FF,saed05rvt_base_ff0p825v125c
comparator_12bit,600,0.5,0.5,94,0,1.165248,32,14.8992,2.6125,uW/uW,0.825,125,FF,saed05rvt_base_ff0p825v125c
comparator_12bit,600,0.3,0.5,94,0,1.165248,32,10.6433,2.6119,uW/uW,0.825,125,FF,saed05rvt_base_ff0p825v125c
comparator_12bit,600,0.8,0.5,94,0,1.165248,32,19.6796,2.6134,uW/uW,0.825,125,FF,saed05rvt_base_ff0p825v125c
comparator_12bit,600,0.5,0.3,94,0,1.165248,32,15.2459,2.6440,uW/uW,0.825,125,FF,saed05rvt_base_ff0p825v125c
comparator_12bit,600,0.5,0.7,94,0,1.165248,32,15.3221,2.6760,uW/uW,0.825,125,FF,saed05rvt_base_ff0p825v125c
comparator_12bit,750,0.1,0.5,94,0,1.165248,32,5.2426,2.5935,uW/uW,0.825,125,FF,saed05rvt_base_ff0p825v125c
comparator_12bit,750,0.5,0.5,94,0,1.165248,32,15.6842,2.6128,uW/uW,0.825,125,FF,saed05rvt_base_ff0p825v125c
comparator_12bit,750,0.3,0.5,94,0,1.165248,32,11.0290,2.6139,uW/uW,0.825,125,FF,saed05rvt_base_ff0p825v125c
comparator_12bit,750,0.8,0.5,94,0,1.165248,32,21.2966,2.6127,uW/uW,0.825,125,FF,saed05rvt_base_ff0p825v125c
comparator_12bit,750,0.5,0.3,94,0,1.165248,32,16.0973,2.6432,uW/uW,0.825,125,FF,saed05rvt_base_ff0p825v125c
comparator_12bit,750,0.5,0.7,94,0,1.165248,32,16.1596,2.6762,uW/uW,0.825,125,FF,saed05rvt_base_ff0p825v125c
comparator_12bit,900,0.1,0.5,94,0,1.165248,32,5.3053,2.5947,uW/uW,0.825,125,FF,saed05rvt_base_ff0p825v125c
comparator_12bit,900,0.5,0.5,94,0,1.165248,32,16.2492,2.6119,uW/uW,0.825,125,FF,saed05rvt_base_ff0p825v125c
comparator_12bit,900,0.3,0.5,94,0,1.165248,32,11.2577,2.6104,uW/uW,0.825,125,FF,saed05rvt_base_ff0p825v125c
comparator_12bit,900,0.8,0.5,94,0,1.165248,32,22.4779,2.6112,uW/uW,0.825,125,FF,saed05rvt_base_ff0p825v125c
comparator_12bit,900,0.5,0.3,94,0,1.165248,32,16.6660,2.6425,uW/uW,0.825,125,FF,saed05rvt_base_ff0p825v125c
comparator_12bit,900,0.5,0.7,94,0,1.165248,32,16.7375,2.6765,uW/uW,0.825,125,FF,saed05rvt_base_ff0p825v125c
comparator_12bit,1000,0.1,0.5,94,0,1.165248,32,5.3380,2.5982,uW/uW,0.825,125,FF,saed05rvt_base_ff0p825v125c
comparator_12bit,1000,0.5,0.5,94,0,1.165248,32,16.5615,2.6123,uW/uW,0.825,125,FF,saed05rvt_base_ff0p825v125c
comparator_12bit,1000,0.3,0.5,94,0,1.165248,32,11.4246,2.6134,uW/uW,0.825,125,FF,saed05rvt_base_ff0p825v125c
comparator_12bit,1000,0.8,0.5,94,0,1.165248,32,23.0772,2.6130,uW/uW,0.825,125,FF,saed05rvt_base_ff0p825v125c
comparator_12bit,1000,0.5,0.3,94,0,1.165248,32,16.9931,2.6437,uW/uW,0.825,125,FF,saed05rvt_base_ff0p825v125c
comparator_12bit,1000,0.5,0.7,94,0,1.165248,32,17.0456,2.6779,uW/uW,0.825,125,FF,saed05rvt_base_ff0p825v125c
comparator_12bit,10,0.1,0.5,94,0,1.165248,32,1.2252,28.3455,uW/nW,0.825,25,FF,saed05rvt_base_ff0p825v25c
comparator_12bit,10,0.5,0.5,94,0,1.165248,32,3.5637,29.0334,uW/nW,0.825,25,FF,saed05rvt_base_ff0p825v25c
comparator_12bit,10,0.3,0.5,94,0,1.165248,32,2.3436,29.0334,uW/nW,0.825,25,FF,saed05rvt_base_ff0p825v25c
comparator_12bit,10,0.8,0.5,94,0,1.165248,32,5.3939,29.0334,uW/nW,0.825,25,FF,saed05rvt_base_ff0p825v25c
comparator_12bit,10,0.5,0.3,94,0,1.165248,32,3.4075,34.8789,uW/nW,0.825,25,FF,saed05rvt_base_ff0p825v25c
comparator_12bit,10,0.5,0.7,94,0,1.165248,32,3.4367,34.6584,uW/nW,0.825,25,FF,saed05rvt_base_ff0p825v25c
comparator_12bit,50,0.1,0.5,94,0,1.165248,32,3.6860,28.3455,uW/nW,0.825,25,FF,saed05rvt_base_ff0p825v25c
comparator_12bit,50,0.5,0.5,94,0,1.165248,32,5.6174,29.0334,uW/nW,0.825,25,FF,saed05rvt_base_ff0p825v25c
comparator_12bit,50,0.3,0.5,94,0,1.165248,32,4.3973,29.0334,uW/nW,0.825,25,FF,saed05rvt_base_ff0p825v25c
comparator_12bit,50,0.8,0.5,94,0,1.165248,32,7.4476,29.0334,uW/nW,0.825,25,FF,saed05rvt_base_ff0p825v25c
comparator_12bit,50,0.5,0.3,94,0,1.165248,32,4.8924,34.8789,uW/nW,0.825,25,FF,saed05rvt_base_ff0p825v25c
comparator_12bit,50,0.5,0.7,94,0,1.165248,32,4.9301,34.6584,uW/nW,0.825,25,FF,saed05rvt_base_ff0p825v25c
comparator_12bit,100,0.1,0.5,94,0,1.165248,32,3.5364,33.1553,uW/nW,0.825,25,FF,saed05rvt_base_ff0p825v25c
comparator_12bit,100,0.5,0.5,94,0,1.165248,32,7.6147,29.7019,uW/nW,0.825,25,FF,saed05rvt_base_ff0p825v25c
comparator_12bit,100,0.3,0.5,94,0,1.165248,32,6.3945,29.7019,uW/nW,0.825,25,FF,saed05rvt_base_ff0p825v25c
comparator_12bit,100,0.8,0.5,94,0,1.165248,32,9.4448,29.7019,uW/nW,0.825,25,FF,saed05rvt_base_ff0p825v25c
comparator_12bit,100,0.5,0.3,94,0,1.165248,32,5.5496,35.5644,uW/nW,0.825,25,FF,saed05rvt_base_ff0p825v25c
comparator_12bit,100,0.5,0.7,94,0,1.165248,32,5.5896,35.3439,uW/nW,0.825,25,FF,saed05rvt_base_ff0p825v25c
comparator_12bit,200,0.1,0.5,94,0,1.165248,32,4.2526,33.1447,uW/nW,0.825,25,FF,saed05rvt_base_ff0p825v25c
comparator_12bit,200,0.5,0.5,94,0,1.165248,32,11.5404,29.6986,uW/nW,0.825,25,FF,saed05rvt_base_ff0p825v25c
comparator_12bit,200,0.3,0.5,94,0,1.165248,32,7.5666,33.3668,uW/nW,0.825,25,FF,saed05rvt_base_ff0p825v25c
comparator_12bit,200,0.8,0.5,94,0,1.165248,32,13.3706,29.6986,uW/nW,0.825,25,FF,saed05rvt_base_ff0p825v25c
comparator_12bit,200,0.5,0.3,94,0,1.165248,32,7.0688,35.5603,uW/nW,0.825,25,FF,saed05rvt_base_ff0p825v25c
comparator_12bit,200,0.5,0.7,94,0,1.165248,32,7.1176,35.3399,uW/nW,0.825,25,FF,saed05rvt_base_ff0p825v25c
comparator_12bit,300,0.1,0.5,94,0,1.165248,32,4.5697,33.1583,uW/nW,0.825,25,FF,saed05rvt_base_ff0p825v25c
comparator_12bit,300,0.5,0.5,94,0,1.165248,32,11.3246,33.3524,uW/nW,0.825,25,FF,saed05rvt_base_ff0p825v25c
comparator_12bit,300,0.3,0.5,94,0,1.165248,32,8.7630,33.3742,uW/nW,0.825,25,FF,saed05rvt_base_ff0p825v25c
comparator_12bit,300,0.8,0.5,94,0,1.165248,32,17.1827,29.6992,uW/nW,0.825,25,FF,saed05rvt_base_ff0p825v25c
comparator_12bit,300,0.5,0.3,94,0,1.165248,32,11.1447,33.5540,uW/nW,0.825,25,FF,saed05rvt_base_ff0p825v25c
comparator_12bit,300,0.5,0.7,94,0,1.165248,32,11.2103,33.3401,uW/nW,0.825,25,FF,saed05rvt_base_ff0p825v25c
comparator_12bit,450,0.1,0.5,94,0,1.165248,32,4.8112,33.1477,uW/nW,0.825,25,FF,saed05rvt_base_ff0p825v25c
comparator_12bit,450,0.5,0.5,94,0,1.165248,32,13.2842,33.3712,uW/nW,0.825,25,FF,saed05rvt_base_ff0p825v25c
comparator_12bit,450,0.3,0.5,94,0,1.165248,32,9.7175,33.3593,uW/nW,0.825,25,FF,saed05rvt_base_ff0p825v25c
comparator_12bit,450,0.8,0.5,94,0,1.165248,32,16.7562,33.3928,uW/nW,0.825,25,FF,saed05rvt_base_ff0p825v25c
comparator_12bit,450,0.5,0.3,94,0,1.165248,32,13.5568,34.0210,uW/nW,0.825,25,FF,saed05rvt_base_ff0p825v25c
comparator_12bit,450,0.5,0.7,94,0,1.165248,32,13.6404,33.8060,uW/nW,0.825,25,FF,saed05rvt_base_ff0p825v25c
comparator_12bit,600,0.1,0.5,94,0,1.165248,32,4.9509,33.1372,uW/nW,0.825,25,FF,saed05rvt_base_ff0p825v25c
comparator_12bit,600,0.5,0.5,94,0,1.165248,32,14.4347,33.3613,uW/nW,0.825,25,FF,saed05rvt_base_ff0p825v25c
comparator_12bit,600,0.3,0.5,94,0,1.165248,32,10.2762,33.3530,uW/nW,0.825,25,FF,saed05rvt_base_ff0p825v25c
comparator_12bit,600,0.8,0.5,94,0,1.165248,32,19.1282,33.3721,uW/nW,0.825,25,FF,saed05rvt_base_ff0p825v25c
comparator_12bit,600,0.5,0.3,94,0,1.165248,32,14.7581,34.0302,uW/nW,0.825,25,FF,saed05rvt_base_ff0p825v25c
comparator_12bit,600,0.5,0.7,94,0,1.165248,32,14.8364,33.8072,uW/nW,0.825,25,FF,saed05rvt_base_ff0p825v25c
comparator_12bit,750,0.1,0.5,94,0,1.165248,32,5.0224,33.1278,uW/nW,0.825,25,FF,saed05rvt_base_ff0p825v25c
comparator_12bit,750,0.5,0.5,94,0,1.165248,32,15.1843,33.3646,uW/nW,0.825,25,FF,saed05rvt_base_ff0p825v25c
comparator_12bit,750,0.3,0.5,94,0,1.165248,32,10.6432,33.3767,uW/nW,0.825,25,FF,saed05rvt_base_ff0p825v25c
comparator_12bit,750,0.8,0.5,94,0,1.165248,32,20.6796,33.3630,uW/nW,0.825,25,FF,saed05rvt_base_ff0p825v25c
comparator_12bit,750,0.5,0.3,94,0,1.165248,32,15.5685,34.0232,uW/nW,0.825,25,FF,saed05rvt_base_ff0p825v25c
comparator_12bit,750,0.5,0.7,94,0,1.165248,32,15.6338,33.8041,uW/nW,0.825,25,FF,saed05rvt_base_ff0p825v25c
comparator_12bit,900,0.1,0.5,94,0,1.165248,32,5.0816,33.1385,uW/nW,0.825,25,FF,saed05rvt_base_ff0p825v25c
comparator_12bit,900,0.5,0.5,94,0,1.165248,32,15.7240,33.3481,uW/nW,0.825,25,FF,saed05rvt_base_ff0p825v25c
comparator_12bit,900,0.3,0.5,94,0,1.165248,32,10.8611,33.3398,uW/nW,0.825,25,FF,saed05rvt_base_ff0p825v25c
comparator_12bit,900,0.8,0.5,94,0,1.165248,32,21.8117,33.3427,uW/nW,0.825,25,FF,saed05rvt_base_ff0p825v25c
comparator_12bit,900,0.5,0.3,94,0,1.165248,32,16.1116,34.0184,uW/nW,0.825,25,FF,saed05rvt_base_ff0p825v25c
comparator_12bit,900,0.5,0.7,94,0,1.165248,32,16.1870,33.8032,uW/nW,0.825,25,FF,saed05rvt_base_ff0p825v25c
comparator_12bit,1000,0.1,0.5,94,0,1.165248,32,5.1120,33.1880,uW/nW,0.825,25,FF,saed05rvt_base_ff0p825v25c
comparator_12bit,1000,0.5,0.5,94,0,1.165248,32,16.0212,33.3534,uW/nW,0.825,25,FF,saed05rvt_base_ff0p825v25c
comparator_12bit,1000,0.3,0.5,94,0,1.165248,32,11.0195,33.3679,uW/nW,0.825,25,FF,saed05rvt_base_ff0p825v25c
comparator_12bit,1000,0.8,0.5,94,0,1.165248,32,22.3841,33.3633,uW/nW,0.825,25,FF,saed05rvt_base_ff0p825v25c
comparator_12bit,1000,0.5,0.3,94,0,1.165248,32,16.4226,34.0270,uW/nW,0.825,25,FF,saed05rvt_base_ff0p825v25c
comparator_12bit,1000,0.5,0.7,94,0,1.165248,32,16.4869,33.8191,uW/nW,0.825,25,FF,saed05rvt_base_ff0p825v25c
comparator_12bit,10,0.1,0.5,94,0,1.205568,40,535.4963,313.3575,nW/nW,0.540,125,SS,saed05rvt_base_ss0p540v125c
comparator_12bit,10,0.5,0.5,94,0,1.205568,40,1.6405,313.3575,uW/nW,0.540,125,SS,saed05rvt_base_ss0p540v125c
comparator_12bit,10,0.3,0.5,94,0,1.205568,40,1.0880,313.3575,uW/nW,0.540,125,SS,saed05rvt_base_ss0p540v125c
comparator_12bit,10,0.8,0.5,94,0,1.205568,40,2.4692,313.3575,uW/nW,0.540,125,SS,saed05rvt_base_ss0p540v125c
comparator_12bit,10,0.5,0.3,94,0,1.205568,40,1.5499,360.2825,uW/nW,0.540,125,SS,saed05rvt_base_ss0p540v125c
comparator_12bit,10,0.5,0.7,94,0,1.205568,40,1.5363,366.9775,uW/nW,0.540,125,SS,saed05rvt_base_ss0p540v125c
comparator_12bit,50,0.1,0.5,94,0,1.205568,40,1.5725,313.3575,uW/nW,0.540,125,SS,saed05rvt_base_ss0p540v125c
comparator_12bit,50,0.5,0.5,94,0,1.205568,40,2.6775,313.3575,uW/nW,0.540,125,SS,saed05rvt_base_ss0p540v125c
comparator_12bit,50,0.3,0.5,94,0,1.205568,40,2.1250,313.3575,uW/nW,0.540,125,SS,saed05rvt_base_ss0p540v125c
comparator_12bit,50,0.8,0.5,94,0,1.205568,40,3.5062,313.3575,uW/nW,0.540,125,SS,saed05rvt_base_ss0p540v125c
comparator_12bit,50,0.5,0.3,94,0,1.205568,40,2.1908,360.2825,uW/nW,0.540,125,SS,saed05rvt_base_ss0p540v125c
comparator_12bit,50,0.5,0.7,94,0,1.205568,40,2.1765,366.9775,uW/nW,0.540,125,SS,saed05rvt_base_ss0p540v125c
comparator_12bit,100,0.1,0.5,94,0,1.205568,40,1.5200,362.4422,uW/nW,0.540,125,SS,saed05rvt_base_ss0p540v125c
comparator_12bit,100,0.5,0.5,94,0,1.205568,40,3.6366,326.5706,uW/nW,0.540,125,SS,saed05rvt_base_ss0p540v125c
comparator_12bit,100,0.3,0.5,94,0,1.205568,40,3.0842,326.5706,uW/nW,0.540,125,SS,saed05rvt_base_ss0p540v125c
comparator_12bit,100,0.8,0.5,94,0,1.205568,40,4.4654,326.5706,uW/nW,0.540,125,SS,saed05rvt_base_ss0p540v125c
comparator_12bit,100,0.5,0.3,94,0,1.205568,40,2.4305,382.1072,uW/nW,0.540,125,SS,saed05rvt_base_ss0p540v125c
comparator_12bit,100,0.5,0.7,94,0,1.205568,40,2.4174,388.8023,uW/nW,0.540,125,SS,saed05rvt_base_ss0p540v125c
comparator_12bit,200,0.1,0.5,94,0,1.205568,40,1.8228,362.2220,uW/nW,0.540,125,SS,saed05rvt_base_ss0p540v125c
comparator_12bit,200,0.5,0.5,94,0,1.205568,40,5.7430,326.3585,uW/nW,0.540,125,SS,saed05rvt_base_ss0p540v125c
comparator_12bit,200,0.3,0.5,94,0,1.205568,40,3.5379,362.2621,uW/nW,0.540,125,SS,saed05rvt_base_ss0p540v125c
comparator_12bit,200,0.8,0.5,94,0,1.205568,40,6.5717,326.3585,uW/nW,0.540,125,SS,saed05rvt_base_ss0p540v125c
comparator_12bit,200,0.5,0.3,94,0,1.205568,40,3.1891,381.6587,uW/nW,0.540,125,SS,saed05rvt_base_ss0p540v125c
comparator_12bit,200,0.5,0.7,94,0,1.205568,40,3.1771,388.3538,uW/nW,0.540,125,SS,saed05rvt_base_ss0p540v125c
comparator_12bit,300,0.1,0.5,94,0,1.205568,40,1.9636,362.4297,uW/nW,0.540,125,SS,saed05rvt_base_ss0p540v125c
comparator_12bit,300,0.5,0.5,94,0,1.205568,40,5.4628,362.2952,uW/nW,0.540,125,SS,saed05rvt_base_ss0p540v125c
comparator_12bit,300,0.3,0.5,94,0,1.205568,40,4.1271,362.2523,uW/nW,0.540,125,SS,saed05rvt_base_ss0p540v125c
comparator_12bit,300,0.8,0.5,94,0,1.205568,40,8.6570,326.3466,uW/nW,0.540,125,SS,saed05rvt_base_ss0p540v125c
comparator_12bit,300,0.5,0.3,94,0,1.205568,40,5.3908,360.4875,uW/nW,0.540,125,SS,saed05rvt_base_ss0p540v125c
comparator_12bit,300,0.5,0.7,94,0,1.205568,40,5.3752,367.3716,uW/nW,0.540,125,SS,saed05rvt_base_ss0p540v125c
comparator_12bit,450,0.1,0.5,94,0,1.205568,40,2.0673,362.2368,uW/nW,0.540,125,SS,saed05rvt_base_ss0p540v125c
comparator_12bit,450,0.5,0.5,94,0,1.205568,40,6.4546,362.5623,uW/nW,0.540,125,SS,saed05rvt_base_ss0p540v125c
comparator_12bit,450,0.3,0.5,94,0,1.205568,40,4.6197,362.4029,uW/nW,0.540,125,SS,saed05rvt_base_ss0p540v125c
comparator_12bit,450,0.8,0.5,94,0,1.205568,40,8.3139,362.4477,uW/nW,0.540,125,SS,saed05rvt_base_ss0p540v125c
comparator_12bit,450,0.5,0.3,94,0,1.205568,40,6.7051,365.0466,uW/nW,0.540,125,SS,saed05rvt_base_ss0p540v125c
comparator_12bit,450,0.5,0.7,94,0,1.205568,40,6.6900,371.9849,uW/nW,0.540,125,SS,saed05rvt_base_ss0p540v125c
comparator_12bit,600,0.1,0.5,94,0,1.205568,40,2.1319,362.2762,uW/nW,0.540,125,SS,saed05rvt_base_ss0p540v125c
comparator_12bit,600,0.5,0.5,94,0,1.205568,40,7.0723,362.3058,uW/nW,0.540,125,SS,saed05rvt_base_ss0p540v125c
comparator_12bit,600,0.3,0.5,94,0,1.205568,40,4.9107,362.4400,uW/nW,0.540,125,SS,saed05rvt_base_ss0p540v125c
comparator_12bit,600,0.8,0.5,94,0,1.205568,40,9.4936,362.3735,uW/nW,0.540,125,SS,saed05rvt_base_ss0p540v125c
comparator_12bit,600,0.5,0.3,94,0,1.205568,40,7.3592,365.1204,uW/nW,0.540,125,SS,saed05rvt_base_ss0p540v125c
comparator_12bit,600,0.5,0.7,94,0,1.205568,40,7.3224,372.0254,uW/nW,0.540,125,SS,saed05rvt_base_ss0p540v125c
comparator_12bit,750,0.1,0.5,94,0,1.205568,40,2.1685,362.1017,uW/nW,0.540,125,SS,saed05rvt_base_ss0p540v125c
comparator_12bit,750,0.5,0.5,94,0,1.205568,40,7.4957,362.5442,uW/nW,0.540,125,SS,saed05rvt_base_ss0p540v125c
comparator_12bit,750,0.3,0.5,94,0,1.205568,40,5.1205,362.6648,uW/nW,0.540,125,SS,saed05rvt_base_ss0p540v125c
comparator_12bit,750,0.8,0.5,94,0,1.205568,40,10.3197,362.5630,uW/nW,0.540,125,SS,saed05rvt_base_ss0p540v125c
comparator_12bit,750,0.5,0.3,94,0,1.205568,40,7.8261,365.1158,uW/nW,0.540,125,SS,saed05rvt_base_ss0p540v125c
comparator_12bit,750,0.5,0.7,94,0,1.205568,40,7.7914,372.2135,uW/nW,0.540,125,SS,saed05rvt_base_ss0p540v125c
comparator_12bit,900,0.1,0.5,94,0,1.205568,40,2.1831,362.2442,uW/nW,0.540,125,SS,saed05rvt_base_ss0p540v125c
comparator_12bit,900,0.5,0.5,94,0,1.205568,40,7.7872,362.6108,uW/nW,0.540,125,SS,saed05rvt_base_ss0p540v125c
comparator_12bit,900,0.3,0.5,94,0,1.205568,40,5.2597,362.5359,uW/nW,0.540,125,SS,saed05rvt_base_ss0p540v125c
comparator_12bit,900,0.8,0.5,94,0,1.205568,40,10.9241,362.5223,uW/nW,0.540,125,SS,saed05rvt_base_ss0p540v125c
comparator_12bit,900,0.5,0.3,94,0,1.205568,40,8.1412,365.2506,uW/nW,0.540,125,SS,saed05rvt_base_ss0p540v125c
comparator_12bit,900,0.5,0.7,94,0,1.205568,40,8.1172,372.2761,uW/nW,0.540,125,SS,saed05rvt_base_ss0p540v125c
comparator_12bit,1000,0.1,0.5,94,0,1.205568,40,2.2050,362.5677,uW/nW,0.540,125,SS,saed05rvt_base_ss0p540v125c
comparator_12bit,1000,0.5,0.5,94,0,1.205568,40,7.9518,362.5546,uW/nW,0.540,125,SS,saed05rvt_base_ss0p540v125c
comparator_12bit,1000,0.3,0.5,94,0,1.205568,40,5.3439,362.5890,uW/nW,0.540,125,SS,saed05rvt_base_ss0p540v125c
comparator_12bit,1000,0.8,0.5,94,0,1.205568,40,11.2374,362.5146,uW/nW,0.540,125,SS,saed05rvt_base_ss0p540v125c
comparator_12bit,1000,0.5,0.3,94,0,1.205568,40,8.3206,365.1704,uW/nW,0.540,125,SS,saed05rvt_base_ss0p540v125c
comparator_12bit,1000,0.5,0.7,94,0,1.205568,40,8.2994,372.1166,uW/nW,0.540,125,SS,saed05rvt_base_ss0p540v125c
comparator_12bit,10,0.1,0.5,95,0,1.201536,40,479.6520,2.6126,nW/nW,0.540,25,SS,saed05rvt_base_ss0p540v25c
comparator_12bit,10,0.5,0.5,95,0,1.201536,40,1.4962,2.7252,uW/nW,0.540,25,SS,saed05rvt_base_ss0p540v25c
comparator_12bit,10,0.3,0.5,95,0,1.201536,40,985.1320,2.7252,nW/nW,0.540,25,SS,saed05rvt_base_ss0p540v25c
comparator_12bit,10,0.8,0.5,95,0,1.201536,40,2.2628,2.7252,uW/nW,0.540,25,SS,saed05rvt_base_ss0p540v25c
comparator_12bit,10,0.5,0.3,95,0,1.201536,40,1.4139,3.2606,uW/nW,0.540,25,SS,saed05rvt_base_ss0p540v25c
comparator_12bit,10,0.5,0.7,95,0,1.201536,40,1.4126,3.3185,uW/nW,0.540,25,SS,saed05rvt_base_ss0p540v25c
comparator_12bit,50,0.1,0.5,95,0,1.201536,40,1.3761,2.6126,uW/nW,0.540,25,SS,saed05rvt_base_ss0p540v25c
comparator_12bit,50,0.5,0.5,95,0,1.201536,40,2.3703,2.7252,uW/nW,0.540,25,SS,saed05rvt_base_ss0p540v25c
comparator_12bit,50,0.3,0.5,95,0,1.201536,40,1.8592,2.7252,uW/nW,0.540,25,SS,saed05rvt_base_ss0p540v25c
comparator_12bit,50,0.8,0.5,95,0,1.201536,40,3.1369,2.7252,uW/nW,0.540,25,SS,saed05rvt_base_ss0p540v25c
comparator_12bit,50,0.5,0.3,95,0,1.201536,40,1.9508,3.2606,uW/nW,0.540,25,SS,saed05rvt_base_ss0p540v25c
comparator_12bit,50,0.5,0.7,95,0,1.201536,40,1.9500,3.3185,uW/nW,0.540,25,SS,saed05rvt_base_ss0p540v25c
comparator_12bit,100,0.1,0.5,95,0,1.201536,40,1.4312,3.0608,uW/nW,0.540,25,SS,saed05rvt_base_ss0p540v25c
comparator_12bit,100,0.5,0.5,95,0,1.201536,40,3.2479,2.7563,uW/nW,0.540,25,SS,saed05rvt_base_ss0p540v25c
comparator_12bit,100,0.3,0.5,95,0,1.201536,40,2.7364,2.7563,uW/nW,0.540,25,SS,saed05rvt_base_ss0p540v25c
comparator_12bit,100,0.8,0.5,95,0,1.201536,40,4.0150,2.7563,uW/nW,0.540,25,SS,saed05rvt_base_ss0p540v25c
comparator_12bit,100,0.5,0.3,95,0,1.201536,40,2.1936,3.3646,uW/nW,0.540,25,SS,saed05rvt_base_ss0p540v25c
comparator_12bit,100,0.5,0.7,95,0,1.201536,40,2.1936,3.4254,uW/nW,0.540,25,SS,saed05rvt_base_ss0p540v25c
comparator_12bit,200,0.1,0.5,95,0,1.201536,40,1.7178,3.0598,uW/nW,0.540,25,SS,saed05rvt_base_ss0p540v25c
comparator_12bit,200,0.5,0.5,95,0,1.201536,40,5.1069,2.7547,uW/nW,0.540,25,SS,saed05rvt_base_ss0p540v25c
comparator_12bit,200,0.3,0.5,95,0,1.201536,40,3.4056,3.0627,uW/nW,0.540,25,SS,saed05rvt_base_ss0p540v25c
comparator_12bit,200,0.8,0.5,95,0,1.201536,40,5.8743,2.7547,uW/nW,0.540,25,SS,saed05rvt_base_ss0p540v25c
comparator_12bit,200,0.5,0.3,95,0,1.201536,40,2.8818,3.3623,uW/nW,0.540,25,SS,saed05rvt_base_ss0p540v25c
comparator_12bit,200,0.5,0.7,95,0,1.201536,40,2.8828,3.4230,uW/nW,0.540,25,SS,saed05rvt_base_ss0p540v25c
comparator_12bit,300,0.1,0.5,95,0,1.201536,40,1.8452,3.0615,uW/nW,0.540,25,SS,saed05rvt_base_ss0p540v25c
comparator_12bit,300,0.5,0.5,95,0,1.201536,40,5.2875,3.0648,uW/nW,0.540,25,SS,saed05rvt_base_ss0p540v25c
comparator_12bit,300,0.3,0.5,95,0,1.201536,40,3.9581,3.0652,uW/nW,0.540,25,SS,saed05rvt_base_ss0p540v25c
comparator_12bit,300,0.8,0.5,95,0,1.201536,40,7.7182,2.7561,uW/nW,0.540,25,SS,saed05rvt_base_ss0p540v25c
comparator_12bit,300,0.5,0.3,95,0,1.201536,40,5.1961,3.0538,uW/nW,0.540,25,SS,saed05rvt_base_ss0p540v25c
comparator_12bit,300,0.5,0.7,95,0,1.201536,40,5.2006,3.1023,uW/nW,0.540,25,SS,saed05rvt_base_ss0p540v25c
comparator_12bit,450,0.1,0.5,95,0,1.201536,40,1.9464,3.0615,uW/nW,0.540,25,SS,saed05rvt_base_ss0p540v25c
comparator_12bit,450,0.5,0.5,95,0,1.201536,40,6.2308,3.0658,uW/nW,0.540,25,SS,saed05rvt_base_ss0p540v25c
comparator_12bit,450,0.3,0.5,95,0,1.201536,40,4.4390,3.0668,uW/nW,0.540,25,SS,saed05rvt_base_ss0p540v25c
comparator_12bit,450,0.8,0.5,95,0,1.201536,40,8.0936,3.0641,uW/nW,0.540,25,SS,saed05rvt_base_ss0p540v25c
comparator_12bit,450,0.5,0.3,95,0,1.201536,40,6.4687,3.1053,uW/nW,0.540,25,SS,saed05rvt_base_ss0p540v25c
comparator_12bit,450,0.5,0.7,95,0,1.201536,40,6.4728,3.1480,uW/nW,0.540,25,SS,saed05rvt_base_ss0p540v25c
comparator_12bit,600,0.1,0.5,95,0,1.201536,40,2.0008,3.0619,uW/nW,0.540,25,SS,saed05rvt_base_ss0p540v25c
comparator_12bit,600,0.5,0.5,95,0,1.201536,40,6.8156,3.0661,uW/nW,0.540,25,SS,saed05rvt_base_ss0p540v25c
comparator_12bit,600,0.3,0.5,95,0,1.201536,40,4.7169,3.0655,uW/nW,0.540,25,SS,saed05rvt_base_ss0p540v25c
comparator_12bit,600,0.8,0.5,95,0,1.201536,40,9.1875,3.0667,uW/nW,0.540,25,SS,saed05rvt_base_ss0p540v25c
comparator_12bit,600,0.5,0.3,95,0,1.201536,40,7.0861,3.1065,uW/nW,0.540,25,SS,saed05rvt_base_ss0p540v25c
comparator_12bit,600,0.5,0.7,95,0,1.201536,40,7.1079,3.1486,uW/nW,0.540,25,SS,saed05rvt_base_ss0p540v25c
comparator_12bit,750,0.1,0.5,95,0,1.201536,40,2.0354,3.0581,uW/nW,0.540,25,SS,saed05rvt_base_ss0p540v25c
comparator_12bit,750,0.5,0.5,95,0,1.201536,40,7.2276,3.0645,uW/nW,0.540,25,SS,saed05rvt_base_ss0p540v25c
comparator_12bit,750,0.3,0.5,95,0,1.201536,40,4.9141,3.0644,uW/nW,0.540,25,SS,saed05rvt_base_ss0p540v25c
comparator_12bit,750,0.8,0.5,95,0,1.201536,40,9.9704,3.0632,uW/nW,0.540,25,SS,saed05rvt_base_ss0p540v25c
comparator_12bit,750,0.5,0.3,95,0,1.201536,40,7.5301,3.1038,uW/nW,0.540,25,SS,saed05rvt_base_ss0p540v25c
comparator_12bit,750,0.5,0.7,95,0,1.201536,40,7.5499,3.1464,uW/nW,0.540,25,SS,saed05rvt_base_ss0p540v25c
comparator_12bit,900,0.1,0.5,95,0,1.201536,40,2.0618,3.0601,uW/nW,0.540,25,SS,saed05rvt_base_ss0p540v25c
comparator_12bit,900,0.5,0.5,95,0,1.201536,40,7.5310,3.0672,uW/nW,0.540,25,SS,saed05rvt_base_ss0p540v25c
comparator_12bit,900,0.3,0.5,95,0,1.201536,40,5.0617,3.0653,uW/nW,0.540,25,SS,saed05rvt_base_ss0p540v25c
comparator_12bit,900,0.8,0.5,95,0,1.201536,40,10.5715,3.0662,uW/nW,0.540,25,SS,saed05rvt_base_ss0p540v25c
comparator_12bit,900,0.5,0.3,95,0,1.201536,40,7.8683,3.1058,uW/nW,0.540,25,SS,saed05rvt_base_ss0p540v25c
comparator_12bit,900,0.5,0.7,95,0,1.201536,40,7.8883,3.1486,uW/nW,0.540,25,SS,saed05rvt_base_ss0p540v25c
comparator_12bit,1000,0.1,0.5,95,0,1.201536,40,2.0698,3.0620,uW/nW,0.540,25,SS,saed05rvt_base_ss0p540v25c
comparator_12bit,1000,0.5,0.5,95,0,1.201536,40,7.6853,3.0653,uW/nW,0.540,25,SS,saed05rvt_base_ss0p540v25c
comparator_12bit,1000,0.3,0.5,95,0,1.201536,40,5.1324,3.0642,uW/nW,0.540,25,SS,saed05rvt_base_ss0p540v25c
comparator_12bit,1000,0.8,0.5,95,0,1.201536,40,10.8789,3.0651,uW/nW,0.540,25,SS,saed05rvt_base_ss0p540v25c
comparator_12bit,1000,0.5,0.3,95,0,1.201536,40,8.0501,3.1056,uW/nW,0.540,25,SS,saed05rvt_base_ss0p540v25c
comparator_12bit,1000,0.5,0.7,95,0,1.201536,40,8.0657,3.1484,uW/nW,0.540,25,SS,saed05rvt_base_ss0p540v25c
comparator_12bit,10,0.1,0.5,102,0,1.245888,34,861.3916,776.3139,nW/nW,0.675,125,SS,saed05rvt_base_ss0p675v125c
comparator_12bit,10,0.5,0.5,102,0,1.245888,34,2.7363,776.3139,uW/nW,0.675,125,SS,saed05rvt_base_ss0p675v125c
comparator_12bit,10,0.3,0.5,102,0,1.245888,34,1.7989,776.3139,uW/nW,0.675,125,SS,saed05rvt_base_ss0p675v125c
comparator_12bit,10,0.8,0.5,102,0,1.245888,34,4.1423,776.3139,uW/nW,0.675,125,SS,saed05rvt_base_ss0p675v125c
comparator_12bit,10,0.5,0.3,102,0,1.245888,34,2.6149,886.1131,uW/nW,0.675,125,SS,saed05rvt_base_ss0p675v125c
comparator_12bit,10,0.5,0.7,102,0,1.245888,34,2.5787,895.7743,uW/nW,0.675,125,SS,saed05rvt_base_ss0p675v125c
comparator_12bit,50,0.1,0.5,102,0,1.245888,34,2.4298,776.3139,uW/nW,0.675,125,SS,saed05rvt_base_ss0p675v125c
comparator_12bit,50,0.5,0.5,102,0,1.245888,34,4.3070,776.3139,uW/nW,0.675,125,SS,saed05rvt_base_ss0p675v125c
comparator_12bit,50,0.3,0.5,102,0,1.245888,34,3.3691,776.3139,uW/nW,0.675,125,SS,saed05rvt_base_ss0p675v125c
comparator_12bit,50,0.8,0.5,102,0,1.245888,34,5.7133,776.3139,uW/nW,0.675,125,SS,saed05rvt_base_ss0p675v125c
comparator_12bit,50,0.5,0.3,102,0,1.245888,34,3.6314,886.1131,uW/nW,0.675,125,SS,saed05rvt_base_ss0p675v125c
comparator_12bit,50,0.5,0.7,102,0,1.245888,34,3.5950,895.7743,uW/nW,0.675,125,SS,saed05rvt_base_ss0p675v125c
comparator_12bit,100,0.1,0.5,102,0,1.245888,34,2.4541,881.8221,uW/nW,0.675,125,SS,saed05rvt_base_ss0p675v125c
comparator_12bit,100,0.5,0.5,102,0,1.245888,34,5.5600,816.4952,uW/nW,0.675,125,SS,saed05rvt_base_ss0p675v125c
comparator_12bit,100,0.3,0.5,102,0,1.245888,34,4.6222,816.4952,uW/nW,0.675,125,SS,saed05rvt_base_ss0p675v125c
comparator_12bit,100,0.8,0.5,102,0,1.245888,34,6.9658,816.4952,uW/nW,0.675,125,SS,saed05rvt_base_ss0p675v125c
comparator_12bit,100,0.5,0.3,102,0,1.245888,34,4.0799,935.4450,uW/nW,0.675,125,SS,saed05rvt_base_ss0p675v125c
comparator_12bit,100,0.5,0.7,102,0,1.245888,34,4.0474,945.1263,uW/nW,0.675,125,SS,saed05rvt_base_ss0p675v125c
comparator_12bit,200,0.1,0.5,102,0,1.245888,34,2.9658,881.9973,uW/nW,0.675,125,SS,saed05rvt_base_ss0p675v125c
comparator_12bit,200,0.5,0.5,102,0,1.245888,34,8.4801,816.5700,uW/nW,0.675,125,SS,saed05rvt_base_ss0p675v125c
comparator_12bit,200,0.3,0.5,102,0,1.245888,34,5.5360,881.9385,uW/nW,0.675,125,SS,saed05rvt_base_ss0p675v125c
comparator_12bit,200,0.8,0.5,102,0,1.245888,34,9.8870,816.5700,uW/nW,0.675,125,SS,saed05rvt_base_ss0p675v125c
comparator_12bit,200,0.5,0.3,102,0,1.245888,34,5.2520,935.5172,uW/nW,0.675,125,SS,saed05rvt_base_ss0p675v125c
comparator_12bit,200,0.5,0.7,102,0,1.245888,34,5.2244,945.1993,uW/nW,0.675,125,SS,saed05rvt_base_ss0p675v125c
comparator_12bit,300,0.1,0.5,102,0,1.245888,34,3.1920,882.1628,uW/nW,0.675,125,SS,saed05rvt_base_ss0p675v125c
comparator_12bit,300,0.5,0.5,102,0,1.245888,34,8.4476,881.1667,uW/nW,0.675,125,SS,saed05rvt_base_ss0p675v125c
comparator_12bit,300,0.3,0.5,102,0,1.245888,34,6.4418,881.8406,uW/nW,0.675,125,SS,saed05rvt_base_ss0p675v125c
comparator_12bit,300,0.8,0.5,102,0,1.245888,34,12.7581,816.3500,uW/nW,0.675,125,SS,saed05rvt_base_ss0p675v125c
comparator_12bit,300,0.5,0.3,102,0,1.245888,34,8.3745,878.3513,uW/nW,0.675,125,SS,saed05rvt_base_ss0p675v125c
comparator_12bit,300,0.5,0.7,102,0,1.245888,34,8.3647,888.8639,uW/nW,0.675,125,SS,saed05rvt_base_ss0p675v125c
comparator_12bit,450,0.1,0.5,102,0,1.245888,34,3.3616,881.8114,uW/nW,0.675,125,SS,saed05rvt_base_ss0p675v125c
comparator_12bit,450,0.5,0.5,102,0,1.245888,34,9.9626,882.1161,uW/nW,0.675,125,SS,saed05rvt_base_ss0p675v125c
comparator_12bit,450,0.3,0.5,102,0,1.245888,34,7.1958,882.0379,uW/nW,0.675,125,SS,saed05rvt_base_ss0p675v125c
comparator_12bit,450,0.8,0.5,102,0,1.245888,34,12.7233,881.8832,uW/nW,0.675,125,SS,saed05rvt_base_ss0p675v125c
comparator_12bit,450,0.5,0.3,102,0,1.245888,34,10.3140,886.9313,uW/nW,0.675,125,SS,saed05rvt_base_ss0p675v125c
comparator_12bit,450,0.5,0.7,102,0,1.245888,34,10.3098,897.7025,uW/nW,0.675,125,SS,saed05rvt_base_ss0p675v125c
comparator_12bit,600,0.1,0.5,102,0,1.245888,34,3.4754,881.6046,uW/nW,0.675,125,SS,saed05rvt_base_ss0p675v125c
comparator_12bit,600,0.5,0.5,102,0,1.245888,34,10.9022,881.8070,uW/nW,0.675,125,SS,saed05rvt_base_ss0p675v125c
comparator_12bit,600,0.3,0.5,102,0,1.245888,34,7.6494,881.8745,uW/nW,0.675,125,SS,saed05rvt_base_ss0p675v125c
comparator_12bit,600,0.8,0.5,102,0,1.245888,34,14.5232,882.0402,uW/nW,0.675,125,SS,saed05rvt_base_ss0p675v125c
comparator_12bit,600,0.5,0.3,102,0,1.245888,34,11.3007,887.2576,uW/nW,0.675,125,SS,saed05rvt_base_ss0p675v125c
comparator_12bit,600,0.5,0.7,102,0,1.245888,34,11.2804,898.1519,uW/nW,0.675,125,SS,saed05rvt_base_ss0p675v125c
comparator_12bit,750,0.1,0.5,102,0,1.245888,34,3.5357,881.6684,uW/nW,0.675,125,SS,saed05rvt_base_ss0p675v125c
comparator_12bit,750,0.5,0.5,102,0,1.245888,34,11.5456,881.9980,uW/nW,0.675,125,SS,saed05rvt_base_ss0p675v125c
comparator_12bit,750,0.3,0.5,102,0,1.245888,34,7.9715,882.0863,uW/nW,0.675,125,SS,saed05rvt_base_ss0p675v125c
comparator_12bit,750,0.8,0.5,102,0,1.245888,34,15.7977,881.9826,uW/nW,0.675,125,SS,saed05rvt_base_ss0p675v125c
comparator_12bit,750,0.5,0.3,102,0,1.245888,34,12.0141,887.4917,uW/nW,0.675,125,SS,saed05rvt_base_ss0p675v125c
comparator_12bit,750,0.5,0.7,102,0,1.245888,34,11.9979,898.2155,uW/nW,0.675,125,SS,saed05rvt_base_ss0p675v125c
comparator_12bit,900,0.1,0.5,102,0,1.245888,34,3.5775,881.9739,uW/nW,0.675,125,SS,saed05rvt_base_ss0p675v125c
comparator_12bit,900,0.5,0.5,102,0,1.245888,34,11.9639,881.5905,uW/nW,0.675,125,SS,saed05rvt_base_ss0p675v125c
comparator_12bit,900,0.3,0.5,102,0,1.245888,34,8.1742,881.6124,uW/nW,0.675,125,SS,saed05rvt_base_ss0p675v125c
comparator_12bit,900,0.8,0.5,102,0,1.245888,34,16.6950,882.0010,uW/nW,0.675,125,SS,saed05rvt_base_ss0p675v125c
comparator_12bit,900,0.5,0.3,102,0,1.245888,34,12.4736,887.0341,uW/nW,0.675,125,SS,saed05rvt_base_ss0p675v125c
comparator_12bit,900,0.5,0.7,102,0,1.245888,34,12.4448,898.0497,uW/nW,0.675,125,SS,saed05rvt_base_ss0p675v125c
comparator_12bit,1000,0.1,0.5,102,0,1.245888,34,3.5891,881.6488,uW/nW,0.675,125,SS,saed05rvt_base_ss0p675v125c
comparator_12bit,1000,0.5,0.5,102,0,1.245888,34,12.2178,881.6100,uW/nW,0.675,125,SS,saed05rvt_base_ss0p675v125c
comparator_12bit,1000,0.3,0.5,102,0,1.245888,34,8.2902,881.9240,uW/nW,0.675,125,SS,saed05rvt_base_ss0p675v125c
comparator_12bit,1000,0.8,0.5,102,0,1.245888,34,17.1715,881.8112,uW/nW,0.675,125,SS,saed05rvt_base_ss0p675v125c
comparator_12bit,1000,0.5,0.3,102,0,1.245888,34,12.7414,887.0724,uW/nW,0.675,125,SS,saed05rvt_base_ss0p675v125c
comparator_12bit,1000,0.5,0.7,102,0,1.245888,34,12.7283,897.7954,uW/nW,0.675,125,SS,saed05rvt_base_ss0p675v125c
comparator_12bit,10,0.1,0.5,88,0,1.145088,42,827.8873,6.8122,nW/nW,0.675,25,SS,saed05rvt_base_ss0p675v25c
comparator_12bit,10,0.5,0.5,88,0,1.145088,42,2.4494,6.8795,uW/nW,0.675,25,SS,saed05rvt_base_ss0p675v25c
comparator_12bit,10,0.3,0.5,88,0,1.145088,42,1.6343,6.8795,uW/nW,0.675,25,SS,saed05rvt_base_ss0p675v25c
comparator_12bit,10,0.8,0.5,88,0,1.145088,42,3.6721,6.8795,uW/nW,0.675,25,SS,saed05rvt_base_ss0p675v25c
comparator_12bit,10,0.5,0.3,88,0,1.145088,42,2.2178,9.2895,uW/nW,0.675,25,SS,saed05rvt_base_ss0p675v25c
comparator_12bit,10,0.5,0.7,88,0,1.145088,42,2.1971,9.2425,uW/nW,0.675,25,SS,saed05rvt_base_ss0p675v25c
comparator_12bit,50,0.1,0.5,88,0,1.145088,42,2.5099,6.8122,uW/nW,0.675,25,SS,saed05rvt_base_ss0p675v25c
comparator_12bit,50,0.5,0.5,88,0,1.145088,42,4.0961,6.8795,uW/nW,0.675,25,SS,saed05rvt_base_ss0p675v25c
comparator_12bit,50,0.3,0.5,88,0,1.145088,42,3.2811,6.8795,uW/nW,0.675,25,SS,saed05rvt_base_ss0p675v25c
comparator_12bit,50,0.8,0.5,88,0,1.145088,42,5.3187,6.8795,uW/nW,0.675,25,SS,saed05rvt_base_ss0p675v25c
comparator_12bit,50,0.5,0.3,88,0,1.145088,42,2.8901,9.2895,uW/nW,0.675,25,SS,saed05rvt_base_ss0p675v25c
comparator_12bit,50,0.5,0.7,88,0,1.145088,42,2.8706,9.2425,uW/nW,0.675,25,SS,saed05rvt_base_ss0p675v25c
comparator_12bit,100,0.1,0.5,88,0,1.145088,42,2.2722,8.4438,uW/nW,0.675,25,SS,saed05rvt_base_ss0p675v25c
comparator_12bit,100,0.5,0.5,88,0,1.145088,42,6.1373,6.8751,uW/nW,0.675,25,SS,saed05rvt_base_ss0p675v25c
comparator_12bit,100,0.3,0.5,88,0,1.145088,42,5.3227,6.8751,uW/nW,0.675,25,SS,saed05rvt_base_ss0p675v25c
comparator_12bit,100,0.8,0.5,88,0,1.145088,42,7.3597,6.8751,uW/nW,0.675,25,SS,saed05rvt_base_ss0p675v25c
comparator_12bit,100,0.5,0.3,88,0,1.145088,42,3.4758,9.4247,uW/nW,0.675,25,SS,saed05rvt_base_ss0p675v25c
comparator_12bit,100,0.5,0.7,88,0,1.145088,42,3.4563,9.3778,uW/nW,0.675,25,SS,saed05rvt_base_ss0p675v25c
comparator_12bit,200,0.1,0.5,88,0,1.145088,42,2.7182,8.4421,uW/nW,0.675,25,SS,saed05rvt_base_ss0p675v25c
comparator_12bit,200,0.5,0.5,88,0,1.145088,42,10.1947,6.8759,uW/nW,0.675,25,SS,saed05rvt_base_ss0p675v25c
comparator_12bit,200,0.3,0.5,88,0,1.145088,42,5.7717,8.4412,uW/nW,0.675,25,SS,saed05rvt_base_ss0p675v25c
comparator_12bit,200,0.8,0.5,88,0,1.145088,42,11.4164,6.8759,uW/nW,0.675,25,SS,saed05rvt_base_ss0p675v25c
comparator_12bit,200,0.5,0.3,88,0,1.145088,42,4.7564,9.4268,uW/nW,0.675,25,SS,saed05rvt_base_ss0p675v25c
comparator_12bit,200,0.5,0.7,88,0,1.145088,42,4.7376,9.3799,uW/nW,0.675,25,SS,saed05rvt_base_ss0p675v25c
comparator_12bit,300,0.1,0.5,88,0,1.145088,42,2.9256,8.4445,uW/nW,0.675,25,SS,saed05rvt_base_ss0p675v25c
comparator_12bit,300,0.5,0.5,88,0,1.145088,42,9.1470,8.4494,uW/nW,0.675,25,SS,saed05rvt_base_ss0p675v25c
comparator_12bit,300,0.3,0.5,88,0,1.145088,42,6.6785,8.4494,uW/nW,0.675,25,SS,saed05rvt_base_ss0p675v25c
comparator_12bit,300,0.8,0.5,88,0,1.145088,42,15.4682,6.8758,uW/nW,0.675,25,SS,saed05rvt_base_ss0p675v25c
comparator_12bit,300,0.5,0.3,88,0,1.145088,42,8.9653,8.5351,uW/nW,0.675,25,SS,saed05rvt_base_ss0p675v25c
comparator_12bit,300,0.5,0.7,88,0,1.145088,42,8.9552,8.4903,uW/nW,0.675,25,SS,saed05rvt_base_ss0p675v25c
comparator_12bit,450,0.1,0.5,88,0,1.145088,42,3.0838,8.4424,uW/nW,0.675,25,SS,saed05rvt_base_ss0p675v25c
comparator_12bit,450,0.5,0.5,88,0,1.145088,42,10.7138,8.4501,uW/nW,0.675,25,SS,saed05rvt_base_ss0p675v25c
comparator_12bit,450,0.3,0.5,88,0,1.145088,42,7.4999,8.4498,uW/nW,0.675,25,SS,saed05rvt_base_ss0p675v25c
comparator_12bit,450,0.8,0.5,88,0,1.145088,42,14.1928,8.4499,uW/nW,0.675,25,SS,saed05rvt_base_ss0p675v25c
comparator_12bit,450,0.5,0.3,88,0,1.145088,42,11.2026,8.7089,uW/nW,0.675,25,SS,saed05rvt_base_ss0p675v25c
comparator_12bit,450,0.5,0.7,88,0,1.145088,42,11.1850,8.6632,uW/nW,0.675,25,SS,saed05rvt_base_ss0p675v25c
comparator_12bit,600,0.1,0.5,88,0,1.145088,42,3.1862,8.4405,uW/nW,0.675,25,SS,saed05rvt_base_ss0p675v25c
comparator_12bit,600,0.5,0.5,88,0,1.145088,42,11.7320,8.4540,uW/nW,0.675,25,SS,saed05rvt_base_ss0p675v25c
comparator_12bit,600,0.3,0.5,88,0,1.145088,42,7.9962,8.4492,uW/nW,0.675,25,SS,saed05rvt_base_ss0p675v25c
comparator_12bit,600,0.8,0.5,88,0,1.145088,42,15.9847,8.4480,uW/nW,0.675,25,SS,saed05rvt_base_ss0p675v25c
comparator_12bit,600,0.5,0.3,88,0,1.145088,42,12.2986,8.7122,uW/nW,0.675,25,SS,saed05rvt_base_ss0p675v25c
comparator_12bit,600,0.5,0.7,88,0,1.145088,42,12.2855,8.6665,uW/nW,0.675,25,SS,saed05rvt_base_ss0p675v25c
comparator_12bit,750,0.1,0.5,88,0,1.145088,42,3.2412,8.4374,uW/nW,0.675,25,SS,saed05rvt_base_ss0p675v25c
comparator_12bit,750,0.5,0.5,88,0,1.145088,42,12.4327,8.4489,uW/nW,0.675,25,SS,saed05rvt_base_ss0p675v25c
comparator_12bit,750,0.3,0.5,88,0,1.145088,42,8.3462,8.4547,uW/nW,0.675,25,SS,saed05rvt_base_ss0p675v25c
comparator_12bit,750,0.8,0.5,88,0,1.145088,42,17.3306,8.4497,uW/nW,0.675,25,SS,saed05rvt_base_ss0p675v25c
comparator_12bit,750,0.5,0.3,88,0,1.145088,42,13.0617,8.7091,uW/nW,0.675,25,SS,saed05rvt_base_ss0p675v25c
comparator_12bit,750,0.5,0.7,88,0,1.145088,42,13.0535,8.6623,uW/nW,0.675,25,SS,saed05rvt_base_ss0p675v25c
comparator_12bit,900,0.1,0.5,88,0,1.145088,42,3.2714,8.4386,uW/nW,0.675,25,SS,saed05rvt_base_ss0p675v25c
comparator_12bit,900,0.5,0.5,88,0,1.145088,42,12.9571,8.4502,uW/nW,0.675,25,SS,saed05rvt_base_ss0p675v25c
comparator_12bit,900,0.3,0.5,88,0,1.145088,42,8.5824,8.4435,uW/nW,0.675,25,SS,saed05rvt_base_ss0p675v25c
comparator_12bit,900,0.8,0.5,88,0,1.145088,42,18.3456,8.4496,uW/nW,0.675,25,SS,saed05rvt_base_ss0p675v25c
comparator_12bit,900,0.5,0.3,88,0,1.145088,42,13.6841,8.7099,uW/nW,0.675,25,SS,saed05rvt_base_ss0p675v25c
comparator_12bit,900,0.5,0.7,88,0,1.145088,42,13.6806,8.6627,uW/nW,0.675,25,SS,saed05rvt_base_ss0p675v25c
comparator_12bit,1000,0.1,0.5,88,0,1.145088,42,3.3017,8.4423,uW/nW,0.675,25,SS,saed05rvt_base_ss0p675v25c
comparator_12bit,1000,0.5,0.5,88,0,1.145088,42,13.2599,8.4473,uW/nW,0.675,25,SS,saed05rvt_base_ss0p675v25c
comparator_12bit,1000,0.3,0.5,88,0,1.145088,42,8.7285,8.4514,uW/nW,0.675,25,SS,saed05rvt_base_ss0p675v25c
comparator_12bit,1000,0.8,0.5,88,0,1.145088,42,18.9072,8.4492,uW/nW,0.675,25,SS,saed05rvt_base_ss0p675v25c
comparator_12bit,1000,0.5,0.3,88,0,1.145088,42,13.9940,8.7128,uW/nW,0.675,25,SS,saed05rvt_base_ss0p675v25c
comparator_12bit,1000,0.5,0.7,88,0,1.145088,42,13.9868,8.6636,uW/nW,0.675,25,SS,saed05rvt_base_ss0p675v25c
comparator_24bit,10,0.1,0.5,196,0,2.455488,50,1.2740,9.7737,uW/nW,0.60,25,TT,saed05rvt_base_tt0p60v25c
comparator_24bit,10,0.5,0.5,196,0,2.455488,50,3.7881,9.8156,uW/nW,0.60,25,TT,saed05rvt_base_tt0p60v25c
comparator_24bit,10,0.3,0.5,196,0,2.455488,50,2.5085,9.8156,uW/nW,0.60,25,TT,saed05rvt_base_tt0p60v25c
comparator_24bit,10,0.8,0.5,196,0,2.455488,50,5.7075,9.8156,uW/nW,0.60,25,TT,saed05rvt_base_tt0p60v25c
comparator_24bit,10,0.5,0.3,196,0,2.455488,50,3.6176,11.7253,uW/nW,0.60,25,TT,saed05rvt_base_tt0p60v25c
comparator_24bit,10,0.5,0.7,196,0,2.455488,50,3.5910,11.6768,uW/nW,0.60,25,TT,saed05rvt_base_tt0p60v25c
comparator_24bit,50,0.1,0.5,196,0,2.455488,50,3.8042,9.7737,uW/nW,0.60,25,TT,saed05rvt_base_tt0p60v25c
comparator_24bit,50,0.5,0.5,196,0,2.455488,50,6.1437,9.8156,uW/nW,0.60,25,TT,saed05rvt_base_tt0p60v25c
comparator_24bit,50,0.3,0.5,196,0,2.455488,50,4.8635,9.8156,uW/nW,0.60,25,TT,saed05rvt_base_tt0p60v25c
comparator_24bit,50,0.8,0.5,196,0,2.455488,50,8.0635,9.8156,uW/nW,0.60,25,TT,saed05rvt_base_tt0p60v25c
comparator_24bit,50,0.5,0.3,196,0,2.455488,50,5.2371,11.7253,uW/nW,0.60,25,TT,saed05rvt_base_tt0p60v25c
comparator_24bit,50,0.5,0.7,196,0,2.455488,50,5.2150,11.6768,uW/nW,0.60,25,TT,saed05rvt_base_tt0p60v25c
comparator_24bit,100,0.1,0.5,196,0,2.455488,50,3.7366,11.4068,uW/nW,0.60,25,TT,saed05rvt_base_tt0p60v25c
comparator_24bit,100,0.5,0.5,196,0,2.455488,50,8.5696,10.1199,uW/nW,0.60,25,TT,saed05rvt_base_tt0p60v25c
comparator_24bit,100,0.3,0.5,196,0,2.455488,50,7.2869,10.1199,uW/nW,0.60,25,TT,saed05rvt_base_tt0p60v25c
comparator_24bit,100,0.8,0.5,196,0,2.455488,50,10.4918,10.1199,uW/nW,0.60,25,TT,saed05rvt_base_tt0p60v25c
comparator_24bit,100,0.5,0.3,196,0,2.455488,50,5.9870,12.3064,uW/nW,0.60,25,TT,saed05rvt_base_tt0p60v25c
comparator_24bit,100,0.5,0.7,196,0,2.455488,50,5.9697,12.2582,uW/nW,0.60,25,TT,saed05rvt_base_tt0p60v25c
comparator_24bit,200,0.1,0.5,196,0,2.455488,50,4.4946,11.4057,uW/nW,0.60,25,TT,saed05rvt_base_tt0p60v25c
comparator_24bit,200,0.5,0.5,196,0,2.455488,50,13.5472,10.1215,uW/nW,0.60,25,TT,saed05rvt_base_tt0p60v25c
comparator_24bit,200,0.3,0.5,196,0,2.455488,50,8.5294,11.4319,uW/nW,0.60,25,TT,saed05rvt_base_tt0p60v25c
comparator_24bit,200,0.8,0.5,196,0,2.455488,50,15.4722,10.1215,uW/nW,0.60,25,TT,saed05rvt_base_tt0p60v25c
comparator_24bit,200,0.5,0.3,196,0,2.455488,50,7.8971,12.3071,uW/nW,0.60,25,TT,saed05rvt_base_tt0p60v25c
comparator_24bit,200,0.5,0.7,196,0,2.455488,50,7.8894,12.2589,uW/nW,0.60,25,TT,saed05rvt_base_tt0p60v25c
comparator_24bit,300,0.1,0.5,196,0,2.455488,50,4.8302,11.3995,uW/nW,0.60,25,TT,saed05rvt_base_tt0p60v25c
comparator_24bit,300,0.5,0.5,196,0,2.455488,50,13.0615,11.4277,uW/nW,0.60,25,TT,saed05rvt_base_tt0p60v25c
comparator_24bit,300,0.3,0.5,196,0,2.455488,50,9.9211,11.4273,uW/nW,0.60,25,TT,saed05rvt_base_tt0p60v25c
comparator_24bit,300,0.8,0.5,196,0,2.455488,50,20.3875,10.1187,uW/nW,0.60,25,TT,saed05rvt_base_tt0p60v25c
comparator_24bit,300,0.5,0.3,196,0,2.455488,50,12.8714,11.4985,uW/nW,0.60,25,TT,saed05rvt_base_tt0p60v25c
comparator_24bit,300,0.5,0.7,196,0,2.455488,50,12.8968,11.4517,uW/nW,0.60,25,TT,saed05rvt_base_tt0p60v25c
comparator_24bit,450,0.1,0.5,196,0,2.455488,50,5.0883,11.4038,uW/nW,0.60,25,TT,saed05rvt_base_tt0p60v25c
comparator_24bit,450,0.5,0.5,196,0,2.455488,50,15.4174,11.4287,uW/nW,0.60,25,TT,saed05rvt_base_tt0p60v25c
comparator_24bit,450,0.3,0.5,196,0,2.455488,50,11.0713,11.4274,uW/nW,0.60,25,TT,saed05rvt_base_tt0p60v25c
comparator_24bit,450,0.8,0.5,196,0,2.455488,50,19.7735,11.4305,uW/nW,0.60,25,TT,saed05rvt_base_tt0p60v25c
comparator_24bit,450,0.5,0.3,196,0,2.455488,50,15.8947,11.6602,uW/nW,0.60,25,TT,saed05rvt_base_tt0p60v25c
comparator_24bit,450,0.5,0.7,196,0,2.455488,50,15.9376,11.6141,uW/nW,0.60,25,TT,saed05rvt_base_tt0p60v25c
comparator_24bit,600,0.1,0.5,196,0,2.455488,50,5.2283,11.4003,uW/nW,0.60,25,TT,saed05rvt_base_tt0p60v25c
comparator_24bit,600,0.5,0.5,196,0,2.455488,50,16.8534,11.4315,uW/nW,0.60,25,TT,saed05rvt_base_tt0p60v25c
comparator_24bit,600,0.3,0.5,196,0,2.455488,50,11.7402,11.4290,uW/nW,0.60,25,TT,saed05rvt_base_tt0p60v25c
comparator_24bit,600,0.8,0.5,196,0,2.455488,50,22.5710,11.4320,uW/nW,0.60,25,TT,saed05rvt_base_tt0p60v25c
comparator_24bit,600,0.5,0.3,196,0,2.455488,50,17.3854,11.6634,uW/nW,0.60,25,TT,saed05rvt_base_tt0p60v25c
comparator_24bit,600,0.5,0.7,196,0,2.455488,50,17.4533,11.6197,uW/nW,0.60,25,TT,saed05rvt_base_tt0p60v25c
comparator_24bit,750,0.1,0.5,196,0,2.455488,50,5.3250,11.4070,uW/nW,0.60,25,TT,saed05rvt_base_tt0p60v25c
comparator_24bit,750,0.5,0.5,196,0,2.455488,50,17.8323,11.4283,uW/nW,0.60,25,TT,saed05rvt_base_tt0p60v25c
comparator_24bit,750,0.3,0.5,196,0,2.455488,50,12.2321,11.4321,uW/nW,0.60,25,TT,saed05rvt_base_tt0p60v25c
comparator_24bit,750,0.8,0.5,196,0,2.455488,50,24.5044,11.4279,uW/nW,0.60,25,TT,saed05rvt_base_tt0p60v25c
comparator_24bit,750,0.5,0.3,196,0,2.455488,50,18.4308,11.6590,uW/nW,0.60,25,TT,saed05rvt_base_tt0p60v25c
comparator_24bit,750,0.5,0.7,196,0,2.455488,50,18.4970,11.6159,uW/nW,0.60,25,TT,saed05rvt_base_tt0p60v25c
comparator_24bit,900,0.1,0.5,196,0,2.455488,50,5.3659,11.3981,uW/nW,0.60,25,TT,saed05rvt_base_tt0p60v25c
comparator_24bit,900,0.5,0.5,196,0,2.455488,50,18.5087,11.4286,uW/nW,0.60,25,TT,saed05rvt_base_tt0p60v25c
comparator_24bit,900,0.3,0.5,196,0,2.455488,50,12.5478,11.4234,uW/nW,0.60,25,TT,saed05rvt_base_tt0p60v25c
comparator_24bit,900,0.8,0.5,196,0,2.455488,50,25.9024,11.4273,uW/nW,0.60,25,TT,saed05rvt_base_tt0p60v25c
comparator_24bit,900,0.5,0.3,196,0,2.455488,50,19.1797,11.6558,uW/nW,0.60,25,TT,saed05rvt_base_tt0p60v25c
comparator_24bit,900,0.5,0.7,196,0,2.455488,50,19.2585,11.6126,uW/nW,0.60,25,TT,saed05rvt_base_tt0p60v25c
comparator_24bit,1000,0.1,0.5,196,0,2.455488,50,5.4073,11.4003,uW/nW,0.60,25,TT,saed05rvt_base_tt0p60v25c
comparator_24bit,1000,0.5,0.5,196,0,2.455488,50,18.8916,11.4297,uW/nW,0.60,25,TT,saed05rvt_base_tt0p60v25c
comparator_24bit,1000,0.3,0.5,196,0,2.455488,50,12.7541,11.4300,uW/nW,0.60,25,TT,saed05rvt_base_tt0p60v25c
comparator_24bit,1000,0.8,0.5,196,0,2.455488,50,26.7190,11.4301,uW/nW,0.60,25,TT,saed05rvt_base_tt0p60v25c
comparator_24bit,1000,0.5,0.3,196,0,2.455488,50,19.6191,11.6600,uW/nW,0.60,25,TT,saed05rvt_base_tt0p60v25c
comparator_24bit,1000,0.5,0.7,196,0,2.455488,50,19.7078,11.6188,uW/nW,0.60,25,TT,saed05rvt_base_tt0p60v25c
comparator_24bit,10,0.1,0.5,202,0,2.479680,54,1.4143,1.0718,uW/uW,0.60,125,TT,saed05rvt_base_tt0p60v125c
comparator_24bit,10,0.5,0.5,202,0,2.479680,54,4.0310,1.1154,uW/uW,0.60,125,TT,saed05rvt_base_tt0p60v125c
comparator_24bit,10,0.3,0.5,202,0,2.479680,54,2.6472,1.1154,uW/uW,0.60,125,TT,saed05rvt_base_tt0p60v125c
comparator_24bit,10,0.8,0.5,202,0,2.479680,54,6.1066,1.1154,uW/uW,0.60,125,TT,saed05rvt_base_tt0p60v125c
comparator_24bit,10,0.5,0.3,202,0,2.479680,54,3.8894,1.2669,uW/uW,0.60,125,TT,saed05rvt_base_tt0p60v125c
comparator_24bit,10,0.5,0.7,202,0,2.479680,54,3.8899,1.3003,uW/uW,0.60,125,TT,saed05rvt_base_tt0p60v125c
comparator_24bit,50,0.1,0.5,202,0,2.479680,54,4.2965,1.0718,uW/uW,0.60,125,TT,saed05rvt_base_tt0p60v125c
comparator_24bit,50,0.5,0.5,202,0,2.479680,54,6.3168,1.1154,uW/uW,0.60,125,TT,saed05rvt_base_tt0p60v125c
comparator_24bit,50,0.3,0.5,202,0,2.479680,54,4.9326,1.1154,uW/uW,0.60,125,TT,saed05rvt_base_tt0p60v125c
comparator_24bit,50,0.8,0.5,202,0,2.479680,54,8.3927,1.1154,uW/uW,0.60,125,TT,saed05rvt_base_tt0p60v125c
comparator_24bit,50,0.5,0.3,202,0,2.479680,54,5.6027,1.2669,uW/uW,0.60,125,TT,saed05rvt_base_tt0p60v125c
comparator_24bit,50,0.5,0.7,202,0,2.479680,54,5.6110,1.3003,uW/uW,0.60,125,TT,saed05rvt_base_tt0p60v125c
comparator_24bit,100,0.1,0.5,202,0,2.479680,54,3.8572,1.2684,uW/uW,0.60,125,TT,saed05rvt_base_tt0p60v125c
comparator_24bit,100,0.5,0.5,202,0,2.479680,54,9.1354,1.1354,uW/uW,0.60,125,TT,saed05rvt_base_tt0p60v125c
comparator_24bit,100,0.3,0.5,202,0,2.479680,54,7.7491,1.1354,uW/uW,0.60,125,TT,saed05rvt_base_tt0p60v125c
comparator_24bit,100,0.8,0.5,202,0,2.479680,54,11.2137,1.1354,uW/uW,0.60,125,TT,saed05rvt_base_tt0p60v125c
comparator_24bit,100,0.5,0.3,202,0,2.479680,54,6.5381,1.3242,uW/uW,0.60,125,TT,saed05rvt_base_tt0p60v125c
comparator_24bit,100,0.5,0.7,202,0,2.479680,54,6.5515,1.3595,uW/uW,0.60,125,TT,saed05rvt_base_tt0p60v125c
comparator_24bit,200,0.1,0.5,202,0,2.479680,54,4.6169,1.2690,uW/uW,0.60,125,TT,saed05rvt_base_tt0p60v125c
comparator_24bit,200,0.5,0.5,202,0,2.479680,54,14.3226,1.1353,uW/uW,0.60,125,TT,saed05rvt_base_tt0p60v125c
comparator_24bit,200,0.3,0.5,202,0,2.479680,54,8.6323,1.2703,uW/uW,0.60,125,TT,saed05rvt_base_tt0p60v125c
comparator_24bit,200,0.8,0.5,202,0,2.479680,54,16.4027,1.1353,uW/uW,0.60,125,TT,saed05rvt_base_tt0p60v125c
comparator_24bit,200,0.5,0.3,202,0,2.479680,54,8.5950,1.3244,uW/uW,0.60,125,TT,saed05rvt_base_tt0p60v125c
comparator_24bit,200,0.5,0.7,202,0,2.479680,54,8.6217,1.3597,uW/uW,0.60,125,TT,saed05rvt_base_tt0p60v125c
comparator_24bit,300,0.1,0.5,202,0,2.479680,54,4.9471,1.2687,uW/uW,0.60,125,TT,saed05rvt_base_tt0p60v125c
comparator_24bit,300,0.5,0.5,202,0,2.479680,54,13.1810,1.2705,uW/uW,0.60,125,TT,saed05rvt_base_tt0p60v125c
comparator_24bit,300,0.3,0.5,202,0,2.479680,54,9.9182,1.2706,uW/uW,0.60,125,TT,saed05rvt_base_tt0p60v125c
comparator_24bit,300,0.8,0.5,202,0,2.479680,54,21.5312,1.1354,uW/uW,0.60,125,TT,saed05rvt_base_tt0p60v125c
comparator_24bit,300,0.5,0.3,202,0,2.479680,54,12.9216,1.2579,uW/uW,0.60,125,TT,saed05rvt_base_tt0p60v125c
comparator_24bit,300,0.5,0.7,202,0,2.479680,54,13.0004,1.2886,uW/uW,0.60,125,TT,saed05rvt_base_tt0p60v125c
comparator_24bit,450,0.1,0.5,202,0,2.479680,54,5.2180,1.2680,uW/uW,0.60,125,TT,saed05rvt_base_tt0p60v125c
comparator_24bit,450,0.5,0.5,202,0,2.479680,54,15.3262,1.2703,uW/uW,0.60,125,TT,saed05rvt_base_tt0p60v125c
comparator_24bit,450,0.3,0.5,202,0,2.479680,54,11.0068,1.2706,uW/uW,0.60,125,TT,saed05rvt_base_tt0p60v125c
comparator_24bit,450,0.8,0.5,202,0,2.479680,54,19.9109,1.2703,uW/uW,0.60,125,TT,saed05rvt_base_tt0p60v125c
comparator_24bit,450,0.5,0.3,202,0,2.479680,54,15.7187,1.2732,uW/uW,0.60,125,TT,saed05rvt_base_tt0p60v125c
comparator_24bit,450,0.5,0.7,202,0,2.479680,54,15.8576,1.3012,uW/uW,0.60,125,TT,saed05rvt_base_tt0p60v125c
comparator_24bit,600,0.1,0.5,202,0,2.479680,54,5.3591,1.2677,uW/uW,0.60,125,TT,saed05rvt_base_tt0p60v125c
comparator_24bit,600,0.5,0.5,202,0,2.479680,54,16.6044,1.2698,uW/uW,0.60,125,TT,saed05rvt_base_tt0p60v125c
comparator_24bit,600,0.3,0.5,202,0,2.479680,54,11.6372,1.2698,uW/uW,0.60,125,TT,saed05rvt_base_tt0p60v125c
comparator_24bit,600,0.8,0.5,202,0,2.479680,54,22.3746,1.2700,uW/uW,0.60,125,TT,saed05rvt_base_tt0p60v125c
comparator_24bit,600,0.5,0.3,202,0,2.479680,54,17.0695,1.2731,uW/uW,0.60,125,TT,saed05rvt_base_tt0p60v125c
comparator_24bit,600,0.5,0.7,202,0,2.479680,54,17.2264,1.3005,uW/uW,0.60,125,TT,saed05rvt_base_tt0p60v125c
comparator_24bit,750,0.1,0.5,202,0,2.479680,54,5.4408,1.2679,uW/uW,0.60,125,TT,saed05rvt_base_tt0p60v125c
comparator_24bit,750,0.5,0.5,202,0,2.479680,54,17.5003,1.2696,uW/uW,0.60,125,TT,saed05rvt_base_tt0p60v125c
comparator_24bit,750,0.3,0.5,202,0,2.479680,54,12.0308,1.2697,uW/uW,0.60,125,TT,saed05rvt_base_tt0p60v125c
comparator_24bit,750,0.8,0.5,202,0,2.479680,54,24.1204,1.2700,uW/uW,0.60,125,TT,saed05rvt_base_tt0p60v125c
comparator_24bit,750,0.5,0.3,202,0,2.479680,54,18.0153,1.2726,uW/uW,0.60,125,TT,saed05rvt_base_tt0p60v125c
comparator_24bit,750,0.5,0.7,202,0,2.479680,54,18.1786,1.3002,uW/uW,0.60,125,TT,saed05rvt_base_tt0p60v125c
comparator_24bit,900,0.1,0.5,202,0,2.479680,54,5.5080,1.2682,uW/uW,0.60,125,TT,saed05rvt_base_tt0p60v125c
comparator_24bit,900,0.5,0.5,202,0,2.479680,54,18.1510,1.2702,uW/uW,0.60,125,TT,saed05rvt_base_tt0p60v125c
comparator_24bit,900,0.3,0.5,202,0,2.479680,54,12.3697,1.2707,uW/uW,0.60,125,TT,saed05rvt_base_tt0p60v125c
comparator_24bit,900,0.8,0.5,202,0,2.479680,54,25.4188,1.2703,uW/uW,0.60,125,TT,saed05rvt_base_tt0p60v125c
comparator_24bit,900,0.5,0.3,202,0,2.479680,54,18.6999,1.2738,uW/uW,0.60,125,TT,saed05rvt_base_tt0p60v125c
comparator_24bit,900,0.5,0.7,202,0,2.479680,54,18.8693,1.3015,uW/uW,0.60,125,TT,saed05rvt_base_tt0p60v125c
comparator_24bit,1000,0.1,0.5,202,0,2.479680,54,5.5406,1.2681,uW/uW,0.60,125,TT,saed05rvt_base_tt0p60v125c
comparator_24bit,1000,0.5,0.5,202,0,2.479680,54,18.5066,1.2704,uW/uW,0.60,125,TT,saed05rvt_base_tt0p60v125c
comparator_24bit,1000,0.3,0.5,202,0,2.479680,54,12.5149,1.2702,uW/uW,0.60,125,TT,saed05rvt_base_tt0p60v125c
comparator_24bit,1000,0.8,0.5,202,0,2.479680,54,26.0900,1.2703,uW/uW,0.60,125,TT,saed05rvt_base_tt0p60v125c
comparator_24bit,1000,0.5,0.3,202,0,2.479680,54,19.0877,1.2736,uW/uW,0.60,125,TT,saed05rvt_base_tt0p60v125c
comparator_24bit,1000,0.5,0.7,202,0,2.479680,54,19.2476,1.3010,uW/uW,0.60,125,TT,saed05rvt_base_tt0p60v125c
comparator_24bit,10,0.1,0.5,198,0,2.451456,50,2.1454,2.6204,uW/uW,0.75,125,TT,saed05rvt_base_tt0p75v125c
comparator_24bit,10,0.5,0.5,198,0,2.451456,50,6.0677,2.7162,uW/uW,0.75,125,TT,saed05rvt_base_tt0p75v125c
comparator_24bit,10,0.3,0.5,198,0,2.451456,50,4.0275,2.7162,uW/uW,0.75,125,TT,saed05rvt_base_tt0p75v125c
comparator_24bit,10,0.8,0.5,198,0,2.451456,50,9.1279,2.7162,uW/uW,0.75,125,TT,saed05rvt_base_tt0p75v125c
comparator_24bit,10,0.5,0.3,198,0,2.451456,50,5.7780,3.2165,uW/uW,0.75,125,TT,saed05rvt_base_tt0p75v125c
comparator_24bit,10,0.5,0.7,198,0,2.451456,50,5.7689,3.2951,uW/uW,0.75,125,TT,saed05rvt_base_tt0p75v125c
comparator_24bit,50,0.1,0.5,198,0,2.451456,50,6.6411,2.6204,uW/uW,0.75,125,TT,saed05rvt_base_tt0p75v125c
comparator_24bit,50,0.5,0.5,198,0,2.451456,50,9.9367,2.7162,uW/uW,0.75,125,TT,saed05rvt_base_tt0p75v125c
comparator_24bit,50,0.3,0.5,198,0,2.451456,50,7.8965,2.7162,uW/uW,0.75,125,TT,saed05rvt_base_tt0p75v125c
comparator_24bit,50,0.8,0.5,198,0,2.451456,50,12.9970,2.7162,uW/uW,0.75,125,TT,saed05rvt_base_tt0p75v125c
comparator_24bit,50,0.5,0.3,198,0,2.451456,50,8.4638,3.2165,uW/uW,0.75,125,TT,saed05rvt_base_tt0p75v125c
comparator_24bit,50,0.5,0.7,198,0,2.451456,50,8.4617,3.2951,uW/uW,0.75,125,TT,saed05rvt_base_tt0p75v125c
comparator_24bit,100,0.1,0.5,198,0,2.451456,50,6.1667,3.1696,uW/uW,0.75,125,TT,saed05rvt_base_tt0p75v125c
comparator_24bit,100,0.5,0.5,198,0,2.451456,50,14.2562,2.7452,uW/uW,0.75,125,TT,saed05rvt_base_tt0p75v125c
comparator_24bit,100,0.3,0.5,198,0,2.451456,50,12.2142,2.7452,uW/uW,0.75,125,TT,saed05rvt_base_tt0p75v125c
comparator_24bit,100,0.8,0.5,198,0,2.451456,50,17.3183,2.7452,uW/uW,0.75,125,TT,saed05rvt_base_tt0p75v125c
comparator_24bit,100,0.5,0.3,198,0,2.451456,50,9.8625,3.2964,uW/uW,0.75,125,TT,saed05rvt_base_tt0p75v125c
comparator_24bit,100,0.5,0.7,198,0,2.451456,50,9.8709,3.3766,uW/uW,0.75,125,TT,saed05rvt_base_tt0p75v125c
comparator_24bit,200,0.1,0.5,198,0,2.451456,50,7.4408,3.1700,uW/uW,0.75,125,TT,saed05rvt_base_tt0p75v125c
comparator_24bit,200,0.5,0.5,198,0,2.451456,50,22.6160,2.7458,uW/uW,0.75,125,TT,saed05rvt_base_tt0p75v125c
comparator_24bit,200,0.3,0.5,198,0,2.451456,50,13.8028,3.1787,uW/uW,0.75,125,TT,saed05rvt_base_tt0p75v125c
comparator_24bit,200,0.8,0.5,198,0,2.451456,50,25.6794,2.7458,uW/uW,0.75,125,TT,saed05rvt_base_tt0p75v125c
comparator_24bit,200,0.5,0.3,198,0,2.451456,50,13.0225,3.2969,uW/uW,0.75,125,TT,saed05rvt_base_tt0p75v125c
comparator_24bit,200,0.5,0.7,198,0,2.451456,50,13.0510,3.3771,uW/uW,0.75,125,TT,saed05rvt_base_tt0p75v125c
comparator_24bit,300,0.1,0.5,198,0,2.451456,50,7.9822,3.1691,uW/uW,0.75,125,TT,saed05rvt_base_tt0p75v125c
comparator_24bit,300,0.5,0.5,198,0,2.451456,50,20.9847,3.1779,uW/uW,0.75,125,TT,saed05rvt_base_tt0p75v125c
comparator_24bit,300,0.3,0.5,198,0,2.451456,50,16.0109,3.1768,uW/uW,0.75,125,TT,saed05rvt_base_tt0p75v125c
comparator_24bit,300,0.8,0.5,198,0,2.451456,50,33.9084,2.7450,uW/uW,0.75,125,TT,saed05rvt_base_tt0p75v125c
comparator_24bit,300,0.5,0.3,198,0,2.451456,50,20.6367,3.1469,uW/uW,0.75,125,TT,saed05rvt_base_tt0p75v125c
comparator_24bit,300,0.5,0.7,198,0,2.451456,50,20.7331,3.2242,uW/uW,0.75,125,TT,saed05rvt_base_tt0p75v125c
comparator_24bit,450,0.1,0.5,198,0,2.451456,50,8.4378,3.1698,uW/uW,0.75,125,TT,saed05rvt_base_tt0p75v125c
comparator_24bit,450,0.5,0.5,198,0,2.451456,50,24.7013,3.1782,uW/uW,0.75,125,TT,saed05rvt_base_tt0p75v125c
comparator_24bit,450,0.3,0.5,198,0,2.451456,50,17.8226,3.1782,uW/uW,0.75,125,TT,saed05rvt_base_tt0p75v125c
comparator_24bit,450,0.8,0.5,198,0,2.451456,50,31.6618,3.1774,uW/uW,0.75,125,TT,saed05rvt_base_tt0p75v125c
comparator_24bit,450,0.5,0.3,198,0,2.451456,50,25.3234,3.1904,uW/uW,0.75,125,TT,saed05rvt_base_tt0p75v125c
comparator_24bit,450,0.5,0.7,198,0,2.451456,50,25.4547,3.2655,uW/uW,0.75,125,TT,saed05rvt_base_tt0p75v125c
comparator_24bit,600,0.1,0.5,198,0,2.451456,50,8.6483,3.1674,uW/uW,0.75,125,TT,saed05rvt_base_tt0p75v125c
comparator_24bit,600,0.5,0.5,198,0,2.451456,50,26.9114,3.1782,uW/uW,0.75,125,TT,saed05rvt_base_tt0p75v125c
comparator_24bit,600,0.3,0.5,198,0,2.451456,50,18.8826,3.1787,uW/uW,0.75,125,TT,saed05rvt_base_tt0p75v125c
comparator_24bit,600,0.8,0.5,198,0,2.451456,50,35.9795,3.1780,uW/uW,0.75,125,TT,saed05rvt_base_tt0p75v125c
comparator_24bit,600,0.5,0.3,198,0,2.451456,50,27.6296,3.1903,uW/uW,0.75,125,TT,saed05rvt_base_tt0p75v125c
comparator_24bit,600,0.5,0.7,198,0,2.451456,50,27.7673,3.2651,uW/uW,0.75,125,TT,saed05rvt_base_tt0p75v125c
comparator_24bit,750,0.1,0.5,198,0,2.451456,50,8.8316,3.1680,uW/uW,0.75,125,TT,saed05rvt_base_tt0p75v125c
comparator_24bit,750,0.5,0.5,198,0,2.451456,50,28.3896,3.1768,uW/uW,0.75,125,TT,saed05rvt_base_tt0p75v125c
comparator_24bit,750,0.3,0.5,198,0,2.451456,50,19.5679,3.1757,uW/uW,0.75,125,TT,saed05rvt_base_tt0p75v125c
comparator_24bit,750,0.8,0.5,198,0,2.451456,50,38.9509,3.1761,uW/uW,0.75,125,TT,saed05rvt_base_tt0p75v125c
comparator_24bit,750,0.5,0.3,198,0,2.451456,50,29.1545,3.1900,uW/uW,0.75,125,TT,saed05rvt_base_tt0p75v125c
comparator_24bit,750,0.5,0.7,198,0,2.451456,50,29.3740,3.2646,uW/uW,0.75,125,TT,saed05rvt_base_tt0p75v125c
comparator_24bit,900,0.1,0.5,198,0,2.451456,50,8.9164,3.1688,uW/uW,0.75,125,TT,saed05rvt_base_tt0p75v125c
comparator_24bit,900,0.5,0.5,198,0,2.451456,50,29.4588,3.1780,uW/uW,0.75,125,TT,saed05rvt_base_tt0p75v125c
comparator_24bit,900,0.3,0.5,198,0,2.451456,50,20.1022,3.1764,uW/uW,0.75,125,TT,saed05rvt_base_tt0p75v125c
comparator_24bit,900,0.8,0.5,198,0,2.451456,50,41.1563,3.1775,uW/uW,0.75,125,TT,saed05rvt_base_tt0p75v125c
comparator_24bit,900,0.5,0.3,198,0,2.451456,50,30.3609,3.1906,uW/uW,0.75,125,TT,saed05rvt_base_tt0p75v125c
comparator_24bit,900,0.5,0.7,198,0,2.451456,50,30.5471,3.2654,uW/uW,0.75,125,TT,saed05rvt_base_tt0p75v125c
comparator_24bit,1000,0.1,0.5,198,0,2.451456,50,8.9597,3.1691,uW/uW,0.75,125,TT,saed05rvt_base_tt0p75v125c
comparator_24bit,1000,0.5,0.5,198,0,2.451456,50,30.0929,3.1792,uW/uW,0.75,125,TT,saed05rvt_base_tt0p75v125c
comparator_24bit,1000,0.3,0.5,198,0,2.451456,50,20.4268,3.1771,uW/uW,0.75,125,TT,saed05rvt_base_tt0p75v125c
comparator_24bit,1000,0.8,0.5,198,0,2.451456,50,42.4582,3.1778,uW/uW,0.75,125,TT,saed05rvt_base_tt0p75v125c
comparator_24bit,1000,0.5,0.3,198,0,2.451456,50,31.0010,3.1907,uW/uW,0.75,125,TT,saed05rvt_base_tt0p75v125c
comparator_24bit,1000,0.5,0.7,198,0,2.451456,50,31.1978,3.2658,uW/uW,0.75,125,TT,saed05rvt_base_tt0p75v125c
comparator_24bit,10,0.1,0.5,197,0,2.451456,50,2.1363,29.8426,uW/nW,0.75,25,TT,saed05rvt_base_tt0p75v25c
comparator_24bit,10,0.5,0.5,197,0,2.451456,50,6.0322,30.7211,uW/nW,0.75,25,TT,saed05rvt_base_tt0p75v25c
comparator_24bit,10,0.3,0.5,197,0,2.451456,50,4.0081,30.7211,uW/nW,0.75,25,TT,saed05rvt_base_tt0p75v25c
comparator_24bit,10,0.8,0.5,197,0,2.451456,50,9.0683,30.7211,uW/nW,0.75,25,TT,saed05rvt_base_tt0p75v25c
comparator_24bit,10,0.5,0.3,197,0,2.451456,50,5.7133,36.6471,uW/nW,0.75,25,TT,saed05rvt_base_tt0p75v25c
comparator_24bit,10,0.5,0.7,197,0,2.451456,50,5.7077,36.7763,uW/nW,0.75,25,TT,saed05rvt_base_tt0p75v25c
comparator_24bit,50,0.1,0.5,197,0,2.451456,50,6.6252,29.8426,uW/nW,0.75,25,TT,saed05rvt_base_tt0p75v25c
comparator_24bit,50,0.5,0.5,197,0,2.451456,50,9.9199,30.7211,uW/nW,0.75,25,TT,saed05rvt_base_tt0p75v25c
comparator_24bit,50,0.3,0.5,197,0,2.451456,50,7.8955,30.7211,uW/nW,0.75,25,TT,saed05rvt_base_tt0p75v25c
comparator_24bit,50,0.8,0.5,197,0,2.451456,50,12.9563,30.7211,uW/nW,0.75,25,TT,saed05rvt_base_tt0p75v25c
comparator_24bit,50,0.5,0.3,197,0,2.451456,50,8.3130,36.6471,uW/nW,0.75,25,TT,saed05rvt_base_tt0p75v25c
comparator_24bit,50,0.5,0.7,197,0,2.451456,50,8.3131,36.7763,uW/nW,0.75,25,TT,saed05rvt_base_tt0p75v25c
comparator_24bit,100,0.1,0.5,197,0,2.451456,50,5.9700,36.2188,uW/nW,0.75,25,TT,saed05rvt_base_tt0p75v25c
comparator_24bit,100,0.5,0.5,197,0,2.451456,50,14.3237,31.2068,uW/nW,0.75,25,TT,saed05rvt_base_tt0p75v25c
comparator_24bit,100,0.3,0.5,197,0,2.451456,50,12.2964,31.2068,uW/nW,0.75,25,TT,saed05rvt_base_tt0p75v25c
comparator_24bit,100,0.8,0.5,197,0,2.451456,50,17.3628,31.2068,uW/nW,0.75,25,TT,saed05rvt_base_tt0p75v25c
comparator_24bit,100,0.5,0.3,197,0,2.451456,50,9.6463,38.0922,uW/nW,0.75,25,TT,saed05rvt_base_tt0p75v25c
comparator_24bit,100,0.5,0.7,197,0,2.451456,50,9.6540,38.2230,uW/nW,0.75,25,TT,saed05rvt_base_tt0p75v25c
comparator_24bit,200,0.1,0.5,197,0,2.451456,50,7.1821,36.2174,uW/nW,0.75,25,TT,saed05rvt_base_tt0p75v25c
comparator_24bit,200,0.5,0.5,197,0,2.451456,50,22.8882,31.2028,uW/nW,0.75,25,TT,saed05rvt_base_tt0p75v25c
comparator_24bit,200,0.3,0.5,197,0,2.451456,50,13.5558,36.2737,uW/nW,0.75,25,TT,saed05rvt_base_tt0p75v25c
comparator_24bit,200,0.8,0.5,197,0,2.451456,50,25.9299,31.2028,uW/nW,0.75,25,TT,saed05rvt_base_tt0p75v25c
comparator_24bit,200,0.5,0.3,197,0,2.451456,50,12.8252,38.0851,uW/nW,0.75,25,TT,saed05rvt_base_tt0p75v25c
comparator_24bit,200,0.5,0.7,197,0,2.451456,50,12.8481,38.2160,uW/nW,0.75,25,TT,saed05rvt_base_tt0p75v25c
comparator_24bit,300,0.1,0.5,197,0,2.451456,50,7.7066,36.2019,uW/nW,0.75,25,TT,saed05rvt_base_tt0p75v25c
comparator_24bit,300,0.5,0.5,197,0,2.451456,50,20.7135,36.2722,uW/nW,0.75,25,TT,saed05rvt_base_tt0p75v25c
comparator_24bit,300,0.3,0.5,197,0,2.451456,50,15.7210,36.2623,uW/nW,0.75,25,TT,saed05rvt_base_tt0p75v25c
comparator_24bit,300,0.8,0.5,197,0,2.451456,50,34.3649,31.2041,uW/nW,0.75,25,TT,saed05rvt_base_tt0p75v25c
comparator_24bit,300,0.5,0.3,197,0,2.451456,50,20.3701,36.3158,uW/nW,0.75,25,TT,saed05rvt_base_tt0p75v25c
comparator_24bit,300,0.5,0.7,197,0,2.451456,50,20.4453,36.4153,uW/nW,0.75,25,TT,saed05rvt_base_tt0p75v25c
comparator_24bit,450,0.1,0.5,197,0,2.451456,50,8.1313,36.2326,uW/nW,0.75,25,TT,saed05rvt_base_tt0p75v25c
comparator_24bit,450,0.5,0.5,197,0,2.451456,50,24.3609,36.2863,uW/nW,0.75,25,TT,saed05rvt_base_tt0p75v25c
comparator_24bit,450,0.3,0.5,197,0,2.451456,50,17.4943,36.2837,uW/nW,0.75,25,TT,saed05rvt_base_tt0p75v25c
comparator_24bit,450,0.8,0.5,197,0,2.451456,50,31.3440,36.2768,uW/nW,0.75,25,TT,saed05rvt_base_tt0p75v25c
comparator_24bit,450,0.5,0.3,197,0,2.451456,50,25.0492,36.8270,uW/nW,0.75,25,TT,saed05rvt_base_tt0p75v25c
comparator_24bit,450,0.5,0.7,197,0,2.451456,50,25.1681,36.9169,uW/nW,0.75,25,TT,saed05rvt_base_tt0p75v25c
comparator_24bit,600,0.1,0.5,197,0,2.451456,50,8.3310,36.1864,uW/nW,0.75,25,TT,saed05rvt_base_tt0p75v25c
comparator_24bit,600,0.5,0.5,197,0,2.451456,50,26.5391,36.2735,uW/nW,0.75,25,TT,saed05rvt_base_tt0p75v25c
comparator_24bit,600,0.3,0.5,197,0,2.451456,50,18.5267,36.2685,uW/nW,0.75,25,TT,saed05rvt_base_tt0p75v25c
comparator_24bit,600,0.8,0.5,197,0,2.451456,50,35.5686,36.2757,uW/nW,0.75,25,TT,saed05rvt_base_tt0p75v25c
comparator_24bit,600,0.5,0.3,197,0,2.451456,50,27.3012,36.8285,uW/nW,0.75,25,TT,saed05rvt_base_tt0p75v25c
comparator_24bit,600,0.5,0.7,197,0,2.451456,50,27.4576,36.9171,uW/nW,0.75,25,TT,saed05rvt_base_tt0p75v25c
comparator_24bit,750,0.1,0.5,197,0,2.451456,50,8.4920,36.1944,uW/nW,0.75,25,TT,saed05rvt_base_tt0p75v25c
comparator_24bit,750,0.5,0.5,197,0,2.451456,50,27.9923,36.2639,uW/nW,0.75,25,TT,saed05rvt_base_tt0p75v25c
comparator_24bit,750,0.3,0.5,197,0,2.451456,50,19.2435,36.2694,uW/nW,0.75,25,TT,saed05rvt_base_tt0p75v25c
comparator_24bit,750,0.8,0.5,197,0,2.451456,50,38.5080,36.2672,uW/nW,0.75,25,TT,saed05rvt_base_tt0p75v25c
comparator_24bit,750,0.5,0.3,197,0,2.451456,50,28.8728,36.8102,uW/nW,0.75,25,TT,saed05rvt_base_tt0p75v25c
comparator_24bit,750,0.5,0.7,197,0,2.451456,50,29.0292,36.9023,uW/nW,0.75,25,TT,saed05rvt_base_tt0p75v25c
comparator_24bit,900,0.1,0.5,197,0,2.451456,50,8.5873,36.1974,uW/nW,0.75,25,TT,saed05rvt_base_tt0p75v25c
comparator_24bit,900,0.5,0.5,197,0,2.451456,50,29.0827,36.2667,uW/nW,0.75,25,TT,saed05rvt_base_tt0p75v25c
comparator_24bit,900,0.3,0.5,197,0,2.451456,50,19.7351,36.2670,uW/nW,0.75,25,TT,saed05rvt_base_tt0p75v25c
comparator_24bit,900,0.8,0.5,197,0,2.451456,50,40.7218,36.2642,uW/nW,0.75,25,TT,saed05rvt_base_tt0p75v25c
comparator_24bit,900,0.5,0.3,197,0,2.451456,50,29.9870,36.8113,uW/nW,0.75,25,TT,saed05rvt_base_tt0p75v25c
comparator_24bit,900,0.5,0.7,197,0,2.451456,50,30.1340,36.9082,uW/nW,0.75,25,TT,saed05rvt_base_tt0p75v25c
comparator_24bit,1000,0.1,0.5,197,0,2.451456,50,8.6377,36.1960,uW/nW,0.75,25,TT,saed05rvt_base_tt0p75v25c
comparator_24bit,1000,0.5,0.5,197,0,2.451456,50,29.6715,36.2807,uW/nW,0.75,25,TT,saed05rvt_base_tt0p75v25c
comparator_24bit,1000,0.3,0.5,197,0,2.451456,50,20.0160,36.2739,uW/nW,0.75,25,TT,saed05rvt_base_tt0p75v25c
comparator_24bit,1000,0.8,0.5,197,0,2.451456,50,41.9064,36.2797,uW/nW,0.75,25,TT,saed05rvt_base_tt0p75v25c
comparator_24bit,1000,0.5,0.3,197,0,2.451456,50,30.6519,36.8293,uW/nW,0.75,25,TT,saed05rvt_base_tt0p75v25c
comparator_24bit,1000,0.5,0.7,197,0,2.451456,50,30.8340,36.9211,uW/nW,0.75,25,TT,saed05rvt_base_tt0p75v25c
comparator_24bit,10,0.1,0.5,199,0,2.459520,50,1.6085,1.7381,uW/uW,0.66,125,FF,saed05rvt_base_ff0p660v125c
comparator_24bit,10,0.5,0.5,199,0,2.459520,50,4.6821,1.7726,uW/uW,0.66,125,FF,saed05rvt_base_ff0p660v125c
comparator_24bit,10,0.3,0.5,199,0,2.459520,50,3.0886,1.7726,uW/uW,0.66,125,FF,saed05rvt_base_ff0p660v125c
comparator_24bit,10,0.8,0.5,199,0,2.459520,50,7.0723,1.7726,uW/uW,0.66,125,FF,saed05rvt_base_ff0p660v125c
comparator_24bit,10,0.5,0.3,199,0,2.459520,50,4.5050,2.0588,uW/uW,0.66,125,FF,saed05rvt_base_ff0p660v125c
comparator_24bit,10,0.5,0.7,199,0,2.459520,50,4.5317,2.1056,uW/uW,0.66,125,FF,saed05rvt_base_ff0p660v125c
comparator_24bit,50,0.1,0.5,199,0,2.459520,50,4.8503,1.7381,uW/uW,0.66,125,FF,saed05rvt_base_ff0p660v125c
comparator_24bit,50,0.5,0.5,199,0,2.459520,50,7.4757,1.7726,uW/uW,0.66,125,FF,saed05rvt_base_ff0p660v125c
comparator_24bit,50,0.3,0.5,199,0,2.459520,50,5.8820,1.7726,uW/uW,0.66,125,FF,saed05rvt_base_ff0p660v125c
comparator_24bit,50,0.8,0.5,199,0,2.459520,50,9.8660,1.7726,uW/uW,0.66,125,FF,saed05rvt_base_ff0p660v125c
comparator_24bit,50,0.5,0.3,199,0,2.459520,50,6.6381,2.0588,uW/uW,0.66,125,FF,saed05rvt_base_ff0p660v125c
comparator_24bit,50,0.5,0.7,199,0,2.459520,50,6.6720,2.1056,uW/uW,0.66,125,FF,saed05rvt_base_ff0p660v125c
comparator_24bit,100,0.1,0.5,199,0,2.459520,50,4.6919,2.0422,uW/uW,0.66,125,FF,saed05rvt_base_ff0p660v125c
comparator_24bit,100,0.5,0.5,199,0,2.459520,50,10.6510,1.8128,uW/uW,0.66,125,FF,saed05rvt_base_ff0p660v125c
comparator_24bit,100,0.3,0.5,199,0,2.459520,50,9.0556,1.8128,uW/uW,0.66,125,FF,saed05rvt_base_ff0p660v125c
comparator_24bit,100,0.8,0.5,199,0,2.459520,50,13.0431,1.8128,uW/uW,0.66,125,FF,saed05rvt_base_ff0p660v125c
comparator_24bit,100,0.5,0.3,199,0,2.459520,50,7.5419,2.1450,uW/uW,0.66,125,FF,saed05rvt_base_ff0p660v125c
comparator_24bit,100,0.5,0.7,199,0,2.459520,50,7.5827,2.1929,uW/uW,0.66,125,FF,saed05rvt_base_ff0p660v125c
comparator_24bit,200,0.1,0.5,199,0,2.459520,50,5.6527,2.0423,uW/uW,0.66,125,FF,saed05rvt_base_ff0p660v125c
comparator_24bit,200,0.5,0.5,199,0,2.459520,50,16.7147,1.8130,uW/uW,0.66,125,FF,saed05rvt_base_ff0p660v125c
comparator_24bit,200,0.3,0.5,199,0,2.459520,50,10.5107,2.0473,uW/uW,0.66,125,FF,saed05rvt_base_ff0p660v125c
comparator_24bit,200,0.8,0.5,199,0,2.459520,50,19.1084,1.8130,uW/uW,0.66,125,FF,saed05rvt_base_ff0p660v125c
comparator_24bit,200,0.5,0.3,199,0,2.459520,50,9.8555,2.1451,uW/uW,0.66,125,FF,saed05rvt_base_ff0p660v125c
comparator_24bit,200,0.5,0.7,199,0,2.459520,50,9.9112,2.1929,uW/uW,0.66,125,FF,saed05rvt_base_ff0p660v125c
comparator_24bit,300,0.1,0.5,199,0,2.459520,50,6.0676,2.0418,uW/uW,0.66,125,FF,saed05rvt_base_ff0p660v125c
comparator_24bit,300,0.5,0.5,199,0,2.459520,50,16.0071,2.0464,uW/uW,0.66,125,FF,saed05rvt_base_ff0p660v125c
comparator_24bit,300,0.3,0.5,199,0,2.459520,50,12.1458,2.0466,uW/uW,0.66,125,FF,saed05rvt_base_ff0p660v125c
comparator_24bit,300,0.8,0.5,199,0,2.459520,50,25.0804,1.8128,uW/uW,0.66,125,FF,saed05rvt_base_ff0p660v125c
comparator_24bit,300,0.5,0.3,199,0,2.459520,50,15.6960,2.0306,uW/uW,0.66,125,FF,saed05rvt_base_ff0p660v125c
comparator_24bit,300,0.5,0.7,199,0,2.459520,50,15.8007,2.0765,uW/uW,0.66,125,FF,saed05rvt_base_ff0p660v125c
comparator_24bit,450,0.1,0.5,199,0,2.459520,50,6.4055,2.0419,uW/uW,0.66,125,FF,saed05rvt_base_ff0p660v125c
comparator_24bit,450,0.5,0.5,199,0,2.459520,50,18.7594,2.0468,uW/uW,0.66,125,FF,saed05rvt_base_ff0p660v125c
comparator_24bit,450,0.3,0.5,199,0,2.459520,50,13.5252,2.0472,uW/uW,0.66,125,FF,saed05rvt_base_ff0p660v125c
comparator_24bit,450,0.8,0.5,199,0,2.459520,50,24.1819,2.0462,uW/uW,0.66,125,FF,saed05rvt_base_ff0p660v125c
comparator_24bit,450,0.5,0.3,199,0,2.459520,50,19.2568,2.0573,uW/uW,0.66,125,FF,saed05rvt_base_ff0p660v125c
comparator_24bit,450,0.5,0.7,199,0,2.459520,50,19.3931,2.1018,uW/uW,0.66,125,FF,saed05rvt_base_ff0p660v125c
comparator_24bit,600,0.1,0.5,199,0,2.459520,50,6.5756,2.0414,uW/uW,0.66,125,FF,saed05rvt_base_ff0p660v125c
comparator_24bit,600,0.5,0.5,199,0,2.459520,50,20.4368,2.0472,uW/uW,0.66,125,FF,saed05rvt_base_ff0p660v125c
comparator_24bit,600,0.3,0.5,199,0,2.459520,50,14.3415,2.0474,uW/uW,0.66,125,FF,saed05rvt_base_ff0p660v125c
comparator_24bit,600,0.8,0.5,199,0,2.459520,50,27.3865,2.0466,uW/uW,0.66,125,FF,saed05rvt_base_ff0p660v125c
comparator_24bit,600,0.5,0.3,199,0,2.459520,50,20.9818,2.0574,uW/uW,0.66,125,FF,saed05rvt_base_ff0p660v125c
comparator_24bit,600,0.5,0.7,199,0,2.459520,50,21.1496,2.1016,uW/uW,0.66,125,FF,saed05rvt_base_ff0p660v125c
comparator_24bit,750,0.1,0.5,199,0,2.459520,50,6.6930,2.0412,uW/uW,0.66,125,FF,saed05rvt_base_ff0p660v125c
comparator_24bit,750,0.5,0.5,199,0,2.459520,50,21.5726,2.0467,uW/uW,0.66,125,FF,saed05rvt_base_ff0p660v125c
comparator_24bit,750,0.3,0.5,199,0,2.459520,50,14.8671,2.0470,uW/uW,0.66,125,FF,saed05rvt_base_ff0p660v125c
comparator_24bit,750,0.8,0.5,199,0,2.459520,50,29.6100,2.0460,uW/uW,0.66,125,FF,saed05rvt_base_ff0p660v125c
comparator_24bit,750,0.5,0.3,199,0,2.459520,50,22.2076,2.0566,uW/uW,0.66,125,FF,saed05rvt_base_ff0p660v125c
comparator_24bit,750,0.5,0.7,199,0,2.459520,50,22.3771,2.1008,uW/uW,0.66,125,FF,saed05rvt_base_ff0p660v125c
comparator_24bit,900,0.1,0.5,199,0,2.459520,50,6.7752,2.0415,uW/uW,0.66,125,FF,saed05rvt_base_ff0p660v125c
comparator_24bit,900,0.5,0.5,199,0,2.459520,50,22.3980,2.0468,uW/uW,0.66,125,FF,saed05rvt_base_ff0p660v125c
comparator_24bit,900,0.3,0.5,199,0,2.459520,50,15.2380,2.0471,uW/uW,0.66,125,FF,saed05rvt_base_ff0p660v125c
comparator_24bit,900,0.8,0.5,199,0,2.459520,50,31.2619,2.0471,uW/uW,0.66,125,FF,saed05rvt_base_ff0p660v125c
comparator_24bit,900,0.5,0.3,199,0,2.459520,50,23.0761,2.0575,uW/uW,0.66,125,FF,saed05rvt_base_ff0p660v125c
comparator_24bit,900,0.5,0.7,199,0,2.459520,50,23.2464,2.1018,uW/uW,0.66,125,FF,saed05rvt_base_ff0p660v125c
comparator_24bit,1000,0.1,0.5,199,0,2.459520,50,6.7955,2.0418,uW/uW,0.66,125,FF,saed05rvt_base_ff0p660v125c
comparator_24bit,1000,0.5,0.5,199,0,2.459520,50,22.8680,2.0467,uW/uW,0.66,125,FF,saed05rvt_base_ff0p660v125c
comparator_24bit,1000,0.3,0.5,199,0,2.459520,50,15.4713,2.0471,uW/uW,0.66,125,FF,saed05rvt_base_ff0p660v125c
comparator_24bit,1000,0.8,0.5,199,0,2.459520,50,32.1806,2.0466,uW/uW,0.66,125,FF,saed05rvt_base_ff0p660v125c
comparator_24bit,1000,0.5,0.3,199,0,2.459520,50,23.5535,2.0566,uW/uW,0.66,125,FF,saed05rvt_base_ff0p660v125c
comparator_24bit,1000,0.5,0.7,199,0,2.459520,50,23.7021,2.1008,uW/uW,0.66,125,FF,saed05rvt_base_ff0p660v125c
comparator_24bit,10,0.1,0.5,196,0,2.435328,46,1.5842,17.4001,uW/nW,0.66,25,FF,saed05rvt_base_ff0p660v25c
comparator_24bit,10,0.5,0.5,196,0,2.435328,46,4.6981,17.3100,uW/nW,0.66,25,FF,saed05rvt_base_ff0p660v25c
comparator_24bit,10,0.3,0.5,196,0,2.435328,46,3.0969,17.3100,uW/nW,0.66,25,FF,saed05rvt_base_ff0p660v25c
comparator_24bit,10,0.8,0.5,196,0,2.435328,46,7.0998,17.3100,uW/nW,0.66,25,FF,saed05rvt_base_ff0p660v25c
comparator_24bit,10,0.5,0.3,196,0,2.435328,46,4.4462,20.3012,uW/nW,0.66,25,FF,saed05rvt_base_ff0p660v25c
comparator_24bit,10,0.5,0.7,196,0,2.435328,46,4.4721,20.4186,uW/nW,0.66,25,FF,saed05rvt_base_ff0p660v25c
comparator_24bit,50,0.1,0.5,196,0,2.435328,46,4.7188,17.4001,uW/nW,0.66,25,FF,saed05rvt_base_ff0p660v25c
comparator_24bit,50,0.5,0.5,196,0,2.435328,46,7.4788,17.3100,uW/nW,0.66,25,FF,saed05rvt_base_ff0p660v25c
comparator_24bit,50,0.3,0.5,196,0,2.435328,46,5.8777,17.3100,uW/nW,0.66,25,FF,saed05rvt_base_ff0p660v25c
comparator_24bit,50,0.8,0.5,196,0,2.435328,46,9.8806,17.3100,uW/nW,0.66,25,FF,saed05rvt_base_ff0p660v25c
comparator_24bit,50,0.5,0.3,196,0,2.435328,46,6.2698,20.3012,uW/nW,0.66,25,FF,saed05rvt_base_ff0p660v25c
comparator_24bit,50,0.5,0.7,196,0,2.435328,46,6.2984,20.4186,uW/nW,0.66,25,FF,saed05rvt_base_ff0p660v25c
comparator_24bit,100,0.1,0.5,196,0,2.435328,46,4.5377,19.8431,uW/nW,0.66,25,FF,saed05rvt_base_ff0p660v25c
comparator_24bit,100,0.5,0.5,196,0,2.435328,46,10.5835,17.7005,uW/nW,0.66,25,FF,saed05rvt_base_ff0p660v25c
comparator_24bit,100,0.3,0.5,196,0,2.435328,46,8.9824,17.7005,uW/nW,0.66,25,FF,saed05rvt_base_ff0p660v25c
comparator_24bit,100,0.8,0.5,196,0,2.435328,46,12.9853,17.7005,uW/nW,0.66,25,FF,saed05rvt_base_ff0p660v25c
comparator_24bit,100,0.5,0.3,196,0,2.435328,46,7.2170,21.0621,uW/nW,0.66,25,FF,saed05rvt_base_ff0p660v25c
comparator_24bit,100,0.5,0.7,196,0,2.435328,46,7.2507,21.1796,uW/nW,0.66,25,FF,saed05rvt_base_ff0p660v25c
comparator_24bit,200,0.1,0.5,196,0,2.435328,46,5.4474,19.8416,uW/nW,0.66,25,FF,saed05rvt_base_ff0p660v25c
comparator_24bit,200,0.5,0.5,196,0,2.435328,46,16.5936,17.6981,uW/nW,0.66,25,FF,saed05rvt_base_ff0p660v25c
comparator_24bit,200,0.3,0.5,196,0,2.435328,46,10.2420,19.8927,uW/nW,0.66,25,FF,saed05rvt_base_ff0p660v25c
comparator_24bit,200,0.8,0.5,196,0,2.435328,46,18.9954,17.6981,uW/nW,0.66,25,FF,saed05rvt_base_ff0p660v25c
comparator_24bit,200,0.5,0.3,196,0,2.435328,46,9.4021,21.0606,uW/nW,0.66,25,FF,saed05rvt_base_ff0p660v25c
comparator_24bit,200,0.5,0.7,196,0,2.435328,46,9.4449,21.1780,uW/nW,0.66,25,FF,saed05rvt_base_ff0p660v25c
comparator_24bit,300,0.1,0.5,196,0,2.435328,46,5.8382,19.8320,uW/nW,0.66,25,FF,saed05rvt_base_ff0p660v25c
comparator_24bit,300,0.5,0.5,196,0,2.435328,46,15.5965,19.8938,uW/nW,0.66,25,FF,saed05rvt_base_ff0p660v25c
comparator_24bit,300,0.3,0.5,196,0,2.435328,46,11.8620,19.8971,uW/nW,0.66,25,FF,saed05rvt_base_ff0p660v25c
comparator_24bit,300,0.8,0.5,196,0,2.435328,46,24.8963,17.6977,uW/nW,0.66,25,FF,saed05rvt_base_ff0p660v25c
comparator_24bit,300,0.5,0.3,196,0,2.435328,46,15.3490,19.8732,uW/nW,0.66,25,FF,saed05rvt_base_ff0p660v25c
comparator_24bit,300,0.5,0.7,196,0,2.435328,46,15.4153,19.9916,uW/nW,0.66,25,FF,saed05rvt_base_ff0p660v25c
comparator_24bit,450,0.1,0.5,196,0,2.435328,46,6.1640,19.8481,uW/nW,0.66,25,FF,saed05rvt_base_ff0p660v25c
comparator_24bit,450,0.5,0.5,196,0,2.435328,46,18.3537,19.8977,uW/nW,0.66,25,FF,saed05rvt_base_ff0p660v25c
comparator_24bit,450,0.3,0.5,196,0,2.435328,46,13.2094,19.8980,uW/nW,0.66,25,FF,saed05rvt_base_ff0p660v25c
comparator_24bit,450,0.8,0.5,196,0,2.435328,46,23.5217,19.9000,uW/nW,0.66,25,FF,saed05rvt_base_ff0p660v25c
comparator_24bit,450,0.5,0.3,196,0,2.435328,46,18.8642,20.1425,uW/nW,0.66,25,FF,saed05rvt_base_ff0p660v25c
comparator_24bit,450,0.5,0.7,196,0,2.435328,46,18.9405,20.2609,uW/nW,0.66,25,FF,saed05rvt_base_ff0p660v25c
comparator_24bit,600,0.1,0.5,196,0,2.435328,46,6.3047,19.8306,uW/nW,0.66,25,FF,saed05rvt_base_ff0p660v25c
comparator_24bit,600,0.5,0.5,196,0,2.435328,46,20.0123,19.8880,uW/nW,0.66,25,FF,saed05rvt_base_ff0p660v25c
comparator_24bit,600,0.3,0.5,196,0,2.435328,46,13.9930,19.8867,uW/nW,0.66,25,FF,saed05rvt_base_ff0p660v25c
comparator_24bit,600,0.8,0.5,196,0,2.435328,46,26.8074,19.8818,uW/nW,0.66,25,FF,saed05rvt_base_ff0p660v25c
comparator_24bit,600,0.5,0.3,196,0,2.435328,46,20.5661,20.1390,uW/nW,0.66,25,FF,saed05rvt_base_ff0p660v25c
comparator_24bit,600,0.5,0.7,196,0,2.435328,46,20.6449,20.2562,uW/nW,0.66,25,FF,saed05rvt_base_ff0p660v25c
comparator_24bit,750,0.1,0.5,196,0,2.435328,46,6.4074,19.8388,uW/nW,0.66,25,FF,saed05rvt_base_ff0p660v25c
comparator_24bit,750,0.5,0.5,196,0,2.435328,46,21.0825,19.9006,uW/nW,0.66,25,FF,saed05rvt_base_ff0p660v25c
comparator_24bit,750,0.3,0.5,196,0,2.435328,46,14.5170,19.9024,uW/nW,0.66,25,FF,saed05rvt_base_ff0p660v25c
comparator_24bit,750,0.8,0.5,196,0,2.435328,46,28.9927,19.8968,uW/nW,0.66,25,FF,saed05rvt_base_ff0p660v25c
comparator_24bit,750,0.5,0.3,196,0,2.435328,46,21.7504,20.1466,uW/nW,0.66,25,FF,saed05rvt_base_ff0p660v25c
comparator_24bit,750,0.5,0.7,196,0,2.435328,46,21.8409,20.2670,uW/nW,0.66,25,FF,saed05rvt_base_ff0p660v25c
comparator_24bit,900,0.1,0.5,196,0,2.435328,46,6.4895,19.8272,uW/nW,0.66,25,FF,saed05rvt_base_ff0p660v25c
comparator_24bit,900,0.5,0.5,196,0,2.435328,46,21.9009,19.8904,uW/nW,0.66,25,FF,saed05rvt_base_ff0p660v25c
comparator_24bit,900,0.3,0.5,196,0,2.435328,46,14.9095,19.8957,uW/nW,0.66,25,FF,saed05rvt_base_ff0p660v25c
comparator_24bit,900,0.8,0.5,196,0,2.435328,46,30.6321,19.8981,uW/nW,0.66,25,FF,saed05rvt_base_ff0p660v25c
comparator_24bit,900,0.5,0.3,196,0,2.435328,46,22.6066,20.1372,uW/nW,0.66,25,FF,saed05rvt_base_ff0p660v25c
comparator_24bit,900,0.5,0.7,196,0,2.435328,46,22.7146,20.2554,uW/nW,0.66,25,FF,saed05rvt_base_ff0p660v25c
comparator_24bit,1000,0.1,0.5,196,0,2.435328,46,6.5359,19.8370,uW/nW,0.66,25,FF,saed05rvt_base_ff0p660v25c
comparator_24bit,1000,0.5,0.5,196,0,2.435328,46,22.3326,19.8971,uW/nW,0.66,25,FF,saed05rvt_base_ff0p660v25c
comparator_24bit,1000,0.3,0.5,196,0,2.435328,46,15.1049,19.9025,uW/nW,0.66,25,FF,saed05rvt_base_ff0p660v25c
comparator_24bit,1000,0.8,0.5,196,0,2.435328,46,31.5298,19.9027,uW/nW,0.66,25,FF,saed05rvt_base_ff0p660v25c
comparator_24bit,1000,0.5,0.3,196,0,2.435328,46,23.0857,20.1457,uW/nW,0.66,25,FF,saed05rvt_base_ff0p660v25c
comparator_24bit,1000,0.5,0.7,196,0,2.435328,46,23.1808,20.2638,uW/nW,0.66,25,FF,saed05rvt_base_ff0p660v25c
comparator_24bit,10,0.1,0.5,197,0,2.471616,44,2.6034,4.5421,uW/uW,0.825,125,FF,saed05rvt_base_ff0p825v125c
comparator_24bit,10,0.5,0.5,197,0,2.471616,44,7.4914,4.6434,uW/uW,0.825,125,FF,saed05rvt_base_ff0p825v125c
comparator_24bit,10,0.3,0.5,197,0,2.471616,44,4.9937,4.6434,uW/uW,0.825,125,FF,saed05rvt_base_ff0p825v125c
comparator_24bit,10,0.8,0.5,197,0,2.471616,44,11.2381,4.6434,uW/uW,0.825,125,FF,saed05rvt_base_ff0p825v125c
comparator_24bit,10,0.5,0.3,197,0,2.471616,44,6.9741,5.4020,uW/uW,0.825,125,FF,saed05rvt_base_ff0p825v125c
comparator_24bit,10,0.5,0.7,197,0,2.471616,44,6.9950,5.5857,uW/uW,0.825,125,FF,saed05rvt_base_ff0p825v125c
comparator_24bit,50,0.1,0.5,197,0,2.471616,44,8.0203,4.5421,uW/uW,0.825,125,FF,saed05rvt_base_ff0p825v125c
comparator_24bit,50,0.5,0.5,197,0,2.471616,44,12.4794,4.6434,uW/uW,0.825,125,FF,saed05rvt_base_ff0p825v125c
comparator_24bit,50,0.3,0.5,197,0,2.471616,44,9.9813,4.6434,uW/uW,0.825,125,FF,saed05rvt_base_ff0p825v125c
comparator_24bit,50,0.8,0.5,197,0,2.471616,44,16.2262,4.6434,uW/uW,0.825,125,FF,saed05rvt_base_ff0p825v125c
comparator_24bit,50,0.5,0.3,197,0,2.471616,44,9.9338,5.4020,uW/uW,0.825,125,FF,saed05rvt_base_ff0p825v125c
comparator_24bit,50,0.5,0.7,197,0,2.471616,44,9.9597,5.5857,uW/uW,0.825,125,FF,saed05rvt_base_ff0p825v125c
comparator_24bit,100,0.1,0.5,197,0,2.471616,44,7.6624,5.4060,uW/uW,0.825,125,FF,saed05rvt_base_ff0p825v125c
comparator_24bit,100,0.5,0.5,197,0,2.471616,44,17.5783,4.7593,uW/uW,0.825,125,FF,saed05rvt_base_ff0p825v125c
comparator_24bit,100,0.3,0.5,197,0,2.471616,44,15.0797,4.7593,uW/uW,0.825,125,FF,saed05rvt_base_ff0p825v125c
comparator_24bit,100,0.8,0.5,197,0,2.471616,44,21.3256,4.7593,uW/uW,0.825,125,FF,saed05rvt_base_ff0p825v125c
comparator_24bit,100,0.5,0.3,197,0,2.471616,44,11.9565,5.6237,uW/uW,0.825,125,FF,saed05rvt_base_ff0p825v125c
comparator_24bit,100,0.5,0.7,197,0,2.471616,44,11.9905,5.8074,uW/uW,0.825,125,FF,saed05rvt_base_ff0p825v125c
comparator_24bit,200,0.1,0.5,197,0,2.471616,44,9.2369,5.4070,uW/uW,0.825,125,FF,saed05rvt_base_ff0p825v125c
comparator_24bit,200,0.5,0.5,197,0,2.471616,44,27.9358,4.7591,uW/uW,0.825,125,FF,saed05rvt_base_ff0p825v125c
comparator_24bit,200,0.3,0.5,197,0,2.471616,44,17.1595,5.4223,uW/uW,0.825,125,FF,saed05rvt_base_ff0p825v125c
comparator_24bit,200,0.8,0.5,197,0,2.471616,44,31.6842,4.7591,uW/uW,0.825,125,FF,saed05rvt_base_ff0p825v125c
comparator_24bit,200,0.5,0.3,197,0,2.471616,44,15.9486,5.6248,uW/uW,0.825,125,FF,saed05rvt_base_ff0p825v125c
comparator_24bit,200,0.5,0.7,197,0,2.471616,44,15.9974,5.8085,uW/uW,0.825,125,FF,saed05rvt_base_ff0p825v125c
comparator_24bit,300,0.1,0.5,197,0,2.471616,44,9.9042,5.4034,uW/uW,0.825,125,FF,saed05rvt_base_ff0p825v125c
comparator_24bit,300,0.5,0.5,197,0,2.471616,44,26.1072,5.4208,uW/uW,0.825,125,FF,saed05rvt_base_ff0p825v125c
comparator_24bit,300,0.3,0.5,197,0,2.471616,44,19.9590,5.4197,uW/uW,0.825,125,FF,saed05rvt_base_ff0p825v125c
comparator_24bit,300,0.8,0.5,197,0,2.471616,44,41.8703,4.7579,uW/uW,0.825,125,FF,saed05rvt_base_ff0p825v125c
comparator_24bit,300,0.5,0.3,197,0,2.471616,44,25.7133,5.3456,uW/uW,0.825,125,FF,saed05rvt_base_ff0p825v125c
comparator_24bit,300,0.5,0.7,197,0,2.471616,44,25.7897,5.5274,uW/uW,0.825,125,FF,saed05rvt_base_ff0p825v125c
comparator_24bit,450,0.1,0.5,197,0,2.471616,44,10.4792,5.4097,uW/uW,0.825,125,FF,saed05rvt_base_ff0p825v125c
comparator_24bit,450,0.5,0.5,197,0,2.471616,44,30.7517,5.4230,uW/uW,0.825,125,FF,saed05rvt_base_ff0p825v125c
comparator_24bit,450,0.3,0.5,197,0,2.471616,44,22.2172,5.4235,uW/uW,0.825,125,FF,saed05rvt_base_ff0p825v125c
comparator_24bit,450,0.8,0.5,197,0,2.471616,44,39.3436,5.4250,uW/uW,0.825,125,FF,saed05rvt_base_ff0p825v125c
comparator_24bit,450,0.5,0.3,197,0,2.471616,44,31.7131,5.4142,uW/uW,0.825,125,FF,saed05rvt_base_ff0p825v125c
comparator_24bit,450,0.5,0.7,197,0,2.471616,44,31.8037,5.5929,uW/uW,0.825,125,FF,saed05rvt_base_ff0p825v125c
comparator_24bit,600,0.1,0.5,197,0,2.471616,44,10.7406,5.4018,uW/uW,0.825,125,FF,saed05rvt_base_ff0p825v125c
comparator_24bit,600,0.5,0.5,197,0,2.471616,44,33.5420,5.4237,uW/uW,0.825,125,FF,saed05rvt_base_ff0p825v125c
comparator_24bit,600,0.3,0.5,197,0,2.471616,44,23.5637,5.4236,uW/uW,0.825,125,FF,saed05rvt_base_ff0p825v125c
comparator_24bit,600,0.8,0.5,197,0,2.471616,44,44.8516,5.4222,uW/uW,0.825,125,FF,saed05rvt_base_ff0p825v125c
comparator_24bit,600,0.5,0.3,197,0,2.471616,44,34.6219,5.4156,uW/uW,0.825,125,FF,saed05rvt_base_ff0p825v125c
comparator_24bit,600,0.5,0.7,197,0,2.471616,44,34.7033,5.5938,uW/uW,0.825,125,FF,saed05rvt_base_ff0p825v125c
comparator_24bit,750,0.1,0.5,197,0,2.471616,44,10.9452,5.4061,uW/uW,0.825,125,FF,saed05rvt_base_ff0p825v125c
comparator_24bit,750,0.5,0.5,197,0,2.471616,44,35.4284,5.4238,uW/uW,0.825,125,FF,saed05rvt_base_ff0p825v125c
comparator_24bit,750,0.3,0.5,197,0,2.471616,44,24.4442,5.4214,uW/uW,0.825,125,FF,saed05rvt_base_ff0p825v125c
comparator_24bit,750,0.8,0.5,197,0,2.471616,44,48.5641,5.4218,uW/uW,0.825,125,FF,saed05rvt_base_ff0p825v125c
comparator_24bit,750,0.5,0.3,197,0,2.471616,44,36.6501,5.4147,uW/uW,0.825,125,FF,saed05rvt_base_ff0p825v125c
comparator_24bit,750,0.5,0.7,197,0,2.471616,44,36.6978,5.5923,uW/uW,0.825,125,FF,saed05rvt_base_ff0p825v125c
comparator_24bit,900,0.1,0.5,197,0,2.471616,44,11.0562,5.4020,uW/uW,0.825,125,FF,saed05rvt_base_ff0p825v125c
comparator_24bit,900,0.5,0.5,197,0,2.471616,44,36.7200,5.4240,uW/uW,0.825,125,FF,saed05rvt_base_ff0p825v125c
comparator_24bit,900,0.3,0.5,197,0,2.471616,44,25.0695,5.4215,uW/uW,0.825,125,FF,saed05rvt_base_ff0p825v125c
comparator_24bit,900,0.8,0.5,197,0,2.471616,44,51.2413,5.4239,uW/uW,0.825,125,FF,saed05rvt_base_ff0p825v125c
comparator_24bit,900,0.5,0.3,197,0,2.471616,44,38.0838,5.4143,uW/uW,0.825,125,FF,saed05rvt_base_ff0p825v125c
comparator_24bit,900,0.5,0.7,197,0,2.471616,44,38.0901,5.5924,uW/uW,0.825,125,FF,saed05rvt_base_ff0p825v125c
comparator_24bit,1000,0.1,0.5,197,0,2.471616,44,11.1289,5.4032,uW/uW,0.825,125,FF,saed05rvt_base_ff0p825v125c
comparator_24bit,1000,0.5,0.5,197,0,2.471616,44,37.4540,5.4231,uW/uW,0.825,125,FF,saed05rvt_base_ff0p825v125c
comparator_24bit,1000,0.3,0.5,197,0,2.471616,44,25.4335,5.4231,uW/uW,0.825,125,FF,saed05rvt_base_ff0p825v125c
comparator_24bit,1000,0.8,0.5,197,0,2.471616,44,52.7915,5.4209,uW/uW,0.825,125,FF,saed05rvt_base_ff0p825v125c
comparator_24bit,1000,0.5,0.3,197,0,2.471616,44,38.8416,5.4124,uW/uW,0.825,125,FF,saed05rvt_base_ff0p825v125c
comparator_24bit,1000,0.5,0.7,197,0,2.471616,44,38.9152,5.5906,uW/uW,0.825,125,FF,saed05rvt_base_ff0p825v125c
comparator_24bit,10,0.1,0.5,197,0,2.451456,50,2.6288,56.4461,uW/nW,0.825,25,FF,saed05rvt_base_ff0p825v25c
comparator_24bit,10,0.5,0.5,197,0,2.451456,50,7.4253,58.3817,uW/nW,0.825,25,FF,saed05rvt_base_ff0p825v25c
comparator_24bit,10,0.3,0.5,197,0,2.451456,50,4.9307,58.3817,uW/nW,0.825,25,FF,saed05rvt_base_ff0p825v25c
comparator_24bit,10,0.8,0.5,197,0,2.451456,50,11.1671,58.3817,uW/nW,0.825,25,FF,saed05rvt_base_ff0p825v25c
comparator_24bit,10,0.5,0.3,197,0,2.451456,50,6.9992,69.3863,uW/nW,0.825,25,FF,saed05rvt_base_ff0p825v25c
comparator_24bit,10,0.5,0.7,197,0,2.451456,50,7.0670,69.6722,uW/nW,0.825,25,FF,saed05rvt_base_ff0p825v25c
comparator_24bit,50,0.1,0.5,197,0,2.451456,50,8.1463,56.4461,uW/nW,0.825,25,FF,saed05rvt_base_ff0p825v25c
comparator_24bit,50,0.5,0.5,197,0,2.451456,50,12.1803,58.3817,uW/nW,0.825,25,FF,saed05rvt_base_ff0p825v25c
comparator_24bit,50,0.3,0.5,197,0,2.451456,50,9.6855,58.3817,uW/nW,0.825,25,FF,saed05rvt_base_ff0p825v25c
comparator_24bit,50,0.8,0.5,197,0,2.451456,50,15.9224,58.3817,uW/nW,0.825,25,FF,saed05rvt_base_ff0p825v25c
comparator_24bit,50,0.5,0.3,197,0,2.451456,50,10.1837,69.3863,uW/nW,0.825,25,FF,saed05rvt_base_ff0p825v25c
comparator_24bit,50,0.5,0.7,197,0,2.451456,50,10.2587,69.6722,uW/nW,0.825,25,FF,saed05rvt_base_ff0p825v25c
comparator_24bit,100,0.1,0.5,197,0,2.451456,50,7.3421,68.3297,uW/nW,0.825,25,FF,saed05rvt_base_ff0p825v25c
comparator_24bit,100,0.5,0.5,197,0,2.451456,50,17.6107,58.9635,uW/nW,0.825,25,FF,saed05rvt_base_ff0p825v25c
comparator_24bit,100,0.3,0.5,197,0,2.451456,50,15.1128,58.9635,uW/nW,0.825,25,FF,saed05rvt_base_ff0p825v25c
comparator_24bit,100,0.8,0.5,197,0,2.451456,50,21.3557,58.9635,uW/nW,0.825,25,FF,saed05rvt_base_ff0p825v25c
comparator_24bit,100,0.5,0.3,197,0,2.451456,50,11.8431,71.7312,uW/nW,0.825,25,FF,saed05rvt_base_ff0p825v25c
comparator_24bit,100,0.5,0.7,197,0,2.451456,50,11.9277,72.0212,uW/nW,0.825,25,FF,saed05rvt_base_ff0p825v25c
comparator_24bit,200,0.1,0.5,197,0,2.451456,50,8.8388,68.3385,uW/nW,0.825,25,FF,saed05rvt_base_ff0p825v25c
comparator_24bit,200,0.5,0.5,197,0,2.451456,50,28.1247,58.9732,uW/nW,0.825,25,FF,saed05rvt_base_ff0p825v25c
comparator_24bit,200,0.3,0.5,197,0,2.451456,50,16.6705,68.4488,uW/nW,0.825,25,FF,saed05rvt_base_ff0p825v25c
comparator_24bit,200,0.8,0.5,197,0,2.451456,50,31.8724,58.9732,uW/nW,0.825,25,FF,saed05rvt_base_ff0p825v25c
comparator_24bit,200,0.5,0.3,197,0,2.451456,50,15.7423,71.7454,uW/nW,0.825,25,FF,saed05rvt_base_ff0p825v25c
comparator_24bit,200,0.5,0.7,197,0,2.451456,50,15.8456,72.0351,uW/nW,0.825,25,FF,saed05rvt_base_ff0p825v25c
comparator_24bit,300,0.1,0.5,197,0,2.451456,50,9.4861,68.3286,uW/nW,0.825,25,FF,saed05rvt_base_ff0p825v25c
comparator_24bit,300,0.5,0.5,197,0,2.451456,50,25.5006,68.4256,uW/nW,0.825,25,FF,saed05rvt_base_ff0p825v25c
comparator_24bit,300,0.3,0.5,197,0,2.451456,50,19.3270,68.4315,uW/nW,0.825,25,FF,saed05rvt_base_ff0p825v25c
comparator_24bit,300,0.8,0.5,197,0,2.451456,50,42.2473,58.9635,uW/nW,0.825,25,FF,saed05rvt_base_ff0p825v25c
comparator_24bit,300,0.5,0.3,197,0,2.451456,50,24.9984,68.4710,uW/nW,0.825,25,FF,saed05rvt_base_ff0p825v25c
comparator_24bit,300,0.5,0.7,197,0,2.451456,50,25.1637,68.7057,uW/nW,0.825,25,FF,saed05rvt_base_ff0p825v25c
comparator_24bit,450,0.1,0.5,197,0,2.451456,50,10.0109,68.3465,uW/nW,0.825,25,FF,saed05rvt_base_ff0p825v25c
comparator_24bit,450,0.5,0.5,197,0,2.451456,50,29.9165,68.4795,uW/nW,0.825,25,FF,saed05rvt_base_ff0p825v25c
comparator_24bit,450,0.3,0.5,197,0,2.451456,50,21.5456,68.4640,uW/nW,0.825,25,FF,saed05rvt_base_ff0p825v25c
comparator_24bit,450,0.8,0.5,197,0,2.451456,50,38.5275,68.4573,uW/nW,0.825,25,FF,saed05rvt_base_ff0p825v25c
comparator_24bit,450,0.5,0.3,197,0,2.451456,50,30.7706,69.4167,uW/nW,0.825,25,FF,saed05rvt_base_ff0p825v25c
comparator_24bit,450,0.5,0.7,197,0,2.451456,50,31.0036,69.6122,uW/nW,0.825,25,FF,saed05rvt_base_ff0p825v25c
comparator_24bit,600,0.1,0.5,197,0,2.451456,50,10.2842,68.3050,uW/nW,0.825,25,FF,saed05rvt_base_ff0p825v25c
comparator_24bit,600,0.5,0.5,197,0,2.451456,50,32.6374,68.4551,uW/nW,0.825,25,FF,saed05rvt_base_ff0p825v25c
comparator_24bit,600,0.3,0.5,197,0,2.451456,50,22.8096,68.4488,uW/nW,0.825,25,FF,saed05rvt_base_ff0p825v25c
comparator_24bit,600,0.8,0.5,197,0,2.451456,50,43.7424,68.4423,uW/nW,0.825,25,FF,saed05rvt_base_ff0p825v25c
comparator_24bit,600,0.5,0.3,197,0,2.451456,50,33.5790,69.4278,uW/nW,0.825,25,FF,saed05rvt_base_ff0p825v25c
comparator_24bit,600,0.5,0.7,197,0,2.451456,50,33.8004,69.6299,uW/nW,0.825,25,FF,saed05rvt_base_ff0p825v25c
comparator_24bit,750,0.1,0.5,197,0,2.451456,50,10.4676,68.2923,uW/nW,0.825,25,FF,saed05rvt_base_ff0p825v25c
comparator_24bit,750,0.5,0.5,197,0,2.451456,50,34.4714,68.4241,uW/nW,0.825,25,FF,saed05rvt_base_ff0p825v25c
comparator_24bit,750,0.3,0.5,197,0,2.451456,50,23.6576,68.3958,uW/nW,0.825,25,FF,saed05rvt_base_ff0p825v25c
comparator_24bit,750,0.8,0.5,197,0,2.451456,50,47.3002,68.4271,uW/nW,0.825,25,FF,saed05rvt_base_ff0p825v25c
comparator_24bit,750,0.5,0.3,197,0,2.451456,50,35.5026,69.3845,uW/nW,0.825,25,FF,saed05rvt_base_ff0p825v25c
comparator_24bit,750,0.5,0.7,197,0,2.451456,50,35.7369,69.5883,uW/nW,0.825,25,FF,saed05rvt_base_ff0p825v25c
comparator_24bit,900,0.1,0.5,197,0,2.451456,50,10.5886,68.3364,uW/nW,0.825,25,FF,saed05rvt_base_ff0p825v25c
comparator_24bit,900,0.5,0.5,197,0,2.451456,50,35.7672,68.4343,uW/nW,0.825,25,FF,saed05rvt_base_ff0p825v25c
comparator_24bit,900,0.3,0.5,197,0,2.451456,50,24.2502,68.4367,uW/nW,0.825,25,FF,saed05rvt_base_ff0p825v25c
comparator_24bit,900,0.8,0.5,197,0,2.451456,50,50.0074,68.4208,uW/nW,0.825,25,FF,saed05rvt_base_ff0p825v25c
comparator_24bit,900,0.5,0.3,197,0,2.451456,50,36.8446,69.4027,uW/nW,0.825,25,FF,saed05rvt_base_ff0p825v25c
comparator_24bit,900,0.5,0.7,197,0,2.451456,50,37.1406,69.6149,uW/nW,0.825,25,FF,saed05rvt_base_ff0p825v25c
comparator_24bit,1000,0.1,0.5,197,0,2.451456,50,10.6303,68.3312,uW/nW,0.825,25,FF,saed05rvt_base_ff0p825v25c
comparator_24bit,1000,0.5,0.5,197,0,2.451456,50,36.5036,68.4625,uW/nW,0.825,25,FF,saed05rvt_base_ff0p825v25c
comparator_24bit,1000,0.3,0.5,197,0,2.451456,50,24.6442,68.4823,uW/nW,0.825,25,FF,saed05rvt_base_ff0p825v25c
comparator_24bit,1000,0.8,0.5,197,0,2.451456,50,51.5627,68.4571,uW/nW,0.825,25,FF,saed05rvt_base_ff0p825v25c
comparator_24bit,1000,0.5,0.3,197,0,2.451456,50,37.6821,69.4303,uW/nW,0.825,25,FF,saed05rvt_base_ff0p825v25c
comparator_24bit,1000,0.5,0.7,197,0,2.451456,50,37.9327,69.6504,uW/nW,0.825,25,FF,saed05rvt_base_ff0p825v25c
comparator_24bit,10,0.1,0.5,199,0,2.532096,42,1.0134,719.0300,uW/nW,0.540,125,SS,saed05rvt_base_ss0p540v125c
comparator_24bit,10,0.5,0.5,199,0,2.532096,42,3.1000,708.9382,uW/nW,0.540,125,SS,saed05rvt_base_ss0p540v125c
comparator_24bit,10,0.3,0.5,199,0,2.532096,42,2.0399,708.9382,uW/nW,0.540,125,SS,saed05rvt_base_ss0p540v125c
comparator_24bit,10,0.8,0.5,199,0,2.532096,42,4.6902,708.9382,uW/nW,0.540,125,SS,saed05rvt_base_ss0p540v125c
comparator_24bit,10,0.5,0.3,199,0,2.532096,42,2.9874,802.9703,uW/nW,0.540,125,SS,saed05rvt_base_ss0p540v125c
comparator_24bit,10,0.5,0.7,199,0,2.532096,42,2.9685,830.6248,uW/nW,0.540,125,SS,saed05rvt_base_ss0p540v125c
comparator_24bit,50,0.1,0.5,199,0,2.532096,42,2.9394,719.0300,uW/nW,0.540,125,SS,saed05rvt_base_ss0p540v125c
comparator_24bit,50,0.5,0.5,199,0,2.532096,42,4.8977,708.9382,uW/nW,0.540,125,SS,saed05rvt_base_ss0p540v125c
comparator_24bit,50,0.3,0.5,199,0,2.532096,42,3.8367,708.9382,uW/nW,0.540,125,SS,saed05rvt_base_ss0p540v125c
comparator_24bit,50,0.8,0.5,199,0,2.532096,42,6.4885,708.9382,uW/nW,0.540,125,SS,saed05rvt_base_ss0p540v125c
comparator_24bit,50,0.5,0.3,199,0,2.532096,42,4.2926,802.9703,uW/nW,0.540,125,SS,saed05rvt_base_ss0p540v125c
comparator_24bit,50,0.5,0.7,199,0,2.532096,42,4.2774,830.6248,uW/nW,0.540,125,SS,saed05rvt_base_ss0p540v125c
comparator_24bit,100,0.1,0.5,199,0,2.532096,42,3.1244,806.2707,uW/nW,0.540,125,SS,saed05rvt_base_ss0p540v125c
comparator_24bit,100,0.5,0.5,199,0,2.532096,42,6.7117,735.3919,uW/nW,0.540,125,SS,saed05rvt_base_ss0p540v125c
comparator_24bit,100,0.3,0.5,199,0,2.532096,42,5.6480,735.3919,uW/nW,0.540,125,SS,saed05rvt_base_ss0p540v125c
comparator_24bit,100,0.8,0.5,199,0,2.532096,42,8.3049,735.3919,uW/nW,0.540,125,SS,saed05rvt_base_ss0p540v125c
comparator_24bit,100,0.5,0.3,199,0,2.532096,42,4.9335,847.1068,uW/nW,0.540,125,SS,saed05rvt_base_ss0p540v125c
comparator_24bit,100,0.5,0.7,199,0,2.532096,42,4.9195,875.1517,uW/nW,0.540,125,SS,saed05rvt_base_ss0p540v125c
comparator_24bit,200,0.1,0.5,199,0,2.532096,42,3.7612,806.4054,uW/nW,0.540,125,SS,saed05rvt_base_ss0p540v125c
comparator_24bit,200,0.5,0.5,199,0,2.532096,42,10.3650,735.0751,uW/nW,0.540,125,SS,saed05rvt_base_ss0p540v125c
comparator_24bit,200,0.3,0.5,199,0,2.532096,42,7.0550,807.0799,uW/nW,0.540,125,SS,saed05rvt_base_ss0p540v125c
comparator_24bit,200,0.8,0.5,199,0,2.532096,42,11.9620,735.0751,uW/nW,0.540,125,SS,saed05rvt_base_ss0p540v125c
comparator_24bit,200,0.5,0.3,199,0,2.532096,42,6.4139,846.6107,uW/nW,0.540,125,SS,saed05rvt_base_ss0p540v125c
comparator_24bit,200,0.5,0.7,199,0,2.532096,42,6.4037,874.6537,uW/nW,0.540,125,SS,saed05rvt_base_ss0p540v125c
comparator_24bit,300,0.1,0.5,199,0,2.532096,42,4.0435,806.2670,uW/nW,0.540,125,SS,saed05rvt_base_ss0p540v125c
comparator_24bit,300,0.5,0.5,199,0,2.532096,42,10.7537,807.1108,uW/nW,0.540,125,SS,saed05rvt_base_ss0p540v125c
comparator_24bit,300,0.3,0.5,199,0,2.532096,42,8.1644,806.8655,uW/nW,0.540,125,SS,saed05rvt_base_ss0p540v125c
comparator_24bit,300,0.8,0.5,199,0,2.532096,42,15.5524,735.2877,uW/nW,0.540,125,SS,saed05rvt_base_ss0p540v125c
comparator_24bit,300,0.5,0.3,199,0,2.532096,42,10.5856,797.0486,uW/nW,0.540,125,SS,saed05rvt_base_ss0p540v125c
comparator_24bit,300,0.5,0.7,199,0,2.532096,42,10.5954,823.4193,uW/nW,0.540,125,SS,saed05rvt_base_ss0p540v125c
comparator_24bit,450,0.1,0.5,199,0,2.532096,42,4.2553,805.9829,uW/nW,0.540,125,SS,saed05rvt_base_ss0p540v125c
comparator_24bit,450,0.5,0.5,199,0,2.532096,42,12.6265,807.0015,uW/nW,0.540,125,SS,saed05rvt_base_ss0p540v125c
comparator_24bit,450,0.3,0.5,199,0,2.532096,42,9.0762,806.9972,uW/nW,0.540,125,SS,saed05rvt_base_ss0p540v125c
comparator_24bit,450,0.8,0.5,199,0,2.532096,42,16.2065,807.1718,uW/nW,0.540,125,SS,saed05rvt_base_ss0p540v125c
comparator_24bit,450,0.5,0.3,199,0,2.532096,42,12.9811,807.4183,uW/nW,0.540,125,SS,saed05rvt_base_ss0p540v125c
comparator_24bit,450,0.5,0.7,199,0,2.532096,42,13.0129,832.8616,uW/nW,0.540,125,SS,saed05rvt_base_ss0p540v125c
comparator_24bit,600,0.1,0.5,199,0,2.532096,42,4.3690,805.7128,uW/nW,0.540,125,SS,saed05rvt_base_ss0p540v125c
comparator_24bit,600,0.5,0.5,199,0,2.532096,42,13.7544,807.0792,uW/nW,0.540,125,SS,saed05rvt_base_ss0p540v125c
comparator_24bit,600,0.3,0.5,199,0,2.532096,42,9.6056,807.1602,uW/nW,0.540,125,SS,saed05rvt_base_ss0p540v125c
comparator_24bit,600,0.8,0.5,199,0,2.532096,42,18.4160,807.1051,uW/nW,0.540,125,SS,saed05rvt_base_ss0p540v125c
comparator_24bit,600,0.5,0.3,199,0,2.532096,42,14.1497,807.7462,uW/nW,0.540,125,SS,saed05rvt_base_ss0p540v125c
comparator_24bit,600,0.5,0.7,199,0,2.532096,42,14.1974,833.0509,uW/nW,0.540,125,SS,saed05rvt_base_ss0p540v125c
comparator_24bit,750,0.1,0.5,199,0,2.532096,42,4.4547,805.9495,uW/nW,0.540,125,SS,saed05rvt_base_ss0p540v125c
comparator_24bit,750,0.5,0.5,199,0,2.532096,42,14.4880,806.8768,uW/nW,0.540,125,SS,saed05rvt_base_ss0p540v125c
comparator_24bit,750,0.3,0.5,199,0,2.532096,42,9.9402,806.7856,uW/nW,0.540,125,SS,saed05rvt_base_ss0p540v125c
comparator_24bit,750,0.8,0.5,199,0,2.532096,42,19.9381,806.9814,uW/nW,0.540,125,SS,saed05rvt_base_ss0p540v125c
comparator_24bit,750,0.5,0.3,199,0,2.532096,42,14.9241,807.3911,uW/nW,0.540,125,SS,saed05rvt_base_ss0p540v125c
comparator_24bit,750,0.5,0.7,199,0,2.532096,42,15.0011,832.6927,uW/nW,0.540,125,SS,saed05rvt_base_ss0p540v125c
comparator_24bit,900,0.1,0.5,199,0,2.532096,42,4.5050,806.2722,uW/nW,0.540,125,SS,saed05rvt_base_ss0p540v125c
comparator_24bit,900,0.5,0.5,199,0,2.532096,42,15.0169,807.0616,uW/nW,0.540,125,SS,saed05rvt_base_ss0p540v125c
comparator_24bit,900,0.3,0.5,199,0,2.532096,42,10.2114,807.0877,uW/nW,0.540,125,SS,saed05rvt_base_ss0p540v125c
comparator_24bit,900,0.8,0.5,199,0,2.532096,42,21.0314,807.3655,uW/nW,0.540,125,SS,saed05rvt_base_ss0p540v125c
comparator_24bit,900,0.5,0.3,199,0,2.532096,42,15.5017,807.7566,uW/nW,0.540,125,SS,saed05rvt_base_ss0p540v125c
comparator_24bit,900,0.5,0.7,199,0,2.532096,42,15.5606,833.0186,uW/nW,0.540,125,SS,saed05rvt_base_ss0p540v125c
comparator_24bit,1000,0.1,0.5,199,0,2.532096,42,4.5320,805.9897,uW/nW,0.540,125,SS,saed05rvt_base_ss0p540v125c
comparator_24bit,1000,0.5,0.5,199,0,2.532096,42,15.3303,807.4495,uW/nW,0.540,125,SS,saed05rvt_base_ss0p540v125c
comparator_24bit,1000,0.3,0.5,199,0,2.532096,42,10.3549,807.6327,uW/nW,0.540,125,SS,saed05rvt_base_ss0p540v125c
comparator_24bit,1000,0.8,0.5,199,0,2.532096,42,21.6604,807.2559,uW/nW,0.540,125,SS,saed05rvt_base_ss0p540v125c
comparator_24bit,1000,0.5,0.3,199,0,2.532096,42,15.8171,807.8847,uW/nW,0.540,125,SS,saed05rvt_base_ss0p540v125c
comparator_24bit,1000,0.5,0.7,199,0,2.532096,42,15.8793,833.2565,uW/nW,0.540,125,SS,saed05rvt_base_ss0p540v125c
comparator_24bit,10,0.1,0.5,200,0,2.524032,40,991.4418,5.7111,nW/nW,0.540,25,SS,saed05rvt_base_ss0p540v25c
comparator_24bit,10,0.5,0.5,200,0,2.524032,40,3.0749,5.6450,uW/nW,0.540,25,SS,saed05rvt_base_ss0p540v25c
comparator_24bit,10,0.3,0.5,200,0,2.524032,40,2.0238,5.6450,uW/nW,0.540,25,SS,saed05rvt_base_ss0p540v25c
comparator_24bit,10,0.8,0.5,200,0,2.524032,40,4.6513,5.6450,uW/nW,0.540,25,SS,saed05rvt_base_ss0p540v25c
comparator_24bit,10,0.5,0.3,200,0,2.524032,40,2.9560,6.3421,uW/nW,0.540,25,SS,saed05rvt_base_ss0p540v25c
comparator_24bit,10,0.5,0.7,200,0,2.524032,40,2.9559,6.3970,uW/nW,0.540,25,SS,saed05rvt_base_ss0p540v25c
comparator_24bit,50,0.1,0.5,200,0,2.524032,40,2.8515,5.7111,uW/nW,0.540,25,SS,saed05rvt_base_ss0p540v25c
comparator_24bit,50,0.5,0.5,200,0,2.524032,40,4.8631,5.6450,uW/nW,0.540,25,SS,saed05rvt_base_ss0p540v25c
comparator_24bit,50,0.3,0.5,200,0,2.524032,40,3.8112,5.6450,uW/nW,0.540,25,SS,saed05rvt_base_ss0p540v25c
comparator_24bit,50,0.8,0.5,200,0,2.524032,40,6.4402,5.6450,uW/nW,0.540,25,SS,saed05rvt_base_ss0p540v25c
comparator_24bit,50,0.5,0.3,200,0,2.524032,40,4.2636,6.3421,uW/nW,0.540,25,SS,saed05rvt_base_ss0p540v25c
comparator_24bit,50,0.5,0.7,200,0,2.524032,40,4.2672,6.3970,uW/nW,0.540,25,SS,saed05rvt_base_ss0p540v25c
comparator_24bit,100,0.1,0.5,200,0,2.524032,40,3.0181,6.4413,uW/nW,0.540,25,SS,saed05rvt_base_ss0p540v25c
comparator_24bit,100,0.5,0.5,200,0,2.524032,40,6.5552,5.9391,uW/nW,0.540,25,SS,saed05rvt_base_ss0p540v25c
comparator_24bit,100,0.3,0.5,200,0,2.524032,40,5.5016,5.9391,uW/nW,0.540,25,SS,saed05rvt_base_ss0p540v25c
comparator_24bit,100,0.8,0.5,200,0,2.524032,40,8.1336,5.9391,uW/nW,0.540,25,SS,saed05rvt_base_ss0p540v25c
comparator_24bit,100,0.5,0.3,200,0,2.524032,40,4.8589,6.8156,uW/nW,0.540,25,SS,saed05rvt_base_ss0p540v25c
comparator_24bit,100,0.5,0.7,200,0,2.524032,40,4.8639,6.8704,uW/nW,0.540,25,SS,saed05rvt_base_ss0p540v25c
comparator_24bit,200,0.1,0.5,200,0,2.524032,40,3.6267,6.4431,uW/nW,0.540,25,SS,saed05rvt_base_ss0p540v25c
comparator_24bit,200,0.5,0.5,200,0,2.524032,40,10.0368,5.9377,uW/nW,0.540,25,SS,saed05rvt_base_ss0p540v25c
comparator_24bit,200,0.3,0.5,200,0,2.524032,40,6.7003,6.4514,uW/nW,0.540,25,SS,saed05rvt_base_ss0p540v25c
comparator_24bit,200,0.8,0.5,200,0,2.524032,40,11.6183,5.9377,uW/nW,0.540,25,SS,saed05rvt_base_ss0p540v25c
comparator_24bit,200,0.5,0.3,200,0,2.524032,40,6.2853,6.8144,uW/nW,0.540,25,SS,saed05rvt_base_ss0p540v25c
comparator_24bit,200,0.5,0.7,200,0,2.524032,40,6.2940,6.8693,uW/nW,0.540,25,SS,saed05rvt_base_ss0p540v25c
comparator_24bit,300,0.1,0.5,200,0,2.524032,40,3.8893,6.4381,uW/nW,0.540,25,SS,saed05rvt_base_ss0p540v25c
comparator_24bit,300,0.5,0.5,200,0,2.524032,40,10.1668,6.4513,uW/nW,0.540,25,SS,saed05rvt_base_ss0p540v25c
comparator_24bit,300,0.3,0.5,200,0,2.524032,40,7.7316,6.4507,uW/nW,0.540,25,SS,saed05rvt_base_ss0p540v25c
comparator_24bit,300,0.8,0.5,200,0,2.524032,40,15.0328,5.9387,uW/nW,0.540,25,SS,saed05rvt_base_ss0p540v25c
comparator_24bit,300,0.5,0.3,200,0,2.524032,40,10.0009,6.4470,uW/nW,0.540,25,SS,saed05rvt_base_ss0p540v25c
comparator_24bit,300,0.5,0.7,200,0,2.524032,40,10.0221,6.4947,uW/nW,0.540,25,SS,saed05rvt_base_ss0p540v25c
comparator_24bit,450,0.1,0.5,200,0,2.524032,40,4.1018,6.4415,uW/nW,0.540,25,SS,saed05rvt_base_ss0p540v25c
comparator_24bit,450,0.5,0.5,200,0,2.524032,40,11.8987,6.4547,uW/nW,0.540,25,SS,saed05rvt_base_ss0p540v25c
comparator_24bit,450,0.3,0.5,200,0,2.524032,40,8.5950,6.4555,uW/nW,0.540,25,SS,saed05rvt_base_ss0p540v25c
comparator_24bit,450,0.8,0.5,200,0,2.524032,40,15.3008,6.4558,uW/nW,0.540,25,SS,saed05rvt_base_ss0p540v25c
comparator_24bit,450,0.5,0.3,200,0,2.524032,40,12.2222,6.5254,uW/nW,0.540,25,SS,saed05rvt_base_ss0p540v25c
comparator_24bit,450,0.5,0.7,200,0,2.524032,40,12.2573,6.5693,uW/nW,0.540,25,SS,saed05rvt_base_ss0p540v25c
comparator_24bit,600,0.1,0.5,200,0,2.524032,40,4.2093,6.4398,uW/nW,0.540,25,SS,saed05rvt_base_ss0p540v25c
comparator_24bit,600,0.5,0.5,200,0,2.524032,40,12.9087,6.4520,uW/nW,0.540,25,SS,saed05rvt_base_ss0p540v25c
comparator_24bit,600,0.3,0.5,200,0,2.524032,40,9.0755,6.4526,uW/nW,0.540,25,SS,saed05rvt_base_ss0p540v25c
comparator_24bit,600,0.8,0.5,200,0,2.524032,40,17.2998,6.4534,uW/nW,0.540,25,SS,saed05rvt_base_ss0p540v25c
comparator_24bit,600,0.5,0.3,200,0,2.524032,40,13.2891,6.5253,uW/nW,0.540,25,SS,saed05rvt_base_ss0p540v25c
comparator_24bit,600,0.5,0.7,200,0,2.524032,40,13.3233,6.5694,uW/nW,0.540,25,SS,saed05rvt_base_ss0p540v25c
comparator_24bit,750,0.1,0.5,200,0,2.524032,40,4.2754,6.4408,uW/nW,0.540,25,SS,saed05rvt_base_ss0p540v25c
comparator_24bit,750,0.5,0.5,200,0,2.524032,40,13.6162,6.4564,uW/nW,0.540,25,SS,saed05rvt_base_ss0p540v25c
comparator_24bit,750,0.3,0.5,200,0,2.524032,40,9.4048,6.4557,uW/nW,0.540,25,SS,saed05rvt_base_ss0p540v25c
comparator_24bit,750,0.8,0.5,200,0,2.524032,40,18.6589,6.4564,uW/nW,0.540,25,SS,saed05rvt_base_ss0p540v25c
comparator_24bit,750,0.5,0.3,200,0,2.524032,40,14.0303,6.5286,uW/nW,0.540,25,SS,saed05rvt_base_ss0p540v25c
comparator_24bit,750,0.5,0.7,200,0,2.524032,40,14.0660,6.5692,uW/nW,0.540,25,SS,saed05rvt_base_ss0p540v25c
comparator_24bit,900,0.1,0.5,200,0,2.524032,40,4.3336,6.4399,uW/nW,0.540,25,SS,saed05rvt_base_ss0p540v25c
comparator_24bit,900,0.5,0.5,200,0,2.524032,40,14.1123,6.4549,uW/nW,0.540,25,SS,saed05rvt_base_ss0p540v25c
comparator_24bit,900,0.3,0.5,200,0,2.524032,40,9.6350,6.4527,uW/nW,0.540,25,SS,saed05rvt_base_ss0p540v25c
comparator_24bit,900,0.8,0.5,200,0,2.524032,40,19.6752,6.4517,uW/nW,0.540,25,SS,saed05rvt_base_ss0p540v25c
comparator_24bit,900,0.5,0.3,200,0,2.524032,40,14.5528,6.5228,uW/nW,0.540,25,SS,saed05rvt_base_ss0p540v25c
comparator_24bit,900,0.5,0.7,200,0,2.524032,40,14.5738,6.5657,uW/nW,0.540,25,SS,saed05rvt_base_ss0p540v25c
comparator_24bit,1000,0.1,0.5,200,0,2.524032,40,4.3570,6.4402,uW/nW,0.540,25,SS,saed05rvt_base_ss0p540v25c
comparator_24bit,1000,0.5,0.5,200,0,2.524032,40,14.3708,6.4524,uW/nW,0.540,25,SS,saed05rvt_base_ss0p540v25c
comparator_24bit,1000,0.3,0.5,200,0,2.524032,40,9.7606,6.4535,uW/nW,0.540,25,SS,saed05rvt_base_ss0p540v25c
comparator_24bit,1000,0.8,0.5,200,0,2.524032,40,20.2121,6.4548,uW/nW,0.540,25,SS,saed05rvt_base_ss0p540v25c
comparator_24bit,1000,0.5,0.3,200,0,2.524032,40,14.8327,6.5243,uW/nW,0.540,25,SS,saed05rvt_base_ss0p540v25c
comparator_24bit,1000,0.5,0.7,200,0,2.524032,40,14.8725,6.5675,uW/nW,0.540,25,SS,saed05rvt_base_ss0p540v25c
comparator_24bit,10,0.1,0.5,195,0,2.419200,46,1.6052,1.5332,uW/uW,0.675,125,SS,saed05rvt_base_ss0p675v125c
comparator_24bit,10,0.5,0.5,195,0,2.419200,46,4.9247,1.5709,uW/uW,0.675,125,SS,saed05rvt_base_ss0p675v125c
comparator_24bit,10,0.3,0.5,195,0,2.419200,46,3.2526,1.5709,uW/uW,0.675,125,SS,saed05rvt_base_ss0p675v125c
comparator_24bit,10,0.8,0.5,195,0,2.419200,46,7.4328,1.5709,uW/uW,0.675,125,SS,saed05rvt_base_ss0p675v125c
comparator_24bit,10,0.5,0.3,195,0,2.419200,46,4.7056,1.8080,uW/uW,0.675,125,SS,saed05rvt_base_ss0p675v125c
comparator_24bit,10,0.5,0.7,195,0,2.419200,46,4.6617,1.8389,uW/uW,0.675,125,SS,saed05rvt_base_ss0p675v125c
comparator_24bit,50,0.1,0.5,195,0,2.419200,46,4.6803,1.5332,uW/uW,0.675,125,SS,saed05rvt_base_ss0p675v125c
comparator_24bit,50,0.5,0.5,195,0,2.419200,46,7.9018,1.5709,uW/uW,0.675,125,SS,saed05rvt_base_ss0p675v125c
comparator_24bit,50,0.3,0.5,195,0,2.419200,46,6.2294,1.5709,uW/uW,0.675,125,SS,saed05rvt_base_ss0p675v125c
comparator_24bit,50,0.8,0.5,195,0,2.419200,46,10.4102,1.5709,uW/uW,0.675,125,SS,saed05rvt_base_ss0p675v125c
comparator_24bit,50,0.5,0.3,195,0,2.419200,46,6.7133,1.8080,uW/uW,0.675,125,SS,saed05rvt_base_ss0p675v125c
comparator_24bit,50,0.5,0.7,195,0,2.419200,46,6.6826,1.8389,uW/uW,0.675,125,SS,saed05rvt_base_ss0p675v125c
comparator_24bit,100,0.1,0.5,195,0,2.419200,46,4.8287,1.8070,uW/uW,0.675,125,SS,saed05rvt_base_ss0p675v125c
comparator_24bit,100,0.5,0.5,195,0,2.419200,46,10.9540,1.6104,uW/uW,0.675,125,SS,saed05rvt_base_ss0p675v125c
comparator_24bit,100,0.3,0.5,195,0,2.419200,46,9.2810,1.6104,uW/uW,0.675,125,SS,saed05rvt_base_ss0p675v125c
comparator_24bit,100,0.8,0.5,195,0,2.419200,46,13.4629,1.6104,uW/uW,0.675,125,SS,saed05rvt_base_ss0p675v125c
comparator_24bit,100,0.5,0.3,195,0,2.419200,46,7.8169,1.9039,uW/uW,0.675,125,SS,saed05rvt_base_ss0p675v125c
comparator_24bit,100,0.5,0.7,195,0,2.419200,46,7.7884,1.9349,uW/uW,0.675,125,SS,saed05rvt_base_ss0p675v125c
comparator_24bit,200,0.1,0.5,195,0,2.419200,46,5.7977,1.8074,uW/uW,0.675,125,SS,saed05rvt_base_ss0p675v125c
comparator_24bit,200,0.5,0.5,195,0,2.419200,46,17.0594,1.6098,uW/uW,0.675,125,SS,saed05rvt_base_ss0p675v125c
comparator_24bit,200,0.3,0.5,195,0,2.419200,46,10.8447,1.8102,uW/uW,0.675,125,SS,saed05rvt_base_ss0p675v125c
comparator_24bit,200,0.8,0.5,195,0,2.419200,46,19.5695,1.6098,uW/uW,0.675,125,SS,saed05rvt_base_ss0p675v125c
comparator_24bit,200,0.5,0.3,195,0,2.419200,46,10.1628,1.9029,uW/uW,0.675,125,SS,saed05rvt_base_ss0p675v125c
comparator_24bit,200,0.5,0.7,195,0,2.419200,46,10.1455,1.9338,uW/uW,0.675,125,SS,saed05rvt_base_ss0p675v125c
comparator_24bit,300,0.1,0.5,195,0,2.419200,46,6.2281,1.8067,uW/uW,0.675,125,SS,saed05rvt_base_ss0p675v125c
comparator_24bit,300,0.5,0.5,195,0,2.419200,46,16.5395,1.8103,uW/uW,0.675,125,SS,saed05rvt_base_ss0p675v125c
comparator_24bit,300,0.3,0.5,195,0,2.419200,46,12.5082,1.8099,uW/uW,0.675,125,SS,saed05rvt_base_ss0p675v125c
comparator_24bit,300,0.8,0.5,195,0,2.419200,46,25.5604,1.6100,uW/uW,0.675,125,SS,saed05rvt_base_ss0p675v125c
comparator_24bit,300,0.5,0.3,195,0,2.419200,46,16.2659,1.8016,uW/uW,0.675,125,SS,saed05rvt_base_ss0p675v125c
comparator_24bit,300,0.5,0.7,195,0,2.419200,46,16.2796,1.8310,uW/uW,0.675,125,SS,saed05rvt_base_ss0p675v125c
comparator_24bit,450,0.1,0.5,195,0,2.419200,46,6.5576,1.8073,uW/uW,0.675,125,SS,saed05rvt_base_ss0p675v125c
comparator_24bit,450,0.5,0.5,195,0,2.419200,46,19.2899,1.8103,uW/uW,0.675,125,SS,saed05rvt_base_ss0p675v125c
comparator_24bit,450,0.3,0.5,195,0,2.419200,46,13.9059,1.8101,uW/uW,0.675,125,SS,saed05rvt_base_ss0p675v125c
comparator_24bit,450,0.8,0.5,195,0,2.419200,46,24.9679,1.8108,uW/uW,0.675,125,SS,saed05rvt_base_ss0p675v125c
comparator_24bit,450,0.5,0.3,195,0,2.419200,46,19.8888,1.8258,uW/uW,0.675,125,SS,saed05rvt_base_ss0p675v125c
comparator_24bit,450,0.5,0.7,195,0,2.419200,46,19.9195,1.8544,uW/uW,0.675,125,SS,saed05rvt_base_ss0p675v125c
comparator_24bit,600,0.1,0.5,195,0,2.419200,46,6.7361,1.8050,uW/uW,0.675,125,SS,saed05rvt_base_ss0p675v125c
comparator_24bit,600,0.5,0.5,195,0,2.419200,46,20.9448,1.8105,uW/uW,0.675,125,SS,saed05rvt_base_ss0p675v125c
comparator_24bit,600,0.3,0.5,195,0,2.419200,46,14.6979,1.8097,uW/uW,0.675,125,SS,saed05rvt_base_ss0p675v125c
comparator_24bit,600,0.8,0.5,195,0,2.419200,46,28.1743,1.8098,uW/uW,0.675,125,SS,saed05rvt_base_ss0p675v125c
comparator_24bit,600,0.5,0.3,195,0,2.419200,46,21.6838,1.8258,uW/uW,0.675,125,SS,saed05rvt_base_ss0p675v125c
comparator_24bit,600,0.5,0.7,195,0,2.419200,46,21.6969,1.8540,uW/uW,0.675,125,SS,saed05rvt_base_ss0p675v125c
comparator_24bit,750,0.1,0.5,195,0,2.419200,46,6.8640,1.8066,uW/uW,0.675,125,SS,saed05rvt_base_ss0p675v125c
comparator_24bit,750,0.5,0.5,195,0,2.419200,46,22.1407,1.8097,uW/uW,0.675,125,SS,saed05rvt_base_ss0p675v125c
comparator_24bit,750,0.3,0.5,195,0,2.419200,46,15.2665,1.8108,uW/uW,0.675,125,SS,saed05rvt_base_ss0p675v125c
comparator_24bit,750,0.8,0.5,195,0,2.419200,46,30.3807,1.8101,uW/uW,0.675,125,SS,saed05rvt_base_ss0p675v125c
comparator_24bit,750,0.5,0.3,195,0,2.419200,46,22.9012,1.8256,uW/uW,0.675,125,SS,saed05rvt_base_ss0p675v125c
comparator_24bit,750,0.5,0.7,195,0,2.419200,46,22.9385,1.8540,uW/uW,0.675,125,SS,saed05rvt_base_ss0p675v125c
comparator_24bit,900,0.1,0.5,195,0,2.419200,46,6.9398,1.8058,uW/uW,0.675,125,SS,saed05rvt_base_ss0p675v125c
comparator_24bit,900,0.5,0.5,195,0,2.419200,46,22.9686,1.8110,uW/uW,0.675,125,SS,saed05rvt_base_ss0p675v125c
comparator_24bit,900,0.3,0.5,195,0,2.419200,46,15.6703,1.8108,uW/uW,0.675,125,SS,saed05rvt_base_ss0p675v125c
comparator_24bit,900,0.8,0.5,195,0,2.419200,46,32.0998,1.8107,uW/uW,0.675,125,SS,saed05rvt_base_ss0p675v125c
comparator_24bit,900,0.5,0.3,195,0,2.419200,46,23.8116,1.8263,uW/uW,0.675,125,SS,saed05rvt_base_ss0p675v125c
comparator_24bit,900,0.5,0.7,195,0,2.419200,46,23.8481,1.8550,uW/uW,0.675,125,SS,saed05rvt_base_ss0p675v125c
comparator_24bit,1000,0.1,0.5,195,0,2.419200,46,6.9777,1.8069,uW/uW,0.675,125,SS,saed05rvt_base_ss0p675v125c
comparator_24bit,1000,0.5,0.5,195,0,2.419200,46,23.3775,1.8100,uW/uW,0.675,125,SS,saed05rvt_base_ss0p675v125c
comparator_24bit,1000,0.3,0.5,195,0,2.419200,46,15.8445,1.8102,uW/uW,0.675,125,SS,saed05rvt_base_ss0p675v125c
comparator_24bit,1000,0.8,0.5,195,0,2.419200,46,32.9518,1.8108,uW/uW,0.675,125,SS,saed05rvt_base_ss0p675v125c
comparator_24bit,1000,0.5,0.3,195,0,2.419200,46,24.2454,1.8257,uW/uW,0.675,125,SS,saed05rvt_base_ss0p675v125c
comparator_24bit,1000,0.5,0.7,195,0,2.419200,46,24.2760,1.8543,uW/uW,0.675,125,SS,saed05rvt_base_ss0p675v125c
comparator_24bit,10,0.1,0.5,196,0,2.443392,46,1.6435,16.2943,uW/nW,0.675,25,SS,saed05rvt_base_ss0p675v25c
comparator_24bit,10,0.5,0.5,196,0,2.443392,46,4.8200,16.2107,uW/nW,0.675,25,SS,saed05rvt_base_ss0p675v25c
comparator_24bit,10,0.3,0.5,196,0,2.443392,46,3.1854,16.2107,uW/nW,0.675,25,SS,saed05rvt_base_ss0p675v25c
comparator_24bit,10,0.8,0.5,196,0,2.443392,46,7.2719,16.2107,uW/nW,0.675,25,SS,saed05rvt_base_ss0p675v25c
comparator_24bit,10,0.5,0.3,196,0,2.443392,46,4.5736,19.0195,uW/nW,0.675,25,SS,saed05rvt_base_ss0p675v25c
comparator_24bit,10,0.5,0.7,196,0,2.443392,46,4.5658,19.0858,uW/nW,0.675,25,SS,saed05rvt_base_ss0p675v25c
comparator_24bit,50,0.1,0.5,196,0,2.443392,46,4.9484,16.2943,uW/nW,0.675,25,SS,saed05rvt_base_ss0p675v25c
comparator_24bit,50,0.5,0.5,196,0,2.443392,46,7.7540,16.2107,uW/nW,0.675,25,SS,saed05rvt_base_ss0p675v25c
comparator_24bit,50,0.3,0.5,196,0,2.443392,46,6.1194,16.2107,uW/nW,0.675,25,SS,saed05rvt_base_ss0p675v25c
comparator_24bit,50,0.8,0.5,196,0,2.443392,46,10.2059,16.2107,uW/nW,0.675,25,SS,saed05rvt_base_ss0p675v25c
comparator_24bit,50,0.5,0.3,196,0,2.443392,46,6.5122,19.0195,uW/nW,0.675,25,SS,saed05rvt_base_ss0p675v25c
comparator_24bit,50,0.5,0.7,196,0,2.443392,46,6.5073,19.0858,uW/nW,0.675,25,SS,saed05rvt_base_ss0p675v25c
comparator_24bit,100,0.1,0.5,196,0,2.443392,46,4.7605,18.5769,uW/nW,0.675,25,SS,saed05rvt_base_ss0p675v25c
comparator_24bit,100,0.5,0.5,196,0,2.443392,46,11.0337,16.5731,uW/nW,0.675,25,SS,saed05rvt_base_ss0p675v25c
comparator_24bit,100,0.3,0.5,196,0,2.443392,46,9.3991,16.5731,uW/nW,0.675,25,SS,saed05rvt_base_ss0p675v25c
comparator_24bit,100,0.8,0.5,196,0,2.443392,46,13.4855,16.5731,uW/nW,0.675,25,SS,saed05rvt_base_ss0p675v25c
comparator_24bit,100,0.5,0.3,196,0,2.443392,46,7.5392,19.7291,uW/nW,0.675,25,SS,saed05rvt_base_ss0p675v25c
comparator_24bit,100,0.5,0.7,196,0,2.443392,46,7.5397,19.7954,uW/nW,0.675,25,SS,saed05rvt_base_ss0p675v25c
comparator_24bit,200,0.1,0.5,196,0,2.443392,46,5.7193,18.5735,uW/nW,0.675,25,SS,saed05rvt_base_ss0p675v25c
comparator_24bit,200,0.5,0.5,196,0,2.443392,46,17.3828,16.5686,uW/nW,0.675,25,SS,saed05rvt_base_ss0p675v25c
comparator_24bit,200,0.3,0.5,196,0,2.443392,46,10.7294,18.6203,uW/nW,0.675,25,SS,saed05rvt_base_ss0p675v25c
comparator_24bit,200,0.8,0.5,196,0,2.443392,46,19.8346,16.5686,uW/nW,0.675,25,SS,saed05rvt_base_ss0p675v25c
comparator_24bit,200,0.5,0.3,196,0,2.443392,46,9.9011,19.7231,uW/nW,0.675,25,SS,saed05rvt_base_ss0p675v25c
comparator_24bit,200,0.5,0.7,196,0,2.443392,46,9.9120,19.7894,uW/nW,0.675,25,SS,saed05rvt_base_ss0p675v25c
comparator_24bit,300,0.1,0.5,196,0,2.443392,46,6.1324,18.5664,uW/nW,0.675,25,SS,saed05rvt_base_ss0p675v25c
comparator_24bit,300,0.5,0.5,196,0,2.443392,46,16.3482,18.6228,uW/nW,0.675,25,SS,saed05rvt_base_ss0p675v25c
comparator_24bit,300,0.3,0.5,196,0,2.443392,46,12.4518,18.6239,uW/nW,0.675,25,SS,saed05rvt_base_ss0p675v25c
comparator_24bit,300,0.8,0.5,196,0,2.443392,46,26.0746,16.5676,uW/nW,0.675,25,SS,saed05rvt_base_ss0p675v25c
comparator_24bit,300,0.5,0.3,196,0,2.443392,46,16.0979,18.6200,uW/nW,0.675,25,SS,saed05rvt_base_ss0p675v25c
comparator_24bit,300,0.5,0.7,196,0,2.443392,46,16.1232,18.7104,uW/nW,0.675,25,SS,saed05rvt_base_ss0p675v25c
comparator_24bit,450,0.1,0.5,196,0,2.443392,46,6.4655,18.5799,uW/nW,0.675,25,SS,saed05rvt_base_ss0p675v25c
comparator_24bit,450,0.5,0.5,196,0,2.443392,46,19.2599,18.6276,uW/nW,0.675,25,SS,saed05rvt_base_ss0p675v25c
comparator_24bit,450,0.3,0.5,196,0,2.443392,46,13.8741,18.6294,uW/nW,0.675,25,SS,saed05rvt_base_ss0p675v25c
comparator_24bit,450,0.8,0.5,196,0,2.443392,46,24.6699,18.6315,uW/nW,0.675,25,SS,saed05rvt_base_ss0p675v25c
comparator_24bit,450,0.5,0.3,196,0,2.443392,46,19.8231,18.8617,uW/nW,0.675,25,SS,saed05rvt_base_ss0p675v25c
comparator_24bit,450,0.5,0.7,196,0,2.443392,46,19.8259,18.9660,uW/nW,0.675,25,SS,saed05rvt_base_ss0p675v25c
comparator_24bit,600,0.1,0.5,196,0,2.443392,46,6.6288,18.5594,uW/nW,0.675,25,SS,saed05rvt_base_ss0p675v25c
comparator_24bit,600,0.5,0.5,196,0,2.443392,46,20.9792,18.6221,uW/nW,0.675,25,SS,saed05rvt_base_ss0p675v25c
comparator_24bit,600,0.3,0.5,196,0,2.443392,46,14.6964,18.6177,uW/nW,0.675,25,SS,saed05rvt_base_ss0p675v25c
comparator_24bit,600,0.8,0.5,196,0,2.443392,46,28.0656,18.6158,uW/nW,0.675,25,SS,saed05rvt_base_ss0p675v25c
comparator_24bit,600,0.5,0.3,196,0,2.443392,46,21.5991,18.8507,uW/nW,0.675,25,SS,saed05rvt_base_ss0p675v25c
comparator_24bit,600,0.5,0.7,196,0,2.443392,46,21.6133,18.9606,uW/nW,0.675,25,SS,saed05rvt_base_ss0p675v25c
comparator_24bit,750,0.1,0.5,196,0,2.443392,46,6.7382,18.5711,uW/nW,0.675,25,SS,saed05rvt_base_ss0p675v25c
comparator_24bit,750,0.5,0.5,196,0,2.443392,46,22.1210,18.6206,uW/nW,0.675,25,SS,saed05rvt_base_ss0p675v25c
comparator_24bit,750,0.3,0.5,196,0,2.443392,46,15.2417,18.6213,uW/nW,0.675,25,SS,saed05rvt_base_ss0p675v25c
comparator_24bit,750,0.8,0.5,196,0,2.443392,46,30.3765,18.6166,uW/nW,0.675,25,SS,saed05rvt_base_ss0p675v25c
comparator_24bit,750,0.5,0.3,196,0,2.443392,46,22.8432,18.8460,uW/nW,0.675,25,SS,saed05rvt_base_ss0p675v25c
comparator_24bit,750,0.5,0.7,196,0,2.443392,46,22.8720,18.9552,uW/nW,0.675,25,SS,saed05rvt_base_ss0p675v25c
comparator_24bit,900,0.1,0.5,196,0,2.443392,46,6.8187,18.5563,uW/nW,0.675,25,SS,saed05rvt_base_ss0p675v25c
comparator_24bit,900,0.5,0.5,196,0,2.443392,46,22.9555,18.6210,uW/nW,0.675,25,SS,saed05rvt_base_ss0p675v25c
comparator_24bit,900,0.3,0.5,196,0,2.443392,46,15.6123,18.6132,uW/nW,0.675,25,SS,saed05rvt_base_ss0p675v25c
comparator_24bit,900,0.8,0.5,196,0,2.443392,46,32.1038,18.6199,uW/nW,0.675,25,SS,saed05rvt_base_ss0p675v25c
comparator_24bit,900,0.5,0.3,196,0,2.443392,46,23.7526,18.8453,uW/nW,0.675,25,SS,saed05rvt_base_ss0p675v25c
comparator_24bit,900,0.5,0.7,196,0,2.443392,46,23.7757,18.9549,uW/nW,0.675,25,SS,saed05rvt_base_ss0p675v25c
comparator_24bit,1000,0.1,0.5,196,0,2.443392,46,6.8621,18.5648,uW/nW,0.675,25,SS,saed05rvt_base_ss0p675v25c
comparator_24bit,1000,0.5,0.5,196,0,2.443392,46,23.4680,18.6213,uW/nW,0.675,25,SS,saed05rvt_base_ss0p675v25c
comparator_24bit,1000,0.3,0.5,196,0,2.443392,46,15.8707,18.6179,uW/nW,0.675,25,SS,saed05rvt_base_ss0p675v25c
comparator_24bit,1000,0.8,0.5,196,0,2.443392,46,33.0340,18.6242,uW/nW,0.675,25,SS,saed05rvt_base_ss0p675v25c
comparator_24bit,1000,0.5,0.3,196,0,2.443392,46,24.2592,18.8520,uW/nW,0.675,25,SS,saed05rvt_base_ss0p675v25c
comparator_24bit,1000,0.5,0.7,196,0,2.443392,46,24.2700,18.9586,uW/nW,0.675,25,SS,saed05rvt_base_ss0p675v25c
gray_counter_5bit,10,0.1,0.5,37,9,1.447488,1,543.0938,5.3647,nW/nW,0.60,25,TT,saed05rvt_base_tt0p60v25c
gray_counter_5bit,10,0.5,0.5,37,9,1.447488,1,2.4879,5.3647,uW/nW,0.60,25,TT,saed05rvt_base_tt0p60v25c
gray_counter_5bit,10,0.3,0.5,37,9,1.447488,1,1.5183,5.3647,uW/nW,0.60,25,TT,saed05rvt_base_tt0p60v25c
gray_counter_5bit,10,0.8,0.5,37,9,1.447488,1,3.9423,5.3647,uW/nW,0.60,25,TT,saed05rvt_base_tt0p60v25c
gray_counter_5bit,10,0.5,0.3,37,9,1.447488,1,2.6236,5.3211,uW/nW,0.60,25,TT,saed05rvt_base_tt0p60v25c
gray_counter_5bit,10,0.5,0.7,37,9,1.447488,1,2.3499,5.4490,uW/nW,0.60,25,TT,saed05rvt_base_tt0p60v25c
gray_counter_5bit,50,0.1,0.5,37,9,1.447488,1,776.2752,5.3647,nW/nW,0.60,25,TT,saed05rvt_base_tt0p60v25c
gray_counter_5bit,50,0.5,0.5,37,9,1.447488,1,2.7437,5.3647,uW/nW,0.60,25,TT,saed05rvt_base_tt0p60v25c
gray_counter_5bit,50,0.3,0.5,37,9,1.447488,1,1.7742,5.3647,uW/nW,0.60,25,TT,saed05rvt_base_tt0p60v25c
gray_counter_5bit,50,0.8,0.5,37,9,1.447488,1,4.1981,5.3647,uW/nW,0.60,25,TT,saed05rvt_base_tt0p60v25c
gray_counter_5bit,50,0.5,0.3,37,9,1.447488,1,2.8907,5.3211,uW/nW,0.60,25,TT,saed05rvt_base_tt0p60v25c
gray_counter_5bit,50,0.5,0.7,37,9,1.447488,1,2.5846,5.4490,uW/nW,0.60,25,TT,saed05rvt_base_tt0p60v25c
gray_counter_5bit,100,0.1,0.5,37,9,1.447488,1,615.5898,5.3600,nW/nW,0.60,25,TT,saed05rvt_base_tt0p60v25c
gray_counter_5bit,100,0.5,0.5,37,9,1.447488,1,2.5873,5.3607,uW/nW,0.60,25,TT,saed05rvt_base_tt0p60v25c
gray_counter_5bit,100,0.3,0.5,37,9,1.447488,1,1.6330,5.3607,uW/nW,0.60,25,TT,saed05rvt_base_tt0p60v25c
gray_counter_5bit,100,0.8,0.5,37,9,1.447488,1,4.0188,5.3607,uW/nW,0.60,25,TT,saed05rvt_base_tt0p60v25c
gray_counter_5bit,100,0.5,0.3,37,9,1.447488,1,2.7131,5.3179,uW/nW,0.60,25,TT,saed05rvt_base_tt0p60v25c
gray_counter_5bit,100,0.5,0.7,37,9,1.447488,1,2.4611,5.4430,uW/nW,0.60,25,TT,saed05rvt_base_tt0p60v25c
gray_counter_5bit,200,0.1,0.5,37,9,1.447488,1,611.5867,5.3607,nW/nW,0.60,25,TT,saed05rvt_base_tt0p60v25c
gray_counter_5bit,200,0.5,0.5,37,9,1.447488,1,2.6596,5.3604,uW/nW,0.60,25,TT,saed05rvt_base_tt0p60v25c
gray_counter_5bit,200,0.3,0.5,37,9,1.447488,1,1.6054,5.3602,uW/nW,0.60,25,TT,saed05rvt_base_tt0p60v25c
gray_counter_5bit,200,0.8,0.5,37,9,1.447488,1,4.0897,5.3604,uW/nW,0.60,25,TT,saed05rvt_base_tt0p60v25c
gray_counter_5bit,200,0.5,0.3,37,9,1.447488,1,2.7827,5.3177,uW/nW,0.60,25,TT,saed05rvt_base_tt0p60v25c
gray_counter_5bit,200,0.5,0.7,37,9,1.447488,1,2.5364,5.4426,uW/nW,0.60,25,TT,saed05rvt_base_tt0p60v25c
gray_counter_5bit,300,0.1,0.5,37,9,1.447488,1,609.2105,5.3609,nW/nW,0.60,25,TT,saed05rvt_base_tt0p60v25c
gray_counter_5bit,300,0.5,0.5,37,9,1.447488,1,2.5961,5.3600,uW/nW,0.60,25,TT,saed05rvt_base_tt0p60v25c
gray_counter_5bit,300,0.3,0.5,37,9,1.447488,1,1.5996,5.3601,uW/nW,0.60,25,TT,saed05rvt_base_tt0p60v25c
gray_counter_5bit,300,0.8,0.5,37,9,1.447488,1,4.1631,5.3605,uW/nW,0.60,25,TT,saed05rvt_base_tt0p60v25c
gray_counter_5bit,300,0.5,0.3,37,9,1.447488,1,2.6878,5.3173,uW/nW,0.60,25,TT,saed05rvt_base_tt0p60v25c
gray_counter_5bit,300,0.5,0.7,37,9,1.447488,1,2.4727,5.4422,uW/nW,0.60,25,TT,saed05rvt_base_tt0p60v25c
gray_counter_5bit,450,0.1,0.5,37,9,1.447488,1,612.3072,5.3615,nW/nW,0.60,25,TT,saed05rvt_base_tt0p60v25c
gray_counter_5bit,450,0.5,0.5,37,9,1.447488,1,2.5935,5.3602,uW/nW,0.60,25,TT,saed05rvt_base_tt0p60v25c
gray_counter_5bit,450,0.3,0.5,37,9,1.447488,1,1.6002,5.3601,uW/nW,0.60,25,TT,saed05rvt_base_tt0p60v25c
gray_counter_5bit,450,0.8,0.5,37,9,1.447488,1,4.0935,5.3602,uW/nW,0.60,25,TT,saed05rvt_base_tt0p60v25c
gray_counter_5bit,450,0.5,0.3,37,9,1.447488,1,2.6865,5.3173,uW/nW,0.60,25,TT,saed05rvt_base_tt0p60v25c
gray_counter_5bit,450,0.5,0.7,37,9,1.447488,1,2.4886,5.4423,uW/nW,0.60,25,TT,saed05rvt_base_tt0p60v25c
gray_counter_5bit,600,0.1,0.5,37,9,1.447488,1,609.9213,5.3619,nW/nW,0.60,25,TT,saed05rvt_base_tt0p60v25c
gray_counter_5bit,600,0.5,0.5,37,9,1.447488,1,2.5861,5.3610,uW/nW,0.60,25,TT,saed05rvt_base_tt0p60v25c
gray_counter_5bit,600,0.3,0.5,37,9,1.447488,1,1.5957,5.3610,uW/nW,0.60,25,TT,saed05rvt_base_tt0p60v25c
gray_counter_5bit,600,0.8,0.5,37,9,1.447488,1,4.0778,5.3610,uW/nW,0.60,25,TT,saed05rvt_base_tt0p60v25c
gray_counter_5bit,600,0.5,0.3,37,9,1.447488,1,2.6842,5.3182,uW/nW,0.60,25,TT,saed05rvt_base_tt0p60v25c
gray_counter_5bit,600,0.5,0.7,37,9,1.447488,1,2.4800,5.4431,uW/nW,0.60,25,TT,saed05rvt_base_tt0p60v25c
gray_counter_5bit,750,0.1,0.5,37,9,1.447488,1,613.2613,5.3621,nW/nW,0.60,25,TT,saed05rvt_base_tt0p60v25c
gray_counter_5bit,750,0.5,0.5,37,9,1.447488,1,2.5881,5.3604,uW/nW,0.60,25,TT,saed05rvt_base_tt0p60v25c
gray_counter_5bit,750,0.3,0.5,37,9,1.447488,1,1.6003,5.3604,uW/nW,0.60,25,TT,saed05rvt_base_tt0p60v25c
gray_counter_5bit,750,0.8,0.5,37,9,1.447488,1,4.0786,5.3604,uW/nW,0.60,25,TT,saed05rvt_base_tt0p60v25c
gray_counter_5bit,750,0.5,0.3,37,9,1.447488,1,2.6869,5.3175,uW/nW,0.60,25,TT,saed05rvt_base_tt0p60v25c
gray_counter_5bit,750,0.5,0.7,37,9,1.447488,1,2.4836,5.4425,uW/nW,0.60,25,TT,saed05rvt_base_tt0p60v25c
gray_counter_5bit,900,0.1,0.5,37,9,1.447488,1,614.5804,5.3626,nW/nW,0.60,25,TT,saed05rvt_base_tt0p60v25c
gray_counter_5bit,900,0.5,0.5,37,9,1.447488,1,2.5871,5.3607,uW/nW,0.60,25,TT,saed05rvt_base_tt0p60v25c
gray_counter_5bit,900,0.3,0.5,37,9,1.447488,1,1.6014,5.3607,uW/nW,0.60,25,TT,saed05rvt_base_tt0p60v25c
gray_counter_5bit,900,0.8,0.5,37,9,1.447488,1,4.0748,5.3607,uW/nW,0.60,25,TT,saed05rvt_base_tt0p60v25c
gray_counter_5bit,900,0.5,0.3,37,9,1.447488,1,2.6863,5.3178,uW/nW,0.60,25,TT,saed05rvt_base_tt0p60v25c
gray_counter_5bit,900,0.5,0.7,37,9,1.447488,1,2.4805,5.4428,uW/nW,0.60,25,TT,saed05rvt_base_tt0p60v25c
gray_counter_5bit,1000,0.1,0.5,37,9,1.447488,1,616.5202,5.3632,nW/nW,0.60,25,TT,saed05rvt_base_tt0p60v25c
gray_counter_5bit,1000,0.5,0.5,37,9,1.447488,1,2.5871,5.3610,uW/nW,0.60,25,TT,saed05rvt_base_tt0p60v25c
gray_counter_5bit,1000,0.3,0.5,37,9,1.447488,1,1.6016,5.3610,uW/nW,0.60,25,TT,saed05rvt_base_tt0p60v25c
gray_counter_5bit,1000,0.8,0.5,37,9,1.447488,1,4.0738,5.3610,uW/nW,0.60,25,TT,saed05rvt_base_tt0p60v25c
gray_counter_5bit,1000,0.5,0.3,37,9,1.447488,1,2.6866,5.3182,uW/nW,0.60,25,TT,saed05rvt_base_tt0p60v25c
gray_counter_5bit,1000,0.5,0.7,37,9,1.447488,1,2.4810,5.4431,uW/nW,0.60,25,TT,saed05rvt_base_tt0p60v25c
gray_counter_5bit,10,0.1,0.5,35,9,1.431360,1,549.2757,570.0926,nW/nW,0.60,125,TT,saed05rvt_base_tt0p60v125c
gray_counter_5bit,10,0.5,0.5,35,9,1.431360,1,2.5321,570.0893,uW/nW,0.60,125,TT,saed05rvt_base_tt0p60v125c
gray_counter_5bit,10,0.3,0.5,35,9,1.431360,1,1.5428,570.0893,uW/nW,0.60,125,TT,saed05rvt_base_tt0p60v125c
gray_counter_5bit,10,0.8,0.5,35,9,1.431360,1,4.0159,570.0893,uW/nW,0.60,125,TT,saed05rvt_base_tt0p60v125c
gray_counter_5bit,10,0.5,0.3,35,9,1.431360,1,2.6762,571.9604,uW/nW,0.60,125,TT,saed05rvt_base_tt0p60v125c
gray_counter_5bit,10,0.5,0.7,35,9,1.431360,1,2.3872,573.2287,uW/nW,0.60,125,TT,saed05rvt_base_tt0p60v125c
gray_counter_5bit,50,0.1,0.5,35,9,1.431360,1,767.8863,570.0926,nW/nW,0.60,125,TT,saed05rvt_base_tt0p60v125c
gray_counter_5bit,50,0.5,0.5,35,9,1.431360,1,2.7680,570.0893,uW/nW,0.60,125,TT,saed05rvt_base_tt0p60v125c
gray_counter_5bit,50,0.3,0.5,35,9,1.431360,1,1.7788,570.0893,uW/nW,0.60,125,TT,saed05rvt_base_tt0p60v125c
gray_counter_5bit,50,0.8,0.5,35,9,1.431360,1,4.2519,570.0893,uW/nW,0.60,125,TT,saed05rvt_base_tt0p60v125c
gray_counter_5bit,50,0.5,0.3,35,9,1.431360,1,2.9250,571.9604,uW/nW,0.60,125,TT,saed05rvt_base_tt0p60v125c
gray_counter_5bit,50,0.5,0.7,35,9,1.431360,1,2.6072,573.2287,uW/nW,0.60,125,TT,saed05rvt_base_tt0p60v125c
gray_counter_5bit,100,0.1,0.5,35,9,1.431360,1,616.2461,564.6084,nW/nW,0.60,125,TT,saed05rvt_base_tt0p60v125c
gray_counter_5bit,100,0.5,0.5,35,9,1.431360,1,2.6152,564.6623,uW/nW,0.60,125,TT,saed05rvt_base_tt0p60v125c
gray_counter_5bit,100,0.3,0.5,35,9,1.431360,1,1.6426,564.6623,uW/nW,0.60,125,TT,saed05rvt_base_tt0p60v125c
gray_counter_5bit,100,0.8,0.5,35,9,1.431360,1,4.0742,564.6623,uW/nW,0.60,125,TT,saed05rvt_base_tt0p60v125c
gray_counter_5bit,100,0.5,0.3,35,9,1.431360,1,2.7477,566.9788,uW/nW,0.60,125,TT,saed05rvt_base_tt0p60v125c
gray_counter_5bit,100,0.5,0.7,35,9,1.431360,1,2.4829,567.0333,uW/nW,0.60,125,TT,saed05rvt_base_tt0p60v125c
gray_counter_5bit,200,0.1,0.5,35,9,1.431360,1,612.9166,564.3509,nW/nW,0.60,125,TT,saed05rvt_base_tt0p60v125c
gray_counter_5bit,200,0.5,0.5,35,9,1.431360,1,2.6777,564.3104,uW/nW,0.60,125,TT,saed05rvt_base_tt0p60v125c
gray_counter_5bit,200,0.3,0.5,35,9,1.431360,1,1.6198,564.3047,uW/nW,0.60,125,TT,saed05rvt_base_tt0p60v125c
gray_counter_5bit,200,0.8,0.5,35,9,1.431360,1,4.1352,564.3104,uW/nW,0.60,125,TT,saed05rvt_base_tt0p60v125c
gray_counter_5bit,200,0.5,0.3,35,9,1.431360,1,2.8066,566.6521,uW/nW,0.60,125,TT,saed05rvt_base_tt0p60v125c
gray_counter_5bit,200,0.5,0.7,35,9,1.431360,1,2.5489,566.6379,uW/nW,0.60,125,TT,saed05rvt_base_tt0p60v125c
gray_counter_5bit,300,0.1,0.5,35,9,1.431360,1,610.7818,564.3059,nW/nW,0.60,125,TT,saed05rvt_base_tt0p60v125c
gray_counter_5bit,300,0.5,0.5,35,9,1.431360,1,2.6225,564.1964,uW/nW,0.60,125,TT,saed05rvt_base_tt0p60v125c
gray_counter_5bit,300,0.3,0.5,35,9,1.431360,1,1.6145,564.1974,uW/nW,0.60,125,TT,saed05rvt_base_tt0p60v125c
gray_counter_5bit,300,0.8,0.5,35,9,1.431360,1,4.1960,564.1836,uW/nW,0.60,125,TT,saed05rvt_base_tt0p60v125c
gray_counter_5bit,300,0.5,0.3,35,9,1.431360,1,2.7283,566.5562,uW/nW,0.60,125,TT,saed05rvt_base_tt0p60v125c
gray_counter_5bit,300,0.5,0.7,35,9,1.431360,1,2.4953,566.4939,uW/nW,0.60,125,TT,saed05rvt_base_tt0p60v125c
gray_counter_5bit,450,0.1,0.5,35,9,1.431360,1,613.8375,564.4414,nW/nW,0.60,125,TT,saed05rvt_base_tt0p60v125c
gray_counter_5bit,450,0.5,0.5,35,9,1.431360,1,2.6201,564.2330,uW/nW,0.60,125,TT,saed05rvt_base_tt0p60v125c
gray_counter_5bit,450,0.3,0.5,35,9,1.431360,1,1.6162,564.2346,uW/nW,0.60,125,TT,saed05rvt_base_tt0p60v125c
gray_counter_5bit,450,0.8,0.5,35,9,1.431360,1,4.1323,564.2330,uW/nW,0.60,125,TT,saed05rvt_base_tt0p60v125c
gray_counter_5bit,450,0.5,0.3,35,9,1.431360,1,2.7246,566.5899,uW/nW,0.60,125,TT,saed05rvt_base_tt0p60v125c
gray_counter_5bit,450,0.5,0.7,35,9,1.431360,1,2.5061,566.5374,uW/nW,0.60,125,TT,saed05rvt_base_tt0p60v125c
gray_counter_5bit,600,0.1,0.5,35,9,1.431360,1,611.6842,564.4050,nW/nW,0.60,125,TT,saed05rvt_base_tt0p60v125c
gray_counter_5bit,600,0.5,0.5,35,9,1.431360,1,2.6127,564.2172,uW/nW,0.60,125,TT,saed05rvt_base_tt0p60v125c
gray_counter_5bit,600,0.3,0.5,35,9,1.431360,1,1.6116,564.2177,uW/nW,0.60,125,TT,saed05rvt_base_tt0p60v125c
gray_counter_5bit,600,0.8,0.5,35,9,1.431360,1,4.1220,564.2170,uW/nW,0.60,125,TT,saed05rvt_base_tt0p60v125c
gray_counter_5bit,600,0.5,0.3,35,9,1.431360,1,2.7200,566.5828,uW/nW,0.60,125,TT,saed05rvt_base_tt0p60v125c
gray_counter_5bit,600,0.5,0.7,35,9,1.431360,1,2.4996,566.5051,uW/nW,0.60,125,TT,saed05rvt_base_tt0p60v125c
gray_counter_5bit,750,0.1,0.5,35,9,1.431360,1,614.8557,564.5109,nW/nW,0.60,125,TT,saed05rvt_base_tt0p60v125c
gray_counter_5bit,750,0.5,0.5,35,9,1.431360,1,2.6171,564.3190,uW/nW,0.60,125,TT,saed05rvt_base_tt0p60v125c
gray_counter_5bit,750,0.3,0.5,35,9,1.431360,1,1.6155,564.3185,uW/nW,0.60,125,TT,saed05rvt_base_tt0p60v125c
gray_counter_5bit,750,0.8,0.5,35,9,1.431360,1,4.1218,564.3173,uW/nW,0.60,125,TT,saed05rvt_base_tt0p60v125c
gray_counter_5bit,750,0.5,0.3,35,9,1.431360,1,2.7248,566.6763,uW/nW,0.60,125,TT,saed05rvt_base_tt0p60v125c
gray_counter_5bit,750,0.5,0.7,35,9,1.431360,1,2.5020,566.6157,uW/nW,0.60,125,TT,saed05rvt_base_tt0p60v125c
gray_counter_5bit,900,0.1,0.5,35,9,1.431360,1,615.9686,564.5413,nW/nW,0.60,125,TT,saed05rvt_base_tt0p60v125c
gray_counter_5bit,900,0.5,0.5,35,9,1.431360,1,2.6188,564.4343,uW/nW,0.60,125,TT,saed05rvt_base_tt0p60v125c
gray_counter_5bit,900,0.3,0.5,35,9,1.431360,1,1.6165,564.4381,uW/nW,0.60,125,TT,saed05rvt_base_tt0p60v125c
gray_counter_5bit,900,0.8,0.5,35,9,1.431360,1,4.1217,564.4357,uW/nW,0.60,125,TT,saed05rvt_base_tt0p60v125c
gray_counter_5bit,900,0.5,0.3,35,9,1.431360,1,2.7283,566.7830,uW/nW,0.60,125,TT,saed05rvt_base_tt0p60v125c
gray_counter_5bit,900,0.5,0.7,35,9,1.431360,1,2.5027,566.7514,uW/nW,0.60,125,TT,saed05rvt_base_tt0p60v125c
gray_counter_5bit,1000,0.1,0.5,35,9,1.431360,1,617.7936,564.4751,nW/nW,0.60,125,TT,saed05rvt_base_tt0p60v125c
gray_counter_5bit,1000,0.5,0.5,35,9,1.431360,1,2.6193,564.3073,uW/nW,0.60,125,TT,saed05rvt_base_tt0p60v125c
gray_counter_5bit,1000,0.3,0.5,35,9,1.431360,1,1.6190,564.3082,uW/nW,0.60,125,TT,saed05rvt_base_tt0p60v125c
gray_counter_5bit,1000,0.8,0.5,35,9,1.431360,1,4.1192,564.3097,uW/nW,0.60,125,TT,saed05rvt_base_tt0p60v125c
gray_counter_5bit,1000,0.5,0.3,35,9,1.431360,1,2.7279,566.6658,uW/nW,0.60,125,TT,saed05rvt_base_tt0p60v125c
gray_counter_5bit,1000,0.5,0.7,35,9,1.431360,1,2.5032,566.6105,uW/nW,0.60,125,TT,saed05rvt_base_tt0p60v125c
gray_counter_5bit,10,0.1,0.5,35,9,1.431360,1,881.8346,1.4264,nW/uW,0.75,125,TT,saed05rvt_base_tt0p75v125c
gray_counter_5bit,10,0.5,0.5,35,9,1.431360,1,4.0648,1.4264,uW/uW,0.75,125,TT,saed05rvt_base_tt0p75v125c
gray_counter_5bit,10,0.3,0.5,35,9,1.431360,1,2.4765,1.4264,uW/uW,0.75,125,TT,saed05rvt_base_tt0p75v125c
gray_counter_5bit,10,0.8,0.5,35,9,1.431360,1,6.4473,1.4264,uW/uW,0.75,125,TT,saed05rvt_base_tt0p75v125c
gray_counter_5bit,10,0.5,0.3,35,9,1.431360,1,4.3091,1.4318,uW/uW,0.75,125,TT,saed05rvt_base_tt0p75v125c
gray_counter_5bit,10,0.5,0.7,35,9,1.431360,1,3.8195,1.4339,uW/uW,0.75,125,TT,saed05rvt_base_tt0p75v125c
gray_counter_5bit,50,0.1,0.5,35,9,1.431360,1,1.2325,1.4264,uW/uW,0.75,125,TT,saed05rvt_base_tt0p75v125c
gray_counter_5bit,50,0.5,0.5,35,9,1.431360,1,4.4410,1.4264,uW/uW,0.75,125,TT,saed05rvt_base_tt0p75v125c
gray_counter_5bit,50,0.3,0.5,35,9,1.431360,1,2.8526,1.4264,uW/uW,0.75,125,TT,saed05rvt_base_tt0p75v125c
gray_counter_5bit,50,0.8,0.5,35,9,1.431360,1,6.8234,1.4264,uW/uW,0.75,125,TT,saed05rvt_base_tt0p75v125c
gray_counter_5bit,50,0.5,0.3,35,9,1.431360,1,4.7063,1.4318,uW/uW,0.75,125,TT,saed05rvt_base_tt0p75v125c
gray_counter_5bit,50,0.5,0.7,35,9,1.431360,1,4.1705,1.4339,uW/uW,0.75,125,TT,saed05rvt_base_tt0p75v125c
gray_counter_5bit,100,0.1,0.5,35,9,1.431360,1,988.3090,1.4127,nW/uW,0.75,125,TT,saed05rvt_base_tt0p75v125c
gray_counter_5bit,100,0.5,0.5,35,9,1.431360,1,4.1849,1.4128,uW/uW,0.75,125,TT,saed05rvt_base_tt0p75v125c
gray_counter_5bit,100,0.3,0.5,35,9,1.431360,1,2.6246,1.4128,uW/uW,0.75,125,TT,saed05rvt_base_tt0p75v125c
gray_counter_5bit,100,0.8,0.5,35,9,1.431360,1,6.5254,1.4128,uW/uW,0.75,125,TT,saed05rvt_base_tt0p75v125c
gray_counter_5bit,100,0.5,0.3,35,9,1.431360,1,4.4087,1.4194,uW/uW,0.75,125,TT,saed05rvt_base_tt0p75v125c
gray_counter_5bit,100,0.5,0.7,35,9,1.431360,1,3.9614,1.4183,uW/uW,0.75,125,TT,saed05rvt_base_tt0p75v125c
gray_counter_5bit,200,0.1,0.5,35,9,1.431360,1,982.8467,1.4120,nW/uW,0.75,125,TT,saed05rvt_base_tt0p75v125c
gray_counter_5bit,200,0.5,0.5,35,9,1.431360,1,4.2723,1.4119,uW/uW,0.75,125,TT,saed05rvt_base_tt0p75v125c
gray_counter_5bit,200,0.3,0.5,35,9,1.431360,1,2.5914,1.4119,uW/uW,0.75,125,TT,saed05rvt_base_tt0p75v125c
gray_counter_5bit,200,0.8,0.5,35,9,1.431360,1,6.6104,1.4119,uW/uW,0.75,125,TT,saed05rvt_base_tt0p75v125c
gray_counter_5bit,200,0.5,0.3,35,9,1.431360,1,4.4899,1.4186,uW/uW,0.75,125,TT,saed05rvt_base_tt0p75v125c
gray_counter_5bit,200,0.5,0.7,35,9,1.431360,1,4.0550,1.4173,uW/uW,0.75,125,TT,saed05rvt_base_tt0p75v125c
gray_counter_5bit,300,0.1,0.5,35,9,1.431360,1,979.3780,1.4119,nW/uW,0.75,125,TT,saed05rvt_base_tt0p75v125c
gray_counter_5bit,300,0.5,0.5,35,9,1.431360,1,4.1936,1.4116,uW/uW,0.75,125,TT,saed05rvt_base_tt0p75v125c
gray_counter_5bit,300,0.3,0.5,35,9,1.431360,1,2.5837,1.4116,uW/uW,0.75,125,TT,saed05rvt_base_tt0p75v125c
gray_counter_5bit,300,0.8,0.5,35,9,1.431360,1,6.6952,1.4116,uW/uW,0.75,125,TT,saed05rvt_base_tt0p75v125c
gray_counter_5bit,300,0.5,0.3,35,9,1.431360,1,4.3792,1.4184,uW/uW,0.75,125,TT,saed05rvt_base_tt0p75v125c
gray_counter_5bit,300,0.5,0.7,35,9,1.431360,1,3.9782,1.4169,uW/uW,0.75,125,TT,saed05rvt_base_tt0p75v125c
gray_counter_5bit,450,0.1,0.5,35,9,1.431360,1,984.2645,1.4122,nW/uW,0.75,125,TT,saed05rvt_base_tt0p75v125c
gray_counter_5bit,450,0.5,0.5,35,9,1.431360,1,4.1908,1.4117,uW/uW,0.75,125,TT,saed05rvt_base_tt0p75v125c
gray_counter_5bit,450,0.3,0.5,35,9,1.431360,1,2.5866,1.4117,uW/uW,0.75,125,TT,saed05rvt_base_tt0p75v125c
gray_counter_5bit,450,0.8,0.5,35,9,1.431360,1,6.6059,1.4117,uW/uW,0.75,125,TT,saed05rvt_base_tt0p75v125c
gray_counter_5bit,450,0.5,0.3,35,9,1.431360,1,4.3746,1.4185,uW/uW,0.75,125,TT,saed05rvt_base_tt0p75v125c
gray_counter_5bit,450,0.5,0.7,35,9,1.431360,1,3.9942,1.4171,uW/uW,0.75,125,TT,saed05rvt_base_tt0p75v125c
gray_counter_5bit,600,0.1,0.5,35,9,1.431360,1,980.6692,1.4122,nW/uW,0.75,125,TT,saed05rvt_base_tt0p75v125c
gray_counter_5bit,600,0.5,0.5,35,9,1.431360,1,4.1795,1.4117,uW/uW,0.75,125,TT,saed05rvt_base_tt0p75v125c
gray_counter_5bit,600,0.3,0.5,35,9,1.431360,1,2.5795,1.4117,uW/uW,0.75,125,TT,saed05rvt_base_tt0p75v125c
gray_counter_5bit,600,0.8,0.5,35,9,1.431360,1,6.5906,1.4117,uW/uW,0.75,125,TT,saed05rvt_base_tt0p75v125c
gray_counter_5bit,600,0.5,0.3,35,9,1.431360,1,4.3670,1.4185,uW/uW,0.75,125,TT,saed05rvt_base_tt0p75v125c
gray_counter_5bit,600,0.5,0.7,35,9,1.431360,1,3.9843,1.4170,uW/uW,0.75,125,TT,saed05rvt_base_tt0p75v125c
gray_counter_5bit,750,0.1,0.5,35,9,1.431360,1,985.9177,1.4124,nW/uW,0.75,125,TT,saed05rvt_base_tt0p75v125c
gray_counter_5bit,750,0.5,0.5,35,9,1.431360,1,4.1870,1.4119,uW/uW,0.75,125,TT,saed05rvt_base_tt0p75v125c
gray_counter_5bit,750,0.3,0.5,35,9,1.431360,1,2.5861,1.4119,uW/uW,0.75,125,TT,saed05rvt_base_tt0p75v125c
gray_counter_5bit,750,0.8,0.5,35,9,1.431360,1,6.5916,1.4119,uW/uW,0.75,125,TT,saed05rvt_base_tt0p75v125c
gray_counter_5bit,750,0.5,0.3,35,9,1.431360,1,4.3752,1.4187,uW/uW,0.75,125,TT,saed05rvt_base_tt0p75v125c
gray_counter_5bit,750,0.5,0.7,35,9,1.431360,1,3.9888,1.4173,uW/uW,0.75,125,TT,saed05rvt_base_tt0p75v125c
gray_counter_5bit,900,0.1,0.5,35,9,1.431360,1,987.6985,1.4125,nW/uW,0.75,125,TT,saed05rvt_base_tt0p75v125c
gray_counter_5bit,900,0.5,0.5,35,9,1.431360,1,4.1901,1.4122,uW/uW,0.75,125,TT,saed05rvt_base_tt0p75v125c
gray_counter_5bit,900,0.3,0.5,35,9,1.431360,1,2.5879,1.4122,uW/uW,0.75,125,TT,saed05rvt_base_tt0p75v125c
gray_counter_5bit,900,0.8,0.5,35,9,1.431360,1,6.5924,1.4122,uW/uW,0.75,125,TT,saed05rvt_base_tt0p75v125c
gray_counter_5bit,900,0.5,0.3,35,9,1.431360,1,4.3810,1.4190,uW/uW,0.75,125,TT,saed05rvt_base_tt0p75v125c
gray_counter_5bit,900,0.5,0.7,35,9,1.431360,1,3.9904,1.4176,uW/uW,0.75,125,TT,saed05rvt_base_tt0p75v125c
gray_counter_5bit,1000,0.1,0.5,35,9,1.431360,1,990.5165,1.4123,nW/uW,0.75,125,TT,saed05rvt_base_tt0p75v125c
gray_counter_5bit,1000,0.5,0.5,35,9,1.431360,1,4.1909,1.4119,uW/uW,0.75,125,TT,saed05rvt_base_tt0p75v125c
gray_counter_5bit,1000,0.3,0.5,35,9,1.431360,1,2.5917,1.4119,uW/uW,0.75,125,TT,saed05rvt_base_tt0p75v125c
gray_counter_5bit,1000,0.8,0.5,35,9,1.431360,1,6.5886,1.4119,uW/uW,0.75,125,TT,saed05rvt_base_tt0p75v125c
gray_counter_5bit,1000,0.5,0.3,35,9,1.431360,1,4.3805,1.4187,uW/uW,0.75,125,TT,saed05rvt_base_tt0p75v125c
gray_counter_5bit,1000,0.5,0.7,35,9,1.431360,1,3.9911,1.4172,uW/uW,0.75,125,TT,saed05rvt_base_tt0p75v125c
gray_counter_5bit,10,0.1,0.5,36,9,1.447488,1,866.8092,17.0953,nW/nW,0.75,25,TT,saed05rvt_base_tt0p75v25c
gray_counter_5bit,10,0.5,0.5,36,9,1.447488,1,3.9727,17.0952,uW/nW,0.75,25,TT,saed05rvt_base_tt0p75v25c
gray_counter_5bit,10,0.3,0.5,36,9,1.447488,1,2.4218,17.0952,uW/nW,0.75,25,TT,saed05rvt_base_tt0p75v25c
gray_counter_5bit,10,0.8,0.5,36,9,1.447488,1,6.2991,17.0952,uW/nW,0.75,25,TT,saed05rvt_base_tt0p75v25c
gray_counter_5bit,10,0.5,0.3,36,9,1.447488,1,4.2032,16.9870,uW/nW,0.75,25,TT,saed05rvt_base_tt0p75v25c
gray_counter_5bit,10,0.5,0.7,36,9,1.447488,1,3.7444,17.3395,uW/nW,0.75,25,TT,saed05rvt_base_tt0p75v25c
gray_counter_5bit,50,0.1,0.5,36,9,1.447488,1,1.2321,17.0953,uW/nW,0.75,25,TT,saed05rvt_base_tt0p75v25c
gray_counter_5bit,50,0.5,0.5,36,9,1.447488,1,4.3541,17.0952,uW/nW,0.75,25,TT,saed05rvt_base_tt0p75v25c
gray_counter_5bit,50,0.3,0.5,36,9,1.447488,1,2.8031,17.0952,uW/nW,0.75,25,TT,saed05rvt_base_tt0p75v25c
gray_counter_5bit,50,0.8,0.5,36,9,1.447488,1,6.6805,17.0952,uW/nW,0.75,25,TT,saed05rvt_base_tt0p75v25c
gray_counter_5bit,50,0.5,0.3,36,9,1.447488,1,4.6125,16.9870,uW/nW,0.75,25,TT,saed05rvt_base_tt0p75v25c
gray_counter_5bit,50,0.5,0.7,36,9,1.447488,1,4.1065,17.3395,uW/nW,0.75,25,TT,saed05rvt_base_tt0p75v25c
gray_counter_5bit,100,0.1,0.5,36,9,1.447488,1,979.4339,17.0838,nW/nW,0.75,25,TT,saed05rvt_base_tt0p75v25c
gray_counter_5bit,100,0.5,0.5,36,9,1.447488,1,4.1254,17.0857,uW/nW,0.75,25,TT,saed05rvt_base_tt0p75v25c
gray_counter_5bit,100,0.3,0.5,36,9,1.447488,1,2.6004,17.0857,uW/nW,0.75,25,TT,saed05rvt_base_tt0p75v25c
gray_counter_5bit,100,0.8,0.5,36,9,1.447488,1,6.4129,17.0857,uW/nW,0.75,25,TT,saed05rvt_base_tt0p75v25c
gray_counter_5bit,100,0.5,0.3,36,9,1.447488,1,4.3365,16.9828,uW/nW,0.75,25,TT,saed05rvt_base_tt0p75v25c
gray_counter_5bit,100,0.5,0.7,36,9,1.447488,1,3.9135,17.3201,uW/nW,0.75,25,TT,saed05rvt_base_tt0p75v25c
gray_counter_5bit,200,0.1,0.5,36,9,1.447488,1,973.1372,17.0865,nW/nW,0.75,25,TT,saed05rvt_base_tt0p75v25c
gray_counter_5bit,200,0.5,0.5,36,9,1.447488,1,4.2336,17.0850,uW/nW,0.75,25,TT,saed05rvt_base_tt0p75v25c
gray_counter_5bit,200,0.3,0.5,36,9,1.447488,1,2.5575,17.0850,uW/nW,0.75,25,TT,saed05rvt_base_tt0p75v25c
gray_counter_5bit,200,0.8,0.5,36,9,1.447488,1,6.5183,17.0850,uW/nW,0.75,25,TT,saed05rvt_base_tt0p75v25c
gray_counter_5bit,200,0.5,0.3,36,9,1.447488,1,4.4400,16.9824,uW/nW,0.75,25,TT,saed05rvt_base_tt0p75v25c
gray_counter_5bit,200,0.5,0.7,36,9,1.447488,1,4.0267,17.3186,uW/nW,0.75,25,TT,saed05rvt_base_tt0p75v25c
gray_counter_5bit,300,0.1,0.5,36,9,1.447488,1,969.4086,17.0873,nW/nW,0.75,25,TT,saed05rvt_base_tt0p75v25c
gray_counter_5bit,300,0.5,0.5,36,9,1.447488,1,4.1445,17.0854,uW/nW,0.75,25,TT,saed05rvt_base_tt0p75v25c
gray_counter_5bit,300,0.3,0.5,36,9,1.447488,1,2.5542,17.0854,uW/nW,0.75,25,TT,saed05rvt_base_tt0p75v25c
gray_counter_5bit,300,0.8,0.5,36,9,1.447488,1,6.6374,17.0859,uW/nW,0.75,25,TT,saed05rvt_base_tt0p75v25c
gray_counter_5bit,300,0.5,0.3,36,9,1.447488,1,4.3067,16.9827,uW/nW,0.75,25,TT,saed05rvt_base_tt0p75v25c
gray_counter_5bit,300,0.5,0.7,36,9,1.447488,1,3.9382,17.3194,uW/nW,0.75,25,TT,saed05rvt_base_tt0p75v25c
gray_counter_5bit,450,0.1,0.5,36,9,1.447488,1,974.2842,17.0891,nW/nW,0.75,25,TT,saed05rvt_base_tt0p75v25c
gray_counter_5bit,450,0.5,0.5,36,9,1.447488,1,4.1337,17.0876,uW/nW,0.75,25,TT,saed05rvt_base_tt0p75v25c
gray_counter_5bit,450,0.3,0.5,36,9,1.447488,1,2.5502,17.0875,uW/nW,0.75,25,TT,saed05rvt_base_tt0p75v25c
gray_counter_5bit,450,0.8,0.5,36,9,1.447488,1,6.5176,17.0876,uW/nW,0.75,25,TT,saed05rvt_base_tt0p75v25c
gray_counter_5bit,450,0.5,0.3,36,9,1.447488,1,4.2966,16.9849,uW/nW,0.75,25,TT,saed05rvt_base_tt0p75v25c
gray_counter_5bit,450,0.5,0.7,36,9,1.447488,1,3.9549,17.3214,uW/nW,0.75,25,TT,saed05rvt_base_tt0p75v25c
gray_counter_5bit,600,0.1,0.5,36,9,1.447488,1,970.5171,17.0905,nW/nW,0.75,25,TT,saed05rvt_base_tt0p75v25c
gray_counter_5bit,600,0.5,0.5,36,9,1.447488,1,4.1233,17.0850,uW/nW,0.75,25,TT,saed05rvt_base_tt0p75v25c
gray_counter_5bit,600,0.3,0.5,36,9,1.447488,1,2.5442,17.0851,uW/nW,0.75,25,TT,saed05rvt_base_tt0p75v25c
gray_counter_5bit,600,0.8,0.5,36,9,1.447488,1,6.5007,17.0851,uW/nW,0.75,25,TT,saed05rvt_base_tt0p75v25c
gray_counter_5bit,600,0.5,0.3,36,9,1.447488,1,4.2885,16.9824,uW/nW,0.75,25,TT,saed05rvt_base_tt0p75v25c
gray_counter_5bit,600,0.5,0.7,36,9,1.447488,1,3.9459,17.3187,uW/nW,0.75,25,TT,saed05rvt_base_tt0p75v25c
gray_counter_5bit,750,0.1,0.5,36,9,1.447488,1,975.8003,17.0913,nW/nW,0.75,25,TT,saed05rvt_base_tt0p75v25c
gray_counter_5bit,750,0.5,0.5,36,9,1.447488,1,4.1246,17.0839,uW/nW,0.75,25,TT,saed05rvt_base_tt0p75v25c
gray_counter_5bit,750,0.3,0.5,36,9,1.447488,1,2.5497,17.0839,uW/nW,0.75,25,TT,saed05rvt_base_tt0p75v25c
gray_counter_5bit,750,0.8,0.5,36,9,1.447488,1,6.4986,17.0840,uW/nW,0.75,25,TT,saed05rvt_base_tt0p75v25c
gray_counter_5bit,750,0.5,0.3,36,9,1.447488,1,4.2924,16.9814,uW/nW,0.75,25,TT,saed05rvt_base_tt0p75v25c
gray_counter_5bit,750,0.5,0.7,36,9,1.447488,1,3.9459,17.3176,uW/nW,0.75,25,TT,saed05rvt_base_tt0p75v25c
gray_counter_5bit,900,0.1,0.5,36,9,1.447488,1,977.8590,17.0929,nW/nW,0.75,25,TT,saed05rvt_base_tt0p75v25c
gray_counter_5bit,900,0.5,0.5,36,9,1.447488,1,4.1245,17.0850,uW/nW,0.75,25,TT,saed05rvt_base_tt0p75v25c
gray_counter_5bit,900,0.3,0.5,36,9,1.447488,1,2.5505,17.0850,uW/nW,0.75,25,TT,saed05rvt_base_tt0p75v25c
gray_counter_5bit,900,0.8,0.5,36,9,1.447488,1,6.4907,17.0850,uW/nW,0.75,25,TT,saed05rvt_base_tt0p75v25c
gray_counter_5bit,900,0.5,0.3,36,9,1.447488,1,4.2911,16.9825,uW/nW,0.75,25,TT,saed05rvt_base_tt0p75v25c
gray_counter_5bit,900,0.5,0.7,36,9,1.447488,1,3.9422,17.3186,uW/nW,0.75,25,TT,saed05rvt_base_tt0p75v25c
gray_counter_5bit,1000,0.1,0.5,36,9,1.447488,1,980.8644,17.0949,nW/nW,0.75,25,TT,saed05rvt_base_tt0p75v25c
gray_counter_5bit,1000,0.5,0.5,36,9,1.447488,1,4.1273,17.0878,uW/nW,0.75,25,TT,saed05rvt_base_tt0p75v25c
gray_counter_5bit,1000,0.3,0.5,36,9,1.447488,1,2.5522,17.0878,uW/nW,0.75,25,TT,saed05rvt_base_tt0p75v25c
gray_counter_5bit,1000,0.8,0.5,36,9,1.447488,1,6.4940,17.0879,uW/nW,0.75,25,TT,saed05rvt_base_tt0p75v25c
gray_counter_5bit,1000,0.5,0.3,36,9,1.447488,1,4.2986,16.9851,uW/nW,0.75,25,TT,saed05rvt_base_tt0p75v25c
gray_counter_5bit,1000,0.5,0.7,36,9,1.447488,1,3.9454,17.3217,uW/nW,0.75,25,TT,saed05rvt_base_tt0p75v25c
gray_counter_5bit,10,0.1,0.5,35,9,1.431360,1,671.5549,914.0446,nW/nW,0.66,125,FF,saed05rvt_base_ff0p660v125c
gray_counter_5bit,10,0.5,0.5,35,9,1.431360,1,3.0952,914.0396,uW/nW,0.66,125,FF,saed05rvt_base_ff0p660v125c
gray_counter_5bit,10,0.3,0.5,35,9,1.431360,1,1.8861,914.0396,uW/nW,0.66,125,FF,saed05rvt_base_ff0p660v125c
gray_counter_5bit,10,0.8,0.5,35,9,1.431360,1,4.9089,914.0396,uW/nW,0.66,125,FF,saed05rvt_base_ff0p660v125c
gray_counter_5bit,10,0.5,0.3,35,9,1.431360,1,3.2750,917.2952,uW/nW,0.66,125,FF,saed05rvt_base_ff0p660v125c
gray_counter_5bit,10,0.5,0.7,35,9,1.431360,1,2.9145,918.9545,uW/nW,0.66,125,FF,saed05rvt_base_ff0p660v125c
gray_counter_5bit,50,0.1,0.5,35,9,1.431360,1,939.4072,914.0446,nW/nW,0.66,125,FF,saed05rvt_base_ff0p660v125c
gray_counter_5bit,50,0.5,0.5,35,9,1.431360,1,3.3845,914.0396,uW/nW,0.66,125,FF,saed05rvt_base_ff0p660v125c
gray_counter_5bit,50,0.3,0.5,35,9,1.431360,1,2.1753,914.0396,uW/nW,0.66,125,FF,saed05rvt_base_ff0p660v125c
gray_counter_5bit,50,0.8,0.5,35,9,1.431360,1,5.1982,914.0396,uW/nW,0.66,125,FF,saed05rvt_base_ff0p660v125c
gray_counter_5bit,50,0.5,0.3,35,9,1.431360,1,3.5798,917.2952,uW/nW,0.66,125,FF,saed05rvt_base_ff0p660v125c
gray_counter_5bit,50,0.5,0.7,35,9,1.431360,1,3.1846,918.9545,uW/nW,0.66,125,FF,saed05rvt_base_ff0p660v125c
gray_counter_5bit,100,0.1,0.5,35,9,1.431360,1,753.3004,905.2189,nW/nW,0.66,125,FF,saed05rvt_base_ff0p660v125c
gray_counter_5bit,100,0.5,0.5,35,9,1.431360,1,3.1966,905.3060,uW/nW,0.66,125,FF,saed05rvt_base_ff0p660v125c
gray_counter_5bit,100,0.3,0.5,35,9,1.431360,1,2.0081,905.3060,uW/nW,0.66,125,FF,saed05rvt_base_ff0p660v125c
gray_counter_5bit,100,0.8,0.5,35,9,1.431360,1,4.9794,905.3060,uW/nW,0.66,125,FF,saed05rvt_base_ff0p660v125c
gray_counter_5bit,100,0.5,0.3,35,9,1.431360,1,3.3617,909.3143,uW/nW,0.66,125,FF,saed05rvt_base_ff0p660v125c
gray_counter_5bit,100,0.5,0.7,35,9,1.431360,1,3.0317,908.9423,uW/nW,0.66,125,FF,saed05rvt_base_ff0p660v125c
gray_counter_5bit,200,0.1,0.5,35,9,1.431360,1,749.1822,904.8055,nW/nW,0.66,125,FF,saed05rvt_base_ff0p660v125c
gray_counter_5bit,200,0.5,0.5,35,9,1.431360,1,3.2736,904.7401,uW/nW,0.66,125,FF,saed05rvt_base_ff0p660v125c
gray_counter_5bit,200,0.3,0.5,35,9,1.431360,1,1.9799,904.7316,uW/nW,0.66,125,FF,saed05rvt_base_ff0p660v125c
gray_counter_5bit,200,0.8,0.5,35,9,1.431360,1,5.0546,904.7401,uW/nW,0.66,125,FF,saed05rvt_base_ff0p660v125c
gray_counter_5bit,200,0.5,0.3,35,9,1.431360,1,3.4343,908.7910,uW/nW,0.66,125,FF,saed05rvt_base_ff0p660v125c
gray_counter_5bit,200,0.5,0.7,35,9,1.431360,1,3.1132,908.3041,uW/nW,0.66,125,FF,saed05rvt_base_ff0p660v125c
gray_counter_5bit,300,0.1,0.5,35,9,1.431360,1,746.5638,904.7330,nW/nW,0.66,125,FF,saed05rvt_base_ff0p660v125c
gray_counter_5bit,300,0.5,0.5,35,9,1.431360,1,3.2055,904.5568,uW/nW,0.66,125,FF,saed05rvt_base_ff0p660v125c
gray_counter_5bit,300,0.3,0.5,35,9,1.431360,1,1.9734,904.5584,uW/nW,0.66,125,FF,saed05rvt_base_ff0p660v125c
gray_counter_5bit,300,0.8,0.5,35,9,1.431360,1,5.1296,904.5364,uW/nW,0.66,125,FF,saed05rvt_base_ff0p660v125c
gray_counter_5bit,300,0.5,0.3,35,9,1.431360,1,3.3376,908.6379,uW/nW,0.66,125,FF,saed05rvt_base_ff0p660v125c
gray_counter_5bit,300,0.5,0.7,35,9,1.431360,1,3.0471,908.0709,uW/nW,0.66,125,FF,saed05rvt_base_ff0p660v125c
gray_counter_5bit,450,0.1,0.5,35,9,1.431360,1,750.3030,904.9512,nW/nW,0.66,125,FF,saed05rvt_base_ff0p660v125c
gray_counter_5bit,450,0.5,0.5,35,9,1.431360,1,3.2025,904.6160,uW/nW,0.66,125,FF,saed05rvt_base_ff0p660v125c
gray_counter_5bit,450,0.3,0.5,35,9,1.431360,1,1.9754,904.6184,uW/nW,0.66,125,FF,saed05rvt_base_ff0p660v125c
gray_counter_5bit,450,0.8,0.5,35,9,1.431360,1,5.0509,904.6160,uW/nW,0.66,125,FF,saed05rvt_base_ff0p660v125c
gray_counter_5bit,450,0.5,0.3,35,9,1.431360,1,3.3330,908.6923,uW/nW,0.66,125,FF,saed05rvt_base_ff0p660v125c
gray_counter_5bit,450,0.5,0.7,35,9,1.431360,1,3.0604,908.1416,uW/nW,0.66,125,FF,saed05rvt_base_ff0p660v125c
gray_counter_5bit,600,0.1,0.5,35,9,1.431360,1,747.6479,904.8933,nW/nW,0.66,125,FF,saed05rvt_base_ff0p660v125c
gray_counter_5bit,600,0.5,0.5,35,9,1.431360,1,3.1933,904.5915,uW/nW,0.66,125,FF,saed05rvt_base_ff0p660v125c
gray_counter_5bit,600,0.3,0.5,35,9,1.431360,1,1.9698,904.5924,uW/nW,0.66,125,FF,saed05rvt_base_ff0p660v125c
gray_counter_5bit,600,0.8,0.5,35,9,1.431360,1,5.0383,904.5913,uW/nW,0.66,125,FF,saed05rvt_base_ff0p660v125c
gray_counter_5bit,600,0.5,0.3,35,9,1.431360,1,3.3272,908.6826,uW/nW,0.66,125,FF,saed05rvt_base_ff0p660v125c
gray_counter_5bit,600,0.5,0.7,35,9,1.431360,1,3.0523,908.0899,uW/nW,0.66,125,FF,saed05rvt_base_ff0p660v125c
gray_counter_5bit,750,0.1,0.5,35,9,1.431360,1,751.5555,905.0629,nW/nW,0.66,125,FF,saed05rvt_base_ff0p660v125c
gray_counter_5bit,750,0.5,0.5,35,9,1.431360,1,3.1988,904.7556,uW/nW,0.66,125,FF,saed05rvt_base_ff0p660v125c
gray_counter_5bit,750,0.3,0.5,35,9,1.431360,1,1.9746,904.7548,uW/nW,0.66,125,FF,saed05rvt_base_ff0p660v125c
gray_counter_5bit,750,0.8,0.5,35,9,1.431360,1,5.0379,904.7528,uW/nW,0.66,125,FF,saed05rvt_base_ff0p660v125c
gray_counter_5bit,750,0.5,0.3,35,9,1.431360,1,3.3332,908.8327,uW/nW,0.66,125,FF,saed05rvt_base_ff0p660v125c
gray_counter_5bit,750,0.5,0.7,35,9,1.431360,1,3.0553,908.2685,uW/nW,0.66,125,FF,saed05rvt_base_ff0p660v125c
gray_counter_5bit,900,0.1,0.5,35,9,1.431360,1,752.9233,905.1127,nW/nW,0.66,125,FF,saed05rvt_base_ff0p660v125c
gray_counter_5bit,900,0.5,0.5,35,9,1.431360,1,3.2009,904.9410,uW/nW,0.66,125,FF,saed05rvt_base_ff0p660v125c
gray_counter_5bit,900,0.3,0.5,35,9,1.431360,1,1.9758,904.9471,uW/nW,0.66,125,FF,saed05rvt_base_ff0p660v125c
gray_counter_5bit,900,0.8,0.5,35,9,1.431360,1,5.0379,904.9432,uW/nW,0.66,125,FF,saed05rvt_base_ff0p660v125c
gray_counter_5bit,900,0.5,0.3,35,9,1.431360,1,3.3375,909.0035,uW/nW,0.66,125,FF,saed05rvt_base_ff0p660v125c
gray_counter_5bit,900,0.5,0.7,35,9,1.431360,1,3.0562,908.4879,uW/nW,0.66,125,FF,saed05rvt_base_ff0p660v125c
gray_counter_5bit,1000,0.1,0.5,35,9,1.431360,1,755.1373,905.0063,nW/nW,0.66,125,FF,saed05rvt_base_ff0p660v125c
gray_counter_5bit,1000,0.5,0.5,35,9,1.431360,1,3.2014,904.7366,uW/nW,0.66,125,FF,saed05rvt_base_ff0p660v125c
gray_counter_5bit,1000,0.3,0.5,35,9,1.431360,1,1.9788,904.7381,uW/nW,0.66,125,FF,saed05rvt_base_ff0p660v125c
gray_counter_5bit,1000,0.8,0.5,35,9,1.431360,1,5.0347,904.7404,uW/nW,0.66,125,FF,saed05rvt_base_ff0p660v125c
gray_counter_5bit,1000,0.5,0.3,35,9,1.431360,1,3.3370,908.8156,uW/nW,0.66,125,FF,saed05rvt_base_ff0p660v125c
gray_counter_5bit,1000,0.5,0.7,35,9,1.431360,1,3.0567,908.2603,uW/nW,0.66,125,FF,saed05rvt_base_ff0p660v125c
gray_counter_5bit,10,0.1,0.5,35,9,1.431360,1,657.9979,9.2904,nW/nW,0.66,25,FF,saed05rvt_base_ff0p660v25c
gray_counter_5bit,10,0.5,0.5,35,9,1.431360,1,3.0328,9.2904,uW/nW,0.66,25,FF,saed05rvt_base_ff0p660v25c
gray_counter_5bit,10,0.3,0.5,35,9,1.431360,1,1.8480,9.2904,uW/nW,0.66,25,FF,saed05rvt_base_ff0p660v25c
gray_counter_5bit,10,0.8,0.5,35,9,1.431360,1,4.8100,9.2904,uW/nW,0.66,25,FF,saed05rvt_base_ff0p660v25c
gray_counter_5bit,10,0.5,0.3,35,9,1.431360,1,3.2026,9.2252,uW/nW,0.66,25,FF,saed05rvt_base_ff0p660v25c
gray_counter_5bit,10,0.5,0.7,35,9,1.431360,1,2.8619,9.4295,uW/nW,0.66,25,FF,saed05rvt_base_ff0p660v25c
gray_counter_5bit,50,0.1,0.5,35,9,1.431360,1,920.3052,9.2904,nW/nW,0.66,25,FF,saed05rvt_base_ff0p660v25c
gray_counter_5bit,50,0.5,0.5,35,9,1.431360,1,3.3157,9.2904,uW/nW,0.66,25,FF,saed05rvt_base_ff0p660v25c
gray_counter_5bit,50,0.3,0.5,35,9,1.431360,1,2.1309,9.2904,uW/nW,0.66,25,FF,saed05rvt_base_ff0p660v25c
gray_counter_5bit,50,0.8,0.5,35,9,1.431360,1,5.0930,9.2904,uW/nW,0.66,25,FF,saed05rvt_base_ff0p660v25c
gray_counter_5bit,50,0.5,0.3,35,9,1.431360,1,3.5025,9.2252,uW/nW,0.66,25,FF,saed05rvt_base_ff0p660v25c
gray_counter_5bit,50,0.5,0.7,35,9,1.431360,1,3.1237,9.4295,uW/nW,0.66,25,FF,saed05rvt_base_ff0p660v25c
gray_counter_5bit,100,0.1,0.5,35,9,1.431360,1,739.0458,9.2447,nW/nW,0.66,25,FF,saed05rvt_base_ff0p660v25c
gray_counter_5bit,100,0.5,0.5,35,9,1.431360,1,3.1363,9.2453,uW/nW,0.66,25,FF,saed05rvt_base_ff0p660v25c
gray_counter_5bit,100,0.3,0.5,35,9,1.431360,1,1.9707,9.2453,uW/nW,0.66,25,FF,saed05rvt_base_ff0p660v25c
gray_counter_5bit,100,0.8,0.5,35,9,1.431360,1,4.8847,9.2453,uW/nW,0.66,25,FF,saed05rvt_base_ff0p660v25c
gray_counter_5bit,100,0.5,0.3,35,9,1.431360,1,3.2931,9.1823,uW/nW,0.66,25,FF,saed05rvt_base_ff0p660v25c
gray_counter_5bit,100,0.5,0.7,35,9,1.431360,1,2.9793,9.3796,uW/nW,0.66,25,FF,saed05rvt_base_ff0p660v25c
gray_counter_5bit,200,0.1,0.5,35,9,1.431360,1,734.9327,9.2429,nW/nW,0.66,25,FF,saed05rvt_base_ff0p660v25c
gray_counter_5bit,200,0.5,0.5,35,9,1.431360,1,3.2131,9.2424,uW/nW,0.66,25,FF,saed05rvt_base_ff0p660v25c
gray_counter_5bit,200,0.3,0.5,35,9,1.431360,1,1.9426,9.2422,uW/nW,0.66,25,FF,saed05rvt_base_ff0p660v25c
gray_counter_5bit,200,0.8,0.5,35,9,1.431360,1,4.9598,9.2424,uW/nW,0.66,25,FF,saed05rvt_base_ff0p660v25c
gray_counter_5bit,200,0.5,0.3,35,9,1.431360,1,3.3662,9.1796,uW/nW,0.66,25,FF,saed05rvt_base_ff0p660v25c
gray_counter_5bit,200,0.5,0.7,35,9,1.431360,1,3.0599,9.3765,uW/nW,0.66,25,FF,saed05rvt_base_ff0p660v25c
gray_counter_5bit,300,0.1,0.5,35,9,1.431360,1,732.3339,9.2426,nW/nW,0.66,25,FF,saed05rvt_base_ff0p660v25c
gray_counter_5bit,300,0.5,0.5,35,9,1.431360,1,3.1453,9.2411,uW/nW,0.66,25,FF,saed05rvt_base_ff0p660v25c
gray_counter_5bit,300,0.3,0.5,35,9,1.431360,1,1.9362,9.2411,uW/nW,0.66,25,FF,saed05rvt_base_ff0p660v25c
gray_counter_5bit,300,0.8,0.5,35,9,1.431360,1,5.0349,9.2410,uW/nW,0.66,25,FF,saed05rvt_base_ff0p660v25c
gray_counter_5bit,300,0.5,0.3,35,9,1.431360,1,3.2694,9.1784,uW/nW,0.66,25,FF,saed05rvt_base_ff0p660v25c
gray_counter_5bit,300,0.5,0.7,35,9,1.431360,1,2.9945,9.3750,uW/nW,0.66,25,FF,saed05rvt_base_ff0p660v25c
gray_counter_5bit,450,0.1,0.5,35,9,1.431360,1,735.9525,9.2439,nW/nW,0.66,25,FF,saed05rvt_base_ff0p660v25c
gray_counter_5bit,450,0.5,0.5,35,9,1.431360,1,3.1423,9.2412,uW/nW,0.66,25,FF,saed05rvt_base_ff0p660v25c
gray_counter_5bit,450,0.3,0.5,35,9,1.431360,1,1.9380,9.2412,uW/nW,0.66,25,FF,saed05rvt_base_ff0p660v25c
gray_counter_5bit,450,0.8,0.5,35,9,1.431360,1,4.9562,9.2412,uW/nW,0.66,25,FF,saed05rvt_base_ff0p660v25c
gray_counter_5bit,450,0.5,0.3,35,9,1.431360,1,3.2647,9.1785,uW/nW,0.66,25,FF,saed05rvt_base_ff0p660v25c
gray_counter_5bit,450,0.5,0.7,35,9,1.431360,1,3.0075,9.3751,uW/nW,0.66,25,FF,saed05rvt_base_ff0p660v25c
gray_counter_5bit,600,0.1,0.5,35,9,1.431360,1,733.3294,9.2439,nW/nW,0.66,25,FF,saed05rvt_base_ff0p660v25c
gray_counter_5bit,600,0.5,0.5,35,9,1.431360,1,3.1332,9.2412,uW/nW,0.66,25,FF,saed05rvt_base_ff0p660v25c
gray_counter_5bit,600,0.3,0.5,35,9,1.431360,1,1.9326,9.2412,uW/nW,0.66,25,FF,saed05rvt_base_ff0p660v25c
gray_counter_5bit,600,0.8,0.5,35,9,1.431360,1,4.9437,9.2412,uW/nW,0.66,25,FF,saed05rvt_base_ff0p660v25c
gray_counter_5bit,600,0.5,0.3,35,9,1.431360,1,3.2591,9.1785,uW/nW,0.66,25,FF,saed05rvt_base_ff0p660v25c
gray_counter_5bit,600,0.5,0.7,35,9,1.431360,1,2.9996,9.3750,uW/nW,0.66,25,FF,saed05rvt_base_ff0p660v25c
gray_counter_5bit,750,0.1,0.5,35,9,1.431360,1,737.1284,9.2447,nW/nW,0.66,25,FF,saed05rvt_base_ff0p660v25c
gray_counter_5bit,750,0.5,0.5,35,9,1.431360,1,3.1384,9.2420,uW/nW,0.66,25,FF,saed05rvt_base_ff0p660v25c
gray_counter_5bit,750,0.3,0.5,35,9,1.431360,1,1.9371,9.2420,uW/nW,0.66,25,FF,saed05rvt_base_ff0p660v25c
gray_counter_5bit,750,0.8,0.5,35,9,1.431360,1,4.9430,9.2420,uW/nW,0.66,25,FF,saed05rvt_base_ff0p660v25c
gray_counter_5bit,750,0.5,0.3,35,9,1.431360,1,3.2647,9.1793,uW/nW,0.66,25,FF,saed05rvt_base_ff0p660v25c
gray_counter_5bit,750,0.5,0.7,35,9,1.431360,1,3.0022,9.3759,uW/nW,0.66,25,FF,saed05rvt_base_ff0p660v25c
gray_counter_5bit,900,0.1,0.5,35,9,1.431360,1,738.5114,9.2454,nW/nW,0.66,25,FF,saed05rvt_base_ff0p660v25c
gray_counter_5bit,900,0.5,0.5,35,9,1.431360,1,3.1403,9.2436,uW/nW,0.66,25,FF,saed05rvt_base_ff0p660v25c
gray_counter_5bit,900,0.3,0.5,35,9,1.431360,1,1.9383,9.2436,uW/nW,0.66,25,FF,saed05rvt_base_ff0p660v25c
gray_counter_5bit,900,0.8,0.5,35,9,1.431360,1,4.9428,9.2436,uW/nW,0.66,25,FF,saed05rvt_base_ff0p660v25c
gray_counter_5bit,900,0.5,0.3,35,9,1.431360,1,3.2689,9.1808,uW/nW,0.66,25,FF,saed05rvt_base_ff0p660v25c
gray_counter_5bit,900,0.5,0.7,35,9,1.431360,1,3.0030,9.3776,uW/nW,0.66,25,FF,saed05rvt_base_ff0p660v25c
gray_counter_5bit,1000,0.1,0.5,35,9,1.431360,1,740.7215,9.2452,nW/nW,0.66,25,FF,saed05rvt_base_ff0p660v25c
gray_counter_5bit,1000,0.5,0.5,35,9,1.431360,1,3.1409,9.2426,uW/nW,0.66,25,FF,saed05rvt_base_ff0p660v25c
gray_counter_5bit,1000,0.3,0.5,35,9,1.431360,1,1.9413,9.2426,uW/nW,0.66,25,FF,saed05rvt_base_ff0p660v25c
gray_counter_5bit,1000,0.8,0.5,35,9,1.431360,1,4.9399,9.2426,uW/nW,0.66,25,FF,saed05rvt_base_ff0p660v25c
gray_counter_5bit,1000,0.5,0.3,35,9,1.431360,1,3.2685,9.1799,uW/nW,0.66,25,FF,saed05rvt_base_ff0p660v25c
gray_counter_5bit,1000,0.5,0.7,35,9,1.431360,1,3.0036,9.3765,uW/nW,0.66,25,FF,saed05rvt_base_ff0p660v25c
gray_counter_5bit,10,0.1,0.5,35,9,1.431360,1,1.0881,2.4049,uW/uW,0.825,125,FF,saed05rvt_base_ff0p825v125c
gray_counter_5bit,10,0.5,0.5,35,9,1.431360,1,4.9888,2.4049,uW/uW,0.825,125,FF,saed05rvt_base_ff0p825v125c
gray_counter_5bit,10,0.3,0.5,35,9,1.431360,1,3.0436,2.4049,uW/uW,0.825,125,FF,saed05rvt_base_ff0p825v125c
gray_counter_5bit,10,0.8,0.5,35,9,1.431360,1,7.9066,2.4049,uW/uW,0.825,125,FF,saed05rvt_base_ff0p825v125c
gray_counter_5bit,10,0.5,0.3,35,9,1.431360,1,5.2978,2.4144,uW/uW,0.825,125,FF,saed05rvt_base_ff0p825v125c
gray_counter_5bit,10,0.5,0.7,35,9,1.431360,1,4.6780,2.4175,uW/uW,0.825,125,FF,saed05rvt_base_ff0p825v125c
gray_counter_5bit,50,0.1,0.5,35,9,1.431360,1,1.5500,2.4049,uW/uW,0.825,125,FF,saed05rvt_base_ff0p825v125c
gray_counter_5bit,50,0.5,0.5,35,9,1.431360,1,5.4922,2.4049,uW/uW,0.825,125,FF,saed05rvt_base_ff0p825v125c
gray_counter_5bit,50,0.3,0.5,35,9,1.431360,1,3.5470,2.4049,uW/uW,0.825,125,FF,saed05rvt_base_ff0p825v125c
gray_counter_5bit,50,0.8,0.5,35,9,1.431360,1,8.4099,2.4049,uW/uW,0.825,125,FF,saed05rvt_base_ff0p825v125c
gray_counter_5bit,50,0.5,0.3,35,9,1.431360,1,5.8252,2.4144,uW/uW,0.825,125,FF,saed05rvt_base_ff0p825v125c
gray_counter_5bit,50,0.5,0.7,35,9,1.431360,1,5.1507,2.4175,uW/uW,0.825,125,FF,saed05rvt_base_ff0p825v125c
gray_counter_5bit,100,0.1,0.5,35,9,1.431360,1,1.2288,2.3819,uW/uW,0.825,125,FF,saed05rvt_base_ff0p825v125c
gray_counter_5bit,100,0.5,0.5,35,9,1.431360,1,5.1761,2.3821,uW/uW,0.825,125,FF,saed05rvt_base_ff0p825v125c
gray_counter_5bit,100,0.3,0.5,35,9,1.431360,1,3.2664,2.3821,uW/uW,0.825,125,FF,saed05rvt_base_ff0p825v125c
gray_counter_5bit,100,0.8,0.5,35,9,1.431360,1,8.0408,2.3821,uW/uW,0.825,125,FF,saed05rvt_base_ff0p825v125c
gray_counter_5bit,100,0.5,0.3,35,9,1.431360,1,5.4590,2.3938,uW/uW,0.825,125,FF,saed05rvt_base_ff0p825v125c
gray_counter_5bit,100,0.5,0.7,35,9,1.431360,1,4.8938,2.3911,uW/uW,0.825,125,FF,saed05rvt_base_ff0p825v125c
gray_counter_5bit,200,0.1,0.5,35,9,1.431360,1,1.2218,2.3808,uW/uW,0.825,125,FF,saed05rvt_base_ff0p825v125c
gray_counter_5bit,200,0.5,0.5,35,9,1.431360,1,5.3254,2.3806,uW/uW,0.825,125,FF,saed05rvt_base_ff0p825v125c
gray_counter_5bit,200,0.3,0.5,35,9,1.431360,1,3.2128,2.3806,uW/uW,0.825,125,FF,saed05rvt_base_ff0p825v125c
gray_counter_5bit,200,0.8,0.5,35,9,1.431360,1,8.1870,2.3806,uW/uW,0.825,125,FF,saed05rvt_base_ff0p825v125c
gray_counter_5bit,200,0.5,0.3,35,9,1.431360,1,5.6000,2.3924,uW/uW,0.825,125,FF,saed05rvt_base_ff0p825v125c
gray_counter_5bit,200,0.5,0.7,35,9,1.431360,1,5.0514,2.3894,uW/uW,0.825,125,FF,saed05rvt_base_ff0p825v125c
gray_counter_5bit,300,0.1,0.5,35,9,1.431360,1,1.2173,2.3806,uW/uW,0.825,125,FF,saed05rvt_base_ff0p825v125c
gray_counter_5bit,300,0.5,0.5,35,9,1.431360,1,5.1949,2.3801,uW/uW,0.825,125,FF,saed05rvt_base_ff0p825v125c
gray_counter_5bit,300,0.3,0.5,35,9,1.431360,1,3.2007,2.3801,uW/uW,0.825,125,FF,saed05rvt_base_ff0p825v125c
gray_counter_5bit,300,0.8,0.5,35,9,1.431360,1,8.3327,2.3801,uW/uW,0.825,125,FF,saed05rvt_base_ff0p825v125c
gray_counter_5bit,300,0.5,0.3,35,9,1.431360,1,5.4148,2.3920,uW/uW,0.825,125,FF,saed05rvt_base_ff0p825v125c
gray_counter_5bit,300,0.5,0.7,35,9,1.431360,1,4.9244,2.3888,uW/uW,0.825,125,FF,saed05rvt_base_ff0p825v125c
gray_counter_5bit,450,0.1,0.5,35,9,1.431360,1,1.2238,2.3812,uW/uW,0.825,125,FF,saed05rvt_base_ff0p825v125c
gray_counter_5bit,450,0.5,0.5,35,9,1.431360,1,5.1883,2.3803,uW/uW,0.825,125,FF,saed05rvt_base_ff0p825v125c
gray_counter_5bit,450,0.3,0.5,35,9,1.431360,1,3.2037,2.3803,uW/uW,0.825,125,FF,saed05rvt_base_ff0p825v125c
gray_counter_5bit,450,0.8,0.5,35,9,1.431360,1,8.1800,2.3803,uW/uW,0.825,125,FF,saed05rvt_base_ff0p825v125c
gray_counter_5bit,450,0.5,0.3,35,9,1.431360,1,5.4051,2.3922,uW/uW,0.825,125,FF,saed05rvt_base_ff0p825v125c
gray_counter_5bit,450,0.5,0.7,35,9,1.431360,1,4.9494,2.3890,uW/uW,0.825,125,FF,saed05rvt_base_ff0p825v125c
gray_counter_5bit,600,0.1,0.5,35,9,1.431360,1,1.2192,2.3810,uW/uW,0.825,125,FF,saed05rvt_base_ff0p825v125c
gray_counter_5bit,600,0.5,0.5,35,9,1.431360,1,5.1713,2.3802,uW/uW,0.825,125,FF,saed05rvt_base_ff0p825v125c
gray_counter_5bit,600,0.3,0.5,35,9,1.431360,1,3.1935,2.3802,uW/uW,0.825,125,FF,saed05rvt_base_ff0p825v125c
gray_counter_5bit,600,0.8,0.5,35,9,1.431360,1,8.1565,2.3802,uW/uW,0.825,125,FF,saed05rvt_base_ff0p825v125c
gray_counter_5bit,600,0.5,0.3,35,9,1.431360,1,5.3948,2.3921,uW/uW,0.825,125,FF,saed05rvt_base_ff0p825v125c
gray_counter_5bit,600,0.5,0.7,35,9,1.431360,1,4.9343,2.3889,uW/uW,0.825,125,FF,saed05rvt_base_ff0p825v125c
gray_counter_5bit,750,0.1,0.5,35,9,1.431360,1,1.2260,2.3815,uW/uW,0.825,125,FF,saed05rvt_base_ff0p825v125c
gray_counter_5bit,750,0.5,0.5,35,9,1.431360,1,5.1808,2.3807,uW/uW,0.825,125,FF,saed05rvt_base_ff0p825v125c
gray_counter_5bit,750,0.3,0.5,35,9,1.431360,1,3.2018,2.3807,uW/uW,0.825,125,FF,saed05rvt_base_ff0p825v125c
gray_counter_5bit,750,0.8,0.5,35,9,1.431360,1,8.1545,2.3807,uW/uW,0.825,125,FF,saed05rvt_base_ff0p825v125c
gray_counter_5bit,750,0.5,0.3,35,9,1.431360,1,5.4049,2.3925,uW/uW,0.825,125,FF,saed05rvt_base_ff0p825v125c
gray_counter_5bit,750,0.5,0.7,35,9,1.431360,1,4.9391,2.3893,uW/uW,0.825,125,FF,saed05rvt_base_ff0p825v125c
gray_counter_5bit,900,0.1,0.5,35,9,1.431360,1,1.2284,2.3816,uW/uW,0.825,125,FF,saed05rvt_base_ff0p825v125c
gray_counter_5bit,900,0.5,0.5,35,9,1.431360,1,5.1839,2.3811,uW/uW,0.825,125,FF,saed05rvt_base_ff0p825v125c
gray_counter_5bit,900,0.3,0.5,35,9,1.431360,1,3.2035,2.3812,uW/uW,0.825,125,FF,saed05rvt_base_ff0p825v125c
gray_counter_5bit,900,0.8,0.5,35,9,1.431360,1,8.1536,2.3812,uW/uW,0.825,125,FF,saed05rvt_base_ff0p825v125c
gray_counter_5bit,900,0.5,0.3,35,9,1.431360,1,5.4123,2.3930,uW/uW,0.825,125,FF,saed05rvt_base_ff0p825v125c
gray_counter_5bit,900,0.5,0.7,35,9,1.431360,1,4.9402,2.3899,uW/uW,0.825,125,FF,saed05rvt_base_ff0p825v125c
gray_counter_5bit,1000,0.1,0.5,35,9,1.431360,1,1.2321,2.3813,uW/uW,0.825,125,FF,saed05rvt_base_ff0p825v125c
gray_counter_5bit,1000,0.5,0.5,35,9,1.431360,1,5.1844,2.3806,uW/uW,0.825,125,FF,saed05rvt_base_ff0p825v125c
gray_counter_5bit,1000,0.3,0.5,35,9,1.431360,1,3.2087,2.3806,uW/uW,0.825,125,FF,saed05rvt_base_ff0p825v125c
gray_counter_5bit,1000,0.8,0.5,35,9,1.431360,1,8.1472,2.3806,uW/uW,0.825,125,FF,saed05rvt_base_ff0p825v125c
gray_counter_5bit,1000,0.5,0.3,35,9,1.431360,1,5.4110,2.3925,uW/uW,0.825,125,FF,saed05rvt_base_ff0p825v125c
gray_counter_5bit,1000,0.5,0.7,35,9,1.431360,1,4.9408,2.3893,uW/uW,0.825,125,FF,saed05rvt_base_ff0p825v125c
gray_counter_5bit,10,0.1,0.5,36,9,1.447488,1,1.0624,32.2035,uW/nW,0.825,25,FF,saed05rvt_base_ff0p825v25c
gray_counter_5bit,10,0.5,0.5,36,9,1.447488,1,4.8576,32.2033,uW/nW,0.825,25,FF,saed05rvt_base_ff0p825v25c
gray_counter_5bit,10,0.3,0.5,36,9,1.447488,1,2.9625,32.2033,uW/nW,0.825,25,FF,saed05rvt_base_ff0p825v25c
gray_counter_5bit,10,0.8,0.5,36,9,1.447488,1,7.7001,32.2033,uW/nW,0.825,25,FF,saed05rvt_base_ff0p825v25c
gray_counter_5bit,10,0.5,0.3,36,9,1.447488,1,5.1445,32.0541,uW/nW,0.825,25,FF,saed05rvt_base_ff0p825v25c
gray_counter_5bit,10,0.5,0.7,36,9,1.447488,1,4.5734,32.6182,uW/nW,0.825,25,FF,saed05rvt_base_ff0p825v25c
gray_counter_5bit,50,0.1,0.5,36,9,1.447488,1,1.5218,32.2035,uW/nW,0.825,25,FF,saed05rvt_base_ff0p825v25c
gray_counter_5bit,50,0.5,0.5,36,9,1.447488,1,5.3375,32.2033,uW/nW,0.825,25,FF,saed05rvt_base_ff0p825v25c
gray_counter_5bit,50,0.3,0.5,36,9,1.447488,1,3.4425,32.2033,uW/nW,0.825,25,FF,saed05rvt_base_ff0p825v25c
gray_counter_5bit,50,0.8,0.5,36,9,1.447488,1,8.1800,32.2033,uW/nW,0.825,25,FF,saed05rvt_base_ff0p825v25c
gray_counter_5bit,50,0.5,0.3,36,9,1.447488,1,5.6580,32.0541,uW/nW,0.825,25,FF,saed05rvt_base_ff0p825v25c
gray_counter_5bit,50,0.5,0.7,36,9,1.447488,1,5.0308,32.6182,uW/nW,0.825,25,FF,saed05rvt_base_ff0p825v25c
gray_counter_5bit,100,0.1,0.5,36,9,1.447488,1,1.2043,32.1827,uW/nW,0.825,25,FF,saed05rvt_base_ff0p825v25c
gray_counter_5bit,100,0.5,0.5,36,9,1.447488,1,5.0482,32.1865,uW/nW,0.825,25,FF,saed05rvt_base_ff0p825v25c
gray_counter_5bit,100,0.3,0.5,36,9,1.447488,1,3.1855,32.1865,uW/nW,0.825,25,FF,saed05rvt_base_ff0p825v25c
gray_counter_5bit,100,0.8,0.5,36,9,1.447488,1,7.8422,32.1865,uW/nW,0.825,25,FF,saed05rvt_base_ff0p825v25c
gray_counter_5bit,100,0.5,0.3,36,9,1.447488,1,5.3099,32.0501,uW/nW,0.825,25,FF,saed05rvt_base_ff0p825v25c
gray_counter_5bit,100,0.5,0.7,36,9,1.447488,1,4.7852,32.5785,uW/nW,0.825,25,FF,saed05rvt_base_ff0p825v25c
gray_counter_5bit,200,0.1,0.5,36,9,1.447488,1,1.1967,32.1881,uW/nW,0.825,25,FF,saed05rvt_base_ff0p825v25c
gray_counter_5bit,200,0.5,0.5,36,9,1.447488,1,5.1817,32.1852,uW/nW,0.825,25,FF,saed05rvt_base_ff0p825v25c
gray_counter_5bit,200,0.3,0.5,36,9,1.447488,1,3.1327,32.1852,uW/nW,0.825,25,FF,saed05rvt_base_ff0p825v25c
gray_counter_5bit,200,0.8,0.5,36,9,1.447488,1,7.9723,32.1852,uW/nW,0.825,25,FF,saed05rvt_base_ff0p825v25c
gray_counter_5bit,200,0.5,0.3,36,9,1.447488,1,5.4367,32.0498,uW/nW,0.825,25,FF,saed05rvt_base_ff0p825v25c
gray_counter_5bit,200,0.5,0.7,36,9,1.447488,1,4.9257,32.5756,uW/nW,0.825,25,FF,saed05rvt_base_ff0p825v25c
gray_counter_5bit,300,0.1,0.5,36,9,1.447488,1,1.1920,32.1897,uW/nW,0.825,25,FF,saed05rvt_base_ff0p825v25c
gray_counter_5bit,300,0.5,0.5,36,9,1.447488,1,5.0718,32.1861,uW/nW,0.825,25,FF,saed05rvt_base_ff0p825v25c
gray_counter_5bit,300,0.3,0.5,36,9,1.447488,1,3.1286,32.1861,uW/nW,0.825,25,FF,saed05rvt_base_ff0p825v25c
gray_counter_5bit,300,0.8,0.5,36,9,1.447488,1,8.1193,32.1870,uW/nW,0.825,25,FF,saed05rvt_base_ff0p825v25c
gray_counter_5bit,300,0.5,0.3,36,9,1.447488,1,5.2733,32.0502,uW/nW,0.825,25,FF,saed05rvt_base_ff0p825v25c
gray_counter_5bit,300,0.5,0.7,36,9,1.447488,1,4.8162,32.5772,uW/nW,0.825,25,FF,saed05rvt_base_ff0p825v25c
gray_counter_5bit,450,0.1,0.5,36,9,1.447488,1,1.1983,32.1931,uW/nW,0.825,25,FF,saed05rvt_base_ff0p825v25c
gray_counter_5bit,450,0.5,0.5,36,9,1.447488,1,5.0588,32.1902,uW/nW,0.825,25,FF,saed05rvt_base_ff0p825v25c
gray_counter_5bit,450,0.3,0.5,36,9,1.447488,1,3.1239,32.1901,uW/nW,0.825,25,FF,saed05rvt_base_ff0p825v25c
gray_counter_5bit,450,0.8,0.5,36,9,1.447488,1,7.9717,32.1901,uW/nW,0.825,25,FF,saed05rvt_base_ff0p825v25c
gray_counter_5bit,450,0.5,0.3,36,9,1.447488,1,5.2612,32.0544,uW/nW,0.825,25,FF,saed05rvt_base_ff0p825v25c
gray_counter_5bit,450,0.5,0.7,36,9,1.447488,1,4.8373,32.5810,uW/nW,0.825,25,FF,saed05rvt_base_ff0p825v25c
gray_counter_5bit,600,0.1,0.5,36,9,1.447488,1,1.1936,32.1959,uW/nW,0.825,25,FF,saed05rvt_base_ff0p825v25c
gray_counter_5bit,600,0.5,0.5,36,9,1.447488,1,5.0459,32.1853,uW/nW,0.825,25,FF,saed05rvt_base_ff0p825v25c
gray_counter_5bit,600,0.3,0.5,36,9,1.447488,1,3.1165,32.1853,uW/nW,0.825,25,FF,saed05rvt_base_ff0p825v25c
gray_counter_5bit,600,0.8,0.5,36,9,1.447488,1,7.9509,32.1853,uW/nW,0.825,25,FF,saed05rvt_base_ff0p825v25c
gray_counter_5bit,600,0.5,0.3,36,9,1.447488,1,5.2511,32.0498,uW/nW,0.825,25,FF,saed05rvt_base_ff0p825v25c
gray_counter_5bit,600,0.5,0.7,36,9,1.447488,1,4.8262,32.5758,uW/nW,0.825,25,FF,saed05rvt_base_ff0p825v25c
gray_counter_5bit,750,0.1,0.5,36,9,1.447488,1,1.2002,32.1974,uW/nW,0.825,25,FF,saed05rvt_base_ff0p825v25c
gray_counter_5bit,750,0.5,0.5,36,9,1.447488,1,5.0476,32.1831,uW/nW,0.825,25,FF,saed05rvt_base_ff0p825v25c
gray_counter_5bit,750,0.3,0.5,36,9,1.447488,1,3.1233,32.1831,uW/nW,0.825,25,FF,saed05rvt_base_ff0p825v25c
gray_counter_5bit,750,0.8,0.5,36,9,1.447488,1,7.9485,32.1833,uW/nW,0.825,25,FF,saed05rvt_base_ff0p825v25c
gray_counter_5bit,750,0.5,0.3,36,9,1.447488,1,5.2561,32.0477,uW/nW,0.825,25,FF,saed05rvt_base_ff0p825v25c
gray_counter_5bit,750,0.5,0.7,36,9,1.447488,1,4.8263,32.5735,uW/nW,0.825,25,FF,saed05rvt_base_ff0p825v25c
gray_counter_5bit,900,0.1,0.5,36,9,1.447488,1,1.2027,32.2005,uW/nW,0.825,25,FF,saed05rvt_base_ff0p825v25c
gray_counter_5bit,900,0.5,0.5,36,9,1.447488,1,5.0475,32.1852,uW/nW,0.825,25,FF,saed05rvt_base_ff0p825v25c
gray_counter_5bit,900,0.3,0.5,36,9,1.447488,1,3.1244,32.1852,uW/nW,0.825,25,FF,saed05rvt_base_ff0p825v25c
gray_counter_5bit,900,0.8,0.5,36,9,1.447488,1,7.9388,32.1852,uW/nW,0.825,25,FF,saed05rvt_base_ff0p825v25c
gray_counter_5bit,900,0.5,0.3,36,9,1.447488,1,5.2545,32.0499,uW/nW,0.825,25,FF,saed05rvt_base_ff0p825v25c
gray_counter_5bit,900,0.5,0.7,36,9,1.447488,1,4.8216,32.5755,uW/nW,0.825,25,FF,saed05rvt_base_ff0p825v25c
gray_counter_5bit,1000,0.1,0.5,36,9,1.447488,1,1.2066,32.2044,uW/nW,0.825,25,FF,saed05rvt_base_ff0p825v25c
gray_counter_5bit,1000,0.5,0.5,36,9,1.447488,1,5.0512,32.1907,uW/nW,0.825,25,FF,saed05rvt_base_ff0p825v25c
gray_counter_5bit,1000,0.3,0.5,36,9,1.447488,1,3.1267,32.1907,uW/nW,0.825,25,FF,saed05rvt_base_ff0p825v25c
gray_counter_5bit,1000,0.8,0.5,36,9,1.447488,1,7.9429,32.1908,uW/nW,0.825,25,FF,saed05rvt_base_ff0p825v25c
gray_counter_5bit,1000,0.5,0.3,36,9,1.447488,1,5.2639,32.0549,uW/nW,0.825,25,FF,saed05rvt_base_ff0p825v25c
gray_counter_5bit,1000,0.5,0.7,36,9,1.447488,1,4.8258,32.5817,uW/nW,0.825,25,FF,saed05rvt_base_ff0p825v25c
gray_counter_5bit,10,0.1,0.5,35,9,1.431360,1,439.2287,350.9622,nW/nW,0.540,125,SS,saed05rvt_base_ss0p540v125c
gray_counter_5bit,10,0.5,0.5,35,9,1.431360,1,2.0257,350.9601,uW/nW,0.540,125,SS,saed05rvt_base_ss0p540v125c
gray_counter_5bit,10,0.3,0.5,35,9,1.431360,1,1.2343,350.9601,uW/nW,0.540,125,SS,saed05rvt_base_ss0p540v125c
gray_counter_5bit,10,0.8,0.5,35,9,1.431360,1,3.2127,350.9601,uW/nW,0.540,125,SS,saed05rvt_base_ss0p540v125c
gray_counter_5bit,10,0.5,0.3,35,9,1.431360,1,2.1387,352.0383,uW/nW,0.540,125,SS,saed05rvt_base_ss0p540v125c
gray_counter_5bit,10,0.5,0.7,35,9,1.431360,1,1.9120,352.8976,uW/nW,0.540,125,SS,saed05rvt_base_ss0p540v125c
gray_counter_5bit,50,0.1,0.5,35,9,1.431360,1,613.4112,350.9622,nW/nW,0.540,125,SS,saed05rvt_base_ss0p540v125c
gray_counter_5bit,50,0.5,0.5,35,9,1.431360,1,2.2149,350.9601,uW/nW,0.540,125,SS,saed05rvt_base_ss0p540v125c
gray_counter_5bit,50,0.3,0.5,35,9,1.431360,1,1.4235,350.9601,uW/nW,0.540,125,SS,saed05rvt_base_ss0p540v125c
gray_counter_5bit,50,0.8,0.5,35,9,1.431360,1,3.4019,350.9601,uW/nW,0.540,125,SS,saed05rvt_base_ss0p540v125c
gray_counter_5bit,50,0.5,0.3,35,9,1.431360,1,2.3384,352.0383,uW/nW,0.540,125,SS,saed05rvt_base_ss0p540v125c
gray_counter_5bit,50,0.5,0.7,35,9,1.431360,1,2.0880,352.8976,uW/nW,0.540,125,SS,saed05rvt_base_ss0p540v125c
gray_counter_5bit,100,0.1,0.5,35,9,1.431360,1,492.7917,347.5605,nW/nW,0.540,125,SS,saed05rvt_base_ss0p540v125c
gray_counter_5bit,100,0.5,0.5,35,9,1.431360,1,2.0970,347.5938,uW/nW,0.540,125,SS,saed05rvt_base_ss0p540v125c
gray_counter_5bit,100,0.3,0.5,35,9,1.431360,1,1.3186,347.5938,uW/nW,0.540,125,SS,saed05rvt_base_ss0p540v125c
gray_counter_5bit,100,0.8,0.5,35,9,1.431360,1,3.2646,347.5938,uW/nW,0.540,125,SS,saed05rvt_base_ss0p540v125c
gray_counter_5bit,100,0.5,0.3,35,9,1.431360,1,2.2012,348.9347,uW/nW,0.540,125,SS,saed05rvt_base_ss0p540v125c
gray_counter_5bit,100,0.5,0.7,35,9,1.431360,1,1.9929,349.0717,uW/nW,0.540,125,SS,saed05rvt_base_ss0p540v125c
gray_counter_5bit,200,0.1,0.5,35,9,1.431360,1,490.0953,347.4002,nW/nW,0.540,125,SS,saed05rvt_base_ss0p540v125c
gray_counter_5bit,200,0.5,0.5,35,9,1.431360,1,2.1525,347.3754,uW/nW,0.540,125,SS,saed05rvt_base_ss0p540v125c
gray_counter_5bit,200,0.3,0.5,35,9,1.431360,1,1.2987,347.3718,uW/nW,0.540,125,SS,saed05rvt_base_ss0p540v125c
gray_counter_5bit,200,0.8,0.5,35,9,1.431360,1,3.3189,347.3754,uW/nW,0.540,125,SS,saed05rvt_base_ss0p540v125c
gray_counter_5bit,200,0.5,0.3,35,9,1.431360,1,2.2540,348.7312,uW/nW,0.540,125,SS,saed05rvt_base_ss0p540v125c
gray_counter_5bit,200,0.5,0.7,35,9,1.431360,1,2.0511,348.8274,uW/nW,0.540,125,SS,saed05rvt_base_ss0p540v125c
gray_counter_5bit,300,0.1,0.5,35,9,1.431360,1,488.3926,347.3723,nW/nW,0.540,125,SS,saed05rvt_base_ss0p540v125c
gray_counter_5bit,300,0.5,0.5,35,9,1.431360,1,2.1040,347.3051,uW/nW,0.540,125,SS,saed05rvt_base_ss0p540v125c
gray_counter_5bit,300,0.3,0.5,35,9,1.431360,1,1.2942,347.3057,uW/nW,0.540,125,SS,saed05rvt_base_ss0p540v125c
gray_counter_5bit,300,0.8,0.5,35,9,1.431360,1,3.3731,347.2969,uW/nW,0.540,125,SS,saed05rvt_base_ss0p540v125c
gray_counter_5bit,300,0.5,0.3,35,9,1.431360,1,2.1848,348.6716,uW/nW,0.540,125,SS,saed05rvt_base_ss0p540v125c
gray_counter_5bit,300,0.5,0.7,35,9,1.431360,1,2.0042,348.7390,uW/nW,0.540,125,SS,saed05rvt_base_ss0p540v125c
gray_counter_5bit,450,0.1,0.5,35,9,1.431360,1,490.8109,347.4561,nW/nW,0.540,125,SS,saed05rvt_base_ss0p540v125c
gray_counter_5bit,450,0.5,0.5,35,9,1.431360,1,2.1016,347.3279,uW/nW,0.540,125,SS,saed05rvt_base_ss0p540v125c
gray_counter_5bit,450,0.3,0.5,35,9,1.431360,1,1.2954,347.3288,uW/nW,0.540,125,SS,saed05rvt_base_ss0p540v125c
gray_counter_5bit,450,0.8,0.5,35,9,1.431360,1,3.3163,347.3279,uW/nW,0.540,125,SS,saed05rvt_base_ss0p540v125c
gray_counter_5bit,450,0.5,0.3,35,9,1.431360,1,2.1812,348.6927,uW/nW,0.540,125,SS,saed05rvt_base_ss0p540v125c
gray_counter_5bit,450,0.5,0.7,35,9,1.431360,1,2.0134,348.7660,uW/nW,0.540,125,SS,saed05rvt_base_ss0p540v125c
gray_counter_5bit,600,0.1,0.5,35,9,1.431360,1,489.1013,347.4330,nW/nW,0.540,125,SS,saed05rvt_base_ss0p540v125c
gray_counter_5bit,600,0.5,0.5,35,9,1.431360,1,2.0952,347.3175,uW/nW,0.540,125,SS,saed05rvt_base_ss0p540v125c
gray_counter_5bit,600,0.3,0.5,35,9,1.431360,1,1.2916,347.3178,uW/nW,0.540,125,SS,saed05rvt_base_ss0p540v125c
gray_counter_5bit,600,0.8,0.5,35,9,1.431360,1,3.3076,347.3174,uW/nW,0.540,125,SS,saed05rvt_base_ss0p540v125c
gray_counter_5bit,600,0.5,0.3,35,9,1.431360,1,2.1774,348.6875,uW/nW,0.540,125,SS,saed05rvt_base_ss0p540v125c
gray_counter_5bit,600,0.5,0.7,35,9,1.431360,1,2.0078,348.7457,uW/nW,0.540,125,SS,saed05rvt_base_ss0p540v125c
gray_counter_5bit,750,0.1,0.5,35,9,1.431360,1,491.6126,347.4991,nW/nW,0.540,125,SS,saed05rvt_base_ss0p540v125c
gray_counter_5bit,750,0.5,0.5,35,9,1.431360,1,2.0987,347.3806,uW/nW,0.540,125,SS,saed05rvt_base_ss0p540v125c
gray_counter_5bit,750,0.3,0.5,35,9,1.431360,1,1.2946,347.3803,uW/nW,0.540,125,SS,saed05rvt_base_ss0p540v125c
gray_counter_5bit,750,0.8,0.5,35,9,1.431360,1,3.3068,347.3796,uW/nW,0.540,125,SS,saed05rvt_base_ss0p540v125c
gray_counter_5bit,750,0.5,0.3,35,9,1.431360,1,2.1811,348.7457,uW/nW,0.540,125,SS,saed05rvt_base_ss0p540v125c
gray_counter_5bit,750,0.5,0.7,35,9,1.431360,1,2.0095,348.8140,uW/nW,0.540,125,SS,saed05rvt_base_ss0p540v125c
gray_counter_5bit,900,0.1,0.5,35,9,1.431360,1,492.5247,347.5171,nW/nW,0.540,125,SS,saed05rvt_base_ss0p540v125c
gray_counter_5bit,900,0.5,0.5,35,9,1.431360,1,2.0999,347.4517,uW/nW,0.540,125,SS,saed05rvt_base_ss0p540v125c
gray_counter_5bit,900,0.3,0.5,35,9,1.431360,1,1.2953,347.4540,uW/nW,0.540,125,SS,saed05rvt_base_ss0p540v125c
gray_counter_5bit,900,0.8,0.5,35,9,1.431360,1,3.3065,347.4525,uW/nW,0.540,125,SS,saed05rvt_base_ss0p540v125c
gray_counter_5bit,900,0.5,0.3,35,9,1.431360,1,2.1839,348.8117,uW/nW,0.540,125,SS,saed05rvt_base_ss0p540v125c
gray_counter_5bit,900,0.5,0.7,35,9,1.431360,1,2.0099,348.8973,uW/nW,0.540,125,SS,saed05rvt_base_ss0p540v125c
gray_counter_5bit,1000,0.1,0.5,35,9,1.431360,1,493.9867,347.4757,nW/nW,0.540,125,SS,saed05rvt_base_ss0p540v125c
gray_counter_5bit,1000,0.5,0.5,35,9,1.431360,1,2.1002,347.3727,uW/nW,0.540,125,SS,saed05rvt_base_ss0p540v125c
gray_counter_5bit,1000,0.3,0.5,35,9,1.431360,1,1.2973,347.3733,uW/nW,0.540,125,SS,saed05rvt_base_ss0p540v125c
gray_counter_5bit,1000,0.8,0.5,35,9,1.431360,1,3.3042,347.3742,uW/nW,0.540,125,SS,saed05rvt_base_ss0p540v125c
gray_counter_5bit,1000,0.5,0.3,35,9,1.431360,1,2.1835,348.7386,uW/nW,0.540,125,SS,saed05rvt_base_ss0p540v125c
gray_counter_5bit,1000,0.5,0.7,35,9,1.431360,1,2.0103,348.8101,uW/nW,0.540,125,SS,saed05rvt_base_ss0p540v125c
gray_counter_5bit,10,0.1,0.5,37,9,1.447488,1,435.5917,2.9820,nW/nW,0.540,25,SS,saed05rvt_base_ss0p540v25c
gray_counter_5bit,10,0.5,0.5,37,9,1.447488,1,1.9925,2.9820,uW/nW,0.540,25,SS,saed05rvt_base_ss0p540v25c
gray_counter_5bit,10,0.3,0.5,37,9,1.447488,1,1.2163,2.9820,uW/nW,0.540,25,SS,saed05rvt_base_ss0p540v25c
gray_counter_5bit,10,0.8,0.5,37,9,1.447488,1,3.1568,2.9820,uW/nW,0.540,25,SS,saed05rvt_base_ss0p540v25c
gray_counter_5bit,10,0.5,0.3,37,9,1.447488,1,2.0983,2.9554,uW/nW,0.540,25,SS,saed05rvt_base_ss0p540v25c
gray_counter_5bit,10,0.5,0.7,37,9,1.447488,1,1.8847,3.0304,uW/nW,0.540,25,SS,saed05rvt_base_ss0p540v25c
gray_counter_5bit,50,0.1,0.5,37,9,1.447488,1,625.6052,2.9820,nW/nW,0.540,25,SS,saed05rvt_base_ss0p540v25c
gray_counter_5bit,50,0.5,0.5,37,9,1.447488,1,2.2009,2.9820,uW/nW,0.540,25,SS,saed05rvt_base_ss0p540v25c
gray_counter_5bit,50,0.3,0.5,37,9,1.447488,1,1.4247,2.9820,uW/nW,0.540,25,SS,saed05rvt_base_ss0p540v25c
gray_counter_5bit,50,0.8,0.5,37,9,1.447488,1,3.3651,2.9820,uW/nW,0.540,25,SS,saed05rvt_base_ss0p540v25c
gray_counter_5bit,50,0.5,0.3,37,9,1.447488,1,2.3158,2.9554,uW/nW,0.540,25,SS,saed05rvt_base_ss0p540v25c
gray_counter_5bit,50,0.5,0.7,37,9,1.447488,1,2.0761,3.0304,uW/nW,0.540,25,SS,saed05rvt_base_ss0p540v25c
gray_counter_5bit,100,0.1,0.5,37,9,1.447488,1,494.9282,2.9789,nW/nW,0.540,25,SS,saed05rvt_base_ss0p540v25c
gray_counter_5bit,100,0.5,0.5,37,9,1.447488,1,2.0746,2.9793,uW/nW,0.540,25,SS,saed05rvt_base_ss0p540v25c
gray_counter_5bit,100,0.3,0.5,37,9,1.447488,1,1.3104,2.9793,uW/nW,0.540,25,SS,saed05rvt_base_ss0p540v25c
gray_counter_5bit,100,0.8,0.5,37,9,1.447488,1,3.2211,2.9793,uW/nW,0.540,25,SS,saed05rvt_base_ss0p540v25c
gray_counter_5bit,100,0.5,0.3,37,9,1.447488,1,2.1729,2.9530,uW/nW,0.540,25,SS,saed05rvt_base_ss0p540v25c
gray_counter_5bit,100,0.5,0.7,37,9,1.447488,1,1.9760,3.0269,uW/nW,0.540,25,SS,saed05rvt_base_ss0p540v25c
gray_counter_5bit,200,0.1,0.5,37,9,1.447488,1,491.6927,2.9793,nW/nW,0.540,25,SS,saed05rvt_base_ss0p540v25c
gray_counter_5bit,200,0.5,0.5,37,9,1.447488,1,2.1333,2.9791,uW/nW,0.540,25,SS,saed05rvt_base_ss0p540v25c
gray_counter_5bit,200,0.3,0.5,37,9,1.447488,1,1.2880,2.9790,uW/nW,0.540,25,SS,saed05rvt_base_ss0p540v25c
gray_counter_5bit,200,0.8,0.5,37,9,1.447488,1,3.2787,2.9791,uW/nW,0.540,25,SS,saed05rvt_base_ss0p540v25c
gray_counter_5bit,200,0.5,0.3,37,9,1.447488,1,2.2295,2.9528,uW/nW,0.540,25,SS,saed05rvt_base_ss0p540v25c
gray_counter_5bit,200,0.5,0.7,37,9,1.447488,1,2.0371,3.0266,uW/nW,0.540,25,SS,saed05rvt_base_ss0p540v25c
gray_counter_5bit,300,0.1,0.5,37,9,1.447488,1,489.7612,2.9794,nW/nW,0.540,25,SS,saed05rvt_base_ss0p540v25c
gray_counter_5bit,300,0.5,0.5,37,9,1.447488,1,2.0819,2.9789,uW/nW,0.540,25,SS,saed05rvt_base_ss0p540v25c
gray_counter_5bit,300,0.3,0.5,37,9,1.447488,1,1.2834,2.9789,uW/nW,0.540,25,SS,saed05rvt_base_ss0p540v25c
gray_counter_5bit,300,0.8,0.5,37,9,1.447488,1,3.3383,2.9792,uW/nW,0.540,25,SS,saed05rvt_base_ss0p540v25c
gray_counter_5bit,300,0.5,0.3,37,9,1.447488,1,2.1525,2.9526,uW/nW,0.540,25,SS,saed05rvt_base_ss0p540v25c
gray_counter_5bit,300,0.5,0.7,37,9,1.447488,1,1.9854,3.0264,uW/nW,0.540,25,SS,saed05rvt_base_ss0p540v25c
gray_counter_5bit,450,0.1,0.5,37,9,1.447488,1,492.2824,2.9797,nW/nW,0.540,25,SS,saed05rvt_base_ss0p540v25c
gray_counter_5bit,450,0.5,0.5,37,9,1.447488,1,2.0797,2.9790,uW/nW,0.540,25,SS,saed05rvt_base_ss0p540v25c
gray_counter_5bit,450,0.3,0.5,37,9,1.447488,1,1.2838,2.9790,uW/nW,0.540,25,SS,saed05rvt_base_ss0p540v25c
gray_counter_5bit,450,0.8,0.5,37,9,1.447488,1,3.2818,2.9790,uW/nW,0.540,25,SS,saed05rvt_base_ss0p540v25c
gray_counter_5bit,450,0.5,0.3,37,9,1.447488,1,2.1515,2.9526,uW/nW,0.540,25,SS,saed05rvt_base_ss0p540v25c
gray_counter_5bit,450,0.5,0.7,37,9,1.447488,1,1.9983,3.0265,uW/nW,0.540,25,SS,saed05rvt_base_ss0p540v25c
gray_counter_5bit,600,0.1,0.5,37,9,1.447488,1,490.3460,2.9799,nW/nW,0.540,25,SS,saed05rvt_base_ss0p540v25c
gray_counter_5bit,600,0.5,0.5,37,9,1.447488,1,2.0738,2.9794,uW/nW,0.540,25,SS,saed05rvt_base_ss0p540v25c
gray_counter_5bit,600,0.3,0.5,37,9,1.447488,1,1.2802,2.9794,uW/nW,0.540,25,SS,saed05rvt_base_ss0p540v25c
gray_counter_5bit,600,0.8,0.5,37,9,1.447488,1,3.2690,2.9794,uW/nW,0.540,25,SS,saed05rvt_base_ss0p540v25c
gray_counter_5bit,600,0.5,0.3,37,9,1.447488,1,2.1496,2.9531,uW/nW,0.540,25,SS,saed05rvt_base_ss0p540v25c
gray_counter_5bit,600,0.5,0.7,37,9,1.447488,1,1.9914,3.0269,uW/nW,0.540,25,SS,saed05rvt_base_ss0p540v25c
gray_counter_5bit,750,0.1,0.5,37,9,1.447488,1,493.0579,2.9801,nW/nW,0.540,25,SS,saed05rvt_base_ss0p540v25c
gray_counter_5bit,750,0.5,0.5,37,9,1.447488,1,2.0754,2.9791,uW/nW,0.540,25,SS,saed05rvt_base_ss0p540v25c
gray_counter_5bit,750,0.3,0.5,37,9,1.447488,1,1.2839,2.9791,uW/nW,0.540,25,SS,saed05rvt_base_ss0p540v25c
gray_counter_5bit,750,0.8,0.5,37,9,1.447488,1,3.2696,2.9791,uW/nW,0.540,25,SS,saed05rvt_base_ss0p540v25c
gray_counter_5bit,750,0.5,0.3,37,9,1.447488,1,2.1518,2.9528,uW/nW,0.540,25,SS,saed05rvt_base_ss0p540v25c
gray_counter_5bit,750,0.5,0.7,37,9,1.447488,1,1.9943,3.0266,uW/nW,0.540,25,SS,saed05rvt_base_ss0p540v25c
gray_counter_5bit,900,0.1,0.5,37,9,1.447488,1,494.1274,2.9803,nW/nW,0.540,25,SS,saed05rvt_base_ss0p540v25c
gray_counter_5bit,900,0.5,0.5,37,9,1.447488,1,2.0745,2.9792,uW/nW,0.540,25,SS,saed05rvt_base_ss0p540v25c
gray_counter_5bit,900,0.3,0.5,37,9,1.447488,1,1.2848,2.9792,uW/nW,0.540,25,SS,saed05rvt_base_ss0p540v25c
gray_counter_5bit,900,0.8,0.5,37,9,1.447488,1,3.2666,2.9792,uW/nW,0.540,25,SS,saed05rvt_base_ss0p540v25c
gray_counter_5bit,900,0.5,0.3,37,9,1.447488,1,2.1513,2.9529,uW/nW,0.540,25,SS,saed05rvt_base_ss0p540v25c
gray_counter_5bit,900,0.5,0.7,37,9,1.447488,1,1.9918,3.0268,uW/nW,0.540,25,SS,saed05rvt_base_ss0p540v25c
gray_counter_5bit,1000,0.1,0.5,37,9,1.447488,1,495.7191,2.9806,nW/nW,0.540,25,SS,saed05rvt_base_ss0p540v25c
gray_counter_5bit,1000,0.5,0.5,37,9,1.447488,1,2.0746,2.9794,uW/nW,0.540,25,SS,saed05rvt_base_ss0p540v25c
gray_counter_5bit,1000,0.3,0.5,37,9,1.447488,1,1.2850,2.9794,uW/nW,0.540,25,SS,saed05rvt_base_ss0p540v25c
gray_counter_5bit,1000,0.8,0.5,37,9,1.447488,1,3.2659,2.9794,uW/nW,0.540,25,SS,saed05rvt_base_ss0p540v25c
gray_counter_5bit,1000,0.5,0.3,37,9,1.447488,1,2.1516,2.9531,uW/nW,0.540,25,SS,saed05rvt_base_ss0p540v25c
gray_counter_5bit,1000,0.5,0.7,37,9,1.447488,1,1.9922,3.0269,uW/nW,0.540,25,SS,saed05rvt_base_ss0p540v25c
gray_counter_5bit,10,0.1,0.5,35,9,1.431360,1,702.6578,831.4902,nW/nW,0.675,125,SS,saed05rvt_base_ss0p675v125c
gray_counter_5bit,10,0.5,0.5,35,9,1.431360,1,3.2401,831.4855,uW/nW,0.675,125,SS,saed05rvt_base_ss0p675v125c
gray_counter_5bit,10,0.3,0.5,35,9,1.431360,1,1.9738,831.4855,uW/nW,0.675,125,SS,saed05rvt_base_ss0p675v125c
gray_counter_5bit,10,0.8,0.5,35,9,1.431360,1,5.1395,831.4855,uW/nW,0.675,125,SS,saed05rvt_base_ss0p675v125c
gray_counter_5bit,10,0.5,0.3,35,9,1.431360,1,3.4278,834.5583,uW/nW,0.675,125,SS,saed05rvt_base_ss0p675v125c
gray_counter_5bit,10,0.5,0.7,35,9,1.431360,1,3.0515,835.8658,uW/nW,0.675,125,SS,saed05rvt_base_ss0p675v125c
gray_counter_5bit,50,0.1,0.5,35,9,1.431360,1,980.7022,831.4902,nW/nW,0.675,125,SS,saed05rvt_base_ss0p675v125c
gray_counter_5bit,50,0.5,0.5,35,9,1.431360,1,3.5378,831.4855,uW/nW,0.675,125,SS,saed05rvt_base_ss0p675v125c
gray_counter_5bit,50,0.3,0.5,35,9,1.431360,1,2.2716,831.4855,uW/nW,0.675,125,SS,saed05rvt_base_ss0p675v125c
gray_counter_5bit,50,0.8,0.5,35,9,1.431360,1,5.4372,831.4855,uW/nW,0.675,125,SS,saed05rvt_base_ss0p675v125c
gray_counter_5bit,50,0.5,0.3,35,9,1.431360,1,3.7419,834.5583,uW/nW,0.675,125,SS,saed05rvt_base_ss0p675v125c
gray_counter_5bit,50,0.5,0.7,35,9,1.431360,1,3.3294,835.8658,uW/nW,0.675,125,SS,saed05rvt_base_ss0p675v125c
gray_counter_5bit,100,0.1,0.5,35,9,1.431360,1,787.3757,823.3765,nW/nW,0.675,125,SS,saed05rvt_base_ss0p675v125c
gray_counter_5bit,100,0.5,0.5,35,9,1.431360,1,3.3346,823.4565,uW/nW,0.675,125,SS,saed05rvt_base_ss0p675v125c
gray_counter_5bit,100,0.3,0.5,35,9,1.431360,1,2.0899,823.4565,uW/nW,0.675,125,SS,saed05rvt_base_ss0p675v125c
gray_counter_5bit,100,0.8,0.5,35,9,1.431360,1,5.2016,823.4565,uW/nW,0.675,125,SS,saed05rvt_base_ss0p675v125c
gray_counter_5bit,100,0.5,0.3,35,9,1.431360,1,3.5067,827.2307,uW/nW,0.675,125,SS,saed05rvt_base_ss0p675v125c
gray_counter_5bit,100,0.5,0.7,35,9,1.431360,1,3.1626,826.6519,uW/nW,0.675,125,SS,saed05rvt_base_ss0p675v125c
gray_counter_5bit,200,0.1,0.5,35,9,1.431360,1,783.1737,822.9962,nW/nW,0.675,125,SS,saed05rvt_base_ss0p675v125c
gray_counter_5bit,200,0.5,0.5,35,9,1.431360,1,3.4011,822.9363,uW/nW,0.675,125,SS,saed05rvt_base_ss0p675v125c
gray_counter_5bit,200,0.3,0.5,35,9,1.431360,1,2.0646,822.9293,uW/nW,0.675,125,SS,saed05rvt_base_ss0p675v125c
gray_counter_5bit,200,0.8,0.5,35,9,1.431360,1,5.2663,822.9363,uW/nW,0.675,125,SS,saed05rvt_base_ss0p675v125c
gray_counter_5bit,200,0.5,0.3,35,9,1.431360,1,3.5682,826.7503,uW/nW,0.675,125,SS,saed05rvt_base_ss0p675v125c
gray_counter_5bit,200,0.5,0.7,35,9,1.431360,1,3.2341,826.0648,uW/nW,0.675,125,SS,saed05rvt_base_ss0p675v125c
gray_counter_5bit,300,0.1,0.5,35,9,1.431360,1,780.4496,822.9294,nW/nW,0.675,125,SS,saed05rvt_base_ss0p675v125c
gray_counter_5bit,300,0.5,0.5,35,9,1.431360,1,3.3411,822.7687,uW/nW,0.675,125,SS,saed05rvt_base_ss0p675v125c
gray_counter_5bit,300,0.3,0.5,35,9,1.431360,1,2.0587,822.7703,uW/nW,0.675,125,SS,saed05rvt_base_ss0p675v125c
gray_counter_5bit,300,0.8,0.5,35,9,1.431360,1,5.3308,822.7500,uW/nW,0.675,125,SS,saed05rvt_base_ss0p675v125c
gray_counter_5bit,300,0.5,0.3,35,9,1.431360,1,3.4841,826.6108,uW/nW,0.675,125,SS,saed05rvt_base_ss0p675v125c
gray_counter_5bit,300,0.5,0.7,35,9,1.431360,1,3.1755,825.8509,uW/nW,0.675,125,SS,saed05rvt_base_ss0p675v125c
gray_counter_5bit,450,0.1,0.5,35,9,1.431360,1,784.3532,823.1298,nW/nW,0.675,125,SS,saed05rvt_base_ss0p675v125c
gray_counter_5bit,450,0.5,0.5,35,9,1.431360,1,3.3392,822.8237,uW/nW,0.675,125,SS,saed05rvt_base_ss0p675v125c
gray_counter_5bit,450,0.3,0.5,35,9,1.431360,1,2.0612,822.8259,uW/nW,0.675,125,SS,saed05rvt_base_ss0p675v125c
gray_counter_5bit,450,0.8,0.5,35,9,1.431360,1,5.2630,822.8237,uW/nW,0.675,125,SS,saed05rvt_base_ss0p675v125c
gray_counter_5bit,450,0.5,0.3,35,9,1.431360,1,3.4808,826.6612,uW/nW,0.675,125,SS,saed05rvt_base_ss0p675v125c
gray_counter_5bit,450,0.5,0.7,35,9,1.431360,1,3.1879,825.9166,uW/nW,0.675,125,SS,saed05rvt_base_ss0p675v125c
gray_counter_5bit,600,0.1,0.5,35,9,1.431360,1,781.5645,823.0762,nW/nW,0.675,125,SS,saed05rvt_base_ss0p675v125c
gray_counter_5bit,600,0.5,0.5,35,9,1.431360,1,3.3306,822.8014,uW/nW,0.675,125,SS,saed05rvt_base_ss0p675v125c
gray_counter_5bit,600,0.3,0.5,35,9,1.431360,1,2.0557,822.8022,uW/nW,0.675,125,SS,saed05rvt_base_ss0p675v125c
gray_counter_5bit,600,0.8,0.5,35,9,1.431360,1,5.2514,822.8011,uW/nW,0.675,125,SS,saed05rvt_base_ss0p675v125c
gray_counter_5bit,600,0.5,0.3,35,9,1.431360,1,3.4750,826.6526,uW/nW,0.675,125,SS,saed05rvt_base_ss0p675v125c
gray_counter_5bit,600,0.5,0.7,35,9,1.431360,1,3.1803,825.8690,uW/nW,0.675,125,SS,saed05rvt_base_ss0p675v125c
gray_counter_5bit,750,0.1,0.5,35,9,1.431360,1,785.6700,823.2322,nW/nW,0.675,125,SS,saed05rvt_base_ss0p675v125c
gray_counter_5bit,750,0.5,0.5,35,9,1.431360,1,3.3365,822.9524,uW/nW,0.675,125,SS,saed05rvt_base_ss0p675v125c
gray_counter_5bit,750,0.3,0.5,35,9,1.431360,1,2.0609,822.9517,uW/nW,0.675,125,SS,saed05rvt_base_ss0p675v125c
gray_counter_5bit,750,0.8,0.5,35,9,1.431360,1,5.2523,822.9499,uW/nW,0.675,125,SS,saed05rvt_base_ss0p675v125c
gray_counter_5bit,750,0.5,0.3,35,9,1.431360,1,3.4814,826.7906,uW/nW,0.675,125,SS,saed05rvt_base_ss0p675v125c
gray_counter_5bit,750,0.5,0.7,35,9,1.431360,1,3.1839,826.0336,uW/nW,0.675,125,SS,saed05rvt_base_ss0p675v125c
gray_counter_5bit,900,0.1,0.5,35,9,1.431360,1,787.0494,823.2773,nW/nW,0.675,125,SS,saed05rvt_base_ss0p675v125c
gray_counter_5bit,900,0.5,0.5,35,9,1.431360,1,3.3389,823.1216,uW/nW,0.675,125,SS,saed05rvt_base_ss0p675v125c
gray_counter_5bit,900,0.3,0.5,35,9,1.431360,1,2.0623,823.1273,uW/nW,0.675,125,SS,saed05rvt_base_ss0p675v125c
gray_counter_5bit,900,0.8,0.5,35,9,1.431360,1,5.2530,823.1236,uW/nW,0.675,125,SS,saed05rvt_base_ss0p675v125c
gray_counter_5bit,900,0.5,0.3,35,9,1.431360,1,3.4859,826.9462,uW/nW,0.675,125,SS,saed05rvt_base_ss0p675v125c
gray_counter_5bit,900,0.5,0.7,35,9,1.431360,1,3.1853,826.2342,uW/nW,0.675,125,SS,saed05rvt_base_ss0p675v125c
gray_counter_5bit,1000,0.1,0.5,35,9,1.431360,1,789.3267,823.1788,nW/nW,0.675,125,SS,saed05rvt_base_ss0p675v125c
gray_counter_5bit,1000,0.5,0.5,35,9,1.431360,1,3.3397,822.9335,uW/nW,0.675,125,SS,saed05rvt_base_ss0p675v125c
gray_counter_5bit,1000,0.3,0.5,35,9,1.431360,1,2.0654,822.9349,uW/nW,0.675,125,SS,saed05rvt_base_ss0p675v125c
gray_counter_5bit,1000,0.8,0.5,35,9,1.431360,1,5.2502,822.9370,uW/nW,0.675,125,SS,saed05rvt_base_ss0p675v125c
gray_counter_5bit,1000,0.5,0.3,35,9,1.431360,1,3.4857,826.7734,uW/nW,0.675,125,SS,saed05rvt_base_ss0p675v125c
gray_counter_5bit,1000,0.5,0.7,35,9,1.431360,1,3.1859,826.0246,uW/nW,0.675,125,SS,saed05rvt_base_ss0p675v125c
gray_counter_5bit,10,0.1,0.5,36,9,1.447488,1,694.5938,8.8365,nW/nW,0.675,25,SS,saed05rvt_base_ss0p675v25c
gray_counter_5bit,10,0.5,0.5,36,9,1.447488,1,3.1793,8.8365,uW/nW,0.675,25,SS,saed05rvt_base_ss0p675v25c
gray_counter_5bit,10,0.3,0.5,36,9,1.447488,1,1.9387,8.8365,uW/nW,0.675,25,SS,saed05rvt_base_ss0p675v25c
gray_counter_5bit,10,0.8,0.5,36,9,1.447488,1,5.0402,8.8365,uW/nW,0.675,25,SS,saed05rvt_base_ss0p675v25c
gray_counter_5bit,10,0.5,0.3,36,9,1.447488,1,3.3584,8.7667,uW/nW,0.675,25,SS,saed05rvt_base_ss0p675v25c
gray_counter_5bit,10,0.5,0.7,36,9,1.447488,1,3.0021,8.9737,uW/nW,0.675,25,SS,saed05rvt_base_ss0p675v25c
gray_counter_5bit,50,0.1,0.5,36,9,1.447488,1,991.7264,8.8365,nW/nW,0.675,25,SS,saed05rvt_base_ss0p675v25c
gray_counter_5bit,50,0.5,0.5,36,9,1.447488,1,3.4906,8.8365,uW/nW,0.675,25,SS,saed05rvt_base_ss0p675v25c
gray_counter_5bit,50,0.3,0.5,36,9,1.447488,1,2.2500,8.8365,uW/nW,0.675,25,SS,saed05rvt_base_ss0p675v25c
gray_counter_5bit,50,0.8,0.5,36,9,1.447488,1,5.3515,8.8365,uW/nW,0.675,25,SS,saed05rvt_base_ss0p675v25c
gray_counter_5bit,50,0.5,0.3,36,9,1.447488,1,3.6918,8.7667,uW/nW,0.675,25,SS,saed05rvt_base_ss0p675v25c
gray_counter_5bit,50,0.5,0.7,36,9,1.447488,1,3.2988,8.9737,uW/nW,0.675,25,SS,saed05rvt_base_ss0p675v25c
gray_counter_5bit,100,0.1,0.5,36,9,1.447488,1,786.7280,8.8297,nW/nW,0.675,25,SS,saed05rvt_base_ss0p675v25c
gray_counter_5bit,100,0.5,0.5,36,9,1.447488,1,3.3110,8.8307,uW/nW,0.675,25,SS,saed05rvt_base_ss0p675v25c
gray_counter_5bit,100,0.3,0.5,36,9,1.447488,1,2.0905,8.8307,uW/nW,0.675,25,SS,saed05rvt_base_ss0p675v25c
gray_counter_5bit,100,0.8,0.5,36,9,1.447488,1,5.1417,8.8307,uW/nW,0.675,25,SS,saed05rvt_base_ss0p675v25c
gray_counter_5bit,100,0.5,0.3,36,9,1.447488,1,3.4748,8.7630,uW/nW,0.675,25,SS,saed05rvt_base_ss0p675v25c
gray_counter_5bit,100,0.5,0.7,36,9,1.447488,1,3.1463,8.9636,uW/nW,0.675,25,SS,saed05rvt_base_ss0p675v25c
gray_counter_5bit,200,0.1,0.5,36,9,1.447488,1,781.7346,8.8310,nW/nW,0.675,25,SS,saed05rvt_base_ss0p675v25c
gray_counter_5bit,200,0.5,0.5,36,9,1.447488,1,3.4054,8.8302,uW/nW,0.675,25,SS,saed05rvt_base_ss0p675v25c
gray_counter_5bit,200,0.3,0.5,36,9,1.447488,1,2.0539,8.8302,uW/nW,0.675,25,SS,saed05rvt_base_ss0p675v25c
gray_counter_5bit,200,0.8,0.5,36,9,1.447488,1,5.2340,8.8302,uW/nW,0.675,25,SS,saed05rvt_base_ss0p675v25c
gray_counter_5bit,200,0.5,0.3,36,9,1.447488,1,3.5652,8.7627,uW/nW,0.675,25,SS,saed05rvt_base_ss0p675v25c
gray_counter_5bit,200,0.5,0.7,36,9,1.447488,1,3.2451,8.9629,uW/nW,0.675,25,SS,saed05rvt_base_ss0p675v25c
gray_counter_5bit,300,0.1,0.5,36,9,1.447488,1,778.7429,8.8314,nW/nW,0.675,25,SS,saed05rvt_base_ss0p675v25c
gray_counter_5bit,300,0.5,0.5,36,9,1.447488,1,3.3281,8.8304,uW/nW,0.675,25,SS,saed05rvt_base_ss0p675v25c
gray_counter_5bit,300,0.3,0.5,36,9,1.447488,1,2.0509,8.8305,uW/nW,0.675,25,SS,saed05rvt_base_ss0p675v25c
gray_counter_5bit,300,0.8,0.5,36,9,1.447488,1,5.3373,8.8307,uW/nW,0.675,25,SS,saed05rvt_base_ss0p675v25c
gray_counter_5bit,300,0.5,0.3,36,9,1.447488,1,3.4498,8.7628,uW/nW,0.675,25,SS,saed05rvt_base_ss0p675v25c
gray_counter_5bit,300,0.5,0.7,36,9,1.447488,1,3.1683,8.9632,uW/nW,0.675,25,SS,saed05rvt_base_ss0p675v25c
gray_counter_5bit,450,0.1,0.5,36,9,1.447488,1,782.7332,8.8323,nW/nW,0.675,25,SS,saed05rvt_base_ss0p675v25c
gray_counter_5bit,450,0.5,0.5,36,9,1.447488,1,3.3188,8.8316,uW/nW,0.675,25,SS,saed05rvt_base_ss0p675v25c
gray_counter_5bit,450,0.3,0.5,36,9,1.447488,1,2.0474,8.8315,uW/nW,0.675,25,SS,saed05rvt_base_ss0p675v25c
gray_counter_5bit,450,0.8,0.5,36,9,1.447488,1,5.2333,8.8316,uW/nW,0.675,25,SS,saed05rvt_base_ss0p675v25c
gray_counter_5bit,450,0.5,0.3,36,9,1.447488,1,3.4411,8.7640,uW/nW,0.675,25,SS,saed05rvt_base_ss0p675v25c
gray_counter_5bit,450,0.5,0.7,36,9,1.447488,1,3.1828,8.9643,uW/nW,0.675,25,SS,saed05rvt_base_ss0p675v25c
gray_counter_5bit,600,0.1,0.5,36,9,1.447488,1,779.7502,8.8330,nW/nW,0.675,25,SS,saed05rvt_base_ss0p675v25c
gray_counter_5bit,600,0.5,0.5,36,9,1.447488,1,3.3100,8.8303,uW/nW,0.675,25,SS,saed05rvt_base_ss0p675v25c
gray_counter_5bit,600,0.3,0.5,36,9,1.447488,1,2.0425,8.8303,uW/nW,0.675,25,SS,saed05rvt_base_ss0p675v25c
gray_counter_5bit,600,0.8,0.5,36,9,1.447488,1,5.2190,8.8303,uW/nW,0.675,25,SS,saed05rvt_base_ss0p675v25c
gray_counter_5bit,600,0.5,0.3,36,9,1.447488,1,3.4344,8.7627,uW/nW,0.675,25,SS,saed05rvt_base_ss0p675v25c
gray_counter_5bit,600,0.5,0.7,36,9,1.447488,1,3.1753,8.9629,uW/nW,0.675,25,SS,saed05rvt_base_ss0p675v25c
gray_counter_5bit,750,0.1,0.5,36,9,1.447488,1,783.9875,8.8335,nW/nW,0.675,25,SS,saed05rvt_base_ss0p675v25c
gray_counter_5bit,750,0.5,0.5,36,9,1.447488,1,3.3108,8.8297,uW/nW,0.675,25,SS,saed05rvt_base_ss0p675v25c
gray_counter_5bit,750,0.3,0.5,36,9,1.447488,1,2.0469,8.8297,uW/nW,0.675,25,SS,saed05rvt_base_ss0p675v25c
gray_counter_5bit,750,0.8,0.5,36,9,1.447488,1,5.2168,8.8298,uW/nW,0.675,25,SS,saed05rvt_base_ss0p675v25c
gray_counter_5bit,750,0.5,0.3,36,9,1.447488,1,3.4374,8.7622,uW/nW,0.675,25,SS,saed05rvt_base_ss0p675v25c
gray_counter_5bit,750,0.5,0.7,36,9,1.447488,1,3.1749,8.9624,uW/nW,0.675,25,SS,saed05rvt_base_ss0p675v25c
gray_counter_5bit,900,0.1,0.5,36,9,1.447488,1,785.6497,8.8343,nW/nW,0.675,25,SS,saed05rvt_base_ss0p675v25c
gray_counter_5bit,900,0.5,0.5,36,9,1.447488,1,3.3106,8.8303,uW/nW,0.675,25,SS,saed05rvt_base_ss0p675v25c
gray_counter_5bit,900,0.3,0.5,36,9,1.447488,1,2.0475,8.8303,uW/nW,0.675,25,SS,saed05rvt_base_ss0p675v25c
gray_counter_5bit,900,0.8,0.5,36,9,1.447488,1,5.2100,8.8303,uW/nW,0.675,25,SS,saed05rvt_base_ss0p675v25c
gray_counter_5bit,900,0.5,0.3,36,9,1.447488,1,3.4362,8.7627,uW/nW,0.675,25,SS,saed05rvt_base_ss0p675v25c
gray_counter_5bit,900,0.5,0.7,36,9,1.447488,1,3.1716,8.9629,uW/nW,0.675,25,SS,saed05rvt_base_ss0p675v25c
gray_counter_5bit,1000,0.1,0.5,36,9,1.447488,1,788.1389,8.8352,nW/nW,0.675,25,SS,saed05rvt_base_ss0p675v25c
gray_counter_5bit,1000,0.5,0.5,36,9,1.447488,1,3.3128,8.8316,uW/nW,0.675,25,SS,saed05rvt_base_ss0p675v25c
gray_counter_5bit,1000,0.3,0.5,36,9,1.447488,1,2.0488,8.8316,uW/nW,0.675,25,SS,saed05rvt_base_ss0p675v25c
gray_counter_5bit,1000,0.8,0.5,36,9,1.447488,1,5.2124,8.8317,uW/nW,0.675,25,SS,saed05rvt_base_ss0p675v25c
gray_counter_5bit,1000,0.5,0.3,36,9,1.447488,1,3.4423,8.7640,uW/nW,0.675,25,SS,saed05rvt_base_ss0p675v25c
gray_counter_5bit,1000,0.5,0.7,36,9,1.447488,1,3.1742,8.9644,uW/nW,0.675,25,SS,saed05rvt_base_ss0p675v25c
lfsr_7bit,10,0.1,0.5,10,7,0.911232,1,405.7351,3.0606,nW/nW,0.60,25,TT,saed05rvt_base_tt0p60v25c
lfsr_7bit,10,0.5,0.5,10,7,0.911232,1,1.9201,3.0606,uW/nW,0.60,25,TT,saed05rvt_base_tt0p60v25c
lfsr_7bit,10,0.3,0.5,10,7,0.911232,1,1.1629,3.0606,uW/nW,0.60,25,TT,saed05rvt_base_tt0p60v25c
lfsr_7bit,10,0.8,0.5,10,7,0.911232,1,3.0559,3.0606,uW/nW,0.60,25,TT,saed05rvt_base_tt0p60v25c
lfsr_7bit,10,0.5,0.3,10,7,0.911232,1,2.0292,3.0266,uW/nW,0.60,25,TT,saed05rvt_base_tt0p60v25c
lfsr_7bit,10,0.5,0.7,10,7,0.911232,1,1.8110,3.1266,uW/nW,0.60,25,TT,saed05rvt_base_tt0p60v25c
lfsr_7bit,50,0.1,0.5,10,7,0.911232,1,514.3055,3.0606,nW/nW,0.60,25,TT,saed05rvt_base_tt0p60v25c
lfsr_7bit,50,0.5,0.5,10,7,0.911232,1,2.0287,3.0606,uW/nW,0.60,25,TT,saed05rvt_base_tt0p60v25c
lfsr_7bit,50,0.3,0.5,10,7,0.911232,1,1.2715,3.0606,uW/nW,0.60,25,TT,saed05rvt_base_tt0p60v25c
lfsr_7bit,50,0.8,0.5,10,7,0.911232,1,3.1645,3.0606,uW/nW,0.60,25,TT,saed05rvt_base_tt0p60v25c
lfsr_7bit,50,0.5,0.3,10,7,0.911232,1,2.1484,3.0266,uW/nW,0.60,25,TT,saed05rvt_base_tt0p60v25c
lfsr_7bit,50,0.5,0.7,10,7,0.911232,1,1.9088,3.1266,uW/nW,0.60,25,TT,saed05rvt_base_tt0p60v25c
lfsr_7bit,100,0.1,0.5,10,7,0.911232,1,442.0407,3.0607,nW/nW,0.60,25,TT,saed05rvt_base_tt0p60v25c
lfsr_7bit,100,0.5,0.5,10,7,0.911232,1,2.1644,3.0607,uW/nW,0.60,25,TT,saed05rvt_base_tt0p60v25c
lfsr_7bit,100,0.3,0.5,10,7,0.911232,1,1.4072,3.0607,uW/nW,0.60,25,TT,saed05rvt_base_tt0p60v25c
lfsr_7bit,100,0.8,0.5,10,7,0.911232,1,3.3002,3.0607,uW/nW,0.60,25,TT,saed05rvt_base_tt0p60v25c
lfsr_7bit,100,0.5,0.3,10,7,0.911232,1,2.2974,3.0266,uW/nW,0.60,25,TT,saed05rvt_base_tt0p60v25c
lfsr_7bit,100,0.5,0.7,10,7,0.911232,1,2.0310,3.1267,uW/nW,0.60,25,TT,saed05rvt_base_tt0p60v25c
lfsr_7bit,200,0.1,0.5,10,7,0.911232,1,439.7687,3.0606,nW/nW,0.60,25,TT,saed05rvt_base_tt0p60v25c
lfsr_7bit,200,0.5,0.5,10,7,0.911232,1,2.4357,3.0608,uW/nW,0.60,25,TT,saed05rvt_base_tt0p60v25c
lfsr_7bit,200,0.3,0.5,10,7,0.911232,1,1.3346,3.0607,uW/nW,0.60,25,TT,saed05rvt_base_tt0p60v25c
lfsr_7bit,200,0.8,0.5,10,7,0.911232,1,3.5715,3.0608,uW/nW,0.60,25,TT,saed05rvt_base_tt0p60v25c
lfsr_7bit,200,0.5,0.3,10,7,0.911232,1,2.5952,3.0267,uW/nW,0.60,25,TT,saed05rvt_base_tt0p60v25c
lfsr_7bit,200,0.5,0.7,10,7,0.911232,1,2.2753,3.1268,uW/nW,0.60,25,TT,saed05rvt_base_tt0p60v25c
lfsr_7bit,300,0.1,0.5,10,7,0.911232,1,438.6632,3.0606,nW/nW,0.60,25,TT,saed05rvt_base_tt0p60v25c
lfsr_7bit,300,0.5,0.5,10,7,0.911232,1,2.2249,3.0607,uW/nW,0.60,25,TT,saed05rvt_base_tt0p60v25c
lfsr_7bit,300,0.3,0.5,10,7,0.911232,1,1.3257,3.0606,uW/nW,0.60,25,TT,saed05rvt_base_tt0p60v25c
lfsr_7bit,300,0.8,0.5,10,7,0.911232,1,3.8428,3.0608,uW/nW,0.60,25,TT,saed05rvt_base_tt0p60v25c
lfsr_7bit,300,0.5,0.3,10,7,0.911232,1,2.2429,3.0266,uW/nW,0.60,25,TT,saed05rvt_base_tt0p60v25c
lfsr_7bit,300,0.5,0.7,10,7,0.911232,1,2.1056,3.1267,uW/nW,0.60,25,TT,saed05rvt_base_tt0p60v25c
lfsr_7bit,450,0.1,0.5,10,7,0.911232,1,439.8384,3.0607,nW/nW,0.60,25,TT,saed05rvt_base_tt0p60v25c
lfsr_7bit,450,0.5,0.5,10,7,0.911232,1,2.2088,3.0607,uW/nW,0.60,25,TT,saed05rvt_base_tt0p60v25c
lfsr_7bit,450,0.3,0.5,10,7,0.911232,1,1.3207,3.0606,uW/nW,0.60,25,TT,saed05rvt_base_tt0p60v25c
lfsr_7bit,450,0.8,0.5,10,7,0.911232,1,3.5646,3.0607,uW/nW,0.60,25,TT,saed05rvt_base_tt0p60v25c
lfsr_7bit,450,0.5,0.3,10,7,0.911232,1,2.2146,3.0266,uW/nW,0.60,25,TT,saed05rvt_base_tt0p60v25c
lfsr_7bit,450,0.5,0.7,10,7,0.911232,1,2.1694,3.1266,uW/nW,0.60,25,TT,saed05rvt_base_tt0p60v25c
lfsr_7bit,600,0.1,0.5,10,7,0.911232,1,438.9847,3.0607,nW/nW,0.60,25,TT,saed05rvt_base_tt0p60v25c
lfsr_7bit,600,0.5,0.5,10,7,0.911232,1,2.2008,3.0606,uW/nW,0.60,25,TT,saed05rvt_base_tt0p60v25c
lfsr_7bit,600,0.3,0.5,10,7,0.911232,1,1.3174,3.0606,uW/nW,0.60,25,TT,saed05rvt_base_tt0p60v25c
lfsr_7bit,600,0.8,0.5,10,7,0.911232,1,3.5490,3.0607,uW/nW,0.60,25,TT,saed05rvt_base_tt0p60v25c
lfsr_7bit,600,0.5,0.3,10,7,0.911232,1,2.2121,3.0265,uW/nW,0.60,25,TT,saed05rvt_base_tt0p60v25c
lfsr_7bit,600,0.5,0.7,10,7,0.911232,1,2.1607,3.1264,uW/nW,0.60,25,TT,saed05rvt_base_tt0p60v25c
lfsr_7bit,750,0.1,0.5,10,7,0.911232,1,440.0066,3.0607,nW/nW,0.60,25,TT,saed05rvt_base_tt0p60v25c
lfsr_7bit,750,0.5,0.5,10,7,0.911232,1,2.2010,3.0606,uW/nW,0.60,25,TT,saed05rvt_base_tt0p60v25c
lfsr_7bit,750,0.3,0.5,10,7,0.911232,1,1.3187,3.0605,uW/nW,0.60,25,TT,saed05rvt_base_tt0p60v25c
lfsr_7bit,750,0.8,0.5,10,7,0.911232,1,3.5377,3.0607,uW/nW,0.60,25,TT,saed05rvt_base_tt0p60v25c
lfsr_7bit,750,0.5,0.3,10,7,0.911232,1,2.2137,3.0265,uW/nW,0.60,25,TT,saed05rvt_base_tt0p60v25c
lfsr_7bit,750,0.5,0.7,10,7,0.911232,1,2.1546,3.1263,uW/nW,0.60,25,TT,saed05rvt_base_tt0p60v25c
lfsr_7bit,900,0.1,0.5,10,7,0.911232,1,440.7534,3.0607,nW/nW,0.60,25,TT,saed05rvt_base_tt0p60v25c
lfsr_7bit,900,0.5,0.5,10,7,0.911232,1,2.1977,3.0605,uW/nW,0.60,25,TT,saed05rvt_base_tt0p60v25c
lfsr_7bit,900,0.3,0.5,10,7,0.911232,1,1.3132,3.0604,uW/nW,0.60,25,TT,saed05rvt_base_tt0p60v25c
lfsr_7bit,900,0.8,0.5,10,7,0.911232,1,3.5226,3.0606,uW/nW,0.60,25,TT,saed05rvt_base_tt0p60v25c
lfsr_7bit,900,0.5,0.3,10,7,0.911232,1,2.2149,3.0265,uW/nW,0.60,25,TT,saed05rvt_base_tt0p60v25c
lfsr_7bit,900,0.5,0.7,10,7,0.911232,1,2.1484,3.1263,uW/nW,0.60,25,TT,saed05rvt_base_tt0p60v25c
lfsr_7bit,1000,0.1,0.5,10,7,0.911232,1,441.9427,3.0607,nW/nW,0.60,25,TT,saed05rvt_base_tt0p60v25c
lfsr_7bit,1000,0.5,0.5,10,7,0.911232,1,2.1954,3.0607,uW/nW,0.60,25,TT,saed05rvt_base_tt0p60v25c
lfsr_7bit,1000,0.3,0.5,10,7,0.911232,1,1.3178,3.0605,uW/nW,0.60,25,TT,saed05rvt_base_tt0p60v25c
lfsr_7bit,1000,0.8,0.5,10,7,0.911232,1,3.5250,3.0608,uW/nW,0.60,25,TT,saed05rvt_base_tt0p60v25c
lfsr_7bit,1000,0.5,0.3,10,7,0.911232,1,2.2164,3.0266,uW/nW,0.60,25,TT,saed05rvt_base_tt0p60v25c
lfsr_7bit,1000,0.5,0.7,10,7,0.911232,1,2.1434,3.1264,uW/nW,0.60,25,TT,saed05rvt_base_tt0p60v25c
lfsr_7bit,10,0.1,0.5,10,7,0.911232,1,412.7921,333.1239,nW/nW,0.60,125,TT,saed05rvt_base_tt0p60v125c
lfsr_7bit,10,0.5,0.5,10,7,0.911232,1,1.9582,333.1247,uW/nW,0.60,125,TT,saed05rvt_base_tt0p60v125c
lfsr_7bit,10,0.3,0.5,10,7,0.911232,1,1.1855,333.1247,uW/nW,0.60,125,TT,saed05rvt_base_tt0p60v125c
lfsr_7bit,10,0.8,0.5,10,7,0.911232,1,3.1173,333.1247,uW/nW,0.60,125,TT,saed05rvt_base_tt0p60v125c
lfsr_7bit,10,0.5,0.3,10,7,0.911232,1,2.0736,334.4906,uW/nW,0.60,125,TT,saed05rvt_base_tt0p60v125c
lfsr_7bit,10,0.5,0.7,10,7,0.911232,1,1.8429,335.7204,uW/nW,0.60,125,TT,saed05rvt_base_tt0p60v125c
lfsr_7bit,50,0.1,0.5,10,7,0.911232,1,518.5532,333.1239,nW/nW,0.60,125,TT,saed05rvt_base_tt0p60v125c
lfsr_7bit,50,0.5,0.5,10,7,0.911232,1,2.0640,333.1247,uW/nW,0.60,125,TT,saed05rvt_base_tt0p60v125c
lfsr_7bit,50,0.3,0.5,10,7,0.911232,1,1.2913,333.1247,uW/nW,0.60,125,TT,saed05rvt_base_tt0p60v125c
lfsr_7bit,50,0.8,0.5,10,7,0.911232,1,3.2231,333.1247,uW/nW,0.60,125,TT,saed05rvt_base_tt0p60v125c
lfsr_7bit,50,0.5,0.3,10,7,0.911232,1,2.1893,334.4906,uW/nW,0.60,125,TT,saed05rvt_base_tt0p60v125c
lfsr_7bit,50,0.5,0.7,10,7,0.911232,1,1.9388,335.7204,uW/nW,0.60,125,TT,saed05rvt_base_tt0p60v125c
lfsr_7bit,100,0.1,0.5,10,7,0.911232,1,447.6016,333.1241,nW/nW,0.60,125,TT,saed05rvt_base_tt0p60v125c
lfsr_7bit,100,0.5,0.5,10,7,0.911232,1,2.1962,333.1253,uW/nW,0.60,125,TT,saed05rvt_base_tt0p60v125c
lfsr_7bit,100,0.3,0.5,10,7,0.911232,1,1.4235,333.1253,uW/nW,0.60,125,TT,saed05rvt_base_tt0p60v125c
lfsr_7bit,100,0.8,0.5,10,7,0.911232,1,3.3553,333.1253,uW/nW,0.60,125,TT,saed05rvt_base_tt0p60v125c
lfsr_7bit,100,0.5,0.3,10,7,0.911232,1,2.3340,334.4911,uW/nW,0.60,125,TT,saed05rvt_base_tt0p60v125c
lfsr_7bit,100,0.5,0.7,10,7,0.911232,1,2.0587,335.7206,uW/nW,0.60,125,TT,saed05rvt_base_tt0p60v125c
lfsr_7bit,200,0.1,0.5,10,7,0.911232,1,445.4267,333.1173,nW/nW,0.60,125,TT,saed05rvt_base_tt0p60v125c
lfsr_7bit,200,0.5,0.5,10,7,0.911232,1,2.4605,333.1348,uW/nW,0.60,125,TT,saed05rvt_base_tt0p60v125c
lfsr_7bit,200,0.3,0.5,10,7,0.911232,1,1.3511,333.1245,uW/nW,0.60,125,TT,saed05rvt_base_tt0p60v125c
lfsr_7bit,200,0.8,0.5,10,7,0.911232,1,3.6196,333.1348,uW/nW,0.60,125,TT,saed05rvt_base_tt0p60v125c
lfsr_7bit,200,0.5,0.3,10,7,0.911232,1,2.6231,334.4999,uW/nW,0.60,125,TT,saed05rvt_base_tt0p60v125c
lfsr_7bit,200,0.5,0.7,10,7,0.911232,1,2.2983,335.7312,uW/nW,0.60,125,TT,saed05rvt_base_tt0p60v125c
lfsr_7bit,300,0.1,0.5,10,7,0.911232,1,444.3694,333.1169,nW/nW,0.60,125,TT,saed05rvt_base_tt0p60v125c
lfsr_7bit,300,0.5,0.5,10,7,0.911232,1,2.2523,333.1211,uW/nW,0.60,125,TT,saed05rvt_base_tt0p60v125c
lfsr_7bit,300,0.3,0.5,10,7,0.911232,1,1.3424,333.1155,uW/nW,0.60,125,TT,saed05rvt_base_tt0p60v125c
lfsr_7bit,300,0.8,0.5,10,7,0.911232,1,3.8839,333.1328,uW/nW,0.60,125,TT,saed05rvt_base_tt0p60v125c
lfsr_7bit,300,0.5,0.3,10,7,0.911232,1,2.2792,334.4848,uW/nW,0.60,125,TT,saed05rvt_base_tt0p60v125c
lfsr_7bit,300,0.5,0.7,10,7,0.911232,1,2.1300,335.7150,uW/nW,0.60,125,TT,saed05rvt_base_tt0p60v125c
lfsr_7bit,450,0.1,0.5,10,7,0.911232,1,445.5280,333.1183,nW/nW,0.60,125,TT,saed05rvt_base_tt0p60v125c
lfsr_7bit,450,0.5,0.5,10,7,0.911232,1,2.2367,333.1208,uW/nW,0.60,125,TT,saed05rvt_base_tt0p60v125c
lfsr_7bit,450,0.3,0.5,10,7,0.911232,1,1.3377,333.1131,uW/nW,0.60,125,TT,saed05rvt_base_tt0p60v125c
lfsr_7bit,450,0.8,0.5,10,7,0.911232,1,3.6083,333.1263,uW/nW,0.60,125,TT,saed05rvt_base_tt0p60v125c
lfsr_7bit,450,0.5,0.3,10,7,0.911232,1,2.2517,334.4822,uW/nW,0.60,125,TT,saed05rvt_base_tt0p60v125c
lfsr_7bit,450,0.5,0.7,10,7,0.911232,1,2.1932,335.7029,uW/nW,0.60,125,TT,saed05rvt_base_tt0p60v125c
lfsr_7bit,600,0.1,0.5,10,7,0.911232,1,444.7097,333.1248,nW/nW,0.60,125,TT,saed05rvt_base_tt0p60v125c
lfsr_7bit,600,0.5,0.5,10,7,0.911232,1,2.2290,333.1104,uW/nW,0.60,125,TT,saed05rvt_base_tt0p60v125c
lfsr_7bit,600,0.3,0.5,10,7,0.911232,1,1.3344,333.1059,uW/nW,0.60,125,TT,saed05rvt_base_tt0p60v125c
lfsr_7bit,600,0.8,0.5,10,7,0.911232,1,3.5931,333.1199,uW/nW,0.60,125,TT,saed05rvt_base_tt0p60v125c
lfsr_7bit,600,0.5,0.3,10,7,0.911232,1,2.2493,334.4739,uW/nW,0.60,125,TT,saed05rvt_base_tt0p60v125c
lfsr_7bit,600,0.5,0.7,10,7,0.911232,1,2.1847,335.6644,uW/nW,0.60,125,TT,saed05rvt_base_tt0p60v125c
lfsr_7bit,750,0.1,0.5,10,7,0.911232,1,445.7096,333.1243,nW/nW,0.60,125,TT,saed05rvt_base_tt0p60v125c
lfsr_7bit,750,0.5,0.5,10,7,0.911232,1,2.2293,333.1073,uW/nW,0.60,125,TT,saed05rvt_base_tt0p60v125c
lfsr_7bit,750,0.3,0.5,10,7,0.911232,1,1.3358,333.0855,uW/nW,0.60,125,TT,saed05rvt_base_tt0p60v125c
lfsr_7bit,750,0.8,0.5,10,7,0.911232,1,3.5823,333.1158,uW/nW,0.60,125,TT,saed05rvt_base_tt0p60v125c
lfsr_7bit,750,0.5,0.3,10,7,0.911232,1,2.2508,334.4700,uW/nW,0.60,125,TT,saed05rvt_base_tt0p60v125c
lfsr_7bit,750,0.5,0.7,10,7,0.911232,1,2.1786,335.6552,uW/nW,0.60,125,TT,saed05rvt_base_tt0p60v125c
lfsr_7bit,900,0.1,0.5,10,7,0.911232,1,446.4145,333.1183,nW/nW,0.60,125,TT,saed05rvt_base_tt0p60v125c
lfsr_7bit,900,0.5,0.5,10,7,0.911232,1,2.2260,333.0852,uW/nW,0.60,125,TT,saed05rvt_base_tt0p60v125c
lfsr_7bit,900,0.3,0.5,10,7,0.911232,1,1.3304,333.0743,uW/nW,0.60,125,TT,saed05rvt_base_tt0p60v125c
lfsr_7bit,900,0.8,0.5,10,7,0.911232,1,3.5677,333.0984,uW/nW,0.60,125,TT,saed05rvt_base_tt0p60v125c
lfsr_7bit,900,0.5,0.3,10,7,0.911232,1,2.2521,334.4580,uW/nW,0.60,125,TT,saed05rvt_base_tt0p60v125c
lfsr_7bit,900,0.5,0.7,10,7,0.911232,1,2.1725,335.6496,uW/nW,0.60,125,TT,saed05rvt_base_tt0p60v125c
lfsr_7bit,1000,0.1,0.5,10,7,0.911232,1,447.5571,333.1165,nW/nW,0.60,125,TT,saed05rvt_base_tt0p60v125c
lfsr_7bit,1000,0.5,0.5,10,7,0.911232,1,2.2239,333.1104,uW/nW,0.60,125,TT,saed05rvt_base_tt0p60v125c
lfsr_7bit,1000,0.3,0.5,10,7,0.911232,1,1.3349,333.0789,uW/nW,0.60,125,TT,saed05rvt_base_tt0p60v125c
lfsr_7bit,1000,0.8,0.5,10,7,0.911232,1,3.5701,333.1141,uW/nW,0.60,125,TT,saed05rvt_base_tt0p60v125c
lfsr_7bit,1000,0.5,0.3,10,7,0.911232,1,2.2534,334.4693,uW/nW,0.60,125,TT,saed05rvt_base_tt0p60v125c
lfsr_7bit,1000,0.5,0.7,10,7,0.911232,1,2.1676,335.6579,uW/nW,0.60,125,TT,saed05rvt_base_tt0p60v125c
lfsr_7bit,10,0.1,0.5,10,7,0.911232,1,614.0499,811.1937,nW/nW,0.75,125,TT,saed05rvt_base_tt0p75v125c
lfsr_7bit,10,0.5,0.5,10,7,0.911232,1,2.9951,811.1956,uW/nW,0.75,125,TT,saed05rvt_base_tt0p75v125c
lfsr_7bit,10,0.3,0.5,10,7,0.911232,1,1.8046,811.1956,uW/nW,0.75,125,TT,saed05rvt_base_tt0p75v125c
lfsr_7bit,10,0.8,0.5,10,7,0.911232,1,4.7810,811.1956,uW/nW,0.75,125,TT,saed05rvt_base_tt0p75v125c
lfsr_7bit,10,0.5,0.3,10,7,0.911232,1,3.1388,817.3743,uW/nW,0.75,125,TT,saed05rvt_base_tt0p75v125c
lfsr_7bit,10,0.5,0.7,10,7,0.911232,1,2.8516,813.7814,uW/nW,0.75,125,TT,saed05rvt_base_tt0p75v125c
lfsr_7bit,50,0.1,0.5,10,7,0.911232,1,689.2101,811.1937,nW/nW,0.75,125,TT,saed05rvt_base_tt0p75v125c
lfsr_7bit,50,0.5,0.5,10,7,0.911232,1,3.0703,811.1956,uW/nW,0.75,125,TT,saed05rvt_base_tt0p75v125c
lfsr_7bit,50,0.3,0.5,10,7,0.911232,1,1.8798,811.1956,uW/nW,0.75,125,TT,saed05rvt_base_tt0p75v125c
lfsr_7bit,50,0.8,0.5,10,7,0.911232,1,4.8561,811.1956,uW/nW,0.75,125,TT,saed05rvt_base_tt0p75v125c
lfsr_7bit,50,0.5,0.3,10,7,0.911232,1,3.2240,817.3743,uW/nW,0.75,125,TT,saed05rvt_base_tt0p75v125c
lfsr_7bit,50,0.5,0.7,10,7,0.911232,1,2.9172,813.7814,uW/nW,0.75,125,TT,saed05rvt_base_tt0p75v125c
lfsr_7bit,100,0.1,0.5,10,7,0.911232,1,651.4425,823.3893,nW/nW,0.75,125,TT,saed05rvt_base_tt0p75v125c
lfsr_7bit,100,0.5,0.5,10,7,0.911232,1,3.1644,811.2039,uW/nW,0.75,125,TT,saed05rvt_base_tt0p75v125c
lfsr_7bit,100,0.3,0.5,10,7,0.911232,1,1.9738,811.2039,uW/nW,0.75,125,TT,saed05rvt_base_tt0p75v125c
lfsr_7bit,100,0.8,0.5,10,7,0.911232,1,4.9503,811.2039,uW/nW,0.75,125,TT,saed05rvt_base_tt0p75v125c
lfsr_7bit,100,0.5,0.3,10,7,0.911232,1,3.3306,817.3817,uW/nW,0.75,125,TT,saed05rvt_base_tt0p75v125c
lfsr_7bit,100,0.5,0.7,10,7,0.911232,1,2.9993,813.7881,uW/nW,0.75,125,TT,saed05rvt_base_tt0p75v125c
lfsr_7bit,200,0.1,0.5,10,7,0.911232,1,649.0408,824.3155,nW/nW,0.75,125,TT,saed05rvt_base_tt0p75v125c
lfsr_7bit,200,0.5,0.5,10,7,0.911232,1,3.3528,811.2424,uW/nW,0.75,125,TT,saed05rvt_base_tt0p75v125c
lfsr_7bit,200,0.3,0.5,10,7,0.911232,1,1.9624,822.4813,uW/nW,0.75,125,TT,saed05rvt_base_tt0p75v125c
lfsr_7bit,200,0.8,0.5,10,7,0.911232,1,5.1387,811.2424,uW/nW,0.75,125,TT,saed05rvt_base_tt0p75v125c
lfsr_7bit,200,0.5,0.3,10,7,0.911232,1,3.5440,817.4166,uW/nW,0.75,125,TT,saed05rvt_base_tt0p75v125c
lfsr_7bit,200,0.5,0.7,10,7,0.911232,1,3.1638,813.8323,uW/nW,0.75,125,TT,saed05rvt_base_tt0p75v125c
lfsr_7bit,300,0.1,0.5,10,7,0.911232,1,648.2025,824.5388,nW/nW,0.75,125,TT,saed05rvt_base_tt0p75v125c
lfsr_7bit,300,0.5,0.5,10,7,0.911232,1,3.2726,822.3592,uW/nW,0.75,125,TT,saed05rvt_base_tt0p75v125c
lfsr_7bit,300,0.3,0.5,10,7,0.911232,1,1.9538,823.3375,uW/nW,0.75,125,TT,saed05rvt_base_tt0p75v125c
lfsr_7bit,300,0.8,0.5,10,7,0.911232,1,5.3271,811.2593,uW/nW,0.75,125,TT,saed05rvt_base_tt0p75v125c
lfsr_7bit,300,0.5,0.3,10,7,0.911232,1,3.4224,831.6066,uW/nW,0.75,125,TT,saed05rvt_base_tt0p75v125c
lfsr_7bit,300,0.5,0.7,10,7,0.911232,1,3.0614,821.6843,uW/nW,0.75,125,TT,saed05rvt_base_tt0p75v125c
lfsr_7bit,450,0.1,0.5,10,7,0.911232,1,648.4693,824.3961,nW/nW,0.75,125,TT,saed05rvt_base_tt0p75v125c
lfsr_7bit,450,0.5,0.5,10,7,0.911232,1,3.2575,823.2642,uW/nW,0.75,125,TT,saed05rvt_base_tt0p75v125c
lfsr_7bit,450,0.3,0.5,10,7,0.911232,1,1.9475,823.7554,uW/nW,0.75,125,TT,saed05rvt_base_tt0p75v125c
lfsr_7bit,450,0.8,0.5,10,7,0.911232,1,5.2411,822.1964,uW/nW,0.75,125,TT,saed05rvt_base_tt0p75v125c
lfsr_7bit,450,0.5,0.3,10,7,0.911232,1,3.4201,833.5717,uW/nW,0.75,125,TT,saed05rvt_base_tt0p75v125c
lfsr_7bit,450,0.5,0.7,10,7,0.911232,1,3.0784,819.8332,uW/nW,0.75,125,TT,saed05rvt_base_tt0p75v125c
lfsr_7bit,600,0.1,0.5,10,7,0.911232,1,647.7646,824.6198,nW/nW,0.75,125,TT,saed05rvt_base_tt0p75v125c
lfsr_7bit,600,0.5,0.5,10,7,0.911232,1,3.2494,823.6538,uW/nW,0.75,125,TT,saed05rvt_base_tt0p75v125c
lfsr_7bit,600,0.3,0.5,10,7,0.911232,1,1.9462,824.1965,uW/nW,0.75,125,TT,saed05rvt_base_tt0p75v125c
lfsr_7bit,600,0.8,0.5,10,7,0.911232,1,5.2270,822.9084,uW/nW,0.75,125,TT,saed05rvt_base_tt0p75v125c
lfsr_7bit,600,0.5,0.3,10,7,0.911232,1,3.4177,833.6826,uW/nW,0.75,125,TT,saed05rvt_base_tt0p75v125c
lfsr_7bit,600,0.5,0.7,10,7,0.911232,1,3.0686,820.6423,uW/nW,0.75,125,TT,saed05rvt_base_tt0p75v125c
lfsr_7bit,750,0.1,0.5,10,7,0.911232,1,648.6711,824.5209,nW/nW,0.75,125,TT,saed05rvt_base_tt0p75v125c
lfsr_7bit,750,0.5,0.5,10,7,0.911232,1,3.2461,823.7583,uW/nW,0.75,125,TT,saed05rvt_base_tt0p75v125c
lfsr_7bit,750,0.3,0.5,10,7,0.911232,1,1.9466,824.1665,uW/nW,0.75,125,TT,saed05rvt_base_tt0p75v125c
lfsr_7bit,750,0.8,0.5,10,7,0.911232,1,5.2124,823.1702,uW/nW,0.75,125,TT,saed05rvt_base_tt0p75v125c
lfsr_7bit,750,0.5,0.3,10,7,0.911232,1,3.4165,833.6717,uW/nW,0.75,125,TT,saed05rvt_base_tt0p75v125c
lfsr_7bit,750,0.5,0.7,10,7,0.911232,1,3.0669,821.4200,uW/nW,0.75,125,TT,saed05rvt_base_tt0p75v125c
lfsr_7bit,900,0.1,0.5,10,7,0.911232,1,650.3583,824.7341,nW/nW,0.75,125,TT,saed05rvt_base_tt0p75v125c
lfsr_7bit,900,0.5,0.5,10,7,0.911232,1,3.2473,824.1665,uW/nW,0.75,125,TT,saed05rvt_base_tt0p75v125c
lfsr_7bit,900,0.3,0.5,10,7,0.911232,1,1.9450,824.6924,uW/nW,0.75,125,TT,saed05rvt_base_tt0p75v125c
lfsr_7bit,900,0.8,0.5,10,7,0.911232,1,5.2025,823.6600,uW/nW,0.75,125,TT,saed05rvt_base_tt0p75v125c
lfsr_7bit,900,0.5,0.3,10,7,0.911232,1,3.4158,833.5980,uW/nW,0.75,125,TT,saed05rvt_base_tt0p75v125c
lfsr_7bit,900,0.5,0.7,10,7,0.911232,1,3.0633,821.7885,uW/nW,0.75,125,TT,saed05rvt_base_tt0p75v125c
lfsr_7bit,1000,0.1,0.5,10,7,0.911232,1,651.5781,825.2225,nW/nW,0.75,125,TT,saed05rvt_base_tt0p75v125c
lfsr_7bit,1000,0.5,0.5,10,7,0.911232,1,3.2446,824.2280,uW/nW,0.75,125,TT,saed05rvt_base_tt0p75v125c
lfsr_7bit,1000,0.3,0.5,10,7,0.911232,1,1.9457,824.3250,uW/nW,0.75,125,TT,saed05rvt_base_tt0p75v125c
lfsr_7bit,1000,0.8,0.5,10,7,0.911232,1,5.2019,823.7094,uW/nW,0.75,125,TT,saed05rvt_base_tt0p75v125c
lfsr_7bit,1000,0.5,0.3,10,7,0.911232,1,3.4167,833.6340,uW/nW,0.75,125,TT,saed05rvt_base_tt0p75v125c
lfsr_7bit,1000,0.5,0.7,10,7,0.911232,1,3.0624,822.1119,uW/nW,0.75,125,TT,saed05rvt_base_tt0p75v125c
lfsr_7bit,10,0.1,0.5,10,7,0.911232,1,602.1274,9.5392,nW/nW,0.75,25,TT,saed05rvt_base_tt0p75v25c
lfsr_7bit,10,0.5,0.5,10,7,0.911232,1,2.9316,9.5392,uW/nW,0.75,25,TT,saed05rvt_base_tt0p75v25c
lfsr_7bit,10,0.3,0.5,10,7,0.911232,1,1.7669,9.5392,uW/nW,0.75,25,TT,saed05rvt_base_tt0p75v25c
lfsr_7bit,10,0.8,0.5,10,7,0.911232,1,4.6786,9.5392,uW/nW,0.75,25,TT,saed05rvt_base_tt0p75v25c
lfsr_7bit,10,0.5,0.3,10,7,0.911232,1,3.0658,9.4634,uW/nW,0.75,25,TT,saed05rvt_base_tt0p75v25c
lfsr_7bit,10,0.5,0.7,10,7,0.911232,1,2.7973,9.7132,uW/nW,0.75,25,TT,saed05rvt_base_tt0p75v25c
lfsr_7bit,50,0.1,0.5,10,7,0.911232,1,681.2560,9.5392,nW/nW,0.75,25,TT,saed05rvt_base_tt0p75v25c
lfsr_7bit,50,0.5,0.5,10,7,0.911232,1,3.0107,9.5392,uW/nW,0.75,25,TT,saed05rvt_base_tt0p75v25c
lfsr_7bit,50,0.3,0.5,10,7,0.911232,1,1.8460,9.5392,uW/nW,0.75,25,TT,saed05rvt_base_tt0p75v25c
lfsr_7bit,50,0.8,0.5,10,7,0.911232,1,4.7578,9.5392,uW/nW,0.75,25,TT,saed05rvt_base_tt0p75v25c
lfsr_7bit,50,0.5,0.3,10,7,0.911232,1,3.1547,9.4634,uW/nW,0.75,25,TT,saed05rvt_base_tt0p75v25c
lfsr_7bit,50,0.5,0.7,10,7,0.911232,1,2.8667,9.7132,uW/nW,0.75,25,TT,saed05rvt_base_tt0p75v25c
lfsr_7bit,100,0.1,0.5,10,7,0.911232,1,639.7360,9.6568,nW/nW,0.75,25,TT,saed05rvt_base_tt0p75v25c
lfsr_7bit,100,0.5,0.5,10,7,0.911232,1,3.1097,9.5393,uW/nW,0.75,25,TT,saed05rvt_base_tt0p75v25c
lfsr_7bit,100,0.3,0.5,10,7,0.911232,1,1.9450,9.5393,uW/nW,0.75,25,TT,saed05rvt_base_tt0p75v25c
lfsr_7bit,100,0.8,0.5,10,7,0.911232,1,4.8568,9.5393,uW/nW,0.75,25,TT,saed05rvt_base_tt0p75v25c
lfsr_7bit,100,0.5,0.3,10,7,0.911232,1,3.2661,9.4635,uW/nW,0.75,25,TT,saed05rvt_base_tt0p75v25c
lfsr_7bit,100,0.5,0.7,10,7,0.911232,1,2.9535,9.7133,uW/nW,0.75,25,TT,saed05rvt_base_tt0p75v25c
lfsr_7bit,200,0.1,0.5,10,7,0.911232,1,637.0669,9.6658,nW/nW,0.75,25,TT,saed05rvt_base_tt0p75v25c
lfsr_7bit,200,0.5,0.5,10,7,0.911232,1,3.3080,9.5397,uW/nW,0.75,25,TT,saed05rvt_base_tt0p75v25c
lfsr_7bit,200,0.3,0.5,10,7,0.911232,1,1.9281,9.6481,uW/nW,0.75,25,TT,saed05rvt_base_tt0p75v25c
lfsr_7bit,200,0.8,0.5,10,7,0.911232,1,5.0551,9.5397,uW/nW,0.75,25,TT,saed05rvt_base_tt0p75v25c
lfsr_7bit,200,0.5,0.3,10,7,0.911232,1,3.4888,9.4639,uW/nW,0.75,25,TT,saed05rvt_base_tt0p75v25c
lfsr_7bit,200,0.5,0.7,10,7,0.911232,1,3.1274,9.7138,uW/nW,0.75,25,TT,saed05rvt_base_tt0p75v25c
lfsr_7bit,300,0.1,0.5,10,7,0.911232,1,636.1448,9.6680,nW/nW,0.75,25,TT,saed05rvt_base_tt0p75v25c
lfsr_7bit,300,0.5,0.5,10,7,0.911232,1,3.2156,9.6470,uW/nW,0.75,25,TT,saed05rvt_base_tt0p75v25c
lfsr_7bit,300,0.3,0.5,10,7,0.911232,1,1.9186,9.6564,uW/nW,0.75,25,TT,saed05rvt_base_tt0p75v25c
lfsr_7bit,300,0.8,0.5,10,7,0.911232,1,5.2534,9.5399,uW/nW,0.75,25,TT,saed05rvt_base_tt0p75v25c
lfsr_7bit,300,0.5,0.3,10,7,0.911232,1,3.3475,9.6096,uW/nW,0.75,25,TT,saed05rvt_base_tt0p75v25c
lfsr_7bit,300,0.5,0.7,10,7,0.911232,1,3.0158,9.7841,uW/nW,0.75,25,TT,saed05rvt_base_tt0p75v25c
lfsr_7bit,450,0.1,0.5,10,7,0.911232,1,636.4375,9.6666,nW/nW,0.75,25,TT,saed05rvt_base_tt0p75v25c
lfsr_7bit,450,0.5,0.5,10,7,0.911232,1,3.1990,9.6558,uW/nW,0.75,25,TT,saed05rvt_base_tt0p75v25c
lfsr_7bit,450,0.3,0.5,10,7,0.911232,1,1.9118,9.6605,uW/nW,0.75,25,TT,saed05rvt_base_tt0p75v25c
lfsr_7bit,450,0.8,0.5,10,7,0.911232,1,5.1503,9.6455,uW/nW,0.75,25,TT,saed05rvt_base_tt0p75v25c
lfsr_7bit,450,0.5,0.3,10,7,0.911232,1,3.3431,9.6298,uW/nW,0.75,25,TT,saed05rvt_base_tt0p75v25c
lfsr_7bit,450,0.5,0.7,10,7,0.911232,1,3.0346,9.7675,uW/nW,0.75,25,TT,saed05rvt_base_tt0p75v25c
lfsr_7bit,600,0.1,0.5,10,7,0.911232,1,635.6525,9.6688,nW/nW,0.75,25,TT,saed05rvt_base_tt0p75v25c
lfsr_7bit,600,0.5,0.5,10,7,0.911232,1,3.1901,9.6596,uW/nW,0.75,25,TT,saed05rvt_base_tt0p75v25c
lfsr_7bit,600,0.3,0.5,10,7,0.911232,1,1.9103,9.6648,uW/nW,0.75,25,TT,saed05rvt_base_tt0p75v25c
lfsr_7bit,600,0.8,0.5,10,7,0.911232,1,5.1346,9.6524,uW/nW,0.75,25,TT,saed05rvt_base_tt0p75v25c
lfsr_7bit,600,0.5,0.3,10,7,0.911232,1,3.3405,9.6310,uW/nW,0.75,25,TT,saed05rvt_base_tt0p75v25c
lfsr_7bit,600,0.5,0.7,10,7,0.911232,1,3.0237,9.7748,uW/nW,0.75,25,TT,saed05rvt_base_tt0p75v25c
lfsr_7bit,750,0.1,0.5,10,7,0.911232,1,636.6131,9.6679,nW/nW,0.75,25,TT,saed05rvt_base_tt0p75v25c
lfsr_7bit,750,0.5,0.5,10,7,0.911232,1,3.1866,9.6607,uW/nW,0.75,25,TT,saed05rvt_base_tt0p75v25c
lfsr_7bit,750,0.3,0.5,10,7,0.911232,1,1.9106,9.6646,uW/nW,0.75,25,TT,saed05rvt_base_tt0p75v25c
lfsr_7bit,750,0.8,0.5,10,7,0.911232,1,5.1189,9.6550,uW/nW,0.75,25,TT,saed05rvt_base_tt0p75v25c
lfsr_7bit,750,0.5,0.3,10,7,0.911232,1,3.3392,9.6309,uW/nW,0.75,25,TT,saed05rvt_base_tt0p75v25c
lfsr_7bit,750,0.5,0.7,10,7,0.911232,1,3.0216,9.7818,uW/nW,0.75,25,TT,saed05rvt_base_tt0p75v25c
lfsr_7bit,900,0.1,0.5,10,7,0.911232,1,638.3495,9.6700,nW/nW,0.75,25,TT,saed05rvt_base_tt0p75v25c
lfsr_7bit,900,0.5,0.5,10,7,0.911232,1,3.1875,9.6647,uW/nW,0.75,25,TT,saed05rvt_base_tt0p75v25c
lfsr_7bit,900,0.3,0.5,10,7,0.911232,1,1.9087,9.6698,uW/nW,0.75,25,TT,saed05rvt_base_tt0p75v25c
lfsr_7bit,900,0.8,0.5,10,7,0.911232,1,5.1078,9.6598,uW/nW,0.75,25,TT,saed05rvt_base_tt0p75v25c
lfsr_7bit,900,0.5,0.3,10,7,0.911232,1,3.3385,9.6303,uW/nW,0.75,25,TT,saed05rvt_base_tt0p75v25c
lfsr_7bit,900,0.5,0.7,10,7,0.911232,1,3.0176,9.7852,uW/nW,0.75,25,TT,saed05rvt_base_tt0p75v25c
lfsr_7bit,1000,0.1,0.5,10,7,0.911232,1,639.5521,9.6748,nW/nW,0.75,25,TT,saed05rvt_base_tt0p75v25c
lfsr_7bit,1000,0.5,0.5,10,7,0.911232,1,3.1845,9.6654,uW/nW,0.75,25,TT,saed05rvt_base_tt0p75v25c
lfsr_7bit,1000,0.3,0.5,10,7,0.911232,1,1.9095,9.6663,uW/nW,0.75,25,TT,saed05rvt_base_tt0p75v25c
lfsr_7bit,1000,0.8,0.5,10,7,0.911232,1,5.1071,9.6604,uW/nW,0.75,25,TT,saed05rvt_base_tt0p75v25c
lfsr_7bit,1000,0.5,0.3,10,7,0.911232,1,3.3395,9.6307,uW/nW,0.75,25,TT,saed05rvt_base_tt0p75v25c
lfsr_7bit,1000,0.5,0.7,10,7,0.911232,1,3.0164,9.7882,uW/nW,0.75,25,TT,saed05rvt_base_tt0p75v25c
lfsr_7bit,10,0.1,0.5,10,7,0.911232,1,468.8135,520.0486,nW/nW,0.66,125,FF,saed05rvt_base_ff0p660v125c
lfsr_7bit,10,0.5,0.5,10,7,0.911232,1,2.2836,520.0499,uW/nW,0.66,125,FF,saed05rvt_base_ff0p660v125c
lfsr_7bit,10,0.3,0.5,10,7,0.911232,1,1.3762,520.0499,uW/nW,0.66,125,FF,saed05rvt_base_ff0p660v125c
lfsr_7bit,10,0.8,0.5,10,7,0.911232,1,3.6447,520.0499,uW/nW,0.66,125,FF,saed05rvt_base_ff0p660v125c
lfsr_7bit,10,0.5,0.3,10,7,0.911232,1,2.3894,523.7880,uW/nW,0.66,125,FF,saed05rvt_base_ff0p660v125c
lfsr_7bit,10,0.5,0.7,10,7,0.911232,1,2.1779,521.8256,uW/nW,0.66,125,FF,saed05rvt_base_ff0p660v125c
lfsr_7bit,50,0.1,0.5,10,7,0.911232,1,529.2994,520.0486,nW/nW,0.66,125,FF,saed05rvt_base_ff0p660v125c
lfsr_7bit,50,0.5,0.5,10,7,0.911232,1,2.3441,520.0499,uW/nW,0.66,125,FF,saed05rvt_base_ff0p660v125c
lfsr_7bit,50,0.3,0.5,10,7,0.911232,1,1.4367,520.0499,uW/nW,0.66,125,FF,saed05rvt_base_ff0p660v125c
lfsr_7bit,50,0.8,0.5,10,7,0.911232,1,3.7052,520.0499,uW/nW,0.66,125,FF,saed05rvt_base_ff0p660v125c
lfsr_7bit,50,0.5,0.3,10,7,0.911232,1,2.4574,523.7880,uW/nW,0.66,125,FF,saed05rvt_base_ff0p660v125c
lfsr_7bit,50,0.5,0.7,10,7,0.911232,1,2.2312,521.8256,uW/nW,0.66,125,FF,saed05rvt_base_ff0p660v125c
lfsr_7bit,100,0.1,0.5,10,7,0.911232,1,497.9604,527.8365,nW/nW,0.66,125,FF,saed05rvt_base_ff0p660v125c
lfsr_7bit,100,0.5,0.5,10,7,0.911232,1,2.4198,520.0551,uW/nW,0.66,125,FF,saed05rvt_base_ff0p660v125c
lfsr_7bit,100,0.3,0.5,10,7,0.911232,1,1.5124,520.0551,uW/nW,0.66,125,FF,saed05rvt_base_ff0p660v125c
lfsr_7bit,100,0.8,0.5,10,7,0.911232,1,3.7810,520.0551,uW/nW,0.66,125,FF,saed05rvt_base_ff0p660v125c
lfsr_7bit,100,0.5,0.3,10,7,0.911232,1,2.5425,523.7927,uW/nW,0.66,125,FF,saed05rvt_base_ff0p660v125c
lfsr_7bit,100,0.5,0.7,10,7,0.911232,1,2.2979,521.8298,uW/nW,0.66,125,FF,saed05rvt_base_ff0p660v125c
lfsr_7bit,200,0.1,0.5,10,7,0.911232,1,495.9530,528.4279,nW/nW,0.66,125,FF,saed05rvt_base_ff0p660v125c
lfsr_7bit,200,0.5,0.5,10,7,0.911232,1,2.5714,520.0797,uW/nW,0.66,125,FF,saed05rvt_base_ff0p660v125c
lfsr_7bit,200,0.3,0.5,10,7,0.911232,1,1.5006,527.2568,uW/nW,0.66,125,FF,saed05rvt_base_ff0p660v125c
lfsr_7bit,200,0.8,0.5,10,7,0.911232,1,3.9326,520.0797,uW/nW,0.66,125,FF,saed05rvt_base_ff0p660v125c
lfsr_7bit,200,0.5,0.3,10,7,0.911232,1,2.7128,523.8149,uW/nW,0.66,125,FF,saed05rvt_base_ff0p660v125c
lfsr_7bit,200,0.5,0.7,10,7,0.911232,1,2.4315,521.8579,uW/nW,0.66,125,FF,saed05rvt_base_ff0p660v125c
lfsr_7bit,300,0.1,0.5,10,7,0.911232,1,495.2571,528.5704,nW/nW,0.66,125,FF,saed05rvt_base_ff0p660v125c
lfsr_7bit,300,0.5,0.5,10,7,0.911232,1,2.5026,527.1786,uW/nW,0.66,125,FF,saed05rvt_base_ff0p660v125c
lfsr_7bit,300,0.3,0.5,10,7,0.911232,1,1.4935,527.8033,uW/nW,0.66,125,FF,saed05rvt_base_ff0p660v125c
lfsr_7bit,300,0.8,0.5,10,7,0.911232,1,4.0842,520.0904,uW/nW,0.66,125,FF,saed05rvt_base_ff0p660v125c
lfsr_7bit,300,0.5,0.3,10,7,0.911232,1,2.6080,532.9236,uW/nW,0.66,125,FF,saed05rvt_base_ff0p660v125c
lfsr_7bit,300,0.5,0.7,10,7,0.911232,1,2.3466,526.8502,uW/nW,0.66,125,FF,saed05rvt_base_ff0p660v125c
lfsr_7bit,450,0.1,0.5,10,7,0.911232,1,495.4774,528.4792,nW/nW,0.66,125,FF,saed05rvt_base_ff0p660v125c
lfsr_7bit,450,0.5,0.5,10,7,0.911232,1,2.4900,527.7566,uW/nW,0.66,125,FF,saed05rvt_base_ff0p660v125c
lfsr_7bit,450,0.3,0.5,10,7,0.911232,1,1.4883,528.0702,uW/nW,0.66,125,FF,saed05rvt_base_ff0p660v125c
lfsr_7bit,450,0.8,0.5,10,7,0.911232,1,4.0082,527.0746,uW/nW,0.66,125,FF,saed05rvt_base_ff0p660v125c
lfsr_7bit,450,0.5,0.3,10,7,0.911232,1,2.6051,534.1851,uW/nW,0.66,125,FF,saed05rvt_base_ff0p660v125c
lfsr_7bit,450,0.5,0.7,10,7,0.911232,1,2.3608,525.6732,uW/nW,0.66,125,FF,saed05rvt_base_ff0p660v125c
lfsr_7bit,600,0.1,0.5,10,7,0.911232,1,494.8877,528.6219,nW/nW,0.66,125,FF,saed05rvt_base_ff0p660v125c
lfsr_7bit,600,0.5,0.5,10,7,0.911232,1,2.4834,528.0054,uW/nW,0.66,125,FF,saed05rvt_base_ff0p660v125c
lfsr_7bit,600,0.3,0.5,10,7,0.911232,1,1.4872,528.3519,uW/nW,0.66,125,FF,saed05rvt_base_ff0p660v125c
lfsr_7bit,600,0.8,0.5,10,7,0.911232,1,3.9964,527.5294,uW/nW,0.66,125,FF,saed05rvt_base_ff0p660v125c
lfsr_7bit,600,0.5,0.3,10,7,0.911232,1,2.6031,534.2563,uW/nW,0.66,125,FF,saed05rvt_base_ff0p660v125c
lfsr_7bit,600,0.5,0.7,10,7,0.911232,1,2.3526,526.1877,uW/nW,0.66,125,FF,saed05rvt_base_ff0p660v125c
lfsr_7bit,750,0.1,0.5,10,7,0.911232,1,495.6194,528.5587,nW/nW,0.66,125,FF,saed05rvt_base_ff0p660v125c
lfsr_7bit,750,0.5,0.5,10,7,0.911232,1,2.4807,528.0723,uW/nW,0.66,125,FF,saed05rvt_base_ff0p660v125c
lfsr_7bit,750,0.3,0.5,10,7,0.911232,1,1.4874,528.3329,uW/nW,0.66,125,FF,saed05rvt_base_ff0p660v125c
lfsr_7bit,750,0.8,0.5,10,7,0.911232,1,3.9845,527.6967,uW/nW,0.66,125,FF,saed05rvt_base_ff0p660v125c
lfsr_7bit,750,0.5,0.3,10,7,0.911232,1,2.6021,534.2495,uW/nW,0.66,125,FF,saed05rvt_base_ff0p660v125c
lfsr_7bit,750,0.5,0.7,10,7,0.911232,1,2.3511,526.6822,uW/nW,0.66,125,FF,saed05rvt_base_ff0p660v125c
lfsr_7bit,900,0.1,0.5,10,7,0.911232,1,496.9559,528.6946,nW/nW,0.66,125,FF,saed05rvt_base_ff0p660v125c
lfsr_7bit,900,0.5,0.5,10,7,0.911232,1,2.4815,528.3332,uW/nW,0.66,125,FF,saed05rvt_base_ff0p660v125c
lfsr_7bit,900,0.3,0.5,10,7,0.911232,1,1.4861,528.6690,uW/nW,0.66,125,FF,saed05rvt_base_ff0p660v125c
lfsr_7bit,900,0.8,0.5,10,7,0.911232,1,3.9761,528.0097,uW/nW,0.66,125,FF,saed05rvt_base_ff0p660v125c
lfsr_7bit,900,0.5,0.3,10,7,0.911232,1,2.6016,534.2026,uW/nW,0.66,125,FF,saed05rvt_base_ff0p660v125c
lfsr_7bit,900,0.5,0.7,10,7,0.911232,1,2.3480,526.9166,uW/nW,0.66,125,FF,saed05rvt_base_ff0p660v125c
lfsr_7bit,1000,0.1,0.5,10,7,0.911232,1,497.8971,529.0063,nW/nW,0.66,125,FF,saed05rvt_base_ff0p660v125c
lfsr_7bit,1000,0.5,0.5,10,7,0.911232,1,2.4793,528.3719,uW/nW,0.66,125,FF,saed05rvt_base_ff0p660v125c
lfsr_7bit,1000,0.3,0.5,10,7,0.911232,1,1.4867,528.4339,uW/nW,0.66,125,FF,saed05rvt_base_ff0p660v125c
lfsr_7bit,1000,0.8,0.5,10,7,0.911232,1,3.9757,528.0408,uW/nW,0.66,125,FF,saed05rvt_base_ff0p660v125c
lfsr_7bit,1000,0.5,0.3,10,7,0.911232,1,2.6023,534.2250,uW/nW,0.66,125,FF,saed05rvt_base_ff0p660v125c
lfsr_7bit,1000,0.5,0.7,10,7,0.911232,1,2.3472,527.1219,uW/nW,0.66,125,FF,saed05rvt_base_ff0p660v125c
lfsr_7bit,10,0.1,0.5,10,7,0.911232,1,460.5558,5.2702,nW/nW,0.66,25,FF,saed05rvt_base_ff0p660v25c
lfsr_7bit,10,0.5,0.5,10,7,0.911232,1,2.2420,5.2702,uW/nW,0.66,25,FF,saed05rvt_base_ff0p660v25c
lfsr_7bit,10,0.3,0.5,10,7,0.911232,1,1.3513,5.2702,uW/nW,0.66,25,FF,saed05rvt_base_ff0p660v25c
lfsr_7bit,10,0.8,0.5,10,7,0.911232,1,3.5781,5.2702,uW/nW,0.66,25,FF,saed05rvt_base_ff0p660v25c
lfsr_7bit,10,0.5,0.3,10,7,0.911232,1,2.3417,5.2231,uW/nW,0.66,25,FF,saed05rvt_base_ff0p660v25c
lfsr_7bit,10,0.5,0.7,10,7,0.911232,1,2.1424,5.3708,uW/nW,0.66,25,FF,saed05rvt_base_ff0p660v25c
lfsr_7bit,50,0.1,0.5,10,7,0.911232,1,521.3376,5.2702,nW/nW,0.66,25,FF,saed05rvt_base_ff0p660v25c
lfsr_7bit,50,0.5,0.5,10,7,0.911232,1,2.3028,5.2702,uW/nW,0.66,25,FF,saed05rvt_base_ff0p660v25c
lfsr_7bit,50,0.3,0.5,10,7,0.911232,1,1.4121,5.2702,uW/nW,0.66,25,FF,saed05rvt_base_ff0p660v25c
lfsr_7bit,50,0.8,0.5,10,7,0.911232,1,3.6389,5.2702,uW/nW,0.66,25,FF,saed05rvt_base_ff0p660v25c
lfsr_7bit,50,0.5,0.3,10,7,0.911232,1,2.4100,5.2231,uW/nW,0.66,25,FF,saed05rvt_base_ff0p660v25c
lfsr_7bit,50,0.5,0.7,10,7,0.911232,1,2.1957,5.3708,uW/nW,0.66,25,FF,saed05rvt_base_ff0p660v25c
lfsr_7bit,100,0.1,0.5,10,7,0.911232,1,489.0841,5.3343,nW/nW,0.66,25,FF,saed05rvt_base_ff0p660v25c
lfsr_7bit,100,0.5,0.5,10,7,0.911232,1,2.3789,5.2703,uW/nW,0.66,25,FF,saed05rvt_base_ff0p660v25c
lfsr_7bit,100,0.3,0.5,10,7,0.911232,1,1.4882,5.2703,uW/nW,0.66,25,FF,saed05rvt_base_ff0p660v25c
lfsr_7bit,100,0.8,0.5,10,7,0.911232,1,3.7150,5.2703,uW/nW,0.66,25,FF,saed05rvt_base_ff0p660v25c
lfsr_7bit,100,0.5,0.3,10,7,0.911232,1,2.4954,5.2231,uW/nW,0.66,25,FF,saed05rvt_base_ff0p660v25c
lfsr_7bit,100,0.5,0.7,10,7,0.911232,1,2.2625,5.3709,uW/nW,0.66,25,FF,saed05rvt_base_ff0p660v25c
lfsr_7bit,200,0.1,0.5,10,7,0.911232,1,487.0064,5.3391,nW/nW,0.66,25,FF,saed05rvt_base_ff0p660v25c
lfsr_7bit,200,0.5,0.5,10,7,0.911232,1,2.5311,5.2705,uW/nW,0.66,25,FF,saed05rvt_base_ff0p660v25c
lfsr_7bit,200,0.3,0.5,10,7,0.911232,1,1.4741,5.3295,uW/nW,0.66,25,FF,saed05rvt_base_ff0p660v25c
lfsr_7bit,200,0.8,0.5,10,7,0.911232,1,3.8673,5.2705,uW/nW,0.66,25,FF,saed05rvt_base_ff0p660v25c
lfsr_7bit,200,0.5,0.3,10,7,0.911232,1,2.6664,5.2234,uW/nW,0.66,25,FF,saed05rvt_base_ff0p660v25c
lfsr_7bit,200,0.5,0.7,10,7,0.911232,1,2.3961,5.3711,uW/nW,0.66,25,FF,saed05rvt_base_ff0p660v25c
lfsr_7bit,300,0.1,0.5,10,7,0.911232,1,486.2894,5.3403,nW/nW,0.66,25,FF,saed05rvt_base_ff0p660v25c
lfsr_7bit,300,0.5,0.5,10,7,0.911232,1,2.4586,5.3289,uW/nW,0.66,25,FF,saed05rvt_base_ff0p660v25c
lfsr_7bit,300,0.3,0.5,10,7,0.911232,1,1.4668,5.3340,uW/nW,0.66,25,FF,saed05rvt_base_ff0p660v25c
lfsr_7bit,300,0.8,0.5,10,7,0.911232,1,4.0196,5.2706,uW/nW,0.66,25,FF,saed05rvt_base_ff0p660v25c
lfsr_7bit,300,0.5,0.3,10,7,0.911232,1,2.5547,5.3035,uW/nW,0.66,25,FF,saed05rvt_base_ff0p660v25c
lfsr_7bit,300,0.5,0.7,10,7,0.911232,1,2.3098,5.4090,uW/nW,0.66,25,FF,saed05rvt_base_ff0p660v25c
lfsr_7bit,450,0.1,0.5,10,7,0.911232,1,486.5180,5.3396,nW/nW,0.66,25,FF,saed05rvt_base_ff0p660v25c
lfsr_7bit,450,0.5,0.5,10,7,0.911232,1,2.4456,5.3337,uW/nW,0.66,25,FF,saed05rvt_base_ff0p660v25c
lfsr_7bit,450,0.3,0.5,10,7,0.911232,1,1.4615,5.3363,uW/nW,0.66,25,FF,saed05rvt_base_ff0p660v25c
lfsr_7bit,450,0.8,0.5,10,7,0.911232,1,3.9378,5.3281,uW/nW,0.66,25,FF,saed05rvt_base_ff0p660v25c
lfsr_7bit,450,0.5,0.3,10,7,0.911232,1,2.5508,5.3146,uW/nW,0.66,25,FF,saed05rvt_base_ff0p660v25c
lfsr_7bit,450,0.5,0.7,10,7,0.911232,1,2.3243,5.4001,uW/nW,0.66,25,FF,saed05rvt_base_ff0p660v25c
lfsr_7bit,600,0.1,0.5,10,7,0.911232,1,485.9090,5.3408,nW/nW,0.66,25,FF,saed05rvt_base_ff0p660v25c
lfsr_7bit,600,0.5,0.5,10,7,0.911232,1,2.4388,5.3358,uW/nW,0.66,25,FF,saed05rvt_base_ff0p660v25c
lfsr_7bit,600,0.3,0.5,10,7,0.911232,1,1.4603,5.3386,uW/nW,0.66,25,FF,saed05rvt_base_ff0p660v25c
lfsr_7bit,600,0.8,0.5,10,7,0.911232,1,3.9256,5.3318,uW/nW,0.66,25,FF,saed05rvt_base_ff0p660v25c
lfsr_7bit,600,0.5,0.3,10,7,0.911232,1,2.5488,5.3152,uW/nW,0.66,25,FF,saed05rvt_base_ff0p660v25c
lfsr_7bit,600,0.5,0.7,10,7,0.911232,1,2.3159,5.4040,uW/nW,0.66,25,FF,saed05rvt_base_ff0p660v25c
lfsr_7bit,750,0.1,0.5,10,7,0.911232,1,486.6451,5.3403,nW/nW,0.66,25,FF,saed05rvt_base_ff0p660v25c
lfsr_7bit,750,0.5,0.5,10,7,0.911232,1,2.4360,5.3363,uW/nW,0.66,25,FF,saed05rvt_base_ff0p660v25c
lfsr_7bit,750,0.3,0.5,10,7,0.911232,1,1.4606,5.3385,uW/nW,0.66,25,FF,saed05rvt_base_ff0p660v25c
lfsr_7bit,750,0.8,0.5,10,7,0.911232,1,3.9134,5.3333,uW/nW,0.66,25,FF,saed05rvt_base_ff0p660v25c
lfsr_7bit,750,0.5,0.3,10,7,0.911232,1,2.5478,5.3152,uW/nW,0.66,25,FF,saed05rvt_base_ff0p660v25c
lfsr_7bit,750,0.5,0.7,10,7,0.911232,1,2.3142,5.4078,uW/nW,0.66,25,FF,saed05rvt_base_ff0p660v25c
lfsr_7bit,900,0.1,0.5,10,7,0.911232,1,487.9626,5.3414,nW/nW,0.66,25,FF,saed05rvt_base_ff0p660v25c
lfsr_7bit,900,0.5,0.5,10,7,0.911232,1,2.4367,5.3385,uW/nW,0.66,25,FF,saed05rvt_base_ff0p660v25c
lfsr_7bit,900,0.3,0.5,10,7,0.911232,1,1.4590,5.3413,uW/nW,0.66,25,FF,saed05rvt_base_ff0p660v25c
lfsr_7bit,900,0.8,0.5,10,7,0.911232,1,3.9048,5.3359,uW/nW,0.66,25,FF,saed05rvt_base_ff0p660v25c
lfsr_7bit,900,0.5,0.3,10,7,0.911232,1,2.5472,5.3149,uW/nW,0.66,25,FF,saed05rvt_base_ff0p660v25c
lfsr_7bit,900,0.5,0.7,10,7,0.911232,1,2.3111,5.4096,uW/nW,0.66,25,FF,saed05rvt_base_ff0p660v25c
lfsr_7bit,1000,0.1,0.5,10,7,0.911232,1,488.8740,5.3440,nW/nW,0.66,25,FF,saed05rvt_base_ff0p660v25c
lfsr_7bit,1000,0.5,0.5,10,7,0.911232,1,2.4344,5.3389,uW/nW,0.66,25,FF,saed05rvt_base_ff0p660v25c
lfsr_7bit,1000,0.3,0.5,10,7,0.911232,1,1.4597,5.3394,uW/nW,0.66,25,FF,saed05rvt_base_ff0p660v25c
lfsr_7bit,1000,0.8,0.5,10,7,0.911232,1,3.9042,5.3362,uW/nW,0.66,25,FF,saed05rvt_base_ff0p660v25c
lfsr_7bit,1000,0.5,0.3,10,7,0.911232,1,2.5480,5.3151,uW/nW,0.66,25,FF,saed05rvt_base_ff0p660v25c
lfsr_7bit,1000,0.5,0.7,10,7,0.911232,1,2.3101,5.4113,uW/nW,0.66,25,FF,saed05rvt_base_ff0p660v25c
lfsr_7bit,10,0.1,0.5,10,7,0.911232,1,752.6630,1.3674,nW/uW,0.825,125,FF,saed05rvt_base_ff0p825v125c
lfsr_7bit,10,0.5,0.5,10,7,0.911232,1,3.6651,1.3674,uW/uW,0.825,125,FF,saed05rvt_base_ff0p825v125c
lfsr_7bit,10,0.3,0.5,10,7,0.911232,1,2.2089,1.3674,uW/uW,0.825,125,FF,saed05rvt_base_ff0p825v125c
lfsr_7bit,10,0.8,0.5,10,7,0.911232,1,5.8495,1.3674,uW/uW,0.825,125,FF,saed05rvt_base_ff0p825v125c
lfsr_7bit,10,0.5,0.3,10,7,0.911232,1,3.8475,1.3782,uW/uW,0.825,125,FF,saed05rvt_base_ff0p825v125c
lfsr_7bit,10,0.5,0.7,10,7,0.911232,1,3.4829,1.3715,uW/uW,0.825,125,FF,saed05rvt_base_ff0p825v125c
lfsr_7bit,50,0.1,0.5,10,7,0.911232,1,850.9308,1.3674,nW/uW,0.825,125,FF,saed05rvt_base_ff0p825v125c
lfsr_7bit,50,0.5,0.5,10,7,0.911232,1,3.7634,1.3674,uW/uW,0.825,125,FF,saed05rvt_base_ff0p825v125c
lfsr_7bit,50,0.3,0.5,10,7,0.911232,1,2.3072,1.3674,uW/uW,0.825,125,FF,saed05rvt_base_ff0p825v125c
lfsr_7bit,50,0.8,0.5,10,7,0.911232,1,5.9477,1.3674,uW/uW,0.825,125,FF,saed05rvt_base_ff0p825v125c
lfsr_7bit,50,0.5,0.3,10,7,0.911232,1,3.9583,1.3782,uW/uW,0.825,125,FF,saed05rvt_base_ff0p825v125c
lfsr_7bit,50,0.5,0.7,10,7,0.911232,1,3.5693,1.3715,uW/uW,0.825,125,FF,saed05rvt_base_ff0p825v125c
lfsr_7bit,100,0.1,0.5,10,7,0.911232,1,800.9606,1.3880,nW/uW,0.825,125,FF,saed05rvt_base_ff0p825v125c
lfsr_7bit,100,0.5,0.5,10,7,0.911232,1,3.8864,1.3674,uW/uW,0.825,125,FF,saed05rvt_base_ff0p825v125c
lfsr_7bit,100,0.3,0.5,10,7,0.911232,1,2.4302,1.3674,uW/uW,0.825,125,FF,saed05rvt_base_ff0p825v125c
lfsr_7bit,100,0.8,0.5,10,7,0.911232,1,6.0708,1.3674,uW/uW,0.825,125,FF,saed05rvt_base_ff0p825v125c
lfsr_7bit,100,0.5,0.3,10,7,0.911232,1,4.0970,1.3783,uW/uW,0.825,125,FF,saed05rvt_base_ff0p825v125c
lfsr_7bit,100,0.5,0.7,10,7,0.911232,1,3.6775,1.3715,uW/uW,0.825,125,FF,saed05rvt_base_ff0p825v125c
lfsr_7bit,200,0.1,0.5,10,7,0.911232,1,797.7810,1.3896,nW/uW,0.825,125,FF,saed05rvt_base_ff0p825v125c
lfsr_7bit,200,0.5,0.5,10,7,0.911232,1,4.1328,1.3675,uW/uW,0.825,125,FF,saed05rvt_base_ff0p825v125c
lfsr_7bit,200,0.3,0.5,10,7,0.911232,1,2.4136,1.3865,uW/uW,0.825,125,FF,saed05rvt_base_ff0p825v125c
lfsr_7bit,200,0.8,0.5,10,7,0.911232,1,6.3173,1.3675,uW/uW,0.825,125,FF,saed05rvt_base_ff0p825v125c
lfsr_7bit,200,0.5,0.3,10,7,0.911232,1,4.3745,1.3783,uW/uW,0.825,125,FF,saed05rvt_base_ff0p825v125c
lfsr_7bit,200,0.5,0.7,10,7,0.911232,1,3.8944,1.3715,uW/uW,0.825,125,FF,saed05rvt_base_ff0p825v125c
lfsr_7bit,300,0.1,0.5,10,7,0.911232,1,796.6830,1.3899,nW/uW,0.825,125,FF,saed05rvt_base_ff0p825v125c
lfsr_7bit,300,0.5,0.5,10,7,0.911232,1,4.0253,1.3863,uW/uW,0.825,125,FF,saed05rvt_base_ff0p825v125c
lfsr_7bit,300,0.3,0.5,10,7,0.911232,1,2.4022,1.3879,uW/uW,0.825,125,FF,saed05rvt_base_ff0p825v125c
lfsr_7bit,300,0.8,0.5,10,7,0.911232,1,6.5637,1.3675,uW/uW,0.825,125,FF,saed05rvt_base_ff0p825v125c
lfsr_7bit,300,0.5,0.3,10,7,0.911232,1,4.2118,1.4022,uW/uW,0.825,125,FF,saed05rvt_base_ff0p825v125c
lfsr_7bit,300,0.5,0.7,10,7,0.911232,1,3.7583,1.3849,uW/uW,0.825,125,FF,saed05rvt_base_ff0p825v125c
lfsr_7bit,450,0.1,0.5,10,7,0.911232,1,797.0416,1.3897,nW/uW,0.825,125,FF,saed05rvt_base_ff0p825v125c
lfsr_7bit,450,0.5,0.5,10,7,0.911232,1,4.0053,1.3878,uW/uW,0.825,125,FF,saed05rvt_base_ff0p825v125c
lfsr_7bit,450,0.3,0.5,10,7,0.911232,1,2.3940,1.3886,uW/uW,0.825,125,FF,saed05rvt_base_ff0p825v125c
lfsr_7bit,450,0.8,0.5,10,7,0.911232,1,6.4470,1.3860,uW/uW,0.825,125,FF,saed05rvt_base_ff0p825v125c
lfsr_7bit,450,0.5,0.3,10,7,0.911232,1,4.2082,1.4055,uW/uW,0.825,125,FF,saed05rvt_base_ff0p825v125c
lfsr_7bit,450,0.5,0.7,10,7,0.911232,1,3.7811,1.3817,uW/uW,0.825,125,FF,saed05rvt_base_ff0p825v125c
lfsr_7bit,600,0.1,0.5,10,7,0.911232,1,796.1113,1.3901,nW/uW,0.825,125,FF,saed05rvt_base_ff0p825v125c
lfsr_7bit,600,0.5,0.5,10,7,0.911232,1,3.9946,1.3884,uW/uW,0.825,125,FF,saed05rvt_base_ff0p825v125c
lfsr_7bit,600,0.3,0.5,10,7,0.911232,1,2.3923,1.3894,uW/uW,0.825,125,FF,saed05rvt_base_ff0p825v125c
lfsr_7bit,600,0.8,0.5,10,7,0.911232,1,6.4284,1.3872,uW/uW,0.825,125,FF,saed05rvt_base_ff0p825v125c
lfsr_7bit,600,0.5,0.3,10,7,0.911232,1,4.2050,1.4057,uW/uW,0.825,125,FF,saed05rvt_base_ff0p825v125c
lfsr_7bit,600,0.5,0.7,10,7,0.911232,1,3.7680,1.3831,uW/uW,0.825,125,FF,saed05rvt_base_ff0p825v125c
lfsr_7bit,750,0.1,0.5,10,7,0.911232,1,797.3186,1.3899,nW/uW,0.825,125,FF,saed05rvt_base_ff0p825v125c
lfsr_7bit,750,0.5,0.5,10,7,0.911232,1,3.9903,1.3886,uW/uW,0.825,125,FF,saed05rvt_base_ff0p825v125c
lfsr_7bit,750,0.3,0.5,10,7,0.911232,1,2.3927,1.3893,uW/uW,0.825,125,FF,saed05rvt_base_ff0p825v125c
lfsr_7bit,750,0.8,0.5,10,7,0.911232,1,6.4091,1.3876,uW/uW,0.825,125,FF,saed05rvt_base_ff0p825v125c
lfsr_7bit,750,0.5,0.3,10,7,0.911232,1,4.2034,1.4057,uW/uW,0.825,125,FF,saed05rvt_base_ff0p825v125c
lfsr_7bit,750,0.5,0.7,10,7,0.911232,1,3.7657,1.3844,uW/uW,0.825,125,FF,saed05rvt_base_ff0p825v125c
lfsr_7bit,900,0.1,0.5,10,7,0.911232,1,799.5557,1.3903,nW/uW,0.825,125,FF,saed05rvt_base_ff0p825v125c
lfsr_7bit,900,0.5,0.5,10,7,0.911232,1,3.9918,1.3893,uW/uW,0.825,125,FF,saed05rvt_base_ff0p825v125c
lfsr_7bit,900,0.3,0.5,10,7,0.911232,1,2.3906,1.3902,uW/uW,0.825,125,FF,saed05rvt_base_ff0p825v125c
lfsr_7bit,900,0.8,0.5,10,7,0.911232,1,6.3959,1.3884,uW/uW,0.825,125,FF,saed05rvt_base_ff0p825v125c
lfsr_7bit,900,0.5,0.3,10,7,0.911232,1,4.2026,1.4056,uW/uW,0.825,125,FF,saed05rvt_base_ff0p825v125c
lfsr_7bit,900,0.5,0.7,10,7,0.911232,1,3.7609,1.3850,uW/uW,0.825,125,FF,saed05rvt_base_ff0p825v125c
lfsr_7bit,1000,0.1,0.5,10,7,0.911232,1,801.1313,1.3911,nW/uW,0.825,125,FF,saed05rvt_base_ff0p825v125c
lfsr_7bit,1000,0.5,0.5,10,7,0.911232,1,3.9884,1.3894,uW/uW,0.825,125,FF,saed05rvt_base_ff0p825v125c
lfsr_7bit,1000,0.3,0.5,10,7,0.911232,1,2.3916,1.3896,uW/uW,0.825,125,FF,saed05rvt_base_ff0p825v125c
lfsr_7bit,1000,0.8,0.5,10,7,0.911232,1,6.3954,1.3885,uW/uW,0.825,125,FF,saed05rvt_base_ff0p825v125c
lfsr_7bit,1000,0.5,0.3,10,7,0.911232,1,4.2039,1.4056,uW/uW,0.825,125,FF,saed05rvt_base_ff0p825v125c
lfsr_7bit,1000,0.5,0.7,10,7,0.911232,1,3.7598,1.3856,uW/uW,0.825,125,FF,saed05rvt_base_ff0p825v125c
lfsr_7bit,10,0.1,0.5,10,7,0.911232,1,736.6578,17.9424,nW/nW,0.825,25,FF,saed05rvt_base_ff0p825v25c
lfsr_7bit,10,0.5,0.5,10,7,0.911232,1,3.5809,17.9424,uW/nW,0.825,25,FF,saed05rvt_base_ff0p825v25c
lfsr_7bit,10,0.3,0.5,10,7,0.911232,1,2.1588,17.9424,uW/nW,0.825,25,FF,saed05rvt_base_ff0p825v25c
lfsr_7bit,10,0.8,0.5,10,7,0.911232,1,5.7140,17.9424,uW/nW,0.825,25,FF,saed05rvt_base_ff0p825v25c
lfsr_7bit,10,0.5,0.3,10,7,0.911232,1,3.7482,17.8469,uW/nW,0.825,25,FF,saed05rvt_base_ff0p825v25c
lfsr_7bit,10,0.5,0.7,10,7,0.911232,1,3.4136,18.2285,uW/nW,0.825,25,FF,saed05rvt_base_ff0p825v25c
lfsr_7bit,50,0.1,0.5,10,7,0.911232,1,839.1373,17.9424,nW/nW,0.825,25,FF,saed05rvt_base_ff0p825v25c
lfsr_7bit,50,0.5,0.5,10,7,0.911232,1,3.6834,17.9424,uW/nW,0.825,25,FF,saed05rvt_base_ff0p825v25c
lfsr_7bit,50,0.3,0.5,10,7,0.911232,1,2.2613,17.9424,uW/nW,0.825,25,FF,saed05rvt_base_ff0p825v25c
lfsr_7bit,50,0.8,0.5,10,7,0.911232,1,5.8165,17.9424,uW/nW,0.825,25,FF,saed05rvt_base_ff0p825v25c
lfsr_7bit,50,0.5,0.3,10,7,0.911232,1,3.8628,17.8469,uW/nW,0.825,25,FF,saed05rvt_base_ff0p825v25c
lfsr_7bit,50,0.5,0.7,10,7,0.911232,1,3.5040,18.2285,uW/nW,0.825,25,FF,saed05rvt_base_ff0p825v25c
lfsr_7bit,100,0.1,0.5,10,7,0.911232,1,784.7213,18.1694,nW/nW,0.825,25,FF,saed05rvt_base_ff0p825v25c
lfsr_7bit,100,0.5,0.5,10,7,0.911232,1,3.8116,17.9426,uW/nW,0.825,25,FF,saed05rvt_base_ff0p825v25c
lfsr_7bit,100,0.3,0.5,10,7,0.911232,1,2.3895,17.9426,uW/nW,0.825,25,FF,saed05rvt_base_ff0p825v25c
lfsr_7bit,100,0.8,0.5,10,7,0.911232,1,5.9448,17.9426,uW/nW,0.825,25,FF,saed05rvt_base_ff0p825v25c
lfsr_7bit,100,0.5,0.3,10,7,0.911232,1,4.0062,17.8471,uW/nW,0.825,25,FF,saed05rvt_base_ff0p825v25c
lfsr_7bit,100,0.5,0.7,10,7,0.911232,1,3.6172,18.2287,uW/nW,0.825,25,FF,saed05rvt_base_ff0p825v25c
lfsr_7bit,200,0.1,0.5,10,7,0.911232,1,781.2114,18.1867,nW/nW,0.825,25,FF,saed05rvt_base_ff0p825v25c
lfsr_7bit,200,0.5,0.5,10,7,0.911232,1,4.0683,17.9434,uW/nW,0.825,25,FF,saed05rvt_base_ff0p825v25c
lfsr_7bit,200,0.3,0.5,10,7,0.911232,1,2.3658,18.1527,uW/nW,0.825,25,FF,saed05rvt_base_ff0p825v25c
lfsr_7bit,200,0.8,0.5,10,7,0.911232,1,6.2016,17.9434,uW/nW,0.825,25,FF,saed05rvt_base_ff0p825v25c
lfsr_7bit,200,0.5,0.3,10,7,0.911232,1,4.2932,17.8479,uW/nW,0.825,25,FF,saed05rvt_base_ff0p825v25c
lfsr_7bit,200,0.5,0.7,10,7,0.911232,1,3.8438,18.2296,uW/nW,0.825,25,FF,saed05rvt_base_ff0p825v25c
lfsr_7bit,300,0.1,0.5,10,7,0.911232,1,779.9976,18.1909,nW/nW,0.825,25,FF,saed05rvt_base_ff0p825v25c
lfsr_7bit,300,0.5,0.5,10,7,0.911232,1,3.9458,18.1504,uW/nW,0.825,25,FF,saed05rvt_base_ff0p825v25c
lfsr_7bit,300,0.3,0.5,10,7,0.911232,1,2.3534,18.1687,uW/nW,0.825,25,FF,saed05rvt_base_ff0p825v25c
lfsr_7bit,300,0.8,0.5,10,7,0.911232,1,6.4584,17.9438,uW/nW,0.825,25,FF,saed05rvt_base_ff0p825v25c
lfsr_7bit,300,0.5,0.3,10,7,0.911232,1,4.1061,18.1253,uW/nW,0.825,25,FF,saed05rvt_base_ff0p825v25c
lfsr_7bit,300,0.5,0.7,10,7,0.911232,1,3.6972,18.3672,uW/nW,0.825,25,FF,saed05rvt_base_ff0p825v25c
lfsr_7bit,450,0.1,0.5,10,7,0.911232,1,780.3754,18.1883,nW/nW,0.825,25,FF,saed05rvt_base_ff0p825v25c
lfsr_7bit,450,0.5,0.5,10,7,0.911232,1,3.9240,18.1674,uW/nW,0.825,25,FF,saed05rvt_base_ff0p825v25c
lfsr_7bit,450,0.3,0.5,10,7,0.911232,1,2.3445,18.1765,uW/nW,0.825,25,FF,saed05rvt_base_ff0p825v25c
lfsr_7bit,450,0.8,0.5,10,7,0.911232,1,6.3202,18.1475,uW/nW,0.825,25,FF,saed05rvt_base_ff0p825v25c
lfsr_7bit,450,0.5,0.3,10,7,0.911232,1,4.0997,18.1639,uW/nW,0.825,25,FF,saed05rvt_base_ff0p825v25c
lfsr_7bit,450,0.5,0.7,10,7,0.911232,1,3.7219,18.3349,uW/nW,0.825,25,FF,saed05rvt_base_ff0p825v25c
lfsr_7bit,600,0.1,0.5,10,7,0.911232,1,779.3406,18.1926,nW/nW,0.825,25,FF,saed05rvt_base_ff0p825v25c
lfsr_7bit,600,0.5,0.5,10,7,0.911232,1,3.9124,18.1747,uW/nW,0.825,25,FF,saed05rvt_base_ff0p825v25c
lfsr_7bit,600,0.3,0.5,10,7,0.911232,1,2.3424,18.1848,uW/nW,0.825,25,FF,saed05rvt_base_ff0p825v25c
lfsr_7bit,600,0.8,0.5,10,7,0.911232,1,6.2996,18.1609,uW/nW,0.825,25,FF,saed05rvt_base_ff0p825v25c
lfsr_7bit,600,0.5,0.3,10,7,0.911232,1,4.0963,18.1661,uW/nW,0.825,25,FF,saed05rvt_base_ff0p825v25c
lfsr_7bit,600,0.5,0.7,10,7,0.911232,1,3.7077,18.3491,uW/nW,0.825,25,FF,saed05rvt_base_ff0p825v25c
lfsr_7bit,750,0.1,0.5,10,7,0.911232,1,780.5754,18.1908,nW/nW,0.825,25,FF,saed05rvt_base_ff0p825v25c
lfsr_7bit,750,0.5,0.5,10,7,0.911232,1,3.9078,18.1768,uW/nW,0.825,25,FF,saed05rvt_base_ff0p825v25c
lfsr_7bit,750,0.3,0.5,10,7,0.911232,1,2.3429,18.1844,uW/nW,0.825,25,FF,saed05rvt_base_ff0p825v25c
lfsr_7bit,750,0.8,0.5,10,7,0.911232,1,6.2791,18.1658,uW/nW,0.825,25,FF,saed05rvt_base_ff0p825v25c
lfsr_7bit,750,0.5,0.3,10,7,0.911232,1,4.0946,18.1660,uW/nW,0.825,25,FF,saed05rvt_base_ff0p825v25c
lfsr_7bit,750,0.5,0.7,10,7,0.911232,1,3.7047,18.3628,uW/nW,0.825,25,FF,saed05rvt_base_ff0p825v25c
lfsr_7bit,900,0.1,0.5,10,7,0.911232,1,782.7930,18.1949,nW/nW,0.825,25,FF,saed05rvt_base_ff0p825v25c
lfsr_7bit,900,0.5,0.5,10,7,0.911232,1,3.9089,18.1845,uW/nW,0.825,25,FF,saed05rvt_base_ff0p825v25c
lfsr_7bit,900,0.3,0.5,10,7,0.911232,1,2.3403,18.1943,uW/nW,0.825,25,FF,saed05rvt_base_ff0p825v25c
lfsr_7bit,900,0.8,0.5,10,7,0.911232,1,6.2645,18.1751,uW/nW,0.825,25,FF,saed05rvt_base_ff0p825v25c
lfsr_7bit,900,0.5,0.3,10,7,0.911232,1,4.0937,18.1648,uW/nW,0.825,25,FF,saed05rvt_base_ff0p825v25c
lfsr_7bit,900,0.5,0.7,10,7,0.911232,1,3.6995,18.3694,uW/nW,0.825,25,FF,saed05rvt_base_ff0p825v25c
lfsr_7bit,1000,0.1,0.5,10,7,0.911232,1,784.3250,18.2041,nW/nW,0.825,25,FF,saed05rvt_base_ff0p825v25c
lfsr_7bit,1000,0.5,0.5,10,7,0.911232,1,3.9050,18.1858,uW/nW,0.825,25,FF,saed05rvt_base_ff0p825v25c
lfsr_7bit,1000,0.3,0.5,10,7,0.911232,1,2.3415,18.1877,uW/nW,0.825,25,FF,saed05rvt_base_ff0p825v25c
lfsr_7bit,1000,0.8,0.5,10,7,0.911232,1,6.2636,18.1762,uW/nW,0.825,25,FF,saed05rvt_base_ff0p825v25c
lfsr_7bit,1000,0.5,0.3,10,7,0.911232,1,4.0950,18.1656,uW/nW,0.825,25,FF,saed05rvt_base_ff0p825v25c
lfsr_7bit,1000,0.5,0.7,10,7,0.911232,1,3.6978,18.3753,uW/nW,0.825,25,FF,saed05rvt_base_ff0p825v25c
lfsr_7bit,10,0.1,0.5,10,7,0.911232,1,330.0803,205.1978,nW/nW,0.540,125,SS,saed05rvt_base_ss0p540v125c
lfsr_7bit,10,0.5,0.5,10,7,0.911232,1,1.5663,205.1983,uW/nW,0.540,125,SS,saed05rvt_base_ss0p540v125c
lfsr_7bit,10,0.3,0.5,10,7,0.911232,1,948.1800,205.1983,nW/nW,0.540,125,SS,saed05rvt_base_ss0p540v125c
lfsr_7bit,10,0.8,0.5,10,7,0.911232,1,2.4934,205.1983,uW/nW,0.540,125,SS,saed05rvt_base_ss0p540v125c
lfsr_7bit,10,0.5,0.3,10,7,0.911232,1,1.6568,205.9842,uW/nW,0.540,125,SS,saed05rvt_base_ss0p540v125c
lfsr_7bit,10,0.5,0.7,10,7,0.911232,1,1.4758,206.7974,uW/nW,0.540,125,SS,saed05rvt_base_ss0p540v125c
lfsr_7bit,50,0.1,0.5,10,7,0.911232,1,414.2353,205.1978,nW/nW,0.540,125,SS,saed05rvt_base_ss0p540v125c
lfsr_7bit,50,0.5,0.5,10,7,0.911232,1,1.6504,205.1983,uW/nW,0.540,125,SS,saed05rvt_base_ss0p540v125c
lfsr_7bit,50,0.3,0.5,10,7,0.911232,1,1.0323,205.1983,uW/nW,0.540,125,SS,saed05rvt_base_ss0p540v125c
lfsr_7bit,50,0.8,0.5,10,7,0.911232,1,2.5776,205.1983,uW/nW,0.540,125,SS,saed05rvt_base_ss0p540v125c
lfsr_7bit,50,0.5,0.3,10,7,0.911232,1,1.7491,205.9842,uW/nW,0.540,125,SS,saed05rvt_base_ss0p540v125c
lfsr_7bit,50,0.5,0.7,10,7,0.911232,1,1.5518,206.7974,uW/nW,0.540,125,SS,saed05rvt_base_ss0p540v125c
lfsr_7bit,100,0.1,0.5,10,7,0.911232,1,358.0270,205.1980,nW/nW,0.540,125,SS,saed05rvt_base_ss0p540v125c
lfsr_7bit,100,0.5,0.5,10,7,0.911232,1,1.7556,205.1987,uW/nW,0.540,125,SS,saed05rvt_base_ss0p540v125c
lfsr_7bit,100,0.3,0.5,10,7,0.911232,1,1.1375,205.1987,uW/nW,0.540,125,SS,saed05rvt_base_ss0p540v125c
lfsr_7bit,100,0.8,0.5,10,7,0.911232,1,2.6828,205.1987,uW/nW,0.540,125,SS,saed05rvt_base_ss0p540v125c
lfsr_7bit,100,0.5,0.3,10,7,0.911232,1,1.8646,205.9845,uW/nW,0.540,125,SS,saed05rvt_base_ss0p540v125c
lfsr_7bit,100,0.5,0.7,10,7,0.911232,1,1.6468,206.7975,uW/nW,0.540,125,SS,saed05rvt_base_ss0p540v125c
lfsr_7bit,200,0.1,0.5,10,7,0.911232,1,356.3572,205.1937,nW/nW,0.540,125,SS,saed05rvt_base_ss0p540v125c
lfsr_7bit,200,0.5,0.5,10,7,0.911232,1,1.9659,205.2045,uW/nW,0.540,125,SS,saed05rvt_base_ss0p540v125c
lfsr_7bit,200,0.3,0.5,10,7,0.911232,1,1.0805,205.1981,uW/nW,0.540,125,SS,saed05rvt_base_ss0p540v125c
lfsr_7bit,200,0.8,0.5,10,7,0.911232,1,2.8931,205.2045,uW/nW,0.540,125,SS,saed05rvt_base_ss0p540v125c
lfsr_7bit,200,0.5,0.3,10,7,0.911232,1,2.0954,205.9898,uW/nW,0.540,125,SS,saed05rvt_base_ss0p540v125c
lfsr_7bit,200,0.5,0.7,10,7,0.911232,1,1.8368,206.8039,uW/nW,0.540,125,SS,saed05rvt_base_ss0p540v125c
lfsr_7bit,300,0.1,0.5,10,7,0.911232,1,355.5269,205.1934,nW/nW,0.540,125,SS,saed05rvt_base_ss0p540v125c
lfsr_7bit,300,0.5,0.5,10,7,0.911232,1,1.8011,205.1961,uW/nW,0.540,125,SS,saed05rvt_base_ss0p540v125c
lfsr_7bit,300,0.3,0.5,10,7,0.911232,1,1.0738,205.1926,uW/nW,0.540,125,SS,saed05rvt_base_ss0p540v125c
lfsr_7bit,300,0.8,0.5,10,7,0.911232,1,3.1034,205.2032,uW/nW,0.540,125,SS,saed05rvt_base_ss0p540v125c
lfsr_7bit,300,0.5,0.3,10,7,0.911232,1,1.8214,205.9806,uW/nW,0.540,125,SS,saed05rvt_base_ss0p540v125c
lfsr_7bit,300,0.5,0.7,10,7,0.911232,1,1.7045,206.7939,uW/nW,0.540,125,SS,saed05rvt_base_ss0p540v125c
lfsr_7bit,450,0.1,0.5,10,7,0.911232,1,356.4648,205.1942,nW/nW,0.540,125,SS,saed05rvt_base_ss0p540v125c
lfsr_7bit,450,0.5,0.5,10,7,0.911232,1,1.7890,205.1958,uW/nW,0.540,125,SS,saed05rvt_base_ss0p540v125c
lfsr_7bit,450,0.3,0.5,10,7,0.911232,1,1.0702,205.1911,uW/nW,0.540,125,SS,saed05rvt_base_ss0p540v125c
lfsr_7bit,450,0.8,0.5,10,7,0.911232,1,2.8853,205.1992,uW/nW,0.540,125,SS,saed05rvt_base_ss0p540v125c
lfsr_7bit,450,0.5,0.3,10,7,0.911232,1,1.7995,205.9789,uW/nW,0.540,125,SS,saed05rvt_base_ss0p540v125c
lfsr_7bit,450,0.5,0.7,10,7,0.911232,1,1.7553,206.7865,uW/nW,0.540,125,SS,saed05rvt_base_ss0p540v125c
lfsr_7bit,600,0.1,0.5,10,7,0.911232,1,355.8310,205.1981,nW/nW,0.540,125,SS,saed05rvt_base_ss0p540v125c
lfsr_7bit,600,0.5,0.5,10,7,0.911232,1,1.7831,205.1894,uW/nW,0.540,125,SS,saed05rvt_base_ss0p540v125c
lfsr_7bit,600,0.3,0.5,10,7,0.911232,1,1.0676,205.1866,uW/nW,0.540,125,SS,saed05rvt_base_ss0p540v125c
lfsr_7bit,600,0.8,0.5,10,7,0.911232,1,2.8736,205.1953,uW/nW,0.540,125,SS,saed05rvt_base_ss0p540v125c
lfsr_7bit,600,0.5,0.3,10,7,0.911232,1,1.7976,205.9737,uW/nW,0.540,125,SS,saed05rvt_base_ss0p540v125c
lfsr_7bit,600,0.5,0.7,10,7,0.911232,1,1.7489,206.7630,uW/nW,0.540,125,SS,saed05rvt_base_ss0p540v125c
lfsr_7bit,750,0.1,0.5,10,7,0.911232,1,356.6202,205.1978,nW/nW,0.540,125,SS,saed05rvt_base_ss0p540v125c
lfsr_7bit,750,0.5,0.5,10,7,0.911232,1,1.7834,205.1875,uW/nW,0.540,125,SS,saed05rvt_base_ss0p540v125c
lfsr_7bit,750,0.3,0.5,10,7,0.911232,1,1.0687,205.1742,uW/nW,0.540,125,SS,saed05rvt_base_ss0p540v125c
lfsr_7bit,750,0.8,0.5,10,7,0.911232,1,2.8654,205.1927,uW/nW,0.540,125,SS,saed05rvt_base_ss0p540v125c
lfsr_7bit,750,0.5,0.3,10,7,0.911232,1,1.7989,205.9714,uW/nW,0.540,125,SS,saed05rvt_base_ss0p540v125c
lfsr_7bit,750,0.5,0.7,10,7,0.911232,1,1.7441,206.7574,uW/nW,0.540,125,SS,saed05rvt_base_ss0p540v125c
lfsr_7bit,900,0.1,0.5,10,7,0.911232,1,357.1678,205.1940,nW/nW,0.540,125,SS,saed05rvt_base_ss0p540v125c
lfsr_7bit,900,0.5,0.5,10,7,0.911232,1,1.7809,205.1740,uW/nW,0.540,125,SS,saed05rvt_base_ss0p540v125c
lfsr_7bit,900,0.3,0.5,10,7,0.911232,1,1.0644,205.1674,uW/nW,0.540,125,SS,saed05rvt_base_ss0p540v125c
lfsr_7bit,900,0.8,0.5,10,7,0.911232,1,2.8539,205.1822,uW/nW,0.540,125,SS,saed05rvt_base_ss0p540v125c
lfsr_7bit,900,0.5,0.3,10,7,0.911232,1,1.7999,205.9641,uW/nW,0.540,125,SS,saed05rvt_base_ss0p540v125c
lfsr_7bit,900,0.5,0.7,10,7,0.911232,1,1.7393,206.7539,uW/nW,0.540,125,SS,saed05rvt_base_ss0p540v125c
lfsr_7bit,1000,0.1,0.5,10,7,0.911232,1,358.0901,205.1928,nW/nW,0.540,125,SS,saed05rvt_base_ss0p540v125c
lfsr_7bit,1000,0.5,0.5,10,7,0.911232,1,1.7792,205.1893,uW/nW,0.540,125,SS,saed05rvt_base_ss0p540v125c
lfsr_7bit,1000,0.3,0.5,10,7,0.911232,1,1.0680,205.1699,uW/nW,0.540,125,SS,saed05rvt_base_ss0p540v125c
lfsr_7bit,1000,0.8,0.5,10,7,0.911232,1,2.8559,205.1915,uW/nW,0.540,125,SS,saed05rvt_base_ss0p540v125c
lfsr_7bit,1000,0.5,0.3,10,7,0.911232,1,1.8010,205.9708,uW/nW,0.540,125,SS,saed05rvt_base_ss0p540v125c
lfsr_7bit,1000,0.5,0.7,10,7,0.911232,1,1.7354,206.7588,uW/nW,0.540,125,SS,saed05rvt_base_ss0p540v125c
lfsr_7bit,10,0.1,0.5,10,7,0.911232,1,325.3234,1.7028,nW/nW,0.540,25,SS,saed05rvt_base_ss0p540v25c
lfsr_7bit,10,0.5,0.5,10,7,0.911232,1,1.5375,1.7028,uW/nW,0.540,25,SS,saed05rvt_base_ss0p540v25c
lfsr_7bit,10,0.3,0.5,10,7,0.911232,1,931.4101,1.7028,nW/nW,0.540,25,SS,saed05rvt_base_ss0p540v25c
lfsr_7bit,10,0.8,0.5,10,7,0.911232,1,2.4466,1.7028,uW/nW,0.540,25,SS,saed05rvt_base_ss0p540v25c
lfsr_7bit,10,0.5,0.3,10,7,0.911232,1,1.6226,1.6821,uW/nW,0.540,25,SS,saed05rvt_base_ss0p540v25c
lfsr_7bit,10,0.5,0.7,10,7,0.911232,1,1.4524,1.7407,uW/nW,0.540,25,SS,saed05rvt_base_ss0p540v25c
lfsr_7bit,50,0.1,0.5,10,7,0.911232,1,414.4747,1.7028,nW/nW,0.540,25,SS,saed05rvt_base_ss0p540v25c
lfsr_7bit,50,0.5,0.5,10,7,0.911232,1,1.6266,1.7028,uW/nW,0.540,25,SS,saed05rvt_base_ss0p540v25c
lfsr_7bit,50,0.3,0.5,10,7,0.911232,1,1.0206,1.7028,uW/nW,0.540,25,SS,saed05rvt_base_ss0p540v25c
lfsr_7bit,50,0.8,0.5,10,7,0.911232,1,2.5358,1.7028,uW/nW,0.540,25,SS,saed05rvt_base_ss0p540v25c
lfsr_7bit,50,0.5,0.3,10,7,0.911232,1,1.7202,1.6821,uW/nW,0.540,25,SS,saed05rvt_base_ss0p540v25c
lfsr_7bit,50,0.5,0.7,10,7,0.911232,1,1.5329,1.7407,uW/nW,0.540,25,SS,saed05rvt_base_ss0p540v25c
lfsr_7bit,100,0.1,0.5,10,7,0.911232,1,355.0822,1.7028,nW/nW,0.540,25,SS,saed05rvt_base_ss0p540v25c
lfsr_7bit,100,0.5,0.5,10,7,0.911232,1,1.7381,1.7028,uW/nW,0.540,25,SS,saed05rvt_base_ss0p540v25c
lfsr_7bit,100,0.3,0.5,10,7,0.911232,1,1.1320,1.7028,uW/nW,0.540,25,SS,saed05rvt_base_ss0p540v25c
lfsr_7bit,100,0.8,0.5,10,7,0.911232,1,2.6472,1.7028,uW/nW,0.540,25,SS,saed05rvt_base_ss0p540v25c
lfsr_7bit,100,0.5,0.3,10,7,0.911232,1,1.8423,1.6821,uW/nW,0.540,25,SS,saed05rvt_base_ss0p540v25c
lfsr_7bit,100,0.5,0.7,10,7,0.911232,1,1.6335,1.7407,uW/nW,0.540,25,SS,saed05rvt_base_ss0p540v25c
lfsr_7bit,200,0.1,0.5,10,7,0.911232,1,353.2027,1.7028,nW/nW,0.540,25,SS,saed05rvt_base_ss0p540v25c
lfsr_7bit,200,0.5,0.5,10,7,0.911232,1,1.9608,1.7029,uW/nW,0.540,25,SS,saed05rvt_base_ss0p540v25c
lfsr_7bit,200,0.3,0.5,10,7,0.911232,1,1.0723,1.7028,uW/nW,0.540,25,SS,saed05rvt_base_ss0p540v25c
lfsr_7bit,200,0.8,0.5,10,7,0.911232,1,2.8700,1.7029,uW/nW,0.540,25,SS,saed05rvt_base_ss0p540v25c
lfsr_7bit,200,0.5,0.3,10,7,0.911232,1,2.0863,1.6821,uW/nW,0.540,25,SS,saed05rvt_base_ss0p540v25c
lfsr_7bit,200,0.5,0.7,10,7,0.911232,1,1.8346,1.7408,uW/nW,0.540,25,SS,saed05rvt_base_ss0p540v25c
lfsr_7bit,300,0.1,0.5,10,7,0.911232,1,352.2924,1.7028,nW/nW,0.540,25,SS,saed05rvt_base_ss0p540v25c
lfsr_7bit,300,0.5,0.5,10,7,0.911232,1,1.7876,1.7028,uW/nW,0.540,25,SS,saed05rvt_base_ss0p540v25c
lfsr_7bit,300,0.3,0.5,10,7,0.911232,1,1.0649,1.7028,uW/nW,0.540,25,SS,saed05rvt_base_ss0p540v25c
lfsr_7bit,300,0.8,0.5,10,7,0.911232,1,3.0927,1.7029,uW/nW,0.540,25,SS,saed05rvt_base_ss0p540v25c
lfsr_7bit,300,0.5,0.3,10,7,0.911232,1,1.7976,1.6821,uW/nW,0.540,25,SS,saed05rvt_base_ss0p540v25c
lfsr_7bit,300,0.5,0.7,10,7,0.911232,1,1.6946,1.7407,uW/nW,0.540,25,SS,saed05rvt_base_ss0p540v25c
lfsr_7bit,450,0.1,0.5,10,7,0.911232,1,353.2540,1.7028,nW/nW,0.540,25,SS,saed05rvt_base_ss0p540v25c
lfsr_7bit,450,0.5,0.5,10,7,0.911232,1,1.7742,1.7028,uW/nW,0.540,25,SS,saed05rvt_base_ss0p540v25c
lfsr_7bit,450,0.3,0.5,10,7,0.911232,1,1.0608,1.7028,uW/nW,0.540,25,SS,saed05rvt_base_ss0p540v25c
lfsr_7bit,450,0.8,0.5,10,7,0.911232,1,2.8640,1.7028,uW/nW,0.540,25,SS,saed05rvt_base_ss0p540v25c
lfsr_7bit,450,0.5,0.3,10,7,0.911232,1,1.7744,1.6821,uW/nW,0.540,25,SS,saed05rvt_base_ss0p540v25c
lfsr_7bit,450,0.5,0.7,10,7,0.911232,1,1.7470,1.7407,uW/nW,0.540,25,SS,saed05rvt_base_ss0p540v25c
lfsr_7bit,600,0.1,0.5,10,7,0.911232,1,352.5494,1.7028,nW/nW,0.540,25,SS,saed05rvt_base_ss0p540v25c
lfsr_7bit,600,0.5,0.5,10,7,0.911232,1,1.7677,1.7028,uW/nW,0.540,25,SS,saed05rvt_base_ss0p540v25c
lfsr_7bit,600,0.3,0.5,10,7,0.911232,1,1.0580,1.7028,uW/nW,0.540,25,SS,saed05rvt_base_ss0p540v25c
lfsr_7bit,600,0.8,0.5,10,7,0.911232,1,2.8511,1.7028,uW/nW,0.540,25,SS,saed05rvt_base_ss0p540v25c
lfsr_7bit,600,0.5,0.3,10,7,0.911232,1,1.7723,1.6820,uW/nW,0.540,25,SS,saed05rvt_base_ss0p540v25c
lfsr_7bit,600,0.5,0.7,10,7,0.911232,1,1.7398,1.7405,uW/nW,0.540,25,SS,saed05rvt_base_ss0p540v25c
lfsr_7bit,750,0.1,0.5,10,7,0.911232,1,353.3902,1.7028,nW/nW,0.540,25,SS,saed05rvt_base_ss0p540v25c
lfsr_7bit,750,0.5,0.5,10,7,0.911232,1,1.7678,1.7028,uW/nW,0.540,25,SS,saed05rvt_base_ss0p540v25c
lfsr_7bit,750,0.3,0.5,10,7,0.911232,1,1.0591,1.7027,uW/nW,0.540,25,SS,saed05rvt_base_ss0p540v25c
lfsr_7bit,750,0.8,0.5,10,7,0.911232,1,2.8418,1.7028,uW/nW,0.540,25,SS,saed05rvt_base_ss0p540v25c
lfsr_7bit,750,0.5,0.3,10,7,0.911232,1,1.7736,1.6820,uW/nW,0.540,25,SS,saed05rvt_base_ss0p540v25c
lfsr_7bit,750,0.5,0.7,10,7,0.911232,1,1.7347,1.7405,uW/nW,0.540,25,SS,saed05rvt_base_ss0p540v25c
lfsr_7bit,900,0.1,0.5,10,7,0.911232,1,354.0079,1.7028,nW/nW,0.540,25,SS,saed05rvt_base_ss0p540v25c
lfsr_7bit,900,0.5,0.5,10,7,0.911232,1,1.7651,1.7027,uW/nW,0.540,25,SS,saed05rvt_base_ss0p540v25c
lfsr_7bit,900,0.3,0.5,10,7,0.911232,1,1.0546,1.7027,uW/nW,0.540,25,SS,saed05rvt_base_ss0p540v25c
lfsr_7bit,900,0.8,0.5,10,7,0.911232,1,2.8294,1.7028,uW/nW,0.540,25,SS,saed05rvt_base_ss0p540v25c
lfsr_7bit,900,0.5,0.3,10,7,0.911232,1,1.7746,1.6820,uW/nW,0.540,25,SS,saed05rvt_base_ss0p540v25c
lfsr_7bit,900,0.5,0.7,10,7,0.911232,1,1.7296,1.7405,uW/nW,0.540,25,SS,saed05rvt_base_ss0p540v25c
lfsr_7bit,1000,0.1,0.5,10,7,0.911232,1,354.9826,1.7028,nW/nW,0.540,25,SS,saed05rvt_base_ss0p540v25c
lfsr_7bit,1000,0.5,0.5,10,7,0.911232,1,1.7632,1.7028,uW/nW,0.540,25,SS,saed05rvt_base_ss0p540v25c
lfsr_7bit,1000,0.3,0.5,10,7,0.911232,1,1.0583,1.7027,uW/nW,0.540,25,SS,saed05rvt_base_ss0p540v25c
lfsr_7bit,1000,0.8,0.5,10,7,0.911232,1,2.8313,1.7029,uW/nW,0.540,25,SS,saed05rvt_base_ss0p540v25c
lfsr_7bit,1000,0.5,0.3,10,7,0.911232,1,1.7757,1.6821,uW/nW,0.540,25,SS,saed05rvt_base_ss0p540v25c
lfsr_7bit,1000,0.5,0.7,10,7,0.911232,1,1.7255,1.7406,uW/nW,0.540,25,SS,saed05rvt_base_ss0p540v25c
lfsr_7bit,10,0.1,0.5,10,7,0.911232,1,490.7751,473.1940,nW/nW,0.675,125,SS,saed05rvt_base_ss0p675v125c
lfsr_7bit,10,0.5,0.5,10,7,0.911232,1,2.3915,473.1951,uW/nW,0.675,125,SS,saed05rvt_base_ss0p675v125c
lfsr_7bit,10,0.3,0.5,10,7,0.911232,1,1.4411,473.1951,uW/nW,0.675,125,SS,saed05rvt_base_ss0p675v125c
lfsr_7bit,10,0.8,0.5,10,7,0.911232,1,3.8170,473.1951,uW/nW,0.675,125,SS,saed05rvt_base_ss0p675v125c
lfsr_7bit,10,0.5,0.3,10,7,0.911232,1,2.5020,476.7089,uW/nW,0.675,125,SS,saed05rvt_base_ss0p675v125c
lfsr_7bit,10,0.5,0.7,10,7,0.911232,1,2.2811,474.7051,uW/nW,0.675,125,SS,saed05rvt_base_ss0p675v125c
lfsr_7bit,50,0.1,0.5,10,7,0.911232,1,553.2204,473.1940,nW/nW,0.675,125,SS,saed05rvt_base_ss0p675v125c
lfsr_7bit,50,0.5,0.5,10,7,0.911232,1,2.4539,473.1951,uW/nW,0.675,125,SS,saed05rvt_base_ss0p675v125c
lfsr_7bit,50,0.3,0.5,10,7,0.911232,1,1.5036,473.1951,uW/nW,0.675,125,SS,saed05rvt_base_ss0p675v125c
lfsr_7bit,50,0.8,0.5,10,7,0.911232,1,3.8794,473.1951,uW/nW,0.675,125,SS,saed05rvt_base_ss0p675v125c
lfsr_7bit,50,0.5,0.3,10,7,0.911232,1,2.5723,476.7089,uW/nW,0.675,125,SS,saed05rvt_base_ss0p675v125c
lfsr_7bit,50,0.5,0.7,10,7,0.911232,1,2.3359,474.7051,uW/nW,0.675,125,SS,saed05rvt_base_ss0p675v125c
lfsr_7bit,100,0.1,0.5,10,7,0.911232,1,520.9930,480.3084,nW/nW,0.675,125,SS,saed05rvt_base_ss0p675v125c
lfsr_7bit,100,0.5,0.5,10,7,0.911232,1,2.5321,473.1999,uW/nW,0.675,125,SS,saed05rvt_base_ss0p675v125c
lfsr_7bit,100,0.3,0.5,10,7,0.911232,1,1.5817,473.1999,uW/nW,0.675,125,SS,saed05rvt_base_ss0p675v125c
lfsr_7bit,100,0.8,0.5,10,7,0.911232,1,3.9576,473.1999,uW/nW,0.675,125,SS,saed05rvt_base_ss0p675v125c
lfsr_7bit,100,0.5,0.3,10,7,0.911232,1,2.6604,476.7131,uW/nW,0.675,125,SS,saed05rvt_base_ss0p675v125c
lfsr_7bit,100,0.5,0.7,10,7,0.911232,1,2.4046,474.7090,uW/nW,0.675,125,SS,saed05rvt_base_ss0p675v125c
lfsr_7bit,200,0.1,0.5,10,7,0.911232,1,518.9308,480.8486,nW/nW,0.675,125,SS,saed05rvt_base_ss0p675v125c
lfsr_7bit,200,0.5,0.5,10,7,0.911232,1,2.6886,473.2222,uW/nW,0.675,125,SS,saed05rvt_base_ss0p675v125c
lfsr_7bit,200,0.3,0.5,10,7,0.911232,1,1.5699,479.7786,uW/nW,0.675,125,SS,saed05rvt_base_ss0p675v125c
lfsr_7bit,200,0.8,0.5,10,7,0.911232,1,4.1142,473.2222,uW/nW,0.675,125,SS,saed05rvt_base_ss0p675v125c
lfsr_7bit,200,0.5,0.3,10,7,0.911232,1,2.8366,476.7334,uW/nW,0.675,125,SS,saed05rvt_base_ss0p675v125c
lfsr_7bit,200,0.5,0.7,10,7,0.911232,1,2.5420,474.7346,uW/nW,0.675,125,SS,saed05rvt_base_ss0p675v125c
lfsr_7bit,300,0.1,0.5,10,7,0.911232,1,518.2138,480.9788,nW/nW,0.675,125,SS,saed05rvt_base_ss0p675v125c
lfsr_7bit,300,0.5,0.5,10,7,0.911232,1,2.6181,479.7072,uW/nW,0.675,125,SS,saed05rvt_base_ss0p675v125c
lfsr_7bit,300,0.3,0.5,10,7,0.911232,1,1.5625,480.2779,uW/nW,0.675,125,SS,saed05rvt_base_ss0p675v125c
lfsr_7bit,300,0.8,0.5,10,7,0.911232,1,4.2706,473.2320,uW/nW,0.675,125,SS,saed05rvt_base_ss0p675v125c
lfsr_7bit,300,0.5,0.3,10,7,0.911232,1,2.7290,485.0363,uW/nW,0.675,125,SS,saed05rvt_base_ss0p675v125c
lfsr_7bit,300,0.5,0.7,10,7,0.911232,1,2.4549,479.3044,uW/nW,0.675,125,SS,saed05rvt_base_ss0p675v125c
lfsr_7bit,450,0.1,0.5,10,7,0.911232,1,518.4411,480.8954,nW/nW,0.675,125,SS,saed05rvt_base_ss0p675v125c
lfsr_7bit,450,0.5,0.5,10,7,0.911232,1,2.6052,480.2352,uW/nW,0.675,125,SS,saed05rvt_base_ss0p675v125c
lfsr_7bit,450,0.3,0.5,10,7,0.911232,1,1.5572,480.5217,uW/nW,0.675,125,SS,saed05rvt_base_ss0p675v125c
lfsr_7bit,450,0.8,0.5,10,7,0.911232,1,4.1931,479.6122,uW/nW,0.675,125,SS,saed05rvt_base_ss0p675v125c
lfsr_7bit,450,0.5,0.3,10,7,0.911232,1,2.7262,486.1861,uW/nW,0.675,125,SS,saed05rvt_base_ss0p675v125c
lfsr_7bit,450,0.5,0.7,10,7,0.911232,1,2.4695,478.2270,uW/nW,0.675,125,SS,saed05rvt_base_ss0p675v125c
lfsr_7bit,600,0.1,0.5,10,7,0.911232,1,517.8371,481.0258,nW/nW,0.675,125,SS,saed05rvt_base_ss0p675v125c
lfsr_7bit,600,0.5,0.5,10,7,0.911232,1,2.5983,480.4623,uW/nW,0.675,125,SS,saed05rvt_base_ss0p675v125c
lfsr_7bit,600,0.3,0.5,10,7,0.911232,1,1.5561,480.7789,uW/nW,0.675,125,SS,saed05rvt_base_ss0p675v125c
lfsr_7bit,600,0.8,0.5,10,7,0.911232,1,4.1810,480.0275,uW/nW,0.675,125,SS,saed05rvt_base_ss0p675v125c
lfsr_7bit,600,0.5,0.3,10,7,0.911232,1,2.7241,486.2509,uW/nW,0.675,125,SS,saed05rvt_base_ss0p675v125c
lfsr_7bit,600,0.5,0.7,10,7,0.911232,1,2.4611,478.6978,uW/nW,0.675,125,SS,saed05rvt_base_ss0p675v125c
lfsr_7bit,750,0.1,0.5,10,7,0.911232,1,518.5881,480.9680,nW/nW,0.675,125,SS,saed05rvt_base_ss0p675v125c
lfsr_7bit,750,0.5,0.5,10,7,0.911232,1,2.5956,480.5233,uW/nW,0.675,125,SS,saed05rvt_base_ss0p675v125c
lfsr_7bit,750,0.3,0.5,10,7,0.911232,1,1.5564,480.7614,uW/nW,0.675,125,SS,saed05rvt_base_ss0p675v125c
lfsr_7bit,750,0.8,0.5,10,7,0.911232,1,4.1687,480.1802,uW/nW,0.675,125,SS,saed05rvt_base_ss0p675v125c
lfsr_7bit,750,0.5,0.3,10,7,0.911232,1,2.7231,486.2446,uW/nW,0.675,125,SS,saed05rvt_base_ss0p675v125c
lfsr_7bit,750,0.5,0.7,10,7,0.911232,1,2.4595,479.1503,uW/nW,0.675,125,SS,saed05rvt_base_ss0p675v125c
lfsr_7bit,900,0.1,0.5,10,7,0.911232,1,519.9606,481.0922,nW/nW,0.675,125,SS,saed05rvt_base_ss0p675v125c
lfsr_7bit,900,0.5,0.5,10,7,0.911232,1,2.5964,480.7614,uW/nW,0.675,125,SS,saed05rvt_base_ss0p675v125c
lfsr_7bit,900,0.3,0.5,10,7,0.911232,1,1.5549,481.0682,uW/nW,0.675,125,SS,saed05rvt_base_ss0p675v125c
lfsr_7bit,900,0.8,0.5,10,7,0.911232,1,4.1602,480.4659,uW/nW,0.675,125,SS,saed05rvt_base_ss0p675v125c
lfsr_7bit,900,0.5,0.3,10,7,0.911232,1,2.7226,486.2016,uW/nW,0.675,125,SS,saed05rvt_base_ss0p675v125c
lfsr_7bit,900,0.5,0.7,10,7,0.911232,1,2.4564,479.3648,uW/nW,0.675,125,SS,saed05rvt_base_ss0p675v125c
lfsr_7bit,1000,0.1,0.5,10,7,0.911232,1,520.9404,481.3769,nW/nW,0.675,125,SS,saed05rvt_base_ss0p675v125c
lfsr_7bit,1000,0.5,0.5,10,7,0.911232,1,2.5941,480.7969,uW/nW,0.675,125,SS,saed05rvt_base_ss0p675v125c
lfsr_7bit,1000,0.3,0.5,10,7,0.911232,1,1.5556,480.8535,uW/nW,0.675,125,SS,saed05rvt_base_ss0p675v125c
lfsr_7bit,1000,0.8,0.5,10,7,0.911232,1,4.1597,480.4944,uW/nW,0.675,125,SS,saed05rvt_base_ss0p675v125c
lfsr_7bit,1000,0.5,0.3,10,7,0.911232,1,2.7233,486.2221,uW/nW,0.675,125,SS,saed05rvt_base_ss0p675v125c
lfsr_7bit,1000,0.5,0.7,10,7,0.911232,1,2.4556,479.5526,uW/nW,0.675,125,SS,saed05rvt_base_ss0p675v125c
lfsr_7bit,10,0.1,0.5,10,7,0.911232,1,519.5938,5.0493,nW/nW,0.675,25,SS,saed05rvt_base_ss0p675v25c
lfsr_7bit,10,0.5,0.5,10,7,0.911232,1,2.4575,5.0493,uW/nW,0.675,25,SS,saed05rvt_base_ss0p675v25c
lfsr_7bit,10,0.3,0.5,10,7,0.911232,1,1.4885,5.0493,uW/nW,0.675,25,SS,saed05rvt_base_ss0p675v25c
lfsr_7bit,10,0.8,0.5,10,7,0.911232,1,3.9109,5.0493,uW/nW,0.675,25,SS,saed05rvt_base_ss0p675v25c
lfsr_7bit,10,0.5,0.3,10,7,0.911232,1,2.5999,4.9947,uW/nW,0.675,25,SS,saed05rvt_base_ss0p675v25c
lfsr_7bit,10,0.5,0.7,10,7,0.911232,1,2.3150,5.1570,uW/nW,0.675,25,SS,saed05rvt_base_ss0p675v25c
lfsr_7bit,50,0.1,0.5,10,7,0.911232,1,660.1198,5.0493,nW/nW,0.675,25,SS,saed05rvt_base_ss0p675v25c
lfsr_7bit,50,0.5,0.5,10,7,0.911232,1,2.5980,5.0493,uW/nW,0.675,25,SS,saed05rvt_base_ss0p675v25c
lfsr_7bit,50,0.3,0.5,10,7,0.911232,1,1.6291,5.0493,uW/nW,0.675,25,SS,saed05rvt_base_ss0p675v25c
lfsr_7bit,50,0.8,0.5,10,7,0.911232,1,4.0514,5.0493,uW/nW,0.675,25,SS,saed05rvt_base_ss0p675v25c
lfsr_7bit,50,0.5,0.3,10,7,0.911232,1,2.7537,4.9947,uW/nW,0.675,25,SS,saed05rvt_base_ss0p675v25c
lfsr_7bit,50,0.5,0.7,10,7,0.911232,1,2.4420,5.1570,uW/nW,0.675,25,SS,saed05rvt_base_ss0p675v25c
lfsr_7bit,100,0.1,0.5,10,7,0.911232,1,566.4781,5.0493,nW/nW,0.675,25,SS,saed05rvt_base_ss0p675v25c
lfsr_7bit,100,0.5,0.5,10,7,0.911232,1,2.7737,5.0494,uW/nW,0.675,25,SS,saed05rvt_base_ss0p675v25c
lfsr_7bit,100,0.3,0.5,10,7,0.911232,1,1.8047,5.0494,uW/nW,0.675,25,SS,saed05rvt_base_ss0p675v25c
lfsr_7bit,100,0.8,0.5,10,7,0.911232,1,4.2271,5.0494,uW/nW,0.675,25,SS,saed05rvt_base_ss0p675v25c
lfsr_7bit,100,0.5,0.3,10,7,0.911232,1,2.9460,4.9947,uW/nW,0.675,25,SS,saed05rvt_base_ss0p675v25c
lfsr_7bit,100,0.5,0.7,10,7,0.911232,1,2.6007,5.1570,uW/nW,0.675,25,SS,saed05rvt_base_ss0p675v25c
lfsr_7bit,200,0.1,0.5,10,7,0.911232,1,563.5875,5.0493,nW/nW,0.675,25,SS,saed05rvt_base_ss0p675v25c
lfsr_7bit,200,0.5,0.5,10,7,0.911232,1,3.1248,5.0495,uW/nW,0.675,25,SS,saed05rvt_base_ss0p675v25c
lfsr_7bit,200,0.3,0.5,10,7,0.911232,1,1.7103,5.0494,uW/nW,0.675,25,SS,saed05rvt_base_ss0p675v25c
lfsr_7bit,200,0.8,0.5,10,7,0.911232,1,4.5783,5.0495,uW/nW,0.675,25,SS,saed05rvt_base_ss0p675v25c
lfsr_7bit,200,0.5,0.3,10,7,0.911232,1,3.3303,4.9949,uW/nW,0.675,25,SS,saed05rvt_base_ss0p675v25c
lfsr_7bit,200,0.5,0.7,10,7,0.911232,1,2.9180,5.1571,uW/nW,0.675,25,SS,saed05rvt_base_ss0p675v25c
lfsr_7bit,300,0.1,0.5,10,7,0.911232,1,562.1700,5.0493,nW/nW,0.675,25,SS,saed05rvt_base_ss0p675v25c
lfsr_7bit,300,0.5,0.5,10,7,0.911232,1,2.8512,5.0494,uW/nW,0.675,25,SS,saed05rvt_base_ss0p675v25c
lfsr_7bit,300,0.3,0.5,10,7,0.911232,1,1.6988,5.0493,uW/nW,0.675,25,SS,saed05rvt_base_ss0p675v25c
lfsr_7bit,300,0.8,0.5,10,7,0.911232,1,4.9294,5.0495,uW/nW,0.675,25,SS,saed05rvt_base_ss0p675v25c
lfsr_7bit,300,0.5,0.3,10,7,0.911232,1,2.8751,4.9947,uW/nW,0.675,25,SS,saed05rvt_base_ss0p675v25c
lfsr_7bit,300,0.5,0.7,10,7,0.911232,1,2.6973,5.1570,uW/nW,0.675,25,SS,saed05rvt_base_ss0p675v25c
lfsr_7bit,450,0.1,0.5,10,7,0.911232,1,563.7058,5.0494,nW/nW,0.675,25,SS,saed05rvt_base_ss0p675v25c
lfsr_7bit,450,0.5,0.5,10,7,0.911232,1,2.8305,5.0494,uW/nW,0.675,25,SS,saed05rvt_base_ss0p675v25c
lfsr_7bit,450,0.3,0.5,10,7,0.911232,1,1.6926,5.0493,uW/nW,0.675,25,SS,saed05rvt_base_ss0p675v25c
lfsr_7bit,450,0.8,0.5,10,7,0.911232,1,4.5679,5.0495,uW/nW,0.675,25,SS,saed05rvt_base_ss0p675v25c
lfsr_7bit,450,0.5,0.3,10,7,0.911232,1,2.8386,4.9947,uW/nW,0.675,25,SS,saed05rvt_base_ss0p675v25c
lfsr_7bit,450,0.5,0.7,10,7,0.911232,1,2.7809,5.1569,uW/nW,0.675,25,SS,saed05rvt_base_ss0p675v25c
lfsr_7bit,600,0.1,0.5,10,7,0.911232,1,562.6185,5.0494,nW/nW,0.675,25,SS,saed05rvt_base_ss0p675v25c
lfsr_7bit,600,0.5,0.5,10,7,0.911232,1,2.8203,5.0493,uW/nW,0.675,25,SS,saed05rvt_base_ss0p675v25c
lfsr_7bit,600,0.3,0.5,10,7,0.911232,1,1.6883,5.0492,uW/nW,0.675,25,SS,saed05rvt_base_ss0p675v25c
lfsr_7bit,600,0.8,0.5,10,7,0.911232,1,4.5479,5.0494,uW/nW,0.675,25,SS,saed05rvt_base_ss0p675v25c
lfsr_7bit,600,0.5,0.3,10,7,0.911232,1,2.8354,4.9946,uW/nW,0.675,25,SS,saed05rvt_base_ss0p675v25c
lfsr_7bit,600,0.5,0.7,10,7,0.911232,1,2.7697,5.1564,uW/nW,0.675,25,SS,saed05rvt_base_ss0p675v25c
lfsr_7bit,750,0.1,0.5,10,7,0.911232,1,563.9368,5.0495,nW/nW,0.675,25,SS,saed05rvt_base_ss0p675v25c
lfsr_7bit,750,0.5,0.5,10,7,0.911232,1,2.8207,5.0493,uW/nW,0.675,25,SS,saed05rvt_base_ss0p675v25c
lfsr_7bit,750,0.3,0.5,10,7,0.911232,1,1.6900,5.0490,uW/nW,0.675,25,SS,saed05rvt_base_ss0p675v25c
lfsr_7bit,750,0.8,0.5,10,7,0.911232,1,4.5336,5.0494,uW/nW,0.675,25,SS,saed05rvt_base_ss0p675v25c
lfsr_7bit,750,0.5,0.3,10,7,0.911232,1,2.8374,4.9946,uW/nW,0.675,25,SS,saed05rvt_base_ss0p675v25c
lfsr_7bit,750,0.5,0.7,10,7,0.911232,1,2.7618,5.1564,uW/nW,0.675,25,SS,saed05rvt_base_ss0p675v25c
lfsr_7bit,900,0.1,0.5,10,7,0.911232,1,564.8864,5.0494,nW/nW,0.675,25,SS,saed05rvt_base_ss0p675v25c
lfsr_7bit,900,0.5,0.5,10,7,0.911232,1,2.8164,5.0491,uW/nW,0.675,25,SS,saed05rvt_base_ss0p675v25c
lfsr_7bit,900,0.3,0.5,10,7,0.911232,1,1.6828,5.0489,uW/nW,0.675,25,SS,saed05rvt_base_ss0p675v25c
lfsr_7bit,900,0.8,0.5,10,7,0.911232,1,4.5142,5.0492,uW/nW,0.675,25,SS,saed05rvt_base_ss0p675v25c
lfsr_7bit,900,0.5,0.3,10,7,0.911232,1,2.8391,4.9945,uW/nW,0.675,25,SS,saed05rvt_base_ss0p675v25c
lfsr_7bit,900,0.5,0.7,10,7,0.911232,1,2.7537,5.1563,uW/nW,0.675,25,SS,saed05rvt_base_ss0p675v25c
lfsr_7bit,1000,0.1,0.5,10,7,0.911232,1,566.4236,5.0495,nW/nW,0.675,25,SS,saed05rvt_base_ss0p675v25c
lfsr_7bit,1000,0.5,0.5,10,7,0.911232,1,2.8136,5.0495,uW/nW,0.675,25,SS,saed05rvt_base_ss0p675v25c
lfsr_7bit,1000,0.3,0.5,10,7,0.911232,1,1.6888,5.0491,uW/nW,0.675,25,SS,saed05rvt_base_ss0p675v25c
lfsr_7bit,1000,0.8,0.5,10,7,0.911232,1,4.5174,5.0495,uW/nW,0.675,25,SS,saed05rvt_base_ss0p675v25c
lfsr_7bit,1000,0.5,0.3,10,7,0.911232,1,2.8410,4.9947,uW/nW,0.675,25,SS,saed05rvt_base_ss0p675v25c
lfsr_7bit,1000,0.5,0.7,10,7,0.911232,1,2.7473,5.1565,uW/nW,0.675,25,SS,saed05rvt_base_ss0p675v25c
mod10_counter,10,0.1,0.5,22,4,0.725760,1,250.9862,2.6641,nW/nW,0.60,25,TT,saed05rvt_base_tt0p60v25c
mod10_counter,10,0.5,0.5,22,4,0.725760,1,1.1006,2.6641,uW/nW,0.60,25,TT,saed05rvt_base_tt0p60v25c
mod10_counter,10,0.3,0.5,22,4,0.725760,1,675.7816,2.6641,nW/nW,0.60,25,TT,saed05rvt_base_tt0p60v25c
mod10_counter,10,0.8,0.5,22,4,0.725760,1,1.7377,2.6641,uW/nW,0.60,25,TT,saed05rvt_base_tt0p60v25c
mod10_counter,10,0.5,0.3,22,4,0.725760,1,1.1560,2.6450,uW/nW,0.60,25,TT,saed05rvt_base_tt0p60v25c
mod10_counter,10,0.5,0.7,22,4,0.725760,1,1.0451,2.7007,uW/nW,0.60,25,TT,saed05rvt_base_tt0p60v25c
mod10_counter,50,0.1,0.5,22,4,0.725760,1,405.4177,2.6641,nW/nW,0.60,25,TT,saed05rvt_base_tt0p60v25c
mod10_counter,50,0.5,0.5,22,4,0.725760,1,1.2551,2.6641,uW/nW,0.60,25,TT,saed05rvt_base_tt0p60v25c
mod10_counter,50,0.3,0.5,22,4,0.725760,1,830.2874,2.6641,nW/nW,0.60,25,TT,saed05rvt_base_tt0p60v25c
mod10_counter,50,0.8,0.5,22,4,0.725760,1,1.8922,2.6641,uW/nW,0.60,25,TT,saed05rvt_base_tt0p60v25c
mod10_counter,50,0.5,0.3,22,4,0.725760,1,1.3211,2.6450,uW/nW,0.60,25,TT,saed05rvt_base_tt0p60v25c
mod10_counter,50,0.5,0.7,22,4,0.725760,1,1.1888,2.7007,uW/nW,0.60,25,TT,saed05rvt_base_tt0p60v25c
mod10_counter,100,0.1,0.5,22,4,0.725760,1,306.8333,2.6542,nW/nW,0.60,25,TT,saed05rvt_base_tt0p60v25c
mod10_counter,100,0.5,0.5,22,4,0.725760,1,1.1585,2.6540,uW/nW,0.60,25,TT,saed05rvt_base_tt0p60v25c
mod10_counter,100,0.3,0.5,22,4,0.725760,1,733.0475,2.6540,nW/nW,0.60,25,TT,saed05rvt_base_tt0p60v25c
mod10_counter,100,0.8,0.5,22,4,0.725760,1,1.7966,2.6540,uW/nW,0.60,25,TT,saed05rvt_base_tt0p60v25c
mod10_counter,100,0.5,0.3,22,4,0.725760,1,1.2185,2.6349,uW/nW,0.60,25,TT,saed05rvt_base_tt0p60v25c
mod10_counter,100,0.5,0.7,22,4,0.725760,1,1.0984,2.6907,uW/nW,0.60,25,TT,saed05rvt_base_tt0p60v25c
mod10_counter,200,0.1,0.5,22,4,0.725760,1,306.2658,2.6545,nW/nW,0.60,25,TT,saed05rvt_base_tt0p60v25c
mod10_counter,200,0.5,0.5,22,4,0.725760,1,1.1621,2.6542,uW/nW,0.60,25,TT,saed05rvt_base_tt0p60v25c
mod10_counter,200,0.3,0.5,22,4,0.725760,1,735.8383,2.6542,nW/nW,0.60,25,TT,saed05rvt_base_tt0p60v25c
mod10_counter,200,0.8,0.5,22,4,0.725760,1,1.8015,2.6542,uW/nW,0.60,25,TT,saed05rvt_base_tt0p60v25c
mod10_counter,200,0.5,0.3,22,4,0.725760,1,1.2229,2.6351,uW/nW,0.60,25,TT,saed05rvt_base_tt0p60v25c
mod10_counter,200,0.5,0.7,22,4,0.725760,1,1.1013,2.6911,uW/nW,0.60,25,TT,saed05rvt_base_tt0p60v25c
mod10_counter,300,0.1,0.5,22,4,0.725760,1,305.0949,2.6546,nW/nW,0.60,25,TT,saed05rvt_base_tt0p60v25c
mod10_counter,300,0.5,0.5,22,4,0.725760,1,1.1616,2.6540,uW/nW,0.60,25,TT,saed05rvt_base_tt0p60v25c
mod10_counter,300,0.3,0.5,22,4,0.725760,1,735.1636,2.6540,nW/nW,0.60,25,TT,saed05rvt_base_tt0p60v25c
mod10_counter,300,0.8,0.5,22,4,0.725760,1,1.8013,2.6540,uW/nW,0.60,25,TT,saed05rvt_base_tt0p60v25c
mod10_counter,300,0.5,0.3,22,4,0.725760,1,1.2224,2.6349,uW/nW,0.60,25,TT,saed05rvt_base_tt0p60v25c
mod10_counter,300,0.5,0.7,22,4,0.725760,1,1.1007,2.6909,uW/nW,0.60,25,TT,saed05rvt_base_tt0p60v25c
mod10_counter,450,0.1,0.5,22,4,0.725760,1,307.4555,2.6553,nW/nW,0.60,25,TT,saed05rvt_base_tt0p60v25c
mod10_counter,450,0.5,0.5,22,4,0.725760,1,1.1659,2.6545,uW/nW,0.60,25,TT,saed05rvt_base_tt0p60v25c
mod10_counter,450,0.3,0.5,22,4,0.725760,1,739.0659,2.6545,nW/nW,0.60,25,TT,saed05rvt_base_tt0p60v25c
mod10_counter,450,0.8,0.5,22,4,0.725760,1,1.8061,2.6545,uW/nW,0.60,25,TT,saed05rvt_base_tt0p60v25c
mod10_counter,450,0.5,0.3,22,4,0.725760,1,1.2272,2.6353,uW/nW,0.60,25,TT,saed05rvt_base_tt0p60v25c
mod10_counter,450,0.5,0.7,22,4,0.725760,1,1.1045,2.6914,uW/nW,0.60,25,TT,saed05rvt_base_tt0p60v25c
mod10_counter,600,0.1,0.5,22,4,0.725760,1,306.6273,2.6555,nW/nW,0.60,25,TT,saed05rvt_base_tt0p60v25c
mod10_counter,600,0.5,0.5,22,4,0.725760,1,1.1658,2.6547,uW/nW,0.60,25,TT,saed05rvt_base_tt0p60v25c
mod10_counter,600,0.3,0.5,22,4,0.725760,1,738.8625,2.6547,nW/nW,0.60,25,TT,saed05rvt_base_tt0p60v25c
mod10_counter,600,0.8,0.5,22,4,0.725760,1,1.8063,2.6547,uW/nW,0.60,25,TT,saed05rvt_base_tt0p60v25c
mod10_counter,600,0.5,0.3,22,4,0.725760,1,1.2272,2.6355,uW/nW,0.60,25,TT,saed05rvt_base_tt0p60v25c
mod10_counter,600,0.5,0.7,22,4,0.725760,1,1.1044,2.6916,uW/nW,0.60,25,TT,saed05rvt_base_tt0p60v25c
mod10_counter,750,0.1,0.5,22,4,0.725760,1,308.2383,2.6561,nW/nW,0.60,25,TT,saed05rvt_base_tt0p60v25c
mod10_counter,750,0.5,0.5,22,4,0.725760,1,1.1683,2.6554,uW/nW,0.60,25,TT,saed05rvt_base_tt0p60v25c
mod10_counter,750,0.3,0.5,22,4,0.725760,1,741.1557,2.6554,nW/nW,0.60,25,TT,saed05rvt_base_tt0p60v25c
mod10_counter,750,0.8,0.5,22,4,0.725760,1,1.8090,2.6554,uW/nW,0.60,25,TT,saed05rvt_base_tt0p60v25c
mod10_counter,750,0.5,0.3,22,4,0.725760,1,1.2300,2.6362,uW/nW,0.60,25,TT,saed05rvt_base_tt0p60v25c
mod10_counter,750,0.5,0.7,22,4,0.725760,1,1.1065,2.6923,uW/nW,0.60,25,TT,saed05rvt_base_tt0p60v25c
mod10_counter,900,0.1,0.5,22,4,0.725760,1,308.6600,2.6564,nW/nW,0.60,25,TT,saed05rvt_base_tt0p60v25c
mod10_counter,900,0.5,0.5,22,4,0.725760,1,1.1694,2.6555,uW/nW,0.60,25,TT,saed05rvt_base_tt0p60v25c
mod10_counter,900,0.3,0.5,22,4,0.725760,1,742.1905,2.6555,nW/nW,0.60,25,TT,saed05rvt_base_tt0p60v25c
mod10_counter,900,0.8,0.5,22,4,0.725760,1,1.8103,2.6555,uW/nW,0.60,25,TT,saed05rvt_base_tt0p60v25c
mod10_counter,900,0.5,0.3,22,4,0.725760,1,1.2314,2.6363,uW/nW,0.60,25,TT,saed05rvt_base_tt0p60v25c
mod10_counter,900,0.5,0.7,22,4,0.725760,1,1.1074,2.6925,uW/nW,0.60,25,TT,saed05rvt_base_tt0p60v25c
mod10_counter,1000,0.1,0.5,22,4,0.725760,1,310.4601,2.6565,nW/nW,0.60,25,TT,saed05rvt_base_tt0p60v25c
mod10_counter,1000,0.5,0.5,22,4,0.725760,1,1.1736,2.6551,uW/nW,0.60,25,TT,saed05rvt_base_tt0p60v25c
mod10_counter,1000,0.3,0.5,22,4,0.725760,1,745.9066,2.6551,nW/nW,0.60,25,TT,saed05rvt_base_tt0p60v25c
mod10_counter,1000,0.8,0.5,22,4,0.725760,1,1.8151,2.6551,uW/nW,0.60,25,TT,saed05rvt_base_tt0p60v25c
mod10_counter,1000,0.5,0.3,22,4,0.725760,1,1.2361,2.6359,uW/nW,0.60,25,TT,saed05rvt_base_tt0p60v25c
mod10_counter,1000,0.5,0.7,22,4,0.725760,1,1.1110,2.6922,uW/nW,0.60,25,TT,saed05rvt_base_tt0p60v25c
mod10_counter,10,0.1,0.5,22,4,0.725760,1,256.2476,293.2680,nW/nW,0.60,125,TT,saed05rvt_base_tt0p60v125c
mod10_counter,10,0.5,0.5,22,4,0.725760,1,1.1223,293.2640,uW/nW,0.60,125,TT,saed05rvt_base_tt0p60v125c
mod10_counter,10,0.3,0.5,22,4,0.725760,1,689.3008,293.2640,nW/nW,0.60,125,TT,saed05rvt_base_tt0p60v125c
mod10_counter,10,0.8,0.5,22,4,0.725760,1,1.7719,293.2640,uW/nW,0.60,125,TT,saed05rvt_base_tt0p60v125c
mod10_counter,10,0.5,0.3,22,4,0.725760,1,1.1808,294.2739,uW/nW,0.60,125,TT,saed05rvt_base_tt0p60v125c
mod10_counter,10,0.5,0.7,22,4,0.725760,1,1.0638,294.3518,uW/nW,0.60,125,TT,saed05rvt_base_tt0p60v125c
mod10_counter,50,0.1,0.5,22,4,0.725760,1,415.2143,293.2680,nW/nW,0.60,125,TT,saed05rvt_base_tt0p60v125c
mod10_counter,50,0.5,0.5,22,4,0.725760,1,1.2814,293.2640,uW/nW,0.60,125,TT,saed05rvt_base_tt0p60v125c
mod10_counter,50,0.3,0.5,22,4,0.725760,1,848.3461,293.2640,nW/nW,0.60,125,TT,saed05rvt_base_tt0p60v125c
mod10_counter,50,0.8,0.5,22,4,0.725760,1,1.9309,293.2640,uW/nW,0.60,125,TT,saed05rvt_base_tt0p60v125c
mod10_counter,50,0.5,0.3,22,4,0.725760,1,1.3497,294.2739,uW/nW,0.60,125,TT,saed05rvt_base_tt0p60v125c
mod10_counter,50,0.5,0.7,22,4,0.725760,1,1.2132,294.3518,uW/nW,0.60,125,TT,saed05rvt_base_tt0p60v125c
mod10_counter,100,0.1,0.5,22,4,0.725760,1,313.2665,290.6852,nW/nW,0.60,125,TT,saed05rvt_base_tt0p60v125c
mod10_counter,100,0.5,0.5,22,4,0.725760,1,1.1815,290.6393,uW/nW,0.60,125,TT,saed05rvt_base_tt0p60v125c
mod10_counter,100,0.3,0.5,22,4,0.725760,1,747.7073,290.6393,nW/nW,0.60,125,TT,saed05rvt_base_tt0p60v125c
mod10_counter,100,0.8,0.5,22,4,0.725760,1,1.8321,290.6393,uW/nW,0.60,125,TT,saed05rvt_base_tt0p60v125c
mod10_counter,100,0.5,0.3,22,4,0.725760,1,1.2445,291.6299,uW/nW,0.60,125,TT,saed05rvt_base_tt0p60v125c
mod10_counter,100,0.5,0.7,22,4,0.725760,1,1.1186,291.7606,uW/nW,0.60,125,TT,saed05rvt_base_tt0p60v125c
mod10_counter,200,0.1,0.5,22,4,0.725760,1,312.7117,290.6559,nW/nW,0.60,125,TT,saed05rvt_base_tt0p60v125c
mod10_counter,200,0.5,0.5,22,4,0.725760,1,1.1852,290.5767,uW/nW,0.60,125,TT,saed05rvt_base_tt0p60v125c
mod10_counter,200,0.3,0.5,22,4,0.725760,1,750.5359,290.5767,nW/nW,0.60,125,TT,saed05rvt_base_tt0p60v125c
mod10_counter,200,0.8,0.5,22,4,0.725760,1,1.8371,290.5767,uW/nW,0.60,125,TT,saed05rvt_base_tt0p60v125c
mod10_counter,200,0.5,0.3,22,4,0.725760,1,1.2490,291.5439,uW/nW,0.60,125,TT,saed05rvt_base_tt0p60v125c
mod10_counter,200,0.5,0.7,22,4,0.725760,1,1.1215,291.7382,uW/nW,0.60,125,TT,saed05rvt_base_tt0p60v125c
mod10_counter,300,0.1,0.5,22,4,0.725760,1,311.5222,290.6514,nW/nW,0.60,125,TT,saed05rvt_base_tt0p60v125c
mod10_counter,300,0.5,0.5,22,4,0.725760,1,1.1855,290.5822,uW/nW,0.60,125,TT,saed05rvt_base_tt0p60v125c
mod10_counter,300,0.3,0.5,22,4,0.725760,1,750.4758,290.5822,nW/nW,0.60,125,TT,saed05rvt_base_tt0p60v125c
mod10_counter,300,0.8,0.5,22,4,0.725760,1,1.8380,290.5822,uW/nW,0.60,125,TT,saed05rvt_base_tt0p60v125c
mod10_counter,300,0.5,0.3,22,4,0.725760,1,1.2496,291.5386,uW/nW,0.60,125,TT,saed05rvt_base_tt0p60v125c
mod10_counter,300,0.5,0.7,22,4,0.725760,1,1.1215,291.7623,uW/nW,0.60,125,TT,saed05rvt_base_tt0p60v125c
mod10_counter,450,0.1,0.5,22,4,0.725760,1,313.9584,290.7624,nW/nW,0.60,125,TT,saed05rvt_base_tt0p60v125c
mod10_counter,450,0.5,0.5,22,4,0.725760,1,1.1899,290.6586,uW/nW,0.60,125,TT,saed05rvt_base_tt0p60v125c
mod10_counter,450,0.3,0.5,22,4,0.725760,1,754.5638,290.6586,nW/nW,0.60,125,TT,saed05rvt_base_tt0p60v125c
mod10_counter,450,0.8,0.5,22,4,0.725760,1,1.8428,290.6586,uW/nW,0.60,125,TT,saed05rvt_base_tt0p60v125c
mod10_counter,450,0.5,0.3,22,4,0.725760,1,1.2544,291.6071,uW/nW,0.60,125,TT,saed05rvt_base_tt0p60v125c
mod10_counter,450,0.5,0.7,22,4,0.725760,1,1.1255,291.8525,uW/nW,0.60,125,TT,saed05rvt_base_tt0p60v125c
mod10_counter,600,0.1,0.5,22,4,0.725760,1,313.1329,290.7767,nW/nW,0.60,125,TT,saed05rvt_base_tt0p60v125c
mod10_counter,600,0.5,0.5,22,4,0.725760,1,1.1888,290.6525,uW/nW,0.60,125,TT,saed05rvt_base_tt0p60v125c
mod10_counter,600,0.3,0.5,22,4,0.725760,1,753.5265,290.6525,nW/nW,0.60,125,TT,saed05rvt_base_tt0p60v125c
mod10_counter,600,0.8,0.5,22,4,0.725760,1,1.8418,290.6525,uW/nW,0.60,125,TT,saed05rvt_base_tt0p60v125c
mod10_counter,600,0.5,0.3,22,4,0.725760,1,1.2532,291.6013,uW/nW,0.60,125,TT,saed05rvt_base_tt0p60v125c
mod10_counter,600,0.5,0.7,22,4,0.725760,1,1.1246,291.8456,uW/nW,0.60,125,TT,saed05rvt_base_tt0p60v125c
mod10_counter,750,0.1,0.5,22,4,0.725760,1,314.7629,290.8758,nW/nW,0.60,125,TT,saed05rvt_base_tt0p60v125c
mod10_counter,750,0.5,0.5,22,4,0.725760,1,1.1905,290.6801,uW/nW,0.60,125,TT,saed05rvt_base_tt0p60v125c
mod10_counter,750,0.3,0.5,22,4,0.725760,1,755.3389,290.6801,nW/nW,0.60,125,TT,saed05rvt_base_tt0p60v125c
mod10_counter,750,0.8,0.5,22,4,0.725760,1,1.8432,290.6801,uW/nW,0.60,125,TT,saed05rvt_base_tt0p60v125c
mod10_counter,750,0.5,0.3,22,4,0.725760,1,1.2548,291.6332,uW/nW,0.60,125,TT,saed05rvt_base_tt0p60v125c
mod10_counter,750,0.5,0.7,22,4,0.725760,1,1.1263,291.8658,uW/nW,0.60,125,TT,saed05rvt_base_tt0p60v125c
mod10_counter,900,0.1,0.5,22,4,0.725760,1,315.1638,290.8979,nW/nW,0.60,125,TT,saed05rvt_base_tt0p60v125c
mod10_counter,900,0.5,0.5,22,4,0.725760,1,1.1881,290.5721,uW/nW,0.60,125,TT,saed05rvt_base_tt0p60v125c
mod10_counter,900,0.3,0.5,22,4,0.725760,1,753.6125,290.5721,nW/nW,0.60,125,TT,saed05rvt_base_tt0p60v125c
mod10_counter,900,0.8,0.5,22,4,0.725760,1,1.8399,290.5721,uW/nW,0.60,125,TT,saed05rvt_base_tt0p60v125c
mod10_counter,900,0.5,0.3,22,4,0.725760,1,1.2519,291.5415,uW/nW,0.60,125,TT,saed05rvt_base_tt0p60v125c
mod10_counter,900,0.5,0.7,22,4,0.725760,1,1.1245,291.7298,uW/nW,0.60,125,TT,saed05rvt_base_tt0p60v125c
mod10_counter,1000,0.1,0.5,22,4,0.725760,1,317.0071,290.8877,nW/nW,0.60,125,TT,saed05rvt_base_tt0p60v125c
mod10_counter,1000,0.5,0.5,22,4,0.725760,1,1.1919,290.5210,uW/nW,0.60,125,TT,saed05rvt_base_tt0p60v125c
mod10_counter,1000,0.3,0.5,22,4,0.725760,1,757.0110,290.5210,nW/nW,0.60,125,TT,saed05rvt_base_tt0p60v125c
mod10_counter,1000,0.8,0.5,22,4,0.725760,1,1.8444,290.5210,uW/nW,0.60,125,TT,saed05rvt_base_tt0p60v125c
mod10_counter,1000,0.5,0.3,22,4,0.725760,1,1.2562,291.4795,uW/nW,0.60,125,TT,saed05rvt_base_tt0p60v125c
mod10_counter,1000,0.5,0.7,22,4,0.725760,1,1.1278,291.6975,uW/nW,0.60,125,TT,saed05rvt_base_tt0p60v125c
mod10_counter,10,0.1,0.5,22,4,0.725760,1,410.4794,732.9319,nW/nW,0.75,125,TT,saed05rvt_base_tt0p75v125c
mod10_counter,10,0.5,0.5,22,4,0.725760,1,1.8000,732.9214,uW/nW,0.75,125,TT,saed05rvt_base_tt0p75v125c
mod10_counter,10,0.3,0.5,22,4,0.725760,1,1.1052,732.9214,uW/nW,0.75,125,TT,saed05rvt_base_tt0p75v125c
mod10_counter,10,0.8,0.5,22,4,0.725760,1,2.8420,732.9214,uW/nW,0.75,125,TT,saed05rvt_base_tt0p75v125c
mod10_counter,10,0.5,0.3,22,4,0.725760,1,1.8990,735.8157,uW/nW,0.75,125,TT,saed05rvt_base_tt0p75v125c
mod10_counter,10,0.5,0.7,22,4,0.725760,1,1.7010,735.4616,uW/nW,0.75,125,TT,saed05rvt_base_tt0p75v125c
mod10_counter,50,0.1,0.5,22,4,0.725760,1,663.0104,732.9319,nW/nW,0.75,125,TT,saed05rvt_base_tt0p75v125c
mod10_counter,50,0.5,0.5,22,4,0.725760,1,2.0526,732.9214,uW/nW,0.75,125,TT,saed05rvt_base_tt0p75v125c
mod10_counter,50,0.3,0.5,22,4,0.725760,1,1.3579,732.9214,uW/nW,0.75,125,TT,saed05rvt_base_tt0p75v125c
mod10_counter,50,0.8,0.5,22,4,0.725760,1,3.0947,732.9214,uW/nW,0.75,125,TT,saed05rvt_base_tt0p75v125c
mod10_counter,50,0.5,0.3,22,4,0.725760,1,2.1678,735.8157,uW/nW,0.75,125,TT,saed05rvt_base_tt0p75v125c
mod10_counter,50,0.5,0.7,22,4,0.725760,1,1.9379,735.4616,uW/nW,0.75,125,TT,saed05rvt_base_tt0p75v125c
mod10_counter,100,0.1,0.5,22,4,0.725760,1,500.9162,726.4601,nW/nW,0.75,125,TT,saed05rvt_base_tt0p75v125c
mod10_counter,100,0.5,0.5,22,4,0.725760,1,1.8939,726.3501,uW/nW,0.75,125,TT,saed05rvt_base_tt0p75v125c
mod10_counter,100,0.3,0.5,22,4,0.725760,1,1.1980,726.3501,uW/nW,0.75,125,TT,saed05rvt_base_tt0p75v125c
mod10_counter,100,0.8,0.5,22,4,0.725760,1,2.9378,726.3501,uW/nW,0.75,125,TT,saed05rvt_base_tt0p75v125c
mod10_counter,100,0.5,0.3,22,4,0.725760,1,2.0004,729.1905,uW/nW,0.75,125,TT,saed05rvt_base_tt0p75v125c
mod10_counter,100,0.5,0.7,22,4,0.725760,1,1.7878,728.9800,uW/nW,0.75,125,TT,saed05rvt_base_tt0p75v125c
mod10_counter,200,0.1,0.5,22,4,0.725760,1,499.9311,726.3956,nW/nW,0.75,125,TT,saed05rvt_base_tt0p75v125c
mod10_counter,200,0.5,0.5,22,4,0.725760,1,1.9000,726.1984,uW/nW,0.75,125,TT,saed05rvt_base_tt0p75v125c
mod10_counter,200,0.3,0.5,22,4,0.725760,1,1.2026,726.1984,uW/nW,0.75,125,TT,saed05rvt_base_tt0p75v125c
mod10_counter,200,0.8,0.5,22,4,0.725760,1,2.9461,726.1984,uW/nW,0.75,125,TT,saed05rvt_base_tt0p75v125c
mod10_counter,200,0.5,0.3,22,4,0.725760,1,2.0078,728.9741,uW/nW,0.75,125,TT,saed05rvt_base_tt0p75v125c
mod10_counter,200,0.5,0.7,22,4,0.725760,1,1.7926,728.9365,uW/nW,0.75,125,TT,saed05rvt_base_tt0p75v125c
mod10_counter,300,0.1,0.5,22,4,0.725760,1,498.0023,726.3845,nW/nW,0.75,125,TT,saed05rvt_base_tt0p75v125c
mod10_counter,300,0.5,0.5,22,4,0.725760,1,1.9006,726.2088,uW/nW,0.75,125,TT,saed05rvt_base_tt0p75v125c
mod10_counter,300,0.3,0.5,22,4,0.725760,1,1.2025,726.2088,uW/nW,0.75,125,TT,saed05rvt_base_tt0p75v125c
mod10_counter,300,0.8,0.5,22,4,0.725760,1,2.9477,726.2088,uW/nW,0.75,125,TT,saed05rvt_base_tt0p75v125c
mod10_counter,300,0.5,0.3,22,4,0.725760,1,2.0089,728.9544,uW/nW,0.75,125,TT,saed05rvt_base_tt0p75v125c
mod10_counter,300,0.5,0.7,22,4,0.725760,1,1.7927,728.9969,uW/nW,0.75,125,TT,saed05rvt_base_tt0p75v125c
mod10_counter,450,0.1,0.5,22,4,0.725760,1,501.8389,726.6697,nW/nW,0.75,125,TT,saed05rvt_base_tt0p75v125c
mod10_counter,450,0.5,0.5,22,4,0.725760,1,1.9077,726.4048,uW/nW,0.75,125,TT,saed05rvt_base_tt0p75v125c
mod10_counter,450,0.3,0.5,22,4,0.725760,1,1.2091,726.4048,uW/nW,0.75,125,TT,saed05rvt_base_tt0p75v125c
mod10_counter,450,0.8,0.5,22,4,0.725760,1,2.9556,726.4048,uW/nW,0.75,125,TT,saed05rvt_base_tt0p75v125c
mod10_counter,450,0.5,0.3,22,4,0.725760,1,2.0167,729.1283,uW/nW,0.75,125,TT,saed05rvt_base_tt0p75v125c
mod10_counter,450,0.5,0.7,22,4,0.725760,1,1.7990,729.2298,uW/nW,0.75,125,TT,saed05rvt_base_tt0p75v125c
mod10_counter,600,0.1,0.5,22,4,0.725760,1,500.4599,726.7051,nW/nW,0.75,125,TT,saed05rvt_base_tt0p75v125c
mod10_counter,600,0.5,0.5,22,4,0.725760,1,1.9059,726.3928,uW/nW,0.75,125,TT,saed05rvt_base_tt0p75v125c
mod10_counter,600,0.3,0.5,22,4,0.725760,1,1.2073,726.3928,uW/nW,0.75,125,TT,saed05rvt_base_tt0p75v125c
mod10_counter,600,0.8,0.5,22,4,0.725760,1,2.9537,726.3928,uW/nW,0.75,125,TT,saed05rvt_base_tt0p75v125c
mod10_counter,600,0.5,0.3,22,4,0.725760,1,2.0146,729.1176,uW/nW,0.75,125,TT,saed05rvt_base_tt0p75v125c
mod10_counter,600,0.5,0.7,22,4,0.725760,1,1.7975,729.2158,uW/nW,0.75,125,TT,saed05rvt_base_tt0p75v125c
mod10_counter,750,0.1,0.5,22,4,0.725760,1,503.0872,726.9611,nW/nW,0.75,125,TT,saed05rvt_base_tt0p75v125c
mod10_counter,750,0.5,0.5,22,4,0.725760,1,1.9085,726.4647,uW/nW,0.75,125,TT,saed05rvt_base_tt0p75v125c
mod10_counter,750,0.3,0.5,22,4,0.725760,1,1.2102,726.4647,uW/nW,0.75,125,TT,saed05rvt_base_tt0p75v125c
mod10_counter,750,0.8,0.5,22,4,0.725760,1,2.9560,726.4647,uW/nW,0.75,125,TT,saed05rvt_base_tt0p75v125c
mod10_counter,750,0.5,0.3,22,4,0.725760,1,2.0172,729.2013,uW/nW,0.75,125,TT,saed05rvt_base_tt0p75v125c
mod10_counter,750,0.5,0.7,22,4,0.725760,1,1.8002,729.2679,uW/nW,0.75,125,TT,saed05rvt_base_tt0p75v125c
mod10_counter,900,0.1,0.5,22,4,0.725760,1,503.7569,727.0134,nW/nW,0.75,125,TT,saed05rvt_base_tt0p75v125c
mod10_counter,900,0.5,0.5,22,4,0.725760,1,1.9046,726.1922,uW/nW,0.75,125,TT,saed05rvt_base_tt0p75v125c
mod10_counter,900,0.3,0.5,22,4,0.725760,1,1.2073,726.1922,uW/nW,0.75,125,TT,saed05rvt_base_tt0p75v125c
mod10_counter,900,0.8,0.5,22,4,0.725760,1,2.9505,726.1922,uW/nW,0.75,125,TT,saed05rvt_base_tt0p75v125c
mod10_counter,900,0.5,0.3,22,4,0.725760,1,2.0123,728.9740,uW/nW,0.75,125,TT,saed05rvt_base_tt0p75v125c
mod10_counter,900,0.5,0.7,22,4,0.725760,1,1.7973,728.9200,uW/nW,0.75,125,TT,saed05rvt_base_tt0p75v125c
mod10_counter,1000,0.1,0.5,22,4,0.725760,1,506.6364,726.9857,nW/nW,0.75,125,TT,saed05rvt_base_tt0p75v125c
mod10_counter,1000,0.5,0.5,22,4,0.725760,1,1.9107,726.0550,uW/nW,0.75,125,TT,saed05rvt_base_tt0p75v125c
mod10_counter,1000,0.3,0.5,22,4,0.725760,1,1.2128,726.0550,uW/nW,0.75,125,TT,saed05rvt_base_tt0p75v125c
mod10_counter,1000,0.8,0.5,22,4,0.725760,1,2.9577,726.0550,uW/nW,0.75,125,TT,saed05rvt_base_tt0p75v125c
mod10_counter,1000,0.5,0.3,22,4,0.725760,1,2.0193,728.8065,uW/nW,0.75,125,TT,saed05rvt_base_tt0p75v125c
mod10_counter,1000,0.5,0.7,22,4,0.725760,1,1.8025,728.8334,uW/nW,0.75,125,TT,saed05rvt_base_tt0p75v125c
mod10_counter,10,0.1,0.5,22,4,0.725760,1,400.6013,8.4846,nW/nW,0.75,25,TT,saed05rvt_base_tt0p75v25c
mod10_counter,10,0.5,0.5,22,4,0.725760,1,1.7585,8.4845,uW/nW,0.75,25,TT,saed05rvt_base_tt0p75v25c
mod10_counter,10,0.3,0.5,22,4,0.725760,1,1.0796,8.4845,uW/nW,0.75,25,TT,saed05rvt_base_tt0p75v25c
mod10_counter,10,0.8,0.5,22,4,0.725760,1,2.7769,8.4845,uW/nW,0.75,25,TT,saed05rvt_base_tt0p75v25c
mod10_counter,10,0.5,0.3,22,4,0.725760,1,1.8515,8.4385,uW/nW,0.75,25,TT,saed05rvt_base_tt0p75v25c
mod10_counter,10,0.5,0.7,22,4,0.725760,1,1.6654,8.5891,uW/nW,0.75,25,TT,saed05rvt_base_tt0p75v25c
mod10_counter,50,0.1,0.5,22,4,0.725760,1,645.2179,8.4846,nW/nW,0.75,25,TT,saed05rvt_base_tt0p75v25c
mod10_counter,50,0.5,0.5,22,4,0.725760,1,2.0032,8.4845,uW/nW,0.75,25,TT,saed05rvt_base_tt0p75v25c
mod10_counter,50,0.3,0.5,22,4,0.725760,1,1.3243,8.4845,uW/nW,0.75,25,TT,saed05rvt_base_tt0p75v25c
mod10_counter,50,0.8,0.5,22,4,0.725760,1,3.0216,8.4845,uW/nW,0.75,25,TT,saed05rvt_base_tt0p75v25c
mod10_counter,50,0.5,0.3,22,4,0.725760,1,2.1130,8.4385,uW/nW,0.75,25,TT,saed05rvt_base_tt0p75v25c
mod10_counter,50,0.5,0.7,22,4,0.725760,1,1.8930,8.5891,uW/nW,0.75,25,TT,saed05rvt_base_tt0p75v25c
mod10_counter,100,0.1,0.5,22,4,0.725760,1,489.0721,8.4484,nW/nW,0.75,25,TT,saed05rvt_base_tt0p75v25c
mod10_counter,100,0.5,0.5,22,4,0.725760,1,1.8502,8.4477,uW/nW,0.75,25,TT,saed05rvt_base_tt0p75v25c
mod10_counter,100,0.3,0.5,22,4,0.725760,1,1.1702,8.4477,uW/nW,0.75,25,TT,saed05rvt_base_tt0p75v25c
mod10_counter,100,0.8,0.5,22,4,0.725760,1,2.8703,8.4477,uW/nW,0.75,25,TT,saed05rvt_base_tt0p75v25c
mod10_counter,100,0.5,0.3,22,4,0.725760,1,1.9506,8.4015,uW/nW,0.75,25,TT,saed05rvt_base_tt0p75v25c
mod10_counter,100,0.5,0.7,22,4,0.725760,1,1.7498,8.5528,uW/nW,0.75,25,TT,saed05rvt_base_tt0p75v25c
mod10_counter,200,0.1,0.5,22,4,0.725760,1,488.2110,8.4494,nW/nW,0.75,25,TT,saed05rvt_base_tt0p75v25c
mod10_counter,200,0.5,0.5,22,4,0.725760,1,1.8560,8.4478,uW/nW,0.75,25,TT,saed05rvt_base_tt0p75v25c
mod10_counter,200,0.3,0.5,22,4,0.725760,1,1.1746,8.4478,uW/nW,0.75,25,TT,saed05rvt_base_tt0p75v25c
mod10_counter,200,0.8,0.5,22,4,0.725760,1,2.8781,8.4478,uW/nW,0.75,25,TT,saed05rvt_base_tt0p75v25c
mod10_counter,200,0.5,0.3,22,4,0.725760,1,1.9576,8.4013,uW/nW,0.75,25,TT,saed05rvt_base_tt0p75v25c
mod10_counter,200,0.5,0.7,22,4,0.725760,1,1.7543,8.5534,uW/nW,0.75,25,TT,saed05rvt_base_tt0p75v25c
mod10_counter,300,0.1,0.5,22,4,0.725760,1,486.3604,8.4496,nW/nW,0.75,25,TT,saed05rvt_base_tt0p75v25c
mod10_counter,300,0.5,0.5,22,4,0.725760,1,1.8565,8.4479,uW/nW,0.75,25,TT,saed05rvt_base_tt0p75v25c
mod10_counter,300,0.3,0.5,22,4,0.725760,1,1.1745,8.4479,uW/nW,0.75,25,TT,saed05rvt_base_tt0p75v25c
mod10_counter,300,0.8,0.5,22,4,0.725760,1,2.8796,8.4479,uW/nW,0.75,25,TT,saed05rvt_base_tt0p75v25c
mod10_counter,300,0.5,0.3,22,4,0.725760,1,1.9586,8.4013,uW/nW,0.75,25,TT,saed05rvt_base_tt0p75v25c
mod10_counter,300,0.5,0.7,22,4,0.725760,1,1.7544,8.5537,uW/nW,0.75,25,TT,saed05rvt_base_tt0p75v25c
mod10_counter,450,0.1,0.5,22,4,0.725760,1,490.1126,8.4519,nW/nW,0.75,25,TT,saed05rvt_base_tt0p75v25c
mod10_counter,450,0.5,0.5,22,4,0.725760,1,1.8633,8.4492,uW/nW,0.75,25,TT,saed05rvt_base_tt0p75v25c
mod10_counter,450,0.3,0.5,22,4,0.725760,1,1.1808,8.4492,uW/nW,0.75,25,TT,saed05rvt_base_tt0p75v25c
mod10_counter,450,0.8,0.5,22,4,0.725760,1,2.8871,8.4492,uW/nW,0.75,25,TT,saed05rvt_base_tt0p75v25c
mod10_counter,450,0.5,0.3,22,4,0.725760,1,1.9661,8.4025,uW/nW,0.75,25,TT,saed05rvt_base_tt0p75v25c
mod10_counter,450,0.5,0.7,22,4,0.725760,1,1.7604,8.5552,uW/nW,0.75,25,TT,saed05rvt_base_tt0p75v25c
mod10_counter,600,0.1,0.5,22,4,0.725760,1,488.8148,8.4526,nW/nW,0.75,25,TT,saed05rvt_base_tt0p75v25c
mod10_counter,600,0.5,0.5,22,4,0.725760,1,1.8616,8.4495,uW/nW,0.75,25,TT,saed05rvt_base_tt0p75v25c
mod10_counter,600,0.3,0.5,22,4,0.725760,1,1.1792,8.4495,uW/nW,0.75,25,TT,saed05rvt_base_tt0p75v25c
mod10_counter,600,0.8,0.5,22,4,0.725760,1,2.8853,8.4495,uW/nW,0.75,25,TT,saed05rvt_base_tt0p75v25c
mod10_counter,600,0.5,0.3,22,4,0.725760,1,1.9641,8.4028,uW/nW,0.75,25,TT,saed05rvt_base_tt0p75v25c
mod10_counter,600,0.5,0.7,22,4,0.725760,1,1.7591,8.5555,uW/nW,0.75,25,TT,saed05rvt_base_tt0p75v25c
mod10_counter,750,0.1,0.5,22,4,0.725760,1,491.3639,8.4546,nW/nW,0.75,25,TT,saed05rvt_base_tt0p75v25c
mod10_counter,750,0.5,0.5,22,4,0.725760,1,1.8642,8.4499,uW/nW,0.75,25,TT,saed05rvt_base_tt0p75v25c
mod10_counter,750,0.3,0.5,22,4,0.725760,1,1.1820,8.4499,uW/nW,0.75,25,TT,saed05rvt_base_tt0p75v25c
mod10_counter,750,0.8,0.5,22,4,0.725760,1,2.8875,8.4499,uW/nW,0.75,25,TT,saed05rvt_base_tt0p75v25c
mod10_counter,750,0.5,0.3,22,4,0.725760,1,1.9667,8.4033,uW/nW,0.75,25,TT,saed05rvt_base_tt0p75v25c
mod10_counter,750,0.5,0.7,22,4,0.725760,1,1.7616,8.5558,uW/nW,0.75,25,TT,saed05rvt_base_tt0p75v25c
mod10_counter,900,0.1,0.5,22,4,0.725760,1,492.0328,8.4554,nW/nW,0.75,25,TT,saed05rvt_base_tt0p75v25c
mod10_counter,900,0.5,0.5,22,4,0.725760,1,1.8606,8.4481,uW/nW,0.75,25,TT,saed05rvt_base_tt0p75v25c
mod10_counter,900,0.3,0.5,22,4,0.725760,1,1.1793,8.4481,uW/nW,0.75,25,TT,saed05rvt_base_tt0p75v25c
mod10_counter,900,0.8,0.5,22,4,0.725760,1,2.8825,8.4481,uW/nW,0.75,25,TT,saed05rvt_base_tt0p75v25c
mod10_counter,900,0.5,0.3,22,4,0.725760,1,1.9621,8.4017,uW/nW,0.75,25,TT,saed05rvt_base_tt0p75v25c
mod10_counter,900,0.5,0.7,22,4,0.725760,1,1.7589,8.5536,uW/nW,0.75,25,TT,saed05rvt_base_tt0p75v25c
mod10_counter,1000,0.1,0.5,22,4,0.725760,1,494.8814,8.4560,nW/nW,0.75,25,TT,saed05rvt_base_tt0p75v25c
mod10_counter,1000,0.5,0.5,22,4,0.725760,1,1.8665,8.4471,uW/nW,0.75,25,TT,saed05rvt_base_tt0p75v25c
mod10_counter,1000,0.3,0.5,22,4,0.725760,1,1.1846,8.4471,uW/nW,0.75,25,TT,saed05rvt_base_tt0p75v25c
mod10_counter,1000,0.8,0.5,22,4,0.725760,1,2.8893,8.4471,uW/nW,0.75,25,TT,saed05rvt_base_tt0p75v25c
mod10_counter,1000,0.5,0.3,22,4,0.725760,1,1.9689,8.4005,uW/nW,0.75,25,TT,saed05rvt_base_tt0p75v25c
mod10_counter,1000,0.5,0.7,22,4,0.725760,1,1.7640,8.5528,uW/nW,0.75,25,TT,saed05rvt_base_tt0p75v25c
mod10_counter,10,0.1,0.5,22,4,0.725760,1,312.7806,470.0439,nW/nW,0.66,125,FF,saed05rvt_base_ff0p660v125c
mod10_counter,10,0.5,0.5,22,4,0.725760,1,1.3711,470.0373,uW/nW,0.66,125,FF,saed05rvt_base_ff0p660v125c
mod10_counter,10,0.3,0.5,22,4,0.725760,1,841.9553,470.0373,nW/nW,0.66,125,FF,saed05rvt_base_ff0p660v125c
mod10_counter,10,0.8,0.5,22,4,0.725760,1,2.1648,470.0373,uW/nW,0.66,125,FF,saed05rvt_base_ff0p660v125c
mod10_counter,10,0.5,0.3,22,4,0.725760,1,1.4440,471.7856,uW/nW,0.66,125,FF,saed05rvt_base_ff0p660v125c
mod10_counter,10,0.5,0.7,22,4,0.725760,1,1.2982,471.7100,uW/nW,0.66,125,FF,saed05rvt_base_ff0p660v125c
mod10_counter,50,0.1,0.5,22,4,0.725760,1,505.6555,470.0439,nW/nW,0.66,125,FF,saed05rvt_base_ff0p660v125c
mod10_counter,50,0.5,0.5,22,4,0.725760,1,1.5641,470.0373,uW/nW,0.66,125,FF,saed05rvt_base_ff0p660v125c
mod10_counter,50,0.3,0.5,22,4,0.725760,1,1.0349,470.0373,uW/nW,0.66,125,FF,saed05rvt_base_ff0p660v125c
mod10_counter,50,0.8,0.5,22,4,0.725760,1,2.3578,470.0373,uW/nW,0.66,125,FF,saed05rvt_base_ff0p660v125c
mod10_counter,50,0.5,0.3,22,4,0.725760,1,1.6489,471.7856,uW/nW,0.66,125,FF,saed05rvt_base_ff0p660v125c
mod10_counter,50,0.5,0.7,22,4,0.725760,1,1.4794,471.7100,uW/nW,0.66,125,FF,saed05rvt_base_ff0p660v125c
mod10_counter,100,0.1,0.5,22,4,0.725760,1,381.8799,465.8933,nW/nW,0.66,125,FF,saed05rvt_base_ff0p660v125c
mod10_counter,100,0.5,0.5,22,4,0.725760,1,1.4428,465.8211,uW/nW,0.66,125,FF,saed05rvt_base_ff0p660v125c
mod10_counter,100,0.3,0.5,22,4,0.725760,1,912.7646,465.8211,nW/nW,0.66,125,FF,saed05rvt_base_ff0p660v125c
mod10_counter,100,0.8,0.5,22,4,0.725760,1,2.2379,465.8211,uW/nW,0.66,125,FF,saed05rvt_base_ff0p660v125c
mod10_counter,100,0.5,0.3,22,4,0.725760,1,1.5213,467.5367,uW/nW,0.66,125,FF,saed05rvt_base_ff0p660v125c
mod10_counter,100,0.5,0.7,22,4,0.725760,1,1.3646,467.5495,uW/nW,0.66,125,FF,saed05rvt_base_ff0p660v125c
mod10_counter,200,0.1,0.5,22,4,0.725760,1,381.1931,465.8521,nW/nW,0.66,125,FF,saed05rvt_base_ff0p660v125c
mod10_counter,200,0.5,0.5,22,4,0.725760,1,1.4474,465.7256,uW/nW,0.66,125,FF,saed05rvt_base_ff0p660v125c
mod10_counter,200,0.3,0.5,22,4,0.725760,1,916.2544,465.7256,nW/nW,0.66,125,FF,saed05rvt_base_ff0p660v125c
mod10_counter,200,0.8,0.5,22,4,0.725760,1,2.2441,465.7256,uW/nW,0.66,125,FF,saed05rvt_base_ff0p660v125c
mod10_counter,200,0.5,0.3,22,4,0.725760,1,1.5268,467.4017,uW/nW,0.66,125,FF,saed05rvt_base_ff0p660v125c
mod10_counter,200,0.5,0.7,22,4,0.725760,1,1.3682,467.5210,uW/nW,0.66,125,FF,saed05rvt_base_ff0p660v125c
mod10_counter,300,0.1,0.5,22,4,0.725760,1,379.7429,465.8445,nW/nW,0.66,125,FF,saed05rvt_base_ff0p660v125c
mod10_counter,300,0.5,0.5,22,4,0.725760,1,1.4478,465.7331,uW/nW,0.66,125,FF,saed05rvt_base_ff0p660v125c
mod10_counter,300,0.3,0.5,22,4,0.725760,1,916.1993,465.7331,nW/nW,0.66,125,FF,saed05rvt_base_ff0p660v125c
mod10_counter,300,0.8,0.5,22,4,0.725760,1,2.2453,465.7331,uW/nW,0.66,125,FF,saed05rvt_base_ff0p660v125c
mod10_counter,300,0.5,0.3,22,4,0.725760,1,1.5276,467.3910,uW/nW,0.66,125,FF,saed05rvt_base_ff0p660v125c
mod10_counter,300,0.5,0.7,22,4,0.725760,1,1.3682,467.5596,uW/nW,0.66,125,FF,saed05rvt_base_ff0p660v125c
mod10_counter,450,0.1,0.5,22,4,0.725760,1,382.6962,466.0272,nW/nW,0.66,125,FF,saed05rvt_base_ff0p660v125c
mod10_counter,450,0.5,0.5,22,4,0.725760,1,1.4532,465.8598,uW/nW,0.66,125,FF,saed05rvt_base_ff0p660v125c
mod10_counter,450,0.3,0.5,22,4,0.725760,1,921.1852,465.8598,nW/nW,0.66,125,FF,saed05rvt_base_ff0p660v125c
mod10_counter,450,0.8,0.5,22,4,0.725760,1,2.2512,465.8598,uW/nW,0.66,125,FF,saed05rvt_base_ff0p660v125c
mod10_counter,450,0.5,0.3,22,4,0.725760,1,1.5335,467.5042,uW/nW,0.66,125,FF,saed05rvt_base_ff0p660v125c
mod10_counter,450,0.5,0.7,22,4,0.725760,1,1.3730,467.7091,uW/nW,0.66,125,FF,saed05rvt_base_ff0p660v125c
mod10_counter,600,0.1,0.5,22,4,0.725760,1,381.6829,466.0500,nW/nW,0.66,125,FF,saed05rvt_base_ff0p660v125c
mod10_counter,600,0.5,0.5,22,4,0.725760,1,1.4519,465.8510,uW/nW,0.66,125,FF,saed05rvt_base_ff0p660v125c
mod10_counter,600,0.3,0.5,22,4,0.725760,1,919.9024,465.8510,nW/nW,0.66,125,FF,saed05rvt_base_ff0p660v125c
mod10_counter,600,0.8,0.5,22,4,0.725760,1,2.2498,465.8510,uW/nW,0.66,125,FF,saed05rvt_base_ff0p660v125c
mod10_counter,600,0.5,0.3,22,4,0.725760,1,1.5320,467.4961,uW/nW,0.66,125,FF,saed05rvt_base_ff0p660v125c
mod10_counter,600,0.5,0.7,22,4,0.725760,1,1.3720,467.6990,uW/nW,0.66,125,FF,saed05rvt_base_ff0p660v125c
mod10_counter,750,0.1,0.5,22,4,0.725760,1,383.6682,466.2129,nW/nW,0.66,125,FF,saed05rvt_base_ff0p660v125c
mod10_counter,750,0.5,0.5,22,4,0.725760,1,1.4539,465.8979,uW/nW,0.66,125,FF,saed05rvt_base_ff0p660v125c
mod10_counter,750,0.3,0.5,22,4,0.725760,1,922.1050,465.8979,nW/nW,0.66,125,FF,saed05rvt_base_ff0p660v125c
mod10_counter,750,0.8,0.5,22,4,0.725760,1,2.2515,465.8979,uW/nW,0.66,125,FF,saed05rvt_base_ff0p660v125c
mod10_counter,750,0.5,0.3,22,4,0.725760,1,1.5340,467.5503,uW/nW,0.66,125,FF,saed05rvt_base_ff0p660v125c
mod10_counter,750,0.5,0.7,22,4,0.725760,1,1.3740,467.7338,uW/nW,0.66,125,FF,saed05rvt_base_ff0p660v125c
mod10_counter,900,0.1,0.5,22,4,0.725760,1,384.1613,466.2455,nW/nW,0.66,125,FF,saed05rvt_base_ff0p660v125c
mod10_counter,900,0.5,0.5,22,4,0.725760,1,1.4510,465.7222,uW/nW,0.66,125,FF,saed05rvt_base_ff0p660v125c
mod10_counter,900,0.3,0.5,22,4,0.725760,1,919.9570,465.7222,nW/nW,0.66,125,FF,saed05rvt_base_ff0p660v125c
mod10_counter,900,0.8,0.5,22,4,0.725760,1,2.2475,465.7222,uW/nW,0.66,125,FF,saed05rvt_base_ff0p660v125c
mod10_counter,900,0.5,0.3,22,4,0.725760,1,1.5303,467.4021,uW/nW,0.66,125,FF,saed05rvt_base_ff0p660v125c
mod10_counter,900,0.5,0.7,22,4,0.725760,1,1.3718,467.5113,uW/nW,0.66,125,FF,saed05rvt_base_ff0p660v125c
mod10_counter,1000,0.1,0.5,22,4,0.725760,1,386.3855,466.2261,nW/nW,0.66,125,FF,saed05rvt_base_ff0p660v125c
mod10_counter,1000,0.5,0.5,22,4,0.725760,1,1.4556,465.6354,uW/nW,0.66,125,FF,saed05rvt_base_ff0p660v125c
mod10_counter,1000,0.3,0.5,22,4,0.725760,1,924.1016,465.6354,nW/nW,0.66,125,FF,saed05rvt_base_ff0p660v125c
mod10_counter,1000,0.8,0.5,22,4,0.725760,1,2.2529,465.6354,uW/nW,0.66,125,FF,saed05rvt_base_ff0p660v125c
mod10_counter,1000,0.5,0.3,22,4,0.725760,1,1.5357,467.2968,uW/nW,0.66,125,FF,saed05rvt_base_ff0p660v125c
mod10_counter,1000,0.5,0.7,22,4,0.725760,1,1.3758,467.4558,uW/nW,0.66,125,FF,saed05rvt_base_ff0p660v125c
mod10_counter,10,0.1,0.5,22,4,0.725760,1,306.7263,4.6894,nW/nW,0.66,25,FF,saed05rvt_base_ff0p660v25c
mod10_counter,10,0.5,0.5,22,4,0.725760,1,1.3445,4.6893,uW/nW,0.66,25,FF,saed05rvt_base_ff0p660v25c
mod10_counter,10,0.3,0.5,22,4,0.725760,1,825.6481,4.6893,nW/nW,0.66,25,FF,saed05rvt_base_ff0p660v25c
mod10_counter,10,0.8,0.5,22,4,0.725760,1,2.1229,4.6893,uW/nW,0.66,25,FF,saed05rvt_base_ff0p660v25c
mod10_counter,10,0.5,0.3,22,4,0.725760,1,1.4136,4.6613,uW/nW,0.66,25,FF,saed05rvt_base_ff0p660v25c
mod10_counter,10,0.5,0.7,22,4,0.725760,1,1.2754,4.7493,uW/nW,0.66,25,FF,saed05rvt_base_ff0p660v25c
mod10_counter,50,0.1,0.5,22,4,0.725760,1,495.8839,4.6894,nW/nW,0.66,25,FF,saed05rvt_base_ff0p660v25c
mod10_counter,50,0.5,0.5,22,4,0.725760,1,1.5338,4.6893,uW/nW,0.66,25,FF,saed05rvt_base_ff0p660v25c
mod10_counter,50,0.3,0.5,22,4,0.725760,1,1.0149,4.6893,uW/nW,0.66,25,FF,saed05rvt_base_ff0p660v25c
mod10_counter,50,0.8,0.5,22,4,0.725760,1,2.3121,4.6893,uW/nW,0.66,25,FF,saed05rvt_base_ff0p660v25c
mod10_counter,50,0.5,0.3,22,4,0.725760,1,1.6156,4.6613,uW/nW,0.66,25,FF,saed05rvt_base_ff0p660v25c
mod10_counter,50,0.5,0.7,22,4,0.725760,1,1.4517,4.7493,uW/nW,0.66,25,FF,saed05rvt_base_ff0p660v25c
mod10_counter,100,0.1,0.5,22,4,0.725760,1,375.0654,4.6705,nW/nW,0.66,25,FF,saed05rvt_base_ff0p660v25c
mod10_counter,100,0.5,0.5,22,4,0.725760,1,1.4156,4.6704,uW/nW,0.66,25,FF,saed05rvt_base_ff0p660v25c
mod10_counter,100,0.3,0.5,22,4,0.725760,1,895.8149,4.6704,nW/nW,0.66,25,FF,saed05rvt_base_ff0p660v25c
mod10_counter,100,0.8,0.5,22,4,0.725760,1,2.1953,4.6704,uW/nW,0.66,25,FF,saed05rvt_base_ff0p660v25c
mod10_counter,100,0.5,0.3,22,4,0.725760,1,1.4903,4.6422,uW/nW,0.66,25,FF,saed05rvt_base_ff0p660v25c
mod10_counter,100,0.5,0.7,22,4,0.725760,1,1.3409,4.7305,uW/nW,0.66,25,FF,saed05rvt_base_ff0p660v25c
mod10_counter,200,0.1,0.5,22,4,0.725760,1,374.3871,4.6711,nW/nW,0.66,25,FF,saed05rvt_base_ff0p660v25c
mod10_counter,200,0.5,0.5,22,4,0.725760,1,1.4197,4.6705,uW/nW,0.66,25,FF,saed05rvt_base_ff0p660v25c
mod10_counter,200,0.3,0.5,22,4,0.725760,1,899.0573,4.6705,nW/nW,0.66,25,FF,saed05rvt_base_ff0p660v25c
mod10_counter,200,0.8,0.5,22,4,0.725760,1,2.2007,4.6705,uW/nW,0.66,25,FF,saed05rvt_base_ff0p660v25c
mod10_counter,200,0.5,0.3,22,4,0.725760,1,1.4952,4.6422,uW/nW,0.66,25,FF,saed05rvt_base_ff0p660v25c
mod10_counter,200,0.5,0.7,22,4,0.725760,1,1.3442,4.7308,uW/nW,0.66,25,FF,saed05rvt_base_ff0p660v25c
mod10_counter,300,0.1,0.5,22,4,0.725760,1,372.9588,4.6713,nW/nW,0.66,25,FF,saed05rvt_base_ff0p660v25c
mod10_counter,300,0.5,0.5,22,4,0.725760,1,1.4204,4.6704,uW/nW,0.66,25,FF,saed05rvt_base_ff0p660v25c
mod10_counter,300,0.3,0.5,22,4,0.725760,1,899.1728,4.6704,nW/nW,0.66,25,FF,saed05rvt_base_ff0p660v25c
mod10_counter,300,0.8,0.5,22,4,0.725760,1,2.2022,4.6704,uW/nW,0.66,25,FF,saed05rvt_base_ff0p660v25c
mod10_counter,300,0.5,0.3,22,4,0.725760,1,1.4963,4.6421,uW/nW,0.66,25,FF,saed05rvt_base_ff0p660v25c
mod10_counter,300,0.5,0.7,22,4,0.725760,1,1.3445,4.7309,uW/nW,0.66,25,FF,saed05rvt_base_ff0p660v25c
mod10_counter,450,0.1,0.5,22,4,0.725760,1,375.8547,4.6725,nW/nW,0.66,25,FF,saed05rvt_base_ff0p660v25c
mod10_counter,450,0.5,0.5,22,4,0.725760,1,1.4257,4.6714,uW/nW,0.66,25,FF,saed05rvt_base_ff0p660v25c
mod10_counter,450,0.3,0.5,22,4,0.725760,1,904.1992,4.6714,nW/nW,0.66,25,FF,saed05rvt_base_ff0p660v25c
mod10_counter,450,0.8,0.5,22,4,0.725760,1,2.2080,4.6714,uW/nW,0.66,25,FF,saed05rvt_base_ff0p660v25c
mod10_counter,450,0.5,0.3,22,4,0.725760,1,1.5021,4.6430,uW/nW,0.66,25,FF,saed05rvt_base_ff0p660v25c
mod10_counter,450,0.5,0.7,22,4,0.725760,1,1.3493,4.7320,uW/nW,0.66,25,FF,saed05rvt_base_ff0p660v25c
mod10_counter,600,0.1,0.5,22,4,0.725760,1,374.8522,4.6729,nW/nW,0.66,25,FF,saed05rvt_base_ff0p660v25c
mod10_counter,600,0.5,0.5,22,4,0.725760,1,1.4267,4.6717,uW/nW,0.66,25,FF,saed05rvt_base_ff0p660v25c
mod10_counter,600,0.3,0.5,22,4,0.725760,1,904.9246,4.6717,nW/nW,0.66,25,FF,saed05rvt_base_ff0p660v25c
mod10_counter,600,0.8,0.5,22,4,0.725760,1,2.2094,4.6717,uW/nW,0.66,25,FF,saed05rvt_base_ff0p660v25c
mod10_counter,600,0.5,0.3,22,4,0.725760,1,1.5032,4.6433,uW/nW,0.66,25,FF,saed05rvt_base_ff0p660v25c
mod10_counter,600,0.5,0.7,22,4,0.725760,1,1.3501,4.7323,uW/nW,0.66,25,FF,saed05rvt_base_ff0p660v25c
mod10_counter,750,0.1,0.5,22,4,0.725760,1,376.8165,4.6739,nW/nW,0.66,25,FF,saed05rvt_base_ff0p660v25c
mod10_counter,750,0.5,0.5,22,4,0.725760,1,1.4291,4.6731,uW/nW,0.66,25,FF,saed05rvt_base_ff0p660v25c
mod10_counter,750,0.3,0.5,22,4,0.725760,1,907.0375,4.6731,nW/nW,0.66,25,FF,saed05rvt_base_ff0p660v25c
mod10_counter,750,0.8,0.5,22,4,0.725760,1,2.2122,4.6731,uW/nW,0.66,25,FF,saed05rvt_base_ff0p660v25c
mod10_counter,750,0.5,0.3,22,4,0.725760,1,1.5060,4.6447,uW/nW,0.66,25,FF,saed05rvt_base_ff0p660v25c
mod10_counter,750,0.5,0.7,22,4,0.725760,1,1.3521,4.7338,uW/nW,0.66,25,FF,saed05rvt_base_ff0p660v25c
mod10_counter,900,0.1,0.5,22,4,0.725760,1,377.3276,4.6744,nW/nW,0.66,25,FF,saed05rvt_base_ff0p660v25c
mod10_counter,900,0.5,0.5,22,4,0.725760,1,1.4280,4.6724,uW/nW,0.66,25,FF,saed05rvt_base_ff0p660v25c
mod10_counter,900,0.3,0.5,22,4,0.725760,1,906.3638,4.6724,nW/nW,0.66,25,FF,saed05rvt_base_ff0p660v25c
mod10_counter,900,0.8,0.5,22,4,0.725760,1,2.2103,4.6724,uW/nW,0.66,25,FF,saed05rvt_base_ff0p660v25c
mod10_counter,900,0.5,0.3,22,4,0.725760,1,1.5045,4.6440,uW/nW,0.66,25,FF,saed05rvt_base_ff0p660v25c
mod10_counter,900,0.5,0.7,22,4,0.725760,1,1.3513,4.7330,uW/nW,0.66,25,FF,saed05rvt_base_ff0p660v25c
mod10_counter,1000,0.1,0.5,22,4,0.725760,1,379.5324,4.6747,nW/nW,0.66,25,FF,saed05rvt_base_ff0p660v25c
mod10_counter,1000,0.5,0.5,22,4,0.725760,1,1.4332,4.6719,uW/nW,0.66,25,FF,saed05rvt_base_ff0p660v25c
mod10_counter,1000,0.3,0.5,22,4,0.725760,1,911.0491,4.6719,nW/nW,0.66,25,FF,saed05rvt_base_ff0p660v25c
mod10_counter,1000,0.8,0.5,22,4,0.725760,1,2.2165,4.6719,uW/nW,0.66,25,FF,saed05rvt_base_ff0p660v25c
mod10_counter,1000,0.5,0.3,22,4,0.725760,1,1.5106,4.6435,uW/nW,0.66,25,FF,saed05rvt_base_ff0p660v25c
mod10_counter,1000,0.5,0.7,22,4,0.725760,1,1.3558,4.7327,uW/nW,0.66,25,FF,saed05rvt_base_ff0p660v25c
mod10_counter,10,0.1,0.5,22,4,0.725760,1,505.0840,1.2351,nW/uW,0.825,125,FF,saed05rvt_base_ff0p825v125c
mod10_counter,10,0.5,0.5,22,4,0.725760,1,2.2058,1.2351,uW/uW,0.825,125,FF,saed05rvt_base_ff0p825v125c
mod10_counter,10,0.3,0.5,22,4,0.725760,1,1.3555,1.2351,uW/uW,0.825,125,FF,saed05rvt_base_ff0p825v125c
mod10_counter,10,0.8,0.5,22,4,0.725760,1,3.4814,1.2351,uW/uW,0.825,125,FF,saed05rvt_base_ff0p825v125c
mod10_counter,10,0.5,0.3,22,4,0.725760,1,2.3312,1.2402,uW/uW,0.825,125,FF,saed05rvt_base_ff0p825v125c
mod10_counter,10,0.5,0.7,22,4,0.725760,1,2.0806,1.2393,uW/uW,0.825,125,FF,saed05rvt_base_ff0p825v125c
mod10_counter,50,0.1,0.5,22,4,0.725760,1,824.7736,1.2351,nW/uW,0.825,125,FF,saed05rvt_base_ff0p825v125c
mod10_counter,50,0.5,0.5,22,4,0.725760,1,2.5257,1.2351,uW/uW,0.825,125,FF,saed05rvt_base_ff0p825v125c
mod10_counter,50,0.3,0.5,22,4,0.725760,1,1.6753,1.2351,uW/uW,0.825,125,FF,saed05rvt_base_ff0p825v125c
mod10_counter,50,0.8,0.5,22,4,0.725760,1,3.8012,1.2351,uW/uW,0.825,125,FF,saed05rvt_base_ff0p825v125c
mod10_counter,50,0.5,0.3,22,4,0.725760,1,2.6702,1.2402,uW/uW,0.825,125,FF,saed05rvt_base_ff0p825v125c
mod10_counter,50,0.5,0.7,22,4,0.725760,1,2.3819,1.2393,uW/uW,0.825,125,FF,saed05rvt_base_ff0p825v125c
mod10_counter,100,0.1,0.5,22,4,0.725760,1,618.7232,1.2242,nW/uW,0.825,125,FF,saed05rvt_base_ff0p825v125c
mod10_counter,100,0.5,0.5,22,4,0.725760,1,2.3239,1.2240,uW/uW,0.825,125,FF,saed05rvt_base_ff0p825v125c
mod10_counter,100,0.3,0.5,22,4,0.725760,1,1.4720,1.2240,uW/uW,0.825,125,FF,saed05rvt_base_ff0p825v125c
mod10_counter,100,0.8,0.5,22,4,0.725760,1,3.6018,1.2240,uW/uW,0.825,125,FF,saed05rvt_base_ff0p825v125c
mod10_counter,100,0.5,0.3,22,4,0.725760,1,2.4585,1.2290,uW/uW,0.825,125,FF,saed05rvt_base_ff0p825v125c
mod10_counter,100,0.5,0.7,22,4,0.725760,1,2.1900,1.2283,uW/uW,0.825,125,FF,saed05rvt_base_ff0p825v125c
mod10_counter,200,0.1,0.5,22,4,0.725760,1,617.3976,1.2241,nW/uW,0.825,125,FF,saed05rvt_base_ff0p825v125c
mod10_counter,200,0.5,0.5,22,4,0.725760,1,2.3316,1.2237,uW/uW,0.825,125,FF,saed05rvt_base_ff0p825v125c
mod10_counter,200,0.3,0.5,22,4,0.725760,1,1.4778,1.2237,uW/uW,0.825,125,FF,saed05rvt_base_ff0p825v125c
mod10_counter,200,0.8,0.5,22,4,0.725760,1,3.6122,1.2237,uW/uW,0.825,125,FF,saed05rvt_base_ff0p825v125c
mod10_counter,200,0.5,0.3,22,4,0.725760,1,2.4678,1.2286,uW/uW,0.825,125,FF,saed05rvt_base_ff0p825v125c
mod10_counter,200,0.5,0.7,22,4,0.725760,1,2.1959,1.2282,uW/uW,0.825,125,FF,saed05rvt_base_ff0p825v125c
mod10_counter,300,0.1,0.5,22,4,0.725760,1,614.9625,1.2240,nW/uW,0.825,125,FF,saed05rvt_base_ff0p825v125c
mod10_counter,300,0.5,0.5,22,4,0.725760,1,2.3324,1.2237,uW/uW,0.825,125,FF,saed05rvt_base_ff0p825v125c
mod10_counter,300,0.3,0.5,22,4,0.725760,1,1.4777,1.2237,uW/uW,0.825,125,FF,saed05rvt_base_ff0p825v125c
mod10_counter,300,0.8,0.5,22,4,0.725760,1,3.6143,1.2237,uW/uW,0.825,125,FF,saed05rvt_base_ff0p825v125c
mod10_counter,300,0.5,0.3,22,4,0.725760,1,2.4692,1.2286,uW/uW,0.825,125,FF,saed05rvt_base_ff0p825v125c
mod10_counter,300,0.5,0.7,22,4,0.725760,1,2.1961,1.2283,uW/uW,0.825,125,FF,saed05rvt_base_ff0p825v125c
mod10_counter,450,0.1,0.5,22,4,0.725760,1,619.8001,1.2245,nW/uW,0.825,125,FF,saed05rvt_base_ff0p825v125c
mod10_counter,450,0.5,0.5,22,4,0.725760,1,2.3413,1.2241,uW/uW,0.825,125,FF,saed05rvt_base_ff0p825v125c
mod10_counter,450,0.3,0.5,22,4,0.725760,1,1.4860,1.2241,uW/uW,0.825,125,FF,saed05rvt_base_ff0p825v125c
mod10_counter,450,0.8,0.5,22,4,0.725760,1,3.6241,1.2241,uW/uW,0.825,125,FF,saed05rvt_base_ff0p825v125c
mod10_counter,450,0.5,0.3,22,4,0.725760,1,2.4790,1.2289,uW/uW,0.825,125,FF,saed05rvt_base_ff0p825v125c
mod10_counter,450,0.5,0.7,22,4,0.725760,1,2.2041,1.2287,uW/uW,0.825,125,FF,saed05rvt_base_ff0p825v125c
mod10_counter,600,0.1,0.5,22,4,0.725760,1,618.0520,1.2246,nW/uW,0.825,125,FF,saed05rvt_base_ff0p825v125c
mod10_counter,600,0.5,0.5,22,4,0.725760,1,2.3390,1.2241,uW/uW,0.825,125,FF,saed05rvt_base_ff0p825v125c
mod10_counter,600,0.3,0.5,22,4,0.725760,1,1.4838,1.2241,uW/uW,0.825,125,FF,saed05rvt_base_ff0p825v125c
mod10_counter,600,0.8,0.5,22,4,0.725760,1,3.6218,1.2241,uW/uW,0.825,125,FF,saed05rvt_base_ff0p825v125c
mod10_counter,600,0.5,0.3,22,4,0.725760,1,2.4763,1.2289,uW/uW,0.825,125,FF,saed05rvt_base_ff0p825v125c
mod10_counter,600,0.5,0.7,22,4,0.725760,1,2.2022,1.2287,uW/uW,0.825,125,FF,saed05rvt_base_ff0p825v125c
mod10_counter,750,0.1,0.5,22,4,0.725760,1,621.3765,1.2250,nW/uW,0.825,125,FF,saed05rvt_base_ff0p825v125c
mod10_counter,750,0.5,0.5,22,4,0.725760,1,2.3423,1.2242,uW/uW,0.825,125,FF,saed05rvt_base_ff0p825v125c
mod10_counter,750,0.3,0.5,22,4,0.725760,1,1.4875,1.2242,uW/uW,0.825,125,FF,saed05rvt_base_ff0p825v125c
mod10_counter,750,0.8,0.5,22,4,0.725760,1,3.6246,1.2242,uW/uW,0.825,125,FF,saed05rvt_base_ff0p825v125c
mod10_counter,750,0.5,0.3,22,4,0.725760,1,2.4797,1.2290,uW/uW,0.825,125,FF,saed05rvt_base_ff0p825v125c
mod10_counter,750,0.5,0.7,22,4,0.725760,1,2.2055,1.2288,uW/uW,0.825,125,FF,saed05rvt_base_ff0p825v125c
mod10_counter,900,0.1,0.5,22,4,0.725760,1,622.2170,1.2251,nW/uW,0.825,125,FF,saed05rvt_base_ff0p825v125c
mod10_counter,900,0.5,0.5,22,4,0.725760,1,2.3374,1.2237,uW/uW,0.825,125,FF,saed05rvt_base_ff0p825v125c
mod10_counter,900,0.3,0.5,22,4,0.725760,1,1.4838,1.2237,uW/uW,0.825,125,FF,saed05rvt_base_ff0p825v125c
mod10_counter,900,0.8,0.5,22,4,0.725760,1,3.6177,1.2237,uW/uW,0.825,125,FF,saed05rvt_base_ff0p825v125c
mod10_counter,900,0.5,0.3,22,4,0.725760,1,2.4734,1.2286,uW/uW,0.825,125,FF,saed05rvt_base_ff0p825v125c
mod10_counter,900,0.5,0.7,22,4,0.725760,1,2.2019,1.2282,uW/uW,0.825,125,FF,saed05rvt_base_ff0p825v125c
mod10_counter,1000,0.1,0.5,22,4,0.725760,1,625.8267,1.2251,nW/uW,0.825,125,FF,saed05rvt_base_ff0p825v125c
mod10_counter,1000,0.5,0.5,22,4,0.725760,1,2.3451,1.2235,uW/uW,0.825,125,FF,saed05rvt_base_ff0p825v125c
mod10_counter,1000,0.3,0.5,22,4,0.725760,1,1.4907,1.2235,uW/uW,0.825,125,FF,saed05rvt_base_ff0p825v125c
mod10_counter,1000,0.8,0.5,22,4,0.725760,1,3.6268,1.2235,uW/uW,0.825,125,FF,saed05rvt_base_ff0p825v125c
mod10_counter,1000,0.5,0.3,22,4,0.725760,1,2.4823,1.2283,uW/uW,0.825,125,FF,saed05rvt_base_ff0p825v125c
mod10_counter,1000,0.5,0.7,22,4,0.725760,1,2.2085,1.2281,uW/uW,0.825,125,FF,saed05rvt_base_ff0p825v125c
mod10_counter,10,0.1,0.5,22,4,0.725760,1,492.0683,15.9844,nW/nW,0.825,25,FF,saed05rvt_base_ff0p825v25c
mod10_counter,10,0.5,0.5,22,4,0.725760,1,2.1507,15.9842,uW/nW,0.825,25,FF,saed05rvt_base_ff0p825v25c
mod10_counter,10,0.3,0.5,22,4,0.725760,1,1.3214,15.9842,uW/nW,0.825,25,FF,saed05rvt_base_ff0p825v25c
mod10_counter,10,0.8,0.5,22,4,0.725760,1,3.3946,15.9842,uW/nW,0.825,25,FF,saed05rvt_base_ff0p825v25c
mod10_counter,10,0.5,0.3,22,4,0.725760,1,2.2664,15.9231,uW/nW,0.825,25,FF,saed05rvt_base_ff0p825v25c
mod10_counter,10,0.5,0.7,22,4,0.725760,1,2.0348,16.1595,uW/nW,0.825,25,FF,saed05rvt_base_ff0p825v25c
mod10_counter,50,0.1,0.5,22,4,0.725760,1,801.8264,15.9844,nW/nW,0.825,25,FF,saed05rvt_base_ff0p825v25c
mod10_counter,50,0.5,0.5,22,4,0.725760,1,2.4606,15.9842,uW/nW,0.825,25,FF,saed05rvt_base_ff0p825v25c
mod10_counter,50,0.3,0.5,22,4,0.725760,1,1.6313,15.9842,uW/nW,0.825,25,FF,saed05rvt_base_ff0p825v25c
mod10_counter,50,0.8,0.5,22,4,0.725760,1,3.7045,15.9842,uW/nW,0.825,25,FF,saed05rvt_base_ff0p825v25c
mod10_counter,50,0.5,0.3,22,4,0.725760,1,2.5966,15.9231,uW/nW,0.825,25,FF,saed05rvt_base_ff0p825v25c
mod10_counter,50,0.5,0.7,22,4,0.725760,1,2.3241,16.1595,uW/nW,0.825,25,FF,saed05rvt_base_ff0p825v25c
mod10_counter,100,0.1,0.5,22,4,0.725760,1,603.7521,15.9124,nW/nW,0.825,25,FF,saed05rvt_base_ff0p825v25c
mod10_counter,100,0.5,0.5,22,4,0.725760,1,2.2665,15.9110,uW/nW,0.825,25,FF,saed05rvt_base_ff0p825v25c
mod10_counter,100,0.3,0.5,22,4,0.725760,1,1.4358,15.9110,uW/nW,0.825,25,FF,saed05rvt_base_ff0p825v25c
mod10_counter,100,0.8,0.5,22,4,0.725760,1,3.5125,15.9110,uW/nW,0.825,25,FF,saed05rvt_base_ff0p825v25c
mod10_counter,100,0.5,0.3,22,4,0.725760,1,2.3913,15.8493,uW/nW,0.825,25,FF,saed05rvt_base_ff0p825v25c
mod10_counter,100,0.5,0.7,22,4,0.725760,1,2.1416,16.0873,uW/nW,0.825,25,FF,saed05rvt_base_ff0p825v25c
mod10_counter,200,0.1,0.5,22,4,0.725760,1,602.6410,15.9141,nW/nW,0.825,25,FF,saed05rvt_base_ff0p825v25c
mod10_counter,200,0.5,0.5,22,4,0.725760,1,2.2736,15.9111,uW/nW,0.825,25,FF,saed05rvt_base_ff0p825v25c
mod10_counter,200,0.3,0.5,22,4,0.725760,1,1.4412,15.9111,uW/nW,0.825,25,FF,saed05rvt_base_ff0p825v25c
mod10_counter,200,0.8,0.5,22,4,0.725760,1,3.5222,15.9111,uW/nW,0.825,25,FF,saed05rvt_base_ff0p825v25c
mod10_counter,200,0.5,0.3,22,4,0.725760,1,2.3999,15.8487,uW/nW,0.825,25,FF,saed05rvt_base_ff0p825v25c
mod10_counter,200,0.5,0.7,22,4,0.725760,1,2.1472,16.0885,uW/nW,0.825,25,FF,saed05rvt_base_ff0p825v25c
mod10_counter,300,0.1,0.5,22,4,0.725760,1,600.3060,15.9146,nW/nW,0.825,25,FF,saed05rvt_base_ff0p825v25c
mod10_counter,300,0.5,0.5,22,4,0.725760,1,2.2742,15.9113,uW/nW,0.825,25,FF,saed05rvt_base_ff0p825v25c
mod10_counter,300,0.3,0.5,22,4,0.725760,1,1.4411,15.9113,uW/nW,0.825,25,FF,saed05rvt_base_ff0p825v25c
mod10_counter,300,0.8,0.5,22,4,0.725760,1,3.5240,15.9113,uW/nW,0.825,25,FF,saed05rvt_base_ff0p825v25c
mod10_counter,300,0.5,0.3,22,4,0.725760,1,2.4012,15.8486,uW/nW,0.825,25,FF,saed05rvt_base_ff0p825v25c
mod10_counter,300,0.5,0.7,22,4,0.725760,1,2.1472,16.0893,uW/nW,0.825,25,FF,saed05rvt_base_ff0p825v25c
mod10_counter,450,0.1,0.5,22,4,0.725760,1,605.0416,15.9189,nW/nW,0.825,25,FF,saed05rvt_base_ff0p825v25c
mod10_counter,450,0.5,0.5,22,4,0.725760,1,2.2828,15.9138,uW/nW,0.825,25,FF,saed05rvt_base_ff0p825v25c
mod10_counter,450,0.3,0.5,22,4,0.725760,1,1.4490,15.9138,uW/nW,0.825,25,FF,saed05rvt_base_ff0p825v25c
mod10_counter,450,0.8,0.5,22,4,0.725760,1,3.5334,15.9138,uW/nW,0.825,25,FF,saed05rvt_base_ff0p825v25c
mod10_counter,450,0.5,0.3,22,4,0.725760,1,2.4106,15.8509,uW/nW,0.825,25,FF,saed05rvt_base_ff0p825v25c
mod10_counter,450,0.5,0.7,22,4,0.725760,1,2.1548,16.0922,uW/nW,0.825,25,FF,saed05rvt_base_ff0p825v25c
mod10_counter,600,0.1,0.5,22,4,0.725760,1,603.4111,15.9202,nW/nW,0.825,25,FF,saed05rvt_base_ff0p825v25c
mod10_counter,600,0.5,0.5,22,4,0.725760,1,2.2807,15.9144,uW/nW,0.825,25,FF,saed05rvt_base_ff0p825v25c
mod10_counter,600,0.3,0.5,22,4,0.725760,1,1.4470,15.9144,uW/nW,0.825,25,FF,saed05rvt_base_ff0p825v25c
mod10_counter,600,0.8,0.5,22,4,0.725760,1,3.5313,15.9144,uW/nW,0.825,25,FF,saed05rvt_base_ff0p825v25c
mod10_counter,600,0.5,0.3,22,4,0.725760,1,2.4081,15.8515,uW/nW,0.825,25,FF,saed05rvt_base_ff0p825v25c
mod10_counter,600,0.5,0.7,22,4,0.725760,1,2.1532,16.0928,uW/nW,0.825,25,FF,saed05rvt_base_ff0p825v25c
mod10_counter,750,0.1,0.5,22,4,0.725760,1,606.6069,15.9241,nW/nW,0.825,25,FF,saed05rvt_base_ff0p825v25c
mod10_counter,750,0.5,0.5,22,4,0.725760,1,2.2839,15.9151,uW/nW,0.825,25,FF,saed05rvt_base_ff0p825v25c
mod10_counter,750,0.3,0.5,22,4,0.725760,1,1.4505,15.9151,uW/nW,0.825,25,FF,saed05rvt_base_ff0p825v25c
mod10_counter,750,0.8,0.5,22,4,0.725760,1,3.5340,15.9151,uW/nW,0.825,25,FF,saed05rvt_base_ff0p825v25c
mod10_counter,750,0.5,0.3,22,4,0.725760,1,2.4114,15.8524,uW/nW,0.825,25,FF,saed05rvt_base_ff0p825v25c
mod10_counter,750,0.5,0.7,22,4,0.725760,1,2.1564,16.0933,uW/nW,0.825,25,FF,saed05rvt_base_ff0p825v25c
mod10_counter,900,0.1,0.5,22,4,0.725760,1,607.4348,15.9257,nW/nW,0.825,25,FF,saed05rvt_base_ff0p825v25c
mod10_counter,900,0.5,0.5,22,4,0.725760,1,2.2795,15.9116,uW/nW,0.825,25,FF,saed05rvt_base_ff0p825v25c
mod10_counter,900,0.3,0.5,22,4,0.725760,1,1.4472,15.9116,uW/nW,0.825,25,FF,saed05rvt_base_ff0p825v25c
mod10_counter,900,0.8,0.5,22,4,0.725760,1,3.5278,15.9116,uW/nW,0.825,25,FF,saed05rvt_base_ff0p825v25c
mod10_counter,900,0.5,0.3,22,4,0.725760,1,2.4057,15.8492,uW/nW,0.825,25,FF,saed05rvt_base_ff0p825v25c
mod10_counter,900,0.5,0.7,22,4,0.725760,1,2.1531,16.0889,uW/nW,0.825,25,FF,saed05rvt_base_ff0p825v25c
mod10_counter,1000,0.1,0.5,22,4,0.725760,1,611.0309,15.9267,nW/nW,0.825,25,FF,saed05rvt_base_ff0p825v25c
mod10_counter,1000,0.5,0.5,22,4,0.725760,1,2.2869,15.9096,uW/nW,0.825,25,FF,saed05rvt_base_ff0p825v25c
mod10_counter,1000,0.3,0.5,22,4,0.725760,1,1.4538,15.9096,uW/nW,0.825,25,FF,saed05rvt_base_ff0p825v25c
mod10_counter,1000,0.8,0.5,22,4,0.725760,1,3.5364,15.9096,uW/nW,0.825,25,FF,saed05rvt_base_ff0p825v25c
mod10_counter,1000,0.5,0.3,22,4,0.725760,1,2.4142,15.8470,uW/nW,0.825,25,FF,saed05rvt_base_ff0p825v25c
mod10_counter,1000,0.5,0.7,22,4,0.725760,1,2.1594,16.0875,uW/nW,0.825,25,FF,saed05rvt_base_ff0p825v25c
mod10_counter,10,0.1,0.5,22,4,0.725760,1,204.4512,180.7117,nW/nW,0.540,125,SS,saed05rvt_base_ss0p540v125c
mod10_counter,10,0.5,0.5,22,4,0.725760,1,897.5126,180.7092,nW/nW,0.540,125,SS,saed05rvt_base_ss0p540v125c
mod10_counter,10,0.3,0.5,22,4,0.725760,1,550.9923,180.7092,nW/nW,0.540,125,SS,saed05rvt_base_ss0p540v125c
mod10_counter,10,0.8,0.5,22,4,0.725760,1,1.4173,180.7092,uW/nW,0.540,125,SS,saed05rvt_base_ss0p540v125c
mod10_counter,10,0.5,0.3,22,4,0.725760,1,943.4678,181.2936,nW/nW,0.540,125,SS,saed05rvt_base_ss0p540v125c
mod10_counter,10,0.5,0.7,22,4,0.725760,1,851.5765,181.3864,nW/nW,0.540,125,SS,saed05rvt_base_ss0p540v125c
mod10_counter,50,0.1,0.5,22,4,0.725760,1,329.2383,180.7117,nW/nW,0.540,125,SS,saed05rvt_base_ss0p540v125c
mod10_counter,50,0.5,0.5,22,4,0.725760,1,1.0224,180.7092,uW/nW,0.540,125,SS,saed05rvt_base_ss0p540v125c
mod10_counter,50,0.3,0.5,22,4,0.725760,1,675.8401,180.7092,nW/nW,0.540,125,SS,saed05rvt_base_ss0p540v125c
mod10_counter,50,0.8,0.5,22,4,0.725760,1,1.5421,180.7092,uW/nW,0.540,125,SS,saed05rvt_base_ss0p540v125c
mod10_counter,50,0.5,0.3,22,4,0.725760,1,1.0764,181.2936,uW/nW,0.540,125,SS,saed05rvt_base_ss0p540v125c
mod10_counter,50,0.5,0.7,22,4,0.725760,1,968.4302,181.3864,nW/nW,0.540,125,SS,saed05rvt_base_ss0p540v125c
mod10_counter,100,0.1,0.5,22,4,0.725760,1,249.2473,179.1137,nW/nW,0.540,125,SS,saed05rvt_base_ss0p540v125c
mod10_counter,100,0.5,0.5,22,4,0.725760,1,943.9723,179.0849,nW/nW,0.540,125,SS,saed05rvt_base_ss0p540v125c
mod10_counter,100,0.3,0.5,22,4,0.725760,1,596.8873,179.0849,nW/nW,0.540,125,SS,saed05rvt_base_ss0p540v125c
mod10_counter,100,0.8,0.5,22,4,0.725760,1,1.4646,179.0849,uW/nW,0.540,125,SS,saed05rvt_base_ss0p540v125c
mod10_counter,100,0.5,0.3,22,4,0.725760,1,993.5696,179.6578,nW/nW,0.540,125,SS,saed05rvt_base_ss0p540v125c
mod10_counter,100,0.5,0.7,22,4,0.725760,1,894.5073,179.7821,nW/nW,0.540,125,SS,saed05rvt_base_ss0p540v125c
mod10_counter,200,0.1,0.5,22,4,0.725760,1,248.7946,179.0973,nW/nW,0.540,125,SS,saed05rvt_base_ss0p540v125c
mod10_counter,200,0.5,0.5,22,4,0.725760,1,946.8828,179.0487,nW/nW,0.540,125,SS,saed05rvt_base_ss0p540v125c
mod10_counter,200,0.3,0.5,22,4,0.725760,1,599.1188,179.0487,nW/nW,0.540,125,SS,saed05rvt_base_ss0p540v125c
mod10_counter,200,0.8,0.5,22,4,0.725760,1,1.4685,179.0487,uW/nW,0.540,125,SS,saed05rvt_base_ss0p540v125c
mod10_counter,200,0.5,0.3,22,4,0.725760,1,997.0830,179.6079,nW/nW,0.540,125,SS,saed05rvt_base_ss0p540v125c
mod10_counter,200,0.5,0.7,22,4,0.725760,1,896.8032,179.7700,nW/nW,0.540,125,SS,saed05rvt_base_ss0p540v125c
mod10_counter,300,0.1,0.5,22,4,0.725760,1,247.8553,179.0939,nW/nW,0.540,125,SS,saed05rvt_base_ss0p540v125c
mod10_counter,300,0.5,0.5,22,4,0.725760,1,947.1476,179.0522,nW/nW,0.540,125,SS,saed05rvt_base_ss0p540v125c
mod10_counter,300,0.3,0.5,22,4,0.725760,1,599.0685,179.0522,nW/nW,0.540,125,SS,saed05rvt_base_ss0p540v125c
mod10_counter,300,0.8,0.5,22,4,0.725760,1,1.4693,179.0522,uW/nW,0.540,125,SS,saed05rvt_base_ss0p540v125c
mod10_counter,300,0.5,0.3,22,4,0.725760,1,997.5667,179.6050,nW/nW,0.540,125,SS,saed05rvt_base_ss0p540v125c
mod10_counter,300,0.5,0.7,22,4,0.725760,1,896.8427,179.7846,nW/nW,0.540,125,SS,saed05rvt_base_ss0p540v125c
mod10_counter,450,0.1,0.5,22,4,0.725760,1,249.7644,179.1638,nW/nW,0.540,125,SS,saed05rvt_base_ss0p540v125c
mod10_counter,450,0.5,0.5,22,4,0.725760,1,950.5951,179.1014,nW/nW,0.540,125,SS,saed05rvt_base_ss0p540v125c
mod10_counter,450,0.3,0.5,22,4,0.725760,1,602.2841,179.1014,nW/nW,0.540,125,SS,saed05rvt_base_ss0p540v125c
mod10_counter,450,0.8,0.5,22,4,0.725760,1,1.4731,179.1014,uW/nW,0.540,125,SS,saed05rvt_base_ss0p540v125c
mod10_counter,450,0.5,0.3,22,4,0.725760,1,1.0014,179.6495,uW/nW,0.540,125,SS,saed05rvt_base_ss0p540v125c
mod10_counter,450,0.5,0.7,22,4,0.725760,1,899.9269,179.8421,nW/nW,0.540,125,SS,saed05rvt_base_ss0p540v125c
mod10_counter,600,0.1,0.5,22,4,0.725760,1,249.1044,179.1724,nW/nW,0.540,125,SS,saed05rvt_base_ss0p540v125c
mod10_counter,600,0.5,0.5,22,4,0.725760,1,949.7482,179.0971,nW/nW,0.540,125,SS,saed05rvt_base_ss0p540v125c
mod10_counter,600,0.3,0.5,22,4,0.725760,1,601.4501,179.0971,nW/nW,0.540,125,SS,saed05rvt_base_ss0p540v125c
mod10_counter,600,0.8,0.5,22,4,0.725760,1,1.4722,179.0971,uW/nW,0.540,125,SS,saed05rvt_base_ss0p540v125c
mod10_counter,600,0.5,0.3,22,4,0.725760,1,1.0003,179.6455,uW/nW,0.540,125,SS,saed05rvt_base_ss0p540v125c
mod10_counter,600,0.5,0.7,22,4,0.725760,1,899.2499,179.8373,nW/nW,0.540,125,SS,saed05rvt_base_ss0p540v125c
mod10_counter,750,0.1,0.5,22,4,0.725760,1,250.3955,179.2342,nW/nW,0.540,125,SS,saed05rvt_base_ss0p540v125c
mod10_counter,750,0.5,0.5,22,4,0.725760,1,951.0557,179.1157,nW/nW,0.540,125,SS,saed05rvt_base_ss0p540v125c
mod10_counter,750,0.3,0.5,22,4,0.725760,1,602.8817,179.1157,nW/nW,0.540,125,SS,saed05rvt_base_ss0p540v125c
mod10_counter,750,0.8,0.5,22,4,0.725760,1,1.4733,179.1157,uW/nW,0.540,125,SS,saed05rvt_base_ss0p540v125c
mod10_counter,750,0.5,0.3,22,4,0.725760,1,1.0017,179.6666,uW/nW,0.540,125,SS,saed05rvt_base_ss0p540v125c
mod10_counter,750,0.5,0.7,22,4,0.725760,1,900.5338,179.8515,nW/nW,0.540,125,SS,saed05rvt_base_ss0p540v125c
mod10_counter,900,0.1,0.5,22,4,0.725760,1,250.7205,179.2460,nW/nW,0.540,125,SS,saed05rvt_base_ss0p540v125c
mod10_counter,900,0.5,0.5,22,4,0.725760,1,949.2094,179.0475,nW/nW,0.540,125,SS,saed05rvt_base_ss0p540v125c
mod10_counter,900,0.3,0.5,22,4,0.725760,1,601.5096,179.0475,nW/nW,0.540,125,SS,saed05rvt_base_ss0p540v125c
mod10_counter,900,0.8,0.5,22,4,0.725760,1,1.4708,179.0475,uW/nW,0.540,125,SS,saed05rvt_base_ss0p540v125c
mod10_counter,900,0.5,0.3,22,4,0.725760,1,999.3661,179.6080,nW/nW,0.540,125,SS,saed05rvt_base_ss0p540v125c
mod10_counter,900,0.5,0.7,22,4,0.725760,1,899.1613,179.7665,nW/nW,0.540,125,SS,saed05rvt_base_ss0p540v125c
mod10_counter,1000,0.1,0.5,22,4,0.725760,1,252.1634,179.2374,nW/nW,0.540,125,SS,saed05rvt_base_ss0p540v125c
mod10_counter,1000,0.5,0.5,22,4,0.725760,1,952.1979,179.0149,nW/nW,0.540,125,SS,saed05rvt_base_ss0p540v125c
mod10_counter,1000,0.3,0.5,22,4,0.725760,1,604.1801,179.0149,nW/nW,0.540,125,SS,saed05rvt_base_ss0p540v125c
mod10_counter,1000,0.8,0.5,22,4,0.725760,1,1.4742,179.0149,uW/nW,0.540,125,SS,saed05rvt_base_ss0p540v125c
mod10_counter,1000,0.5,0.3,22,4,0.725760,1,1.0028,179.5690,uW/nW,0.540,125,SS,saed05rvt_base_ss0p540v125c
mod10_counter,1000,0.5,0.7,22,4,0.725760,1,901.7251,179.7451,nW/nW,0.540,125,SS,saed05rvt_base_ss0p540v125c
mod10_counter,10,0.1,0.5,22,4,0.725760,1,201.5000,1.4824,nW/nW,0.540,25,SS,saed05rvt_base_ss0p540v25c
mod10_counter,10,0.5,0.5,22,4,0.725760,1,881.8583,1.4824,nW/nW,0.540,25,SS,saed05rvt_base_ss0p540v25c
mod10_counter,10,0.3,0.5,22,4,0.725760,1,541.6893,1.4824,nW/nW,0.540,25,SS,saed05rvt_base_ss0p540v25c
mod10_counter,10,0.8,0.5,22,4,0.725760,1,1.3921,1.4824,uW/nW,0.540,25,SS,saed05rvt_base_ss0p540v25c
mod10_counter,10,0.5,0.3,22,4,0.725760,1,925.1346,1.4707,nW/nW,0.540,25,SS,saed05rvt_base_ss0p540v25c
mod10_counter,10,0.5,0.7,22,4,0.725760,1,838.5380,1.5036,nW/nW,0.540,25,SS,saed05rvt_base_ss0p540v25c
mod10_counter,50,0.1,0.5,22,4,0.725760,1,327.1831,1.4824,nW/nW,0.540,25,SS,saed05rvt_base_ss0p540v25c
mod10_counter,50,0.5,0.5,22,4,0.725760,1,1.0076,1.4824,uW/nW,0.540,25,SS,saed05rvt_base_ss0p540v25c
mod10_counter,50,0.3,0.5,22,4,0.725760,1,667.4328,1.4824,nW/nW,0.540,25,SS,saed05rvt_base_ss0p540v25c
mod10_counter,50,0.8,0.5,22,4,0.725760,1,1.5179,1.4824,uW/nW,0.540,25,SS,saed05rvt_base_ss0p540v25c
mod10_counter,50,0.5,0.3,22,4,0.725760,1,1.0593,1.4707,uW/nW,0.540,25,SS,saed05rvt_base_ss0p540v25c
mod10_counter,50,0.5,0.7,22,4,0.725760,1,955.6923,1.5036,nW/nW,0.540,25,SS,saed05rvt_base_ss0p540v25c
mod10_counter,100,0.1,0.5,22,4,0.725760,1,246.8199,1.4770,nW/nW,0.540,25,SS,saed05rvt_base_ss0p540v25c
mod10_counter,100,0.5,0.5,22,4,0.725760,1,928.8260,1.4769,nW/nW,0.540,25,SS,saed05rvt_base_ss0p540v25c
mod10_counter,100,0.3,0.5,22,4,0.725760,1,588.1502,1.4769,nW/nW,0.540,25,SS,saed05rvt_base_ss0p540v25c
mod10_counter,100,0.8,0.5,22,4,0.725760,1,1.4398,1.4769,uW/nW,0.540,25,SS,saed05rvt_base_ss0p540v25c
mod10_counter,100,0.5,0.3,22,4,0.725760,1,975.7525,1.4652,nW/nW,0.540,25,SS,saed05rvt_base_ss0p540v25c
mod10_counter,100,0.5,0.7,22,4,0.725760,1,881.8719,1.4981,nW/nW,0.540,25,SS,saed05rvt_base_ss0p540v25c
mod10_counter,200,0.1,0.5,22,4,0.725760,1,246.3410,1.4772,nW/nW,0.540,25,SS,saed05rvt_base_ss0p540v25c
mod10_counter,200,0.5,0.5,22,4,0.725760,1,931.7034,1.4770,nW/nW,0.540,25,SS,saed05rvt_base_ss0p540v25c
mod10_counter,200,0.3,0.5,22,4,0.725760,1,590.3580,1.4770,nW/nW,0.540,25,SS,saed05rvt_base_ss0p540v25c
mod10_counter,200,0.8,0.5,22,4,0.725760,1,1.4437,1.4770,uW/nW,0.540,25,SS,saed05rvt_base_ss0p540v25c
mod10_counter,200,0.5,0.3,22,4,0.725760,1,979.2348,1.4653,nW/nW,0.540,25,SS,saed05rvt_base_ss0p540v25c
mod10_counter,200,0.5,0.7,22,4,0.725760,1,884.1370,1.4983,nW/nW,0.540,25,SS,saed05rvt_base_ss0p540v25c
mod10_counter,300,0.1,0.5,22,4,0.725760,1,245.3902,1.4772,nW/nW,0.540,25,SS,saed05rvt_base_ss0p540v25c
mod10_counter,300,0.5,0.5,22,4,0.725760,1,931.2705,1.4769,nW/nW,0.540,25,SS,saed05rvt_base_ss0p540v25c
mod10_counter,300,0.3,0.5,22,4,0.725760,1,589.8040,1.4769,nW/nW,0.540,25,SS,saed05rvt_base_ss0p540v25c
mod10_counter,300,0.8,0.5,22,4,0.725760,1,1.4435,1.4769,uW/nW,0.540,25,SS,saed05rvt_base_ss0p540v25c
mod10_counter,300,0.5,0.3,22,4,0.725760,1,978.8203,1.4652,nW/nW,0.540,25,SS,saed05rvt_base_ss0p540v25c
mod10_counter,300,0.5,0.7,22,4,0.725760,1,883.6821,1.4982,nW/nW,0.540,25,SS,saed05rvt_base_ss0p540v25c
mod10_counter,450,0.1,0.5,22,4,0.725760,1,247.3080,1.4776,nW/nW,0.540,25,SS,saed05rvt_base_ss0p540v25c
mod10_counter,450,0.5,0.5,22,4,0.725760,1,934.7068,1.4772,nW/nW,0.540,25,SS,saed05rvt_base_ss0p540v25c
mod10_counter,450,0.3,0.5,22,4,0.725760,1,592.9552,1.4772,nW/nW,0.540,25,SS,saed05rvt_base_ss0p540v25c
mod10_counter,450,0.8,0.5,22,4,0.725760,1,1.4473,1.4772,uW/nW,0.540,25,SS,saed05rvt_base_ss0p540v25c
mod10_counter,450,0.5,0.3,22,4,0.725760,1,982.6742,1.4654,nW/nW,0.540,25,SS,saed05rvt_base_ss0p540v25c
mod10_counter,450,0.5,0.7,22,4,0.725760,1,886.6959,1.4985,nW/nW,0.540,25,SS,saed05rvt_base_ss0p540v25c
mod10_counter,600,0.1,0.5,22,4,0.725760,1,246.6350,1.4777,nW/nW,0.540,25,SS,saed05rvt_base_ss0p540v25c
mod10_counter,600,0.5,0.5,22,4,0.725760,1,934.6707,1.4773,nW/nW,0.540,25,SS,saed05rvt_base_ss0p540v25c
mod10_counter,600,0.3,0.5,22,4,0.725760,1,592.7862,1.4773,nW/nW,0.540,25,SS,saed05rvt_base_ss0p540v25c
mod10_counter,600,0.8,0.5,22,4,0.725760,1,1.4475,1.4773,uW/nW,0.540,25,SS,saed05rvt_base_ss0p540v25c
mod10_counter,600,0.5,0.3,22,4,0.725760,1,982.6287,1.4655,nW/nW,0.540,25,SS,saed05rvt_base_ss0p540v25c
mod10_counter,600,0.5,0.7,22,4,0.725760,1,886.6627,1.4986,nW/nW,0.540,25,SS,saed05rvt_base_ss0p540v25c
mod10_counter,750,0.1,0.5,22,4,0.725760,1,247.9449,1.4780,nW/nW,0.540,25,SS,saed05rvt_base_ss0p540v25c
mod10_counter,750,0.5,0.5,22,4,0.725760,1,936.6609,1.4776,nW/nW,0.540,25,SS,saed05rvt_base_ss0p540v25c
mod10_counter,750,0.3,0.5,22,4,0.725760,1,594.6367,1.4776,nW/nW,0.540,25,SS,saed05rvt_base_ss0p540v25c
mod10_counter,750,0.8,0.5,22,4,0.725760,1,1.4497,1.4776,uW/nW,0.540,25,SS,saed05rvt_base_ss0p540v25c
mod10_counter,750,0.5,0.3,22,4,0.725760,1,984.9167,1.4659,nW/nW,0.540,25,SS,saed05rvt_base_ss0p540v25c
mod10_counter,750,0.5,0.7,22,4,0.725760,1,888.3574,1.4990,nW/nW,0.540,25,SS,saed05rvt_base_ss0p540v25c
mod10_counter,900,0.1,0.5,22,4,0.725760,1,248.2870,1.4782,nW/nW,0.540,25,SS,saed05rvt_base_ss0p540v25c
mod10_counter,900,0.5,0.5,22,4,0.725760,1,937.5707,1.4777,nW/nW,0.540,25,SS,saed05rvt_base_ss0p540v25c
mod10_counter,900,0.3,0.5,22,4,0.725760,1,595.4709,1.4777,nW/nW,0.540,25,SS,saed05rvt_base_ss0p540v25c
mod10_counter,900,0.8,0.5,22,4,0.725760,1,1.4507,1.4777,uW/nW,0.540,25,SS,saed05rvt_base_ss0p540v25c
mod10_counter,900,0.5,0.3,22,4,0.725760,1,985.9955,1.4659,nW/nW,0.540,25,SS,saed05rvt_base_ss0p540v25c
mod10_counter,900,0.5,0.7,22,4,0.725760,1,889.1010,1.4990,nW/nW,0.540,25,SS,saed05rvt_base_ss0p540v25c
mod10_counter,1000,0.1,0.5,22,4,0.725760,1,249.7514,1.4783,nW/nW,0.540,25,SS,saed05rvt_base_ss0p540v25c
mod10_counter,1000,0.5,0.5,22,4,0.725760,1,940.8900,1.4775,nW/nW,0.540,25,SS,saed05rvt_base_ss0p540v25c
mod10_counter,1000,0.3,0.5,22,4,0.725760,1,598.4642,1.4775,nW/nW,0.540,25,SS,saed05rvt_base_ss0p540v25c
mod10_counter,1000,0.8,0.5,22,4,0.725760,1,1.4545,1.4775,uW/nW,0.540,25,SS,saed05rvt_base_ss0p540v25c
mod10_counter,1000,0.5,0.3,22,4,0.725760,1,989.7846,1.4657,nW/nW,0.540,25,SS,saed05rvt_base_ss0p540v25c
mod10_counter,1000,0.5,0.7,22,4,0.725760,1,891.9473,1.4989,nW/nW,0.540,25,SS,saed05rvt_base_ss0p540v25c
mod10_counter,10,0.1,0.5,22,4,0.725760,1,328.1802,427.7247,nW/nW,0.675,125,SS,saed05rvt_base_ss0p675v125c
mod10_counter,10,0.5,0.5,22,4,0.725760,1,1.4365,427.7187,uW/nW,0.675,125,SS,saed05rvt_base_ss0p675v125c
mod10_counter,10,0.3,0.5,22,4,0.725760,1,882.3702,427.7187,nW/nW,0.675,125,SS,saed05rvt_base_ss0p675v125c
mod10_counter,10,0.8,0.5,22,4,0.725760,1,2.2678,427.7187,uW/nW,0.675,125,SS,saed05rvt_base_ss0p675v125c
mod10_counter,10,0.5,0.3,22,4,0.725760,1,1.5127,429.3652,uW/nW,0.675,125,SS,saed05rvt_base_ss0p675v125c
mod10_counter,10,0.5,0.7,22,4,0.725760,1,1.3604,429.1913,uW/nW,0.675,125,SS,saed05rvt_base_ss0p675v125c
mod10_counter,50,0.1,0.5,22,4,0.725760,1,532.6285,427.7247,nW/nW,0.675,125,SS,saed05rvt_base_ss0p675v125c
mod10_counter,50,0.5,0.5,22,4,0.725760,1,1.6411,427.7187,uW/nW,0.675,125,SS,saed05rvt_base_ss0p675v125c
mod10_counter,50,0.3,0.5,22,4,0.725760,1,1.0869,427.7187,uW/nW,0.675,125,SS,saed05rvt_base_ss0p675v125c
mod10_counter,50,0.8,0.5,22,4,0.725760,1,2.4723,427.7187,uW/nW,0.675,125,SS,saed05rvt_base_ss0p675v125c
mod10_counter,50,0.5,0.3,22,4,0.725760,1,1.7297,429.3652,uW/nW,0.675,125,SS,saed05rvt_base_ss0p675v125c
mod10_counter,50,0.5,0.7,22,4,0.725760,1,1.5526,429.1913,uW/nW,0.675,125,SS,saed05rvt_base_ss0p675v125c
mod10_counter,100,0.1,0.5,22,4,0.725760,1,401.3090,423.8931,nW/nW,0.675,125,SS,saed05rvt_base_ss0p675v125c
mod10_counter,100,0.5,0.5,22,4,0.725760,1,1.5124,423.8273,uW/nW,0.675,125,SS,saed05rvt_base_ss0p675v125c
mod10_counter,100,0.3,0.5,22,4,0.725760,1,957.2975,423.8273,nW/nW,0.675,125,SS,saed05rvt_base_ss0p675v125c
mod10_counter,100,0.8,0.5,22,4,0.725760,1,2.3450,423.8273,uW/nW,0.675,125,SS,saed05rvt_base_ss0p675v125c
mod10_counter,100,0.5,0.3,22,4,0.725760,1,1.5943,425.4433,uW/nW,0.675,125,SS,saed05rvt_base_ss0p675v125c
mod10_counter,100,0.5,0.7,22,4,0.725760,1,1.4307,425.3515,uW/nW,0.675,125,SS,saed05rvt_base_ss0p675v125c
mod10_counter,200,0.1,0.5,22,4,0.725760,1,400.5601,423.8528,nW/nW,0.675,125,SS,saed05rvt_base_ss0p675v125c
mod10_counter,200,0.5,0.5,22,4,0.725760,1,1.5172,423.7368,uW/nW,0.675,125,SS,saed05rvt_base_ss0p675v125c
mod10_counter,200,0.3,0.5,22,4,0.725760,1,960.9338,423.7368,nW/nW,0.675,125,SS,saed05rvt_base_ss0p675v125c
mod10_counter,200,0.8,0.5,22,4,0.725760,1,2.3515,423.7368,uW/nW,0.675,125,SS,saed05rvt_base_ss0p675v125c
mod10_counter,200,0.5,0.3,22,4,0.725760,1,1.6001,425.3160,uW/nW,0.675,125,SS,saed05rvt_base_ss0p675v125c
mod10_counter,200,0.5,0.7,22,4,0.725760,1,1.4344,425.3230,uW/nW,0.675,125,SS,saed05rvt_base_ss0p675v125c
mod10_counter,300,0.1,0.5,22,4,0.725760,1,399.0232,423.8453,nW/nW,0.675,125,SS,saed05rvt_base_ss0p675v125c
mod10_counter,300,0.5,0.5,22,4,0.725760,1,1.5176,423.7432,uW/nW,0.675,125,SS,saed05rvt_base_ss0p675v125c
mod10_counter,300,0.3,0.5,22,4,0.725760,1,960.8617,423.7432,nW/nW,0.675,125,SS,saed05rvt_base_ss0p675v125c
mod10_counter,300,0.8,0.5,22,4,0.725760,1,2.3527,423.7432,uW/nW,0.675,125,SS,saed05rvt_base_ss0p675v125c
mod10_counter,300,0.5,0.3,22,4,0.725760,1,1.6010,425.3054,uW/nW,0.675,125,SS,saed05rvt_base_ss0p675v125c
mod10_counter,300,0.5,0.7,22,4,0.725760,1,1.4345,425.3583,uW/nW,0.675,125,SS,saed05rvt_base_ss0p675v125c
mod10_counter,450,0.1,0.5,22,4,0.725760,1,402.1449,424.0129,nW/nW,0.675,125,SS,saed05rvt_base_ss0p675v125c
mod10_counter,450,0.5,0.5,22,4,0.725760,1,1.5233,423.8595,uW/nW,0.675,125,SS,saed05rvt_base_ss0p675v125c
mod10_counter,450,0.3,0.5,22,4,0.725760,1,966.1207,423.8595,nW/nW,0.675,125,SS,saed05rvt_base_ss0p675v125c
mod10_counter,450,0.8,0.5,22,4,0.725760,1,2.3590,423.8595,uW/nW,0.675,125,SS,saed05rvt_base_ss0p675v125c
mod10_counter,450,0.5,0.3,22,4,0.725760,1,1.6072,425.4091,uW/nW,0.675,125,SS,saed05rvt_base_ss0p675v125c
mod10_counter,450,0.5,0.7,22,4,0.725760,1,1.4395,425.4957,uW/nW,0.675,125,SS,saed05rvt_base_ss0p675v125c
mod10_counter,600,0.1,0.5,22,4,0.725760,1,401.0695,424.0330,nW/nW,0.675,125,SS,saed05rvt_base_ss0p675v125c
mod10_counter,600,0.5,0.5,22,4,0.725760,1,1.5219,423.8509,uW/nW,0.675,125,SS,saed05rvt_base_ss0p675v125c
mod10_counter,600,0.3,0.5,22,4,0.725760,1,964.7693,423.8509,nW/nW,0.675,125,SS,saed05rvt_base_ss0p675v125c
mod10_counter,600,0.8,0.5,22,4,0.725760,1,2.3575,423.8509,uW/nW,0.675,125,SS,saed05rvt_base_ss0p675v125c
mod10_counter,600,0.5,0.3,22,4,0.725760,1,1.6055,425.4013,uW/nW,0.675,125,SS,saed05rvt_base_ss0p675v125c
mod10_counter,600,0.5,0.7,22,4,0.725760,1,1.4384,425.4860,uW/nW,0.675,125,SS,saed05rvt_base_ss0p675v125c
mod10_counter,750,0.1,0.5,22,4,0.725760,1,403.1674,424.1829,nW/nW,0.675,125,SS,saed05rvt_base_ss0p675v125c
mod10_counter,750,0.5,0.5,22,4,0.725760,1,1.5240,423.8942,uW/nW,0.675,125,SS,saed05rvt_base_ss0p675v125c
mod10_counter,750,0.3,0.5,22,4,0.725760,1,967.1006,423.8942,nW/nW,0.675,125,SS,saed05rvt_base_ss0p675v125c
mod10_counter,750,0.8,0.5,22,4,0.725760,1,2.3594,423.8942,uW/nW,0.675,125,SS,saed05rvt_base_ss0p675v125c
mod10_counter,750,0.5,0.3,22,4,0.725760,1,1.6077,425.4513,uW/nW,0.675,125,SS,saed05rvt_base_ss0p675v125c
mod10_counter,750,0.5,0.7,22,4,0.725760,1,1.4405,425.5179,uW/nW,0.675,125,SS,saed05rvt_base_ss0p675v125c
mod10_counter,900,0.1,0.5,22,4,0.725760,1,403.6877,424.2124,nW/nW,0.675,125,SS,saed05rvt_base_ss0p675v125c
mod10_counter,900,0.5,0.5,22,4,0.725760,1,1.5210,423.7330,uW/nW,0.675,125,SS,saed05rvt_base_ss0p675v125c
mod10_counter,900,0.3,0.5,22,4,0.725760,1,964.8566,423.7330,nW/nW,0.675,125,SS,saed05rvt_base_ss0p675v125c
mod10_counter,900,0.8,0.5,22,4,0.725760,1,2.3551,423.7330,uW/nW,0.675,125,SS,saed05rvt_base_ss0p675v125c
mod10_counter,900,0.5,0.3,22,4,0.725760,1,1.6039,425.3157,uW/nW,0.675,125,SS,saed05rvt_base_ss0p675v125c
mod10_counter,900,0.5,0.7,22,4,0.725760,1,1.4383,425.3134,uW/nW,0.675,125,SS,saed05rvt_base_ss0p675v125c
mod10_counter,1000,0.1,0.5,22,4,0.725760,1,406.0406,424.1938,nW/nW,0.675,125,SS,saed05rvt_base_ss0p675v125c
mod10_counter,1000,0.5,0.5,22,4,0.725760,1,1.5259,423.6527,uW/nW,0.675,125,SS,saed05rvt_base_ss0p675v125c
mod10_counter,1000,0.3,0.5,22,4,0.725760,1,969.2253,423.6527,nW/nW,0.675,125,SS,saed05rvt_base_ss0p675v125c
mod10_counter,1000,0.8,0.5,22,4,0.725760,1,2.3608,423.6527,uW/nW,0.675,125,SS,saed05rvt_base_ss0p675v125c
mod10_counter,1000,0.5,0.3,22,4,0.725760,1,1.6095,425.2183,uW/nW,0.675,125,SS,saed05rvt_base_ss0p675v125c
mod10_counter,1000,0.5,0.7,22,4,0.725760,1,1.4425,425.2622,uW/nW,0.675,125,SS,saed05rvt_base_ss0p675v125c
mod10_counter,10,0.1,0.5,22,4,0.725760,1,321.0401,4.3901,nW/nW,0.675,25,SS,saed05rvt_base_ss0p675v25c
mod10_counter,10,0.5,0.5,22,4,0.725760,1,1.4077,4.3901,uW/nW,0.675,25,SS,saed05rvt_base_ss0p675v25c
mod10_counter,10,0.3,0.5,22,4,0.725760,1,864.3957,4.3901,nW/nW,0.675,25,SS,saed05rvt_base_ss0p675v25c
mod10_counter,10,0.8,0.5,22,4,0.725760,1,2.2227,4.3901,uW/nW,0.675,25,SS,saed05rvt_base_ss0p675v25c
mod10_counter,10,0.5,0.3,22,4,0.725760,1,1.4800,4.3599,uW/nW,0.675,25,SS,saed05rvt_base_ss0p675v25c
mod10_counter,10,0.5,0.7,22,4,0.725760,1,1.3353,4.4493,uW/nW,0.675,25,SS,saed05rvt_base_ss0p675v25c
mod10_counter,50,0.1,0.5,22,4,0.725760,1,518.5897,4.3901,nW/nW,0.675,25,SS,saed05rvt_base_ss0p675v25c
mod10_counter,50,0.5,0.5,22,4,0.725760,1,1.6054,4.3901,uW/nW,0.675,25,SS,saed05rvt_base_ss0p675v25c
mod10_counter,50,0.3,0.5,22,4,0.725760,1,1.0620,4.3901,uW/nW,0.675,25,SS,saed05rvt_base_ss0p675v25c
mod10_counter,50,0.8,0.5,22,4,0.725760,1,2.4203,4.3901,uW/nW,0.675,25,SS,saed05rvt_base_ss0p675v25c
mod10_counter,50,0.5,0.3,22,4,0.725760,1,1.6909,4.3599,uW/nW,0.675,25,SS,saed05rvt_base_ss0p675v25c
mod10_counter,50,0.5,0.7,22,4,0.725760,1,1.5195,4.4493,uW/nW,0.675,25,SS,saed05rvt_base_ss0p675v25c
mod10_counter,100,0.1,0.5,22,4,0.725760,1,392.2993,4.3714,nW/nW,0.675,25,SS,saed05rvt_base_ss0p675v25c
mod10_counter,100,0.5,0.5,22,4,0.725760,1,1.4816,4.3710,uW/nW,0.675,25,SS,saed05rvt_base_ss0p675v25c
mod10_counter,100,0.3,0.5,22,4,0.725760,1,937.3724,4.3710,nW/nW,0.675,25,SS,saed05rvt_base_ss0p675v25c
mod10_counter,100,0.8,0.5,22,4,0.725760,1,2.2979,4.3710,uW/nW,0.675,25,SS,saed05rvt_base_ss0p675v25c
mod10_counter,100,0.5,0.3,22,4,0.725760,1,1.5597,4.3408,uW/nW,0.675,25,SS,saed05rvt_base_ss0p675v25c
mod10_counter,100,0.5,0.7,22,4,0.725760,1,1.4034,4.4305,uW/nW,0.675,25,SS,saed05rvt_base_ss0p675v25c
mod10_counter,200,0.1,0.5,22,4,0.725760,1,391.5972,4.3718,nW/nW,0.675,25,SS,saed05rvt_base_ss0p675v25c
mod10_counter,200,0.5,0.5,22,4,0.725760,1,1.4861,4.3710,uW/nW,0.675,25,SS,saed05rvt_base_ss0p675v25c
mod10_counter,200,0.3,0.5,22,4,0.725760,1,940.8550,4.3710,nW/nW,0.675,25,SS,saed05rvt_base_ss0p675v25c
mod10_counter,200,0.8,0.5,22,4,0.725760,1,2.3040,4.3710,uW/nW,0.675,25,SS,saed05rvt_base_ss0p675v25c
mod10_counter,200,0.5,0.3,22,4,0.725760,1,1.5652,4.3407,uW/nW,0.675,25,SS,saed05rvt_base_ss0p675v25c
mod10_counter,200,0.5,0.7,22,4,0.725760,1,1.4069,4.4307,uW/nW,0.675,25,SS,saed05rvt_base_ss0p675v25c
mod10_counter,300,0.1,0.5,22,4,0.725760,1,390.1114,4.3720,nW/nW,0.675,25,SS,saed05rvt_base_ss0p675v25c
mod10_counter,300,0.5,0.5,22,4,0.725760,1,1.4865,4.3711,uW/nW,0.675,25,SS,saed05rvt_base_ss0p675v25c
mod10_counter,300,0.3,0.5,22,4,0.725760,1,940.7532,4.3711,nW/nW,0.675,25,SS,saed05rvt_base_ss0p675v25c
mod10_counter,300,0.8,0.5,22,4,0.725760,1,2.3051,4.3711,uW/nW,0.675,25,SS,saed05rvt_base_ss0p675v25c
mod10_counter,300,0.5,0.3,22,4,0.725760,1,1.5659,4.3407,uW/nW,0.675,25,SS,saed05rvt_base_ss0p675v25c
mod10_counter,300,0.5,0.7,22,4,0.725760,1,1.4070,4.4309,uW/nW,0.675,25,SS,saed05rvt_base_ss0p675v25c
mod10_counter,450,0.1,0.5,22,4,0.725760,1,393.1423,4.3731,nW/nW,0.675,25,SS,saed05rvt_base_ss0p675v25c
mod10_counter,450,0.5,0.5,22,4,0.725760,1,1.4919,4.3717,uW/nW,0.675,25,SS,saed05rvt_base_ss0p675v25c
mod10_counter,450,0.3,0.5,22,4,0.725760,1,945.8218,4.3717,nW/nW,0.675,25,SS,saed05rvt_base_ss0p675v25c
mod10_counter,450,0.8,0.5,22,4,0.725760,1,2.3111,4.3717,uW/nW,0.675,25,SS,saed05rvt_base_ss0p675v25c
mod10_counter,450,0.5,0.3,22,4,0.725760,1,1.5719,4.3413,uW/nW,0.675,25,SS,saed05rvt_base_ss0p675v25c
mod10_counter,450,0.5,0.7,22,4,0.725760,1,1.4118,4.4316,uW/nW,0.675,25,SS,saed05rvt_base_ss0p675v25c
mod10_counter,600,0.1,0.5,22,4,0.725760,1,392.1046,4.3735,nW/nW,0.675,25,SS,saed05rvt_base_ss0p675v25c
mod10_counter,600,0.5,0.5,22,4,0.725760,1,1.4906,4.3719,uW/nW,0.675,25,SS,saed05rvt_base_ss0p675v25c
mod10_counter,600,0.3,0.5,22,4,0.725760,1,944.5177,4.3719,nW/nW,0.675,25,SS,saed05rvt_base_ss0p675v25c
mod10_counter,600,0.8,0.5,22,4,0.725760,1,2.3097,4.3719,uW/nW,0.675,25,SS,saed05rvt_base_ss0p675v25c
mod10_counter,600,0.5,0.3,22,4,0.725760,1,1.5703,4.3414,uW/nW,0.675,25,SS,saed05rvt_base_ss0p675v25c
mod10_counter,600,0.5,0.7,22,4,0.725760,1,1.4108,4.4318,uW/nW,0.675,25,SS,saed05rvt_base_ss0p675v25c
mod10_counter,750,0.1,0.5,22,4,0.725760,1,394.1562,4.3745,nW/nW,0.675,25,SS,saed05rvt_base_ss0p675v25c
mod10_counter,750,0.5,0.5,22,4,0.725760,1,1.4927,4.3721,uW/nW,0.675,25,SS,saed05rvt_base_ss0p675v25c
mod10_counter,750,0.3,0.5,22,4,0.725760,1,946.7925,4.3721,nW/nW,0.675,25,SS,saed05rvt_base_ss0p675v25c
mod10_counter,750,0.8,0.5,22,4,0.725760,1,2.3115,4.3721,uW/nW,0.675,25,SS,saed05rvt_base_ss0p675v25c
mod10_counter,750,0.5,0.3,22,4,0.725760,1,1.5725,4.3417,uW/nW,0.675,25,SS,saed05rvt_base_ss0p675v25c
mod10_counter,750,0.5,0.7,22,4,0.725760,1,1.4128,4.4319,uW/nW,0.675,25,SS,saed05rvt_base_ss0p675v25c
mod10_counter,900,0.1,0.5,22,4,0.725760,1,394.6885,4.3749,nW/nW,0.675,25,SS,saed05rvt_base_ss0p675v25c
mod10_counter,900,0.5,0.5,22,4,0.725760,1,1.4898,4.3712,uW/nW,0.675,25,SS,saed05rvt_base_ss0p675v25c
mod10_counter,900,0.3,0.5,22,4,0.725760,1,944.6898,4.3712,nW/nW,0.675,25,SS,saed05rvt_base_ss0p675v25c
mod10_counter,900,0.8,0.5,22,4,0.725760,1,2.3076,4.3712,uW/nW,0.675,25,SS,saed05rvt_base_ss0p675v25c
mod10_counter,900,0.5,0.3,22,4,0.725760,1,1.5689,4.3408,uW/nW,0.675,25,SS,saed05rvt_base_ss0p675v25c
mod10_counter,900,0.5,0.7,22,4,0.725760,1,1.4107,4.4309,uW/nW,0.675,25,SS,saed05rvt_base_ss0p675v25c
mod10_counter,1000,0.1,0.5,22,4,0.725760,1,396.9923,4.3752,nW/nW,0.675,25,SS,saed05rvt_base_ss0p675v25c
mod10_counter,1000,0.5,0.5,22,4,0.725760,1,1.4946,4.3707,uW/nW,0.675,25,SS,saed05rvt_base_ss0p675v25c
mod10_counter,1000,0.3,0.5,22,4,0.725760,1,948.9047,4.3707,nW/nW,0.675,25,SS,saed05rvt_base_ss0p675v25c
mod10_counter,1000,0.8,0.5,22,4,0.725760,1,2.3130,4.3707,uW/nW,0.675,25,SS,saed05rvt_base_ss0p675v25c
mod10_counter,1000,0.5,0.3,22,4,0.725760,1,1.5743,4.3403,uW/nW,0.675,25,SS,saed05rvt_base_ss0p675v25c
mod10_counter,1000,0.5,0.7,22,4,0.725760,1,1.4147,4.4304,uW/nW,0.675,25,SS,saed05rvt_base_ss0p675v25c
mux3to1_8bit,10,0.1,0.5,36,0,0.471744,8,107.5338,2.0748,nW/nW,0.60,25,TT,saed05rvt_base_tt0p60v25c
mux3to1_8bit,10,0.5,0.5,36,0,0.471744,8,236.5311,2.0748,nW/nW,0.60,25,TT,saed05rvt_base_tt0p60v25c
mux3to1_8bit,10,0.3,0.5,36,0,0.471744,8,172.2496,2.0748,nW/nW,0.60,25,TT,saed05rvt_base_tt0p60v25c
mux3to1_8bit,10,0.8,0.5,36,0,0.471744,8,332.8342,2.0748,nW/nW,0.60,25,TT,saed05rvt_base_tt0p60v25c
mux3to1_8bit,10,0.5,0.3,36,0,0.471744,8,200.8661,2.0794,nW/nW,0.60,25,TT,saed05rvt_base_tt0p60v25c
mux3to1_8bit,10,0.5,0.7,36,0,0.471744,8,201.3904,2.5743,nW/nW,0.60,25,TT,saed05rvt_base_tt0p60v25c
mux3to1_8bit,50,0.1,0.5,36,0,0.471744,8,400.3318,2.0748,nW/nW,0.60,25,TT,saed05rvt_base_tt0p60v25c
mux3to1_8bit,50,0.5,0.5,36,0,0.471744,8,537.6688,2.0748,nW/nW,0.60,25,TT,saed05rvt_base_tt0p60v25c
mux3to1_8bit,50,0.3,0.5,36,0,0.471744,8,471.2590,2.0748,nW/nW,0.60,25,TT,saed05rvt_base_tt0p60v25c
mux3to1_8bit,50,0.8,0.5,36,0,0.471744,8,635.4015,2.0748,nW/nW,0.60,25,TT,saed05rvt_base_tt0p60v25c
mux3to1_8bit,50,0.5,0.3,36,0,0.471744,8,345.0331,2.0794,nW/nW,0.60,25,TT,saed05rvt_base_tt0p60v25c
mux3to1_8bit,50,0.5,0.7,36,0,0.471744,8,342.5636,2.5743,nW/nW,0.60,25,TT,saed05rvt_base_tt0p60v25c
mux3to1_8bit,100,0.1,0.5,36,0,0.471744,8,472.6552,2.1176,nW/nW,0.60,25,TT,saed05rvt_base_tt0p60v25c
mux3to1_8bit,100,0.5,0.5,36,0,0.471744,8,908.5064,2.0748,nW/nW,0.60,25,TT,saed05rvt_base_tt0p60v25c
mux3to1_8bit,100,0.3,0.5,36,0,0.471744,8,838.1599,2.0748,nW/nW,0.60,25,TT,saed05rvt_base_tt0p60v25c
mux3to1_8bit,100,0.8,0.5,36,0,0.471744,8,1.0094,2.0748,uW/nW,0.60,25,TT,saed05rvt_base_tt0p60v25c
mux3to1_8bit,100,0.5,0.3,36,0,0.471744,8,523.9552,2.0794,nW/nW,0.60,25,TT,saed05rvt_base_tt0p60v25c
mux3to1_8bit,100,0.5,0.7,36,0,0.471744,8,517.0056,2.5743,nW/nW,0.60,25,TT,saed05rvt_base_tt0p60v25c
mux3to1_8bit,200,0.1,0.5,36,0,0.471744,8,581.6294,2.1176,nW/nW,0.60,25,TT,saed05rvt_base_tt0p60v25c
mux3to1_8bit,200,0.5,0.5,36,0,0.471744,8,1.6394,2.0748,uW/nW,0.60,25,TT,saed05rvt_base_tt0p60v25c
mux3to1_8bit,200,0.3,0.5,36,0,0.471744,8,1.1371,2.1180,uW/nW,0.60,25,TT,saed05rvt_base_tt0p60v25c
mux3to1_8bit,200,0.8,0.5,36,0,0.471744,8,1.7477,2.0748,uW/nW,0.60,25,TT,saed05rvt_base_tt0p60v25c
mux3to1_8bit,200,0.5,0.3,36,0,0.471744,8,878.8325,2.0794,nW/nW,0.60,25,TT,saed05rvt_base_tt0p60v25c
mux3to1_8bit,200,0.5,0.7,36,0,0.471744,8,862.5281,2.5743,nW/nW,0.60,25,TT,saed05rvt_base_tt0p60v25c
mux3to1_8bit,300,0.1,0.5,36,0,0.471744,8,624.6080,2.1177,nW/nW,0.60,25,TT,saed05rvt_base_tt0p60v25c
mux3to1_8bit,300,0.5,0.5,36,0,0.471744,8,1.7551,2.1183,uW/nW,0.60,25,TT,saed05rvt_base_tt0p60v25c
mux3to1_8bit,300,0.3,0.5,36,0,0.471744,8,1.4180,2.1176,uW/nW,0.60,25,TT,saed05rvt_base_tt0p60v25c
mux3to1_8bit,300,0.8,0.5,36,0,0.471744,8,2.4778,2.0748,uW/nW,0.60,25,TT,saed05rvt_base_tt0p60v25c
mux3to1_8bit,300,0.5,0.3,36,0,0.471744,8,1.7593,1.9417,uW/nW,0.60,25,TT,saed05rvt_base_tt0p60v25c
mux3to1_8bit,300,0.5,0.7,36,0,0.471744,8,1.6303,2.2987,uW/nW,0.60,25,TT,saed05rvt_base_tt0p60v25c
mux3to1_8bit,450,0.1,0.5,36,0,0.471744,8,654.4021,2.1150,nW/nW,0.60,25,TT,saed05rvt_base_tt0p60v25c
mux3to1_8bit,450,0.5,0.5,36,0,0.471744,8,2.2448,2.1177,uW/nW,0.60,25,TT,saed05rvt_base_tt0p60v25c
mux3to1_8bit,450,0.3,0.5,36,0,0.471744,8,1.6352,2.1177,uW/nW,0.60,25,TT,saed05rvt_base_tt0p60v25c
mux3to1_8bit,450,0.8,0.5,36,0,0.471744,8,2.6683,2.1179,uW/nW,0.60,25,TT,saed05rvt_base_tt0p60v25c
mux3to1_8bit,450,0.5,0.3,36,0,0.471744,8,2.2629,2.0052,uW/nW,0.60,25,TT,saed05rvt_base_tt0p60v25c
mux3to1_8bit,450,0.5,0.7,36,0,0.471744,8,2.0640,2.2765,uW/nW,0.60,25,TT,saed05rvt_base_tt0p60v25c
mux3to1_8bit,600,0.1,0.5,36,0,0.471744,8,673.5412,2.1142,nW/nW,0.60,25,TT,saed05rvt_base_tt0p60v25c
mux3to1_8bit,600,0.5,0.5,36,0,0.471744,8,2.5345,2.1177,uW/nW,0.60,25,TT,saed05rvt_base_tt0p60v25c
mux3to1_8bit,600,0.3,0.5,36,0,0.471744,8,1.7449,2.1176,uW/nW,0.60,25,TT,saed05rvt_base_tt0p60v25c
mux3to1_8bit,600,0.8,0.5,36,0,0.471744,8,3.2630,2.1179,uW/nW,0.60,25,TT,saed05rvt_base_tt0p60v25c
mux3to1_8bit,600,0.5,0.3,36,0,0.471744,8,2.5508,2.0040,uW/nW,0.60,25,TT,saed05rvt_base_tt0p60v25c
mux3to1_8bit,600,0.5,0.7,36,0,0.471744,8,2.3414,2.2772,uW/nW,0.60,25,TT,saed05rvt_base_tt0p60v25c
mux3to1_8bit,750,0.1,0.5,36,0,0.471744,8,682.3448,2.1211,nW/nW,0.60,25,TT,saed05rvt_base_tt0p60v25c
mux3to1_8bit,750,0.5,0.5,36,0,0.471744,8,2.7254,2.1177,uW/nW,0.60,25,TT,saed05rvt_base_tt0p60v25c
mux3to1_8bit,750,0.3,0.5,36,0,0.471744,8,1.8263,2.1170,uW/nW,0.60,25,TT,saed05rvt_base_tt0p60v25c
mux3to1_8bit,750,0.8,0.5,36,0,0.471744,8,3.6624,2.1177,uW/nW,0.60,25,TT,saed05rvt_base_tt0p60v25c
mux3to1_8bit,750,0.5,0.3,36,0,0.471744,8,2.7373,2.0049,uW/nW,0.60,25,TT,saed05rvt_base_tt0p60v25c
mux3to1_8bit,750,0.5,0.7,36,0,0.471744,8,2.5229,2.2766,uW/nW,0.60,25,TT,saed05rvt_base_tt0p60v25c
mux3to1_8bit,900,0.1,0.5,36,0,0.471744,8,681.6140,2.1218,nW/nW,0.60,25,TT,saed05rvt_base_tt0p60v25c
mux3to1_8bit,900,0.5,0.5,36,0,0.471744,8,2.8529,2.1171,uW/nW,0.60,25,TT,saed05rvt_base_tt0p60v25c
mux3to1_8bit,900,0.3,0.5,36,0,0.471744,8,1.8738,2.1177,uW/nW,0.60,25,TT,saed05rvt_base_tt0p60v25c
mux3to1_8bit,900,0.8,0.5,36,0,0.471744,8,3.9658,2.1173,uW/nW,0.60,25,TT,saed05rvt_base_tt0p60v25c
mux3to1_8bit,900,0.5,0.3,36,0,0.471744,8,2.8685,2.0048,uW/nW,0.60,25,TT,saed05rvt_base_tt0p60v25c
mux3to1_8bit,900,0.5,0.7,36,0,0.471744,8,2.6638,2.2760,uW/nW,0.60,25,TT,saed05rvt_base_tt0p60v25c
mux3to1_8bit,1000,0.1,0.5,36,0,0.471744,8,697.9865,2.1151,nW/nW,0.60,25,TT,saed05rvt_base_tt0p60v25c
mux3to1_8bit,1000,0.5,0.5,36,0,0.471744,8,2.9081,2.1176,uW/nW,0.60,25,TT,saed05rvt_base_tt0p60v25c
mux3to1_8bit,1000,0.3,0.5,36,0,0.471744,8,1.8940,2.1175,uW/nW,0.60,25,TT,saed05rvt_base_tt0p60v25c
mux3to1_8bit,1000,0.8,0.5,36,0,0.471744,8,4.1188,2.1176,uW/nW,0.60,25,TT,saed05rvt_base_tt0p60v25c
mux3to1_8bit,1000,0.5,0.3,36,0,0.471744,8,2.9391,2.0057,uW/nW,0.60,25,TT,saed05rvt_base_tt0p60v25c
mux3to1_8bit,1000,0.5,0.7,36,0,0.471744,8,2.7295,2.2755,uW/nW,0.60,25,TT,saed05rvt_base_tt0p60v25c
mux3to1_8bit,10,0.1,0.5,36,0,0.471744,8,113.7922,235.5741,nW/nW,0.60,125,TT,saed05rvt_base_tt0p60v125c
mux3to1_8bit,10,0.5,0.5,36,0,0.471744,8,259.7043,235.5741,nW/nW,0.60,125,TT,saed05rvt_base_tt0p60v125c
mux3to1_8bit,10,0.3,0.5,36,0,0.471744,8,186.9376,235.5741,nW/nW,0.60,125,TT,saed05rvt_base_tt0p60v125c
mux3to1_8bit,10,0.8,0.5,36,0,0.471744,8,368.7505,235.5741,nW/nW,0.60,125,TT,saed05rvt_base_tt0p60v125c
mux3to1_8bit,10,0.5,0.3,36,0,0.471744,8,226.7414,246.8994,nW/nW,0.60,125,TT,saed05rvt_base_tt0p60v125c
mux3to1_8bit,10,0.5,0.7,36,0,0.471744,8,226.8582,297.9787,nW/nW,0.60,125,TT,saed05rvt_base_tt0p60v125c
mux3to1_8bit,50,0.1,0.5,36,0,0.471744,8,415.7782,235.5741,nW/nW,0.60,125,TT,saed05rvt_base_tt0p60v125c
mux3to1_8bit,50,0.5,0.5,36,0,0.471744,8,568.9610,235.5741,nW/nW,0.60,125,TT,saed05rvt_base_tt0p60v125c
mux3to1_8bit,50,0.3,0.5,36,0,0.471744,8,494.3387,235.5741,nW/nW,0.60,125,TT,saed05rvt_base_tt0p60v125c
mux3to1_8bit,50,0.8,0.5,36,0,0.471744,8,679.2535,235.5741,nW/nW,0.60,125,TT,saed05rvt_base_tt0p60v125c
mux3to1_8bit,50,0.5,0.3,36,0,0.471744,8,375.5222,246.8994,nW/nW,0.60,125,TT,saed05rvt_base_tt0p60v125c
mux3to1_8bit,50,0.5,0.7,36,0,0.471744,8,371.4330,297.9787,nW/nW,0.60,125,TT,saed05rvt_base_tt0p60v125c
mux3to1_8bit,100,0.1,0.5,36,0,0.471744,8,499.4159,245.9054,nW/nW,0.60,125,TT,saed05rvt_base_tt0p60v125c
mux3to1_8bit,100,0.5,0.5,36,0,0.471744,8,950.6631,235.5741,nW/nW,0.60,125,TT,saed05rvt_base_tt0p60v125c
mux3to1_8bit,100,0.3,0.5,36,0,0.471744,8,872.6089,235.5741,nW/nW,0.60,125,TT,saed05rvt_base_tt0p60v125c
mux3to1_8bit,100,0.8,0.5,36,0,0.471744,8,1.0637,235.5741,uW/nW,0.60,125,TT,saed05rvt_base_tt0p60v125c
mux3to1_8bit,100,0.5,0.3,36,0,0.471744,8,560.3766,246.8994,nW/nW,0.60,125,TT,saed05rvt_base_tt0p60v125c
mux3to1_8bit,100,0.5,0.7,36,0,0.471744,8,550.3866,297.9787,nW/nW,0.60,125,TT,saed05rvt_base_tt0p60v125c
mux3to1_8bit,200,0.1,0.5,36,0,0.471744,8,615.2426,245.9113,nW/nW,0.60,125,TT,saed05rvt_base_tt0p60v125c
mux3to1_8bit,200,0.5,0.5,36,0,0.471744,8,1.7047,235.5741,uW/nW,0.60,125,TT,saed05rvt_base_tt0p60v125c
mux3to1_8bit,200,0.3,0.5,36,0,0.471744,8,1.2007,245.9514,uW/nW,0.60,125,TT,saed05rvt_base_tt0p60v125c
mux3to1_8bit,200,0.8,0.5,36,0,0.471744,8,1.8242,235.5741,uW/nW,0.60,125,TT,saed05rvt_base_tt0p60v125c
mux3to1_8bit,200,0.5,0.3,36,0,0.471744,8,927.4990,246.8994,nW/nW,0.60,125,TT,saed05rvt_base_tt0p60v125c
mux3to1_8bit,200,0.5,0.7,36,0,0.471744,8,905.3632,297.9787,nW/nW,0.60,125,TT,saed05rvt_base_tt0p60v125c
mux3to1_8bit,300,0.1,0.5,36,0,0.471744,8,660.9520,245.8752,nW/nW,0.60,125,TT,saed05rvt_base_tt0p60v125c
mux3to1_8bit,300,0.5,0.5,36,0,0.471744,8,1.8532,245.9881,uW/nW,0.60,125,TT,saed05rvt_base_tt0p60v125c
mux3to1_8bit,300,0.3,0.5,36,0,0.471744,8,1.4982,245.9054,uW/nW,0.60,125,TT,saed05rvt_base_tt0p60v125c
mux3to1_8bit,300,0.8,0.5,36,0,0.471744,8,2.5774,235.5741,uW/nW,0.60,125,TT,saed05rvt_base_tt0p60v125c
mux3to1_8bit,300,0.5,0.3,36,0,0.471744,8,1.8528,229.7603,uW/nW,0.60,125,TT,saed05rvt_base_tt0p60v125c
mux3to1_8bit,300,0.5,0.7,36,0,0.471744,8,1.7244,261.4338,uW/nW,0.60,125,TT,saed05rvt_base_tt0p60v125c
mux3to1_8bit,450,0.1,0.5,36,0,0.471744,8,692.7490,245.5569,nW/nW,0.60,125,TT,saed05rvt_base_tt0p60v125c
mux3to1_8bit,450,0.5,0.5,36,0,0.471744,8,2.3717,245.9163,uW/nW,0.60,125,TT,saed05rvt_base_tt0p60v125c
mux3to1_8bit,450,0.3,0.5,36,0,0.471744,8,1.7290,245.9038,uW/nW,0.60,125,TT,saed05rvt_base_tt0p60v125c
mux3to1_8bit,450,0.8,0.5,36,0,0.471744,8,2.8176,245.9421,uW/nW,0.60,125,TT,saed05rvt_base_tt0p60v125c
mux3to1_8bit,450,0.5,0.3,36,0,0.471744,8,2.3811,238.4470,uW/nW,0.60,125,TT,saed05rvt_base_tt0p60v125c
mux3to1_8bit,450,0.5,0.7,36,0,0.471744,8,2.1856,257.5318,uW/nW,0.60,125,TT,saed05rvt_base_tt0p60v125c
mux3to1_8bit,600,0.1,0.5,36,0,0.471744,8,713.1888,245.4730,nW/nW,0.60,125,TT,saed05rvt_base_tt0p60v125c
mux3to1_8bit,600,0.5,0.5,36,0,0.471744,8,2.6789,245.9117,uW/nW,0.60,125,TT,saed05rvt_base_tt0p60v125c
mux3to1_8bit,600,0.3,0.5,36,0,0.471744,8,1.8457,245.9113,uW/nW,0.60,125,TT,saed05rvt_base_tt0p60v125c
mux3to1_8bit,600,0.8,0.5,36,0,0.471744,8,3.4463,245.9577,uW/nW,0.60,125,TT,saed05rvt_base_tt0p60v125c
mux3to1_8bit,600,0.5,0.3,36,0,0.471744,8,2.6846,238.2915,uW/nW,0.60,125,TT,saed05rvt_base_tt0p60v125c
mux3to1_8bit,600,0.5,0.7,36,0,0.471744,8,2.4813,257.5974,uW/nW,0.60,125,TT,saed05rvt_base_tt0p60v125c
mux3to1_8bit,750,0.1,0.5,36,0,0.471744,8,722.5591,246.3873,nW/nW,0.60,125,TT,saed05rvt_base_tt0p60v125c
mux3to1_8bit,750,0.5,0.5,36,0,0.471744,8,2.8817,245.9038,uW/nW,0.60,125,TT,saed05rvt_base_tt0p60v125c
mux3to1_8bit,750,0.3,0.5,36,0,0.471744,8,1.9321,245.7705,uW/nW,0.60,125,TT,saed05rvt_base_tt0p60v125c
mux3to1_8bit,750,0.8,0.5,36,0,0.471744,8,3.8695,245.9097,uW/nW,0.60,125,TT,saed05rvt_base_tt0p60v125c
mux3to1_8bit,750,0.5,0.3,36,0,0.471744,8,2.8814,238.4042,uW/nW,0.60,125,TT,saed05rvt_base_tt0p60v125c
mux3to1_8bit,750,0.5,0.7,36,0,0.471744,8,2.6747,257.5354,uW/nW,0.60,125,TT,saed05rvt_base_tt0p60v125c
mux3to1_8bit,900,0.1,0.5,36,0,0.471744,8,721.5638,246.4194,nW/nW,0.60,125,TT,saed05rvt_base_tt0p60v125c
mux3to1_8bit,900,0.5,0.5,36,0,0.471744,8,3.0176,245.8637,uW/nW,0.60,125,TT,saed05rvt_base_tt0p60v125c
mux3to1_8bit,900,0.3,0.5,36,0,0.471744,8,1.9829,245.8752,uW/nW,0.60,125,TT,saed05rvt_base_tt0p60v125c
mux3to1_8bit,900,0.8,0.5,36,0,0.471744,8,4.1911,245.8507,uW/nW,0.60,125,TT,saed05rvt_base_tt0p60v125c
mux3to1_8bit,900,0.5,0.3,36,0,0.471744,8,3.0201,238.4029,uW/nW,0.60,125,TT,saed05rvt_base_tt0p60v125c
mux3to1_8bit,900,0.5,0.7,36,0,0.471744,8,2.8251,257.4551,uW/nW,0.60,125,TT,saed05rvt_base_tt0p60v125c
mux3to1_8bit,1000,0.1,0.5,36,0,0.471744,8,739.3262,245.7079,nW/nW,0.60,125,TT,saed05rvt_base_tt0p60v125c
mux3to1_8bit,1000,0.5,0.5,36,0,0.471744,8,3.0762,245.9113,uW/nW,0.60,125,TT,saed05rvt_base_tt0p60v125c
mux3to1_8bit,1000,0.3,0.5,36,0,0.471744,8,2.0043,245.8730,uW/nW,0.60,125,TT,saed05rvt_base_tt0p60v125c
mux3to1_8bit,1000,0.8,0.5,36,0,0.471744,8,4.3540,245.9021,uW/nW,0.60,125,TT,saed05rvt_base_tt0p60v125c
mux3to1_8bit,1000,0.5,0.3,36,0,0.471744,8,3.0946,238.5211,uW/nW,0.60,125,TT,saed05rvt_base_tt0p60v125c
mux3to1_8bit,1000,0.5,0.7,36,0,0.471744,8,2.8950,257.3399,uW/nW,0.60,125,TT,saed05rvt_base_tt0p60v125c
mux3to1_8bit,10,0.1,0.5,36,0,0.471744,8,180.8956,588.9286,nW/nW,0.75,125,TT,saed05rvt_base_tt0p75v125c
mux3to1_8bit,10,0.5,0.5,36,0,0.471744,8,400.1097,588.9286,nW/nW,0.75,125,TT,saed05rvt_base_tt0p75v125c
mux3to1_8bit,10,0.3,0.5,36,0,0.471744,8,290.5514,588.9286,nW/nW,0.75,125,TT,saed05rvt_base_tt0p75v125c
mux3to1_8bit,10,0.8,0.5,36,0,0.471744,8,564.4204,588.9286,nW/nW,0.75,125,TT,saed05rvt_base_tt0p75v125c
mux3to1_8bit,10,0.5,0.3,36,0,0.471744,8,343.9924,617.2915,nW/nW,0.75,125,TT,saed05rvt_base_tt0p75v125c
mux3to1_8bit,10,0.5,0.7,36,0,0.471744,8,344.1046,748.5547,nW/nW,0.75,125,TT,saed05rvt_base_tt0p75v125c
mux3to1_8bit,50,0.1,0.5,36,0,0.471744,8,683.3906,588.9286,nW/nW,0.75,125,TT,saed05rvt_base_tt0p75v125c
mux3to1_8bit,50,0.5,0.5,36,0,0.471744,8,904.4778,588.9286,nW/nW,0.75,125,TT,saed05rvt_base_tt0p75v125c
mux3to1_8bit,50,0.3,0.5,36,0,0.471744,8,794.4415,588.9286,nW/nW,0.75,125,TT,saed05rvt_base_tt0p75v125c
mux3to1_8bit,50,0.8,0.5,36,0,0.471744,8,1.0691,588.9286,uW/nW,0.75,125,TT,saed05rvt_base_tt0p75v125c
mux3to1_8bit,50,0.5,0.3,36,0,0.471744,8,582.7314,617.2915,nW/nW,0.75,125,TT,saed05rvt_base_tt0p75v125c
mux3to1_8bit,50,0.5,0.7,36,0,0.471744,8,578.5479,748.5547,nW/nW,0.75,125,TT,saed05rvt_base_tt0p75v125c
mux3to1_8bit,100,0.1,0.5,36,0,0.471744,8,837.8716,614.7974,nW/nW,0.75,125,TT,saed05rvt_base_tt0p75v125c
mux3to1_8bit,100,0.5,0.5,36,0,0.471744,8,1.5337,588.9286,uW/nW,0.75,125,TT,saed05rvt_base_tt0p75v125c
mux3to1_8bit,100,0.3,0.5,36,0,0.471744,8,1.4228,588.9286,uW/nW,0.75,125,TT,saed05rvt_base_tt0p75v125c
mux3to1_8bit,100,0.8,0.5,36,0,0.471744,8,1.6990,588.9286,uW/nW,0.75,125,TT,saed05rvt_base_tt0p75v125c
mux3to1_8bit,100,0.5,0.3,36,0,0.471744,8,880.8663,617.2915,nW/nW,0.75,125,TT,saed05rvt_base_tt0p75v125c
mux3to1_8bit,100,0.5,0.7,36,0,0.471744,8,871.1473,748.5547,nW/nW,0.75,125,TT,saed05rvt_base_tt0p75v125c
mux3to1_8bit,200,0.1,0.5,36,0,0.471744,8,1.0411,614.8112,uW/nW,0.75,125,TT,saed05rvt_base_tt0p75v125c
mux3to1_8bit,200,0.5,0.5,36,0,0.471744,8,2.7897,588.9286,uW/nW,0.75,125,TT,saed05rvt_base_tt0p75v125c
mux3to1_8bit,200,0.3,0.5,36,0,0.471744,8,1.9967,614.9135,uW/nW,0.75,125,TT,saed05rvt_base_tt0p75v125c
mux3to1_8bit,200,0.8,0.5,36,0,0.471744,8,2.9567,588.9286,uW/nW,0.75,125,TT,saed05rvt_base_tt0p75v125c
mux3to1_8bit,200,0.5,0.3,36,0,0.471744,8,1.4765,617.2915,uW/nW,0.75,125,TT,saed05rvt_base_tt0p75v125c
mux3to1_8bit,200,0.5,0.7,36,0,0.471744,8,1.4556,748.5547,uW/nW,0.75,125,TT,saed05rvt_base_tt0p75v125c
mux3to1_8bit,300,0.1,0.5,36,0,0.471744,8,1.1216,614.7299,uW/nW,0.75,125,TT,saed05rvt_base_tt0p75v125c
mux3to1_8bit,300,0.5,0.5,36,0,0.471744,8,3.0731,615.0105,uW/nW,0.75,125,TT,saed05rvt_base_tt0p75v125c
mux3to1_8bit,300,0.3,0.5,36,0,0.471744,8,2.5136,614.7974,uW/nW,0.75,125,TT,saed05rvt_base_tt0p75v125c
mux3to1_8bit,300,0.8,0.5,36,0,0.471744,8,4.2125,588.9286,uW/nW,0.75,125,TT,saed05rvt_base_tt0p75v125c
mux3to1_8bit,300,0.5,0.3,36,0,0.471744,8,3.0206,572.8145,uW/nW,0.75,125,TT,saed05rvt_base_tt0p75v125c
mux3to1_8bit,300,0.5,0.7,36,0,0.471744,8,2.8954,655.1224,uW/nW,0.75,125,TT,saed05rvt_base_tt0p75v125c
mux3to1_8bit,450,0.1,0.5,36,0,0.471744,8,1.1779,613.9077,uW/nW,0.75,125,TT,saed05rvt_base_tt0p75v125c
mux3to1_8bit,450,0.5,0.5,36,0,0.471744,8,3.9714,614.8274,uW/nW,0.75,125,TT,saed05rvt_base_tt0p75v125c
mux3to1_8bit,450,0.3,0.5,36,0,0.471744,8,2.9177,614.7949,uW/nW,0.75,125,TT,saed05rvt_base_tt0p75v125c
mux3to1_8bit,450,0.8,0.5,36,0,0.471744,8,4.6642,614.8937,uW/nW,0.75,125,TT,saed05rvt_base_tt0p75v125c
mux3to1_8bit,450,0.5,0.3,36,0,0.471744,8,3.9015,594.8545,uW/nW,0.75,125,TT,saed05rvt_base_tt0p75v125c
mux3to1_8bit,450,0.5,0.7,36,0,0.471744,8,3.7169,645.2880,uW/nW,0.75,125,TT,saed05rvt_base_tt0p75v125c
mux3to1_8bit,600,0.1,0.5,36,0,0.471744,8,1.2140,613.6884,uW/nW,0.75,125,TT,saed05rvt_base_tt0p75v125c
mux3to1_8bit,600,0.5,0.5,36,0,0.471744,8,4.5074,614.8137,uW/nW,0.75,125,TT,saed05rvt_base_tt0p75v125c
mux3to1_8bit,600,0.3,0.5,36,0,0.471744,8,3.1234,614.8112,uW/nW,0.75,125,TT,saed05rvt_base_tt0p75v125c
mux3to1_8bit,600,0.8,0.5,36,0,0.471744,8,5.7483,614.9277,uW/nW,0.75,125,TT,saed05rvt_base_tt0p75v125c
mux3to1_8bit,600,0.5,0.3,36,0,0.471744,8,4.4204,594.4551,uW/nW,0.75,125,TT,saed05rvt_base_tt0p75v125c
mux3to1_8bit,600,0.5,0.7,36,0,0.471744,8,4.2422,645.4591,uW/nW,0.75,125,TT,saed05rvt_base_tt0p75v125c
mux3to1_8bit,750,0.1,0.5,36,0,0.471744,8,1.2306,616.0266,uW/nW,0.75,125,TT,saed05rvt_base_tt0p75v125c
mux3to1_8bit,750,0.5,0.5,36,0,0.471744,8,4.8629,614.7949,uW/nW,0.75,125,TT,saed05rvt_base_tt0p75v125c
mux3to1_8bit,750,0.3,0.5,36,0,0.471744,8,3.2749,614.4622,uW/nW,0.75,125,TT,saed05rvt_base_tt0p75v125c
mux3to1_8bit,750,0.8,0.5,36,0,0.471744,8,6.4844,614.8134,uW/nW,0.75,125,TT,saed05rvt_base_tt0p75v125c
mux3to1_8bit,750,0.5,0.3,36,0,0.471744,8,4.7579,594.7422,uW/nW,0.75,125,TT,saed05rvt_base_tt0p75v125c
mux3to1_8bit,750,0.5,0.7,36,0,0.471744,8,4.5868,645.2986,uW/nW,0.75,125,TT,saed05rvt_base_tt0p75v125c
mux3to1_8bit,900,0.1,0.5,36,0,0.471744,8,1.2288,616.1220,uW/nW,0.75,125,TT,saed05rvt_base_tt0p75v125c
mux3to1_8bit,900,0.5,0.5,36,0,0.471744,8,5.1026,614.6824,uW/nW,0.75,125,TT,saed05rvt_base_tt0p75v125c
mux3to1_8bit,900,0.3,0.5,36,0,0.471744,8,3.3649,614.7299,uW/nW,0.75,125,TT,saed05rvt_base_tt0p75v125c
mux3to1_8bit,900,0.8,0.5,36,0,0.471744,8,7.0451,614.6611,uW/nW,0.75,125,TT,saed05rvt_base_tt0p75v125c
mux3to1_8bit,900,0.5,0.3,36,0,0.471744,8,4.9969,594.7417,uW/nW,0.75,125,TT,saed05rvt_base_tt0p75v125c
mux3to1_8bit,900,0.5,0.7,36,0,0.471744,8,4.8548,645.0968,uW/nW,0.75,125,TT,saed05rvt_base_tt0p75v125c
mux3to1_8bit,1000,0.1,0.5,36,0,0.471744,8,1.2599,614.2548,uW/nW,0.75,125,TT,saed05rvt_base_tt0p75v125c
mux3to1_8bit,1000,0.5,0.5,36,0,0.471744,8,5.2056,614.8112,uW/nW,0.75,125,TT,saed05rvt_base_tt0p75v125c
mux3to1_8bit,1000,0.3,0.5,36,0,0.471744,8,3.4029,614.7186,uW/nW,0.75,125,TT,saed05rvt_base_tt0p75v125c
mux3to1_8bit,1000,0.8,0.5,36,0,0.471744,8,7.3307,614.7891,uW/nW,0.75,125,TT,saed05rvt_base_tt0p75v125c
mux3to1_8bit,1000,0.5,0.3,36,0,0.471744,8,5.1248,595.0383,uW/nW,0.75,125,TT,saed05rvt_base_tt0p75v125c
mux3to1_8bit,1000,0.5,0.7,36,0,0.471744,8,4.9795,644.8084,uW/nW,0.75,125,TT,saed05rvt_base_tt0p75v125c
mux3to1_8bit,10,0.1,0.5,36,0,0.471744,8,170.3713,6.6321,nW/nW,0.75,25,TT,saed05rvt_base_tt0p75v25c
mux3to1_8bit,10,0.5,0.5,36,0,0.471744,8,368.6770,6.6321,nW/nW,0.75,25,TT,saed05rvt_base_tt0p75v25c
mux3to1_8bit,10,0.3,0.5,36,0,0.471744,8,269.8493,6.6321,nW/nW,0.75,25,TT,saed05rvt_base_tt0p75v25c
mux3to1_8bit,10,0.8,0.5,36,0,0.471744,8,516.7401,6.6321,nW/nW,0.75,25,TT,saed05rvt_base_tt0p75v25c
mux3to1_8bit,10,0.5,0.3,36,0,0.471744,8,310.7694,6.6751,nW/nW,0.75,25,TT,saed05rvt_base_tt0p75v25c
mux3to1_8bit,10,0.5,0.7,36,0,0.471744,8,310.8567,8.2956,nW/nW,0.75,25,TT,saed05rvt_base_tt0p75v25c
mux3to1_8bit,50,0.1,0.5,36,0,0.471744,8,641.0650,6.6321,nW/nW,0.75,25,TT,saed05rvt_base_tt0p75v25c
mux3to1_8bit,50,0.5,0.5,36,0,0.471744,8,851.8566,6.6321,nW/nW,0.75,25,TT,saed05rvt_base_tt0p75v25c
mux3to1_8bit,50,0.3,0.5,36,0,0.471744,8,749.8424,6.6321,nW/nW,0.75,25,TT,saed05rvt_base_tt0p75v25c
mux3to1_8bit,50,0.8,0.5,36,0,0.471744,8,1.0021,6.6321,uW/nW,0.75,25,TT,saed05rvt_base_tt0p75v25c
mux3to1_8bit,50,0.5,0.3,36,0,0.471744,8,542.7914,6.6751,nW/nW,0.75,25,TT,saed05rvt_base_tt0p75v25c
mux3to1_8bit,50,0.5,0.7,36,0,0.471744,8,537.6091,8.2956,nW/nW,0.75,25,TT,saed05rvt_base_tt0p75v25c
mux3to1_8bit,100,0.1,0.5,36,0,0.471744,8,763.5284,6.7814,nW/nW,0.75,25,TT,saed05rvt_base_tt0p75v25c
mux3to1_8bit,100,0.5,0.5,36,0,0.471744,8,1.4475,6.6321,uW/nW,0.75,25,TT,saed05rvt_base_tt0p75v25c
mux3to1_8bit,100,0.3,0.5,36,0,0.471744,8,1.3396,6.6321,uW/nW,0.75,25,TT,saed05rvt_base_tt0p75v25c
mux3to1_8bit,100,0.8,0.5,36,0,0.471744,8,1.6024,6.6321,uW/nW,0.75,25,TT,saed05rvt_base_tt0p75v25c
mux3to1_8bit,100,0.5,0.3,36,0,0.471744,8,830.8927,6.6751,nW/nW,0.75,25,TT,saed05rvt_base_tt0p75v25c
mux3to1_8bit,100,0.5,0.7,36,0,0.471744,8,818.0187,8.2956,nW/nW,0.75,25,TT,saed05rvt_base_tt0p75v25c
mux3to1_8bit,200,0.1,0.5,36,0,0.471744,8,941.0958,6.7812,nW/nW,0.75,25,TT,saed05rvt_base_tt0p75v25c
mux3to1_8bit,200,0.5,0.5,36,0,0.471744,8,2.6226,6.6321,uW/nW,0.75,25,TT,saed05rvt_base_tt0p75v25c
mux3to1_8bit,200,0.3,0.5,36,0,0.471744,8,1.8335,6.7825,uW/nW,0.75,25,TT,saed05rvt_base_tt0p75v25c
mux3to1_8bit,200,0.8,0.5,36,0,0.471744,8,2.7886,6.6321,uW/nW,0.75,25,TT,saed05rvt_base_tt0p75v25c
mux3to1_8bit,200,0.5,0.3,36,0,0.471744,8,1.4027,6.6751,uW/nW,0.75,25,TT,saed05rvt_base_tt0p75v25c
mux3to1_8bit,200,0.5,0.7,36,0,0.471744,8,1.3738,8.2956,uW/nW,0.75,25,TT,saed05rvt_base_tt0p75v25c
mux3to1_8bit,300,0.1,0.5,36,0,0.471744,8,1.0111,6.7816,uW/nW,0.75,25,TT,saed05rvt_base_tt0p75v25c
mux3to1_8bit,300,0.5,0.5,36,0,0.471744,8,2.8283,6.7836,uW/nW,0.75,25,TT,saed05rvt_base_tt0p75v25c
mux3to1_8bit,300,0.3,0.5,36,0,0.471744,8,2.2906,6.7814,uW/nW,0.75,25,TT,saed05rvt_base_tt0p75v25c
mux3to1_8bit,300,0.8,0.5,36,0,0.471744,8,3.9624,6.6321,uW/nW,0.75,25,TT,saed05rvt_base_tt0p75v25c
mux3to1_8bit,300,0.5,0.3,36,0,0.471744,8,2.8339,6.2020,uW/nW,0.75,25,TT,saed05rvt_base_tt0p75v25c
mux3to1_8bit,300,0.5,0.7,36,0,0.471744,8,2.6250,7.3720,uW/nW,0.75,25,TT,saed05rvt_base_tt0p75v25c
mux3to1_8bit,450,0.1,0.5,36,0,0.471744,8,1.0597,6.7727,uW/nW,0.75,25,TT,saed05rvt_base_tt0p75v25c
mux3to1_8bit,450,0.5,0.5,36,0,0.471744,8,3.6250,6.7817,uW/nW,0.75,25,TT,saed05rvt_base_tt0p75v25c
mux3to1_8bit,450,0.3,0.5,36,0,0.471744,8,2.6444,6.7815,uW/nW,0.75,25,TT,saed05rvt_base_tt0p75v25c
mux3to1_8bit,450,0.8,0.5,36,0,0.471744,8,4.2981,6.7823,uW/nW,0.75,25,TT,saed05rvt_base_tt0p75v25c
mux3to1_8bit,450,0.5,0.3,36,0,0.471744,8,3.6522,6.4119,uW/nW,0.75,25,TT,saed05rvt_base_tt0p75v25c
mux3to1_8bit,450,0.5,0.7,36,0,0.471744,8,3.3300,7.2983,uW/nW,0.75,25,TT,saed05rvt_base_tt0p75v25c
mux3to1_8bit,600,0.1,0.5,36,0,0.471744,8,1.0910,6.7698,uW/nW,0.75,25,TT,saed05rvt_base_tt0p75v25c
mux3to1_8bit,600,0.5,0.5,36,0,0.471744,8,4.0965,6.7816,uW/nW,0.75,25,TT,saed05rvt_base_tt0p75v25c
mux3to1_8bit,600,0.3,0.5,36,0,0.471744,8,2.8233,6.7812,uW/nW,0.75,25,TT,saed05rvt_base_tt0p75v25c
mux3to1_8bit,600,0.8,0.5,36,0,0.471744,8,5.2651,6.7823,uW/nW,0.75,25,TT,saed05rvt_base_tt0p75v25c
mux3to1_8bit,600,0.5,0.3,36,0,0.471744,8,4.1200,6.4079,uW/nW,0.75,25,TT,saed05rvt_base_tt0p75v25c
mux3to1_8bit,600,0.5,0.7,36,0,0.471744,8,3.7822,7.3005,uW/nW,0.75,25,TT,saed05rvt_base_tt0p75v25c
mux3to1_8bit,750,0.1,0.5,36,0,0.471744,8,1.1054,6.7932,uW/nW,0.75,25,TT,saed05rvt_base_tt0p75v25c
mux3to1_8bit,750,0.5,0.5,36,0,0.471744,8,4.4074,6.7815,uW/nW,0.75,25,TT,saed05rvt_base_tt0p75v25c
mux3to1_8bit,750,0.3,0.5,36,0,0.471744,8,2.9557,6.7792,uW/nW,0.75,25,TT,saed05rvt_base_tt0p75v25c
mux3to1_8bit,750,0.8,0.5,36,0,0.471744,8,5.9149,6.7819,uW/nW,0.75,25,TT,saed05rvt_base_tt0p75v25c
mux3to1_8bit,750,0.5,0.3,36,0,0.471744,8,4.4231,6.4109,uW/nW,0.75,25,TT,saed05rvt_base_tt0p75v25c
mux3to1_8bit,750,0.5,0.7,36,0,0.471744,8,4.0780,7.2987,uW/nW,0.75,25,TT,saed05rvt_base_tt0p75v25c
mux3to1_8bit,900,0.1,0.5,36,0,0.471744,8,1.1040,6.7956,uW/nW,0.75,25,TT,saed05rvt_base_tt0p75v25c
mux3to1_8bit,900,0.5,0.5,36,0,0.471744,8,4.6155,6.7795,uW/nW,0.75,25,TT,saed05rvt_base_tt0p75v25c
mux3to1_8bit,900,0.3,0.5,36,0,0.471744,8,3.0333,6.7816,uW/nW,0.75,25,TT,saed05rvt_base_tt0p75v25c
mux3to1_8bit,900,0.8,0.5,36,0,0.471744,8,6.4087,6.7804,uW/nW,0.75,25,TT,saed05rvt_base_tt0p75v25c
mux3to1_8bit,900,0.5,0.3,36,0,0.471744,8,4.6365,6.4107,uW/nW,0.75,25,TT,saed05rvt_base_tt0p75v25c
mux3to1_8bit,900,0.5,0.7,36,0,0.471744,8,4.3080,7.2968,uW/nW,0.75,25,TT,saed05rvt_base_tt0p75v25c
mux3to1_8bit,1000,0.1,0.5,36,0,0.471744,8,1.1310,6.7724,uW/nW,0.75,25,TT,saed05rvt_base_tt0p75v25c
mux3to1_8bit,1000,0.5,0.5,36,0,0.471744,8,4.7055,6.7812,uW/nW,0.75,25,TT,saed05rvt_base_tt0p75v25c
mux3to1_8bit,1000,0.3,0.5,36,0,0.471744,8,3.0662,6.7809,uW/nW,0.75,25,TT,saed05rvt_base_tt0p75v25c
mux3to1_8bit,1000,0.8,0.5,36,0,0.471744,8,6.6583,6.7813,uW/nW,0.75,25,TT,saed05rvt_base_tt0p75v25c
mux3to1_8bit,1000,0.5,0.3,36,0,0.471744,8,4.7512,6.4134,uW/nW,0.75,25,TT,saed05rvt_base_tt0p75v25c
mux3to1_8bit,1000,0.5,0.7,36,0,0.471744,8,4.4148,7.2948,uW/nW,0.75,25,TT,saed05rvt_base_tt0p75v25c
mux3to1_8bit,10,0.1,0.5,36,0,0.471744,8,137.9095,377.6843,nW/nW,0.66,125,FF,saed05rvt_base_ff0p660v125c
mux3to1_8bit,10,0.5,0.5,36,0,0.471744,8,308.9776,377.6843,nW/nW,0.66,125,FF,saed05rvt_base_ff0p660v125c
mux3to1_8bit,10,0.3,0.5,36,0,0.471744,8,223.6185,377.6843,nW/nW,0.66,125,FF,saed05rvt_base_ff0p660v125c
mux3to1_8bit,10,0.8,0.5,36,0,0.471744,8,436.9203,377.6843,nW/nW,0.66,125,FF,saed05rvt_base_ff0p660v125c
mux3to1_8bit,10,0.5,0.3,36,0,0.471744,8,267.2783,395.9749,nW/nW,0.66,125,FF,saed05rvt_base_ff0p660v125c
mux3to1_8bit,10,0.5,0.7,36,0,0.471744,8,267.2318,478.8830,nW/nW,0.66,125,FF,saed05rvt_base_ff0p660v125c
mux3to1_8bit,50,0.1,0.5,36,0,0.471744,8,511.7620,377.6843,nW/nW,0.66,125,FF,saed05rvt_base_ff0p660v125c
mux3to1_8bit,50,0.5,0.5,36,0,0.471744,8,689.5476,377.6843,nW/nW,0.66,125,FF,saed05rvt_base_ff0p660v125c
mux3to1_8bit,50,0.3,0.5,36,0,0.471744,8,602.4742,377.6843,nW/nW,0.66,125,FF,saed05rvt_base_ff0p660v125c
mux3to1_8bit,50,0.8,0.5,36,0,0.471744,8,818.6418,377.6843,nW/nW,0.66,125,FF,saed05rvt_base_ff0p660v125c
mux3to1_8bit,50,0.5,0.3,36,0,0.471744,8,449.9713,395.9749,nW/nW,0.66,125,FF,saed05rvt_base_ff0p660v125c
mux3to1_8bit,50,0.5,0.7,36,0,0.471744,8,444.8081,478.8830,nW/nW,0.66,125,FF,saed05rvt_base_ff0p660v125c
mux3to1_8bit,100,0.1,0.5,36,0,0.471744,8,618.6219,394.3274,nW/nW,0.66,125,FF,saed05rvt_base_ff0p660v125c
mux3to1_8bit,100,0.5,0.5,36,0,0.471744,8,1.1608,377.6843,uW/nW,0.66,125,FF,saed05rvt_base_ff0p660v125c
mux3to1_8bit,100,0.3,0.5,36,0,0.471744,8,1.0705,377.6843,uW/nW,0.66,125,FF,saed05rvt_base_ff0p660v125c
mux3to1_8bit,100,0.8,0.5,36,0,0.471744,8,1.2924,377.6843,uW/nW,0.66,125,FF,saed05rvt_base_ff0p660v125c
mux3to1_8bit,100,0.5,0.3,36,0,0.471744,8,677.3013,395.9749,nW/nW,0.66,125,FF,saed05rvt_base_ff0p660v125c
mux3to1_8bit,100,0.5,0.7,36,0,0.471744,8,665.1477,478.8830,nW/nW,0.66,125,FF,saed05rvt_base_ff0p660v125c
mux3to1_8bit,200,0.1,0.5,36,0,0.471744,8,764.2374,394.3366,nW/nW,0.66,125,FF,saed05rvt_base_ff0p660v125c
mux3to1_8bit,200,0.5,0.5,36,0,0.471744,8,2.0945,377.6843,uW/nW,0.66,125,FF,saed05rvt_base_ff0p660v125c
mux3to1_8bit,200,0.3,0.5,36,0,0.471744,8,1.4828,394.4016,uW/nW,0.66,125,FF,saed05rvt_base_ff0p660v125c
mux3to1_8bit,200,0.8,0.5,36,0,0.471744,8,2.2321,377.6843,uW/nW,0.66,125,FF,saed05rvt_base_ff0p660v125c
mux3to1_8bit,200,0.5,0.3,36,0,0.471744,8,1.1296,395.9749,uW/nW,0.66,125,FF,saed05rvt_base_ff0p660v125c
mux3to1_8bit,200,0.5,0.7,36,0,0.471744,8,1.1031,478.8830,uW/nW,0.66,125,FF,saed05rvt_base_ff0p660v125c
mux3to1_8bit,300,0.1,0.5,36,0,0.471744,8,821.7621,394.2807,nW/nW,0.66,125,FF,saed05rvt_base_ff0p660v125c
mux3to1_8bit,300,0.5,0.5,36,0,0.471744,8,2.2863,394.4619,uW/nW,0.66,125,FF,saed05rvt_base_ff0p660v125c
mux3to1_8bit,300,0.3,0.5,36,0,0.471744,8,1.8559,394.3274,uW/nW,0.66,125,FF,saed05rvt_base_ff0p660v125c
mux3to1_8bit,300,0.8,0.5,36,0,0.471744,8,3.1652,377.6843,uW/nW,0.66,125,FF,saed05rvt_base_ff0p660v125c
mux3to1_8bit,300,0.5,0.3,36,0,0.471744,8,2.2775,368.0080,uW/nW,0.66,125,FF,saed05rvt_base_ff0p660v125c
mux3to1_8bit,300,0.5,0.7,36,0,0.471744,8,2.1322,419.6122,uW/nW,0.66,125,FF,saed05rvt_base_ff0p660v125c
mux3to1_8bit,450,0.1,0.5,36,0,0.471744,8,861.8343,393.7625,nW/nW,0.66,125,FF,saed05rvt_base_ff0p660v125c
mux3to1_8bit,450,0.5,0.5,36,0,0.471744,8,2.9359,394.3456,uW/nW,0.66,125,FF,saed05rvt_base_ff0p660v125c
mux3to1_8bit,450,0.3,0.5,36,0,0.471744,8,2.1458,394.3252,uW/nW,0.66,125,FF,saed05rvt_base_ff0p660v125c
mux3to1_8bit,450,0.8,0.5,36,0,0.471744,8,3.4739,394.3876,uW/nW,0.66,125,FF,saed05rvt_base_ff0p660v125c
mux3to1_8bit,450,0.5,0.3,36,0,0.471744,8,2.9335,382.0527,uW/nW,0.66,125,FF,saed05rvt_base_ff0p660v125c
mux3to1_8bit,450,0.5,0.7,36,0,0.471744,8,2.7141,413.3130,uW/nW,0.66,125,FF,saed05rvt_base_ff0p660v125c
mux3to1_8bit,600,0.1,0.5,36,0,0.471744,8,887.5864,393.6254,nW/nW,0.66,125,FF,saed05rvt_base_ff0p660v125c
mux3to1_8bit,600,0.5,0.5,36,0,0.471744,8,3.3214,394.3376,uW/nW,0.66,125,FF,saed05rvt_base_ff0p660v125c
mux3to1_8bit,600,0.3,0.5,36,0,0.471744,8,2.2927,394.3366,uW/nW,0.66,125,FF,saed05rvt_base_ff0p660v125c
mux3to1_8bit,600,0.8,0.5,36,0,0.471744,8,4.2605,394.4114,uW/nW,0.66,125,FF,saed05rvt_base_ff0p660v125c
mux3to1_8bit,600,0.5,0.3,36,0,0.471744,8,3.3123,381.8000,uW/nW,0.66,125,FF,saed05rvt_base_ff0p660v125c
mux3to1_8bit,600,0.5,0.7,36,0,0.471744,8,3.0869,413.4201,uW/nW,0.66,125,FF,saed05rvt_base_ff0p660v125c
mux3to1_8bit,750,0.1,0.5,36,0,0.471744,8,899.4022,395.1083,nW/nW,0.66,125,FF,saed05rvt_base_ff0p660v125c
mux3to1_8bit,750,0.5,0.5,36,0,0.471744,8,3.5763,394.3252,uW/nW,0.66,125,FF,saed05rvt_base_ff0p660v125c
mux3to1_8bit,750,0.3,0.5,36,0,0.471744,8,2.4013,394.1109,uW/nW,0.66,125,FF,saed05rvt_base_ff0p660v125c
mux3to1_8bit,750,0.8,0.5,36,0,0.471744,8,4.7912,394.3356,uW/nW,0.66,125,FF,saed05rvt_base_ff0p660v125c
mux3to1_8bit,750,0.5,0.3,36,0,0.471744,8,3.5582,381.9824,uW/nW,0.66,125,FF,saed05rvt_base_ff0p660v125c
mux3to1_8bit,750,0.5,0.7,36,0,0.471744,8,3.3311,413.3191,uW/nW,0.66,125,FF,saed05rvt_base_ff0p660v125c
mux3to1_8bit,900,0.1,0.5,36,0,0.471744,8,898.1150,395.1635,nW/nW,0.66,125,FF,saed05rvt_base_ff0p660v125c
mux3to1_8bit,900,0.5,0.5,36,0,0.471744,8,3.7475,394.2577,uW/nW,0.66,125,FF,saed05rvt_base_ff0p660v125c
mux3to1_8bit,900,0.3,0.5,36,0,0.471744,8,2.4653,394.2807,uW/nW,0.66,125,FF,saed05rvt_base_ff0p660v125c
mux3to1_8bit,900,0.8,0.5,36,0,0.471744,8,5.1948,394.2395,uW/nW,0.66,125,FF,saed05rvt_base_ff0p660v125c
mux3to1_8bit,900,0.5,0.3,36,0,0.471744,8,3.7317,381.9812,uW/nW,0.66,125,FF,saed05rvt_base_ff0p660v125c
mux3to1_8bit,900,0.5,0.7,36,0,0.471744,8,3.5209,413.1899,uW/nW,0.66,125,FF,saed05rvt_base_ff0p660v125c
mux3to1_8bit,1000,0.1,0.5,36,0,0.471744,8,920.4802,393.9981,nW/nW,0.66,125,FF,saed05rvt_base_ff0p660v125c
mux3to1_8bit,1000,0.5,0.5,36,0,0.471744,8,3.8212,394.3366,uW/nW,0.66,125,FF,saed05rvt_base_ff0p660v125c
mux3to1_8bit,1000,0.3,0.5,36,0,0.471744,8,2.4923,394.2758,uW/nW,0.66,125,FF,saed05rvt_base_ff0p660v125c
mux3to1_8bit,1000,0.8,0.5,36,0,0.471744,8,5.3996,394.3221,uW/nW,0.66,125,FF,saed05rvt_base_ff0p660v125c
mux3to1_8bit,1000,0.5,0.3,36,0,0.471744,8,3.8248,382.1714,uW/nW,0.66,125,FF,saed05rvt_base_ff0p660v125c
mux3to1_8bit,1000,0.5,0.7,36,0,0.471744,8,3.6092,413.0044,uW/nW,0.66,125,FF,saed05rvt_base_ff0p660v125c
mux3to1_8bit,10,0.1,0.5,36,0,0.471744,8,129.4245,3.6622,nW/nW,0.66,25,FF,saed05rvt_base_ff0p660v25c
mux3to1_8bit,10,0.5,0.5,36,0,0.471744,8,279.4301,3.6622,nW/nW,0.66,25,FF,saed05rvt_base_ff0p660v25c
mux3to1_8bit,10,0.3,0.5,36,0,0.471744,8,204.7009,3.6622,nW/nW,0.66,25,FF,saed05rvt_base_ff0p660v25c
mux3to1_8bit,10,0.8,0.5,36,0,0.471744,8,391.3738,3.6622,nW/nW,0.66,25,FF,saed05rvt_base_ff0p660v25c
mux3to1_8bit,10,0.5,0.3,36,0,0.471744,8,234.6519,3.6788,nW/nW,0.66,25,FF,saed05rvt_base_ff0p660v25c
mux3to1_8bit,10,0.5,0.7,36,0,0.471744,8,234.9885,4.5620,nW/nW,0.66,25,FF,saed05rvt_base_ff0p660v25c
mux3to1_8bit,50,0.1,0.5,36,0,0.471744,8,486.6125,3.6622,nW/nW,0.66,25,FF,saed05rvt_base_ff0p660v25c
mux3to1_8bit,50,0.5,0.5,36,0,0.471744,8,647.1226,3.6622,nW/nW,0.66,25,FF,saed05rvt_base_ff0p660v25c
mux3to1_8bit,50,0.3,0.5,36,0,0.471744,8,569.7125,3.6622,nW/nW,0.66,25,FF,saed05rvt_base_ff0p660v25c
mux3to1_8bit,50,0.8,0.5,36,0,0.471744,8,760.8669,3.6622,nW/nW,0.66,25,FF,saed05rvt_base_ff0p660v25c
mux3to1_8bit,50,0.5,0.3,36,0,0.471744,8,411.4171,3.6788,nW/nW,0.66,25,FF,saed05rvt_base_ff0p660v25c
mux3to1_8bit,50,0.5,0.7,36,0,0.471744,8,407.5648,4.5620,nW/nW,0.66,25,FF,saed05rvt_base_ff0p660v25c
mux3to1_8bit,100,0.1,0.5,36,0,0.471744,8,576.2732,3.7417,nW/nW,0.66,25,FF,saed05rvt_base_ff0p660v25c
mux3to1_8bit,100,0.5,0.5,36,0,0.471744,8,1.0997,3.6622,uW/nW,0.66,25,FF,saed05rvt_base_ff0p660v25c
mux3to1_8bit,100,0.3,0.5,36,0,0.471744,8,1.0173,3.6622,uW/nW,0.66,25,FF,saed05rvt_base_ff0p660v25c
mux3to1_8bit,100,0.8,0.5,36,0,0.471744,8,1.2174,3.6622,uW/nW,0.66,25,FF,saed05rvt_base_ff0p660v25c
mux3to1_8bit,100,0.5,0.3,36,0,0.471744,8,630.7532,3.6788,nW/nW,0.66,25,FF,saed05rvt_base_ff0p660v25c
mux3to1_8bit,100,0.5,0.7,36,0,0.471744,8,620.7350,4.5620,nW/nW,0.66,25,FF,saed05rvt_base_ff0p660v25c
mux3to1_8bit,200,0.1,0.5,36,0,0.471744,8,709.4025,3.7417,nW/nW,0.66,25,FF,saed05rvt_base_ff0p660v25c
mux3to1_8bit,200,0.5,0.5,36,0,0.471744,8,1.9913,3.6622,uW/nW,0.66,25,FF,saed05rvt_base_ff0p660v25c
mux3to1_8bit,200,0.3,0.5,36,0,0.471744,8,1.3855,3.7423,uW/nW,0.66,25,FF,saed05rvt_base_ff0p660v25c
mux3to1_8bit,200,0.8,0.5,36,0,0.471744,8,2.1183,3.6622,uW/nW,0.66,25,FF,saed05rvt_base_ff0p660v25c
mux3to1_8bit,200,0.5,0.3,36,0,0.471744,8,1.0657,3.6788,uW/nW,0.66,25,FF,saed05rvt_base_ff0p660v25c
mux3to1_8bit,200,0.5,0.7,36,0,0.471744,8,1.0428,4.5620,uW/nW,0.66,25,FF,saed05rvt_base_ff0p660v25c
mux3to1_8bit,300,0.1,0.5,36,0,0.471744,8,761.8782,3.7418,nW/nW,0.66,25,FF,saed05rvt_base_ff0p660v25c
mux3to1_8bit,300,0.5,0.5,36,0,0.471744,8,2.1378,3.7429,uW/nW,0.66,25,FF,saed05rvt_base_ff0p660v25c
mux3to1_8bit,300,0.3,0.5,36,0,0.471744,8,1.7288,3.7417,uW/nW,0.66,25,FF,saed05rvt_base_ff0p660v25c
mux3to1_8bit,300,0.8,0.5,36,0,0.471744,8,3.0089,3.6622,uW/nW,0.66,25,FF,saed05rvt_base_ff0p660v25c
mux3to1_8bit,300,0.5,0.3,36,0,0.471744,8,2.1475,3.4273,uW/nW,0.66,25,FF,saed05rvt_base_ff0p660v25c
mux3to1_8bit,300,0.5,0.7,36,0,0.471744,8,1.9806,4.0637,uW/nW,0.66,25,FF,saed05rvt_base_ff0p660v25c
mux3to1_8bit,450,0.1,0.5,36,0,0.471744,8,798.2758,3.7370,nW/nW,0.66,25,FF,saed05rvt_base_ff0p660v25c
mux3to1_8bit,450,0.5,0.5,36,0,0.471744,8,2.7366,3.7419,uW/nW,0.66,25,FF,saed05rvt_base_ff0p660v25c
mux3to1_8bit,450,0.3,0.5,36,0,0.471744,8,1.9943,3.7418,uW/nW,0.66,25,FF,saed05rvt_base_ff0p660v25c
mux3to1_8bit,450,0.8,0.5,36,0,0.471744,8,3.2495,3.7422,uW/nW,0.66,25,FF,saed05rvt_base_ff0p660v25c
mux3to1_8bit,450,0.5,0.3,36,0,0.471744,8,2.7663,3.5415,uW/nW,0.66,25,FF,saed05rvt_base_ff0p660v25c
mux3to1_8bit,450,0.5,0.7,36,0,0.471744,8,2.5085,4.0236,uW/nW,0.66,25,FF,saed05rvt_base_ff0p660v25c
mux3to1_8bit,600,0.1,0.5,36,0,0.471744,8,821.6661,3.7355,nW/nW,0.66,25,FF,saed05rvt_base_ff0p660v25c
mux3to1_8bit,600,0.5,0.5,36,0,0.471744,8,3.0906,3.7418,uW/nW,0.66,25,FF,saed05rvt_base_ff0p660v25c
mux3to1_8bit,600,0.3,0.5,36,0,0.471744,8,2.1282,3.7417,uW/nW,0.66,25,FF,saed05rvt_base_ff0p660v25c
mux3to1_8bit,600,0.8,0.5,36,0,0.471744,8,3.9768,3.7422,uW/nW,0.66,25,FF,saed05rvt_base_ff0p660v25c
mux3to1_8bit,600,0.5,0.3,36,0,0.471744,8,3.1185,3.5394,uW/nW,0.66,25,FF,saed05rvt_base_ff0p660v25c
mux3to1_8bit,600,0.5,0.7,36,0,0.471744,8,2.8470,4.0248,uW/nW,0.66,25,FF,saed05rvt_base_ff0p660v25c
mux3to1_8bit,750,0.1,0.5,36,0,0.471744,8,832.4203,3.7481,nW/nW,0.66,25,FF,saed05rvt_base_ff0p660v25c
mux3to1_8bit,750,0.5,0.5,36,0,0.471744,8,3.3238,3.7418,uW/nW,0.66,25,FF,saed05rvt_base_ff0p660v25c
mux3to1_8bit,750,0.3,0.5,36,0,0.471744,8,2.2276,3.7405,uW/nW,0.66,25,FF,saed05rvt_base_ff0p660v25c
mux3to1_8bit,750,0.8,0.5,36,0,0.471744,8,4.4649,3.7420,uW/nW,0.66,25,FF,saed05rvt_base_ff0p660v25c
mux3to1_8bit,750,0.5,0.3,36,0,0.471744,8,3.3467,3.5410,uW/nW,0.66,25,FF,saed05rvt_base_ff0p660v25c
mux3to1_8bit,750,0.5,0.7,36,0,0.471744,8,3.0684,4.0238,uW/nW,0.66,25,FF,saed05rvt_base_ff0p660v25c
mux3to1_8bit,900,0.1,0.5,36,0,0.471744,8,831.4467,3.7494,nW/nW,0.66,25,FF,saed05rvt_base_ff0p660v25c
mux3to1_8bit,900,0.5,0.5,36,0,0.471744,8,3.4796,3.7407,uW/nW,0.66,25,FF,saed05rvt_base_ff0p660v25c
mux3to1_8bit,900,0.3,0.5,36,0,0.471744,8,2.2856,3.7418,uW/nW,0.66,25,FF,saed05rvt_base_ff0p660v25c
mux3to1_8bit,900,0.8,0.5,36,0,0.471744,8,4.8357,3.7412,uW/nW,0.66,25,FF,saed05rvt_base_ff0p660v25c
mux3to1_8bit,900,0.5,0.3,36,0,0.471744,8,3.5072,3.5408,uW/nW,0.66,25,FF,saed05rvt_base_ff0p660v25c
mux3to1_8bit,900,0.5,0.7,36,0,0.471744,8,3.2404,4.0227,uW/nW,0.66,25,FF,saed05rvt_base_ff0p660v25c
mux3to1_8bit,1000,0.1,0.5,36,0,0.471744,8,851.6281,3.7370,nW/nW,0.66,25,FF,saed05rvt_base_ff0p660v25c
mux3to1_8bit,1000,0.5,0.5,36,0,0.471744,8,3.5470,3.7417,uW/nW,0.66,25,FF,saed05rvt_base_ff0p660v25c
mux3to1_8bit,1000,0.3,0.5,36,0,0.471744,8,2.3103,3.7415,uW/nW,0.66,25,FF,saed05rvt_base_ff0p660v25c
mux3to1_8bit,1000,0.8,0.5,36,0,0.471744,8,5.0227,3.7417,uW/nW,0.66,25,FF,saed05rvt_base_ff0p660v25c
mux3to1_8bit,1000,0.5,0.3,36,0,0.471744,8,3.5935,3.5423,uW/nW,0.66,25,FF,saed05rvt_base_ff0p660v25c
mux3to1_8bit,1000,0.5,0.7,36,0,0.471744,8,3.3204,4.0217,uW/nW,0.66,25,FF,saed05rvt_base_ff0p660v25c
mux3to1_8bit,10,0.1,0.5,36,0,0.471744,8,222.9194,992.4467,nW/nW,0.825,125,FF,saed05rvt_base_ff0p825v125c
mux3to1_8bit,10,0.5,0.5,36,0,0.471744,8,484.0721,992.4467,nW/nW,0.825,125,FF,saed05rvt_base_ff0p825v125c
mux3to1_8bit,10,0.3,0.5,36,0,0.471744,8,353.2834,992.4467,nW/nW,0.825,125,FF,saed05rvt_base_ff0p825v125c
mux3to1_8bit,10,0.8,0.5,36,0,0.471744,8,680.3718,992.4467,nW/nW,0.825,125,FF,saed05rvt_base_ff0p825v125c
mux3to1_8bit,10,0.5,0.3,36,0,0.471744,8,413.5968,1.0403,nW/uW,0.825,125,FF,saed05rvt_base_ff0p825v125c
mux3to1_8bit,10,0.5,0.7,36,0,0.471744,8,413.3228,1.2636,nW/uW,0.825,125,FF,saed05rvt_base_ff0p825v125c
mux3to1_8bit,50,0.1,0.5,36,0,0.471744,8,861.5999,992.4467,nW/nW,0.825,125,FF,saed05rvt_base_ff0p825v125c
mux3to1_8bit,50,0.5,0.5,36,0,0.471744,8,1.1146,992.4467,uW/nW,0.825,125,FF,saed05rvt_base_ff0p825v125c
mux3to1_8bit,50,0.3,0.5,36,0,0.471744,8,985.8898,992.4467,nW/nW,0.825,125,FF,saed05rvt_base_ff0p825v125c
mux3to1_8bit,50,0.8,0.5,36,0,0.471744,8,1.3095,992.4467,uW/nW,0.825,125,FF,saed05rvt_base_ff0p825v125c
mux3to1_8bit,50,0.5,0.3,36,0,0.471744,8,710.6884,1.0403,nW/uW,0.825,125,FF,saed05rvt_base_ff0p825v125c
mux3to1_8bit,50,0.5,0.7,36,0,0.471744,8,704.9219,1.2636,nW/uW,0.825,125,FF,saed05rvt_base_ff0p825v125c
mux3to1_8bit,100,0.1,0.5,36,0,0.471744,8,1.0727,1.0360,uW/uW,0.825,125,FF,saed05rvt_base_ff0p825v125c
mux3to1_8bit,100,0.5,0.5,36,0,0.471744,8,1.9082,992.4467,uW/nW,0.825,125,FF,saed05rvt_base_ff0p825v125c
mux3to1_8bit,100,0.3,0.5,36,0,0.471744,8,1.7834,992.4467,uW/nW,0.825,125,FF,saed05rvt_base_ff0p825v125c
mux3to1_8bit,100,0.8,0.5,36,0,0.471744,8,2.1000,992.4467,uW/nW,0.825,125,FF,saed05rvt_base_ff0p825v125c
mux3to1_8bit,100,0.5,0.3,36,0,0.471744,8,1.0833,1.0403,uW/uW,0.825,125,FF,saed05rvt_base_ff0p825v125c
mux3to1_8bit,100,0.5,0.7,36,0,0.471744,8,1.0714,1.2636,uW/uW,0.825,125,FF,saed05rvt_base_ff0p825v125c
mux3to1_8bit,200,0.1,0.5,36,0,0.471744,8,1.3403,1.0360,uW/uW,0.825,125,FF,saed05rvt_base_ff0p825v125c
mux3to1_8bit,200,0.5,0.5,36,0,0.471744,8,3.5060,992.4467,uW/nW,0.825,125,FF,saed05rvt_base_ff0p825v125c
mux3to1_8bit,200,0.3,0.5,36,0,0.471744,8,2.5417,1.0362,uW/uW,0.825,125,FF,saed05rvt_base_ff0p825v125c
mux3to1_8bit,200,0.8,0.5,36,0,0.471744,8,3.6906,992.4467,uW/nW,0.825,125,FF,saed05rvt_base_ff0p825v125c
mux3to1_8bit,200,0.5,0.3,36,0,0.471744,8,1.8315,1.0403,uW/uW,0.825,125,FF,saed05rvt_base_ff0p825v125c
mux3to1_8bit,200,0.5,0.7,36,0,0.471744,8,1.8076,1.2636,uW/uW,0.825,125,FF,saed05rvt_base_ff0p825v125c
mux3to1_8bit,300,0.1,0.5,36,0,0.471744,8,1.4465,1.0359,uW/uW,0.825,125,FF,saed05rvt_base_ff0p825v125c
mux3to1_8bit,300,0.5,0.5,36,0,0.471744,8,3.9045,1.0364,uW/uW,0.825,125,FF,saed05rvt_base_ff0p825v125c
mux3to1_8bit,300,0.3,0.5,36,0,0.471744,8,3.2181,1.0360,uW/uW,0.825,125,FF,saed05rvt_base_ff0p825v125c
mux3to1_8bit,300,0.8,0.5,36,0,0.471744,8,5.2892,992.4467,uW/nW,0.825,125,FF,saed05rvt_base_ff0p825v125c
mux3to1_8bit,300,0.5,0.3,36,0,0.471744,8,3.8040,964.2112,uW/nW,0.825,125,FF,saed05rvt_base_ff0p825v125c
mux3to1_8bit,300,0.5,0.7,36,0,0.471744,8,3.7021,1.1049,uW/uW,0.825,125,FF,saed05rvt_base_ff0p825v125c
mux3to1_8bit,450,0.1,0.5,36,0,0.471744,8,1.5210,1.0345,uW/uW,0.825,125,FF,saed05rvt_base_ff0p825v125c
mux3to1_8bit,450,0.5,0.5,36,0,0.471744,8,5.0782,1.0361,uW/uW,0.825,125,FF,saed05rvt_base_ff0p825v125c
mux3to1_8bit,450,0.3,0.5,36,0,0.471744,8,3.7495,1.0360,uW/uW,0.825,125,FF,saed05rvt_base_ff0p825v125c
mux3to1_8bit,450,0.8,0.5,36,0,0.471744,8,5.9191,1.0362,uW/uW,0.825,125,FF,saed05rvt_base_ff0p825v125c
mux3to1_8bit,450,0.5,0.3,36,0,0.471744,8,4.9326,1.0015,uW/uW,0.825,125,FF,saed05rvt_base_ff0p825v125c
mux3to1_8bit,450,0.5,0.7,36,0,0.471744,8,4.7936,1.0883,uW/uW,0.825,125,FF,saed05rvt_base_ff0p825v125c
mux3to1_8bit,600,0.1,0.5,36,0,0.471744,8,1.5688,1.0341,uW/uW,0.825,125,FF,saed05rvt_base_ff0p825v125c
mux3to1_8bit,600,0.5,0.5,36,0,0.471744,8,5.7815,1.0360,uW/uW,0.825,125,FF,saed05rvt_base_ff0p825v125c
mux3to1_8bit,600,0.3,0.5,36,0,0.471744,8,4.0209,1.0360,uW/uW,0.825,125,FF,saed05rvt_base_ff0p825v125c
mux3to1_8bit,600,0.8,0.5,36,0,0.471744,8,7.3315,1.0362,uW/uW,0.825,125,FF,saed05rvt_base_ff0p825v125c
mux3to1_8bit,600,0.5,0.3,36,0,0.471744,8,5.6053,1.0008,uW/uW,0.825,125,FF,saed05rvt_base_ff0p825v125c
mux3to1_8bit,600,0.5,0.7,36,0,0.471744,8,5.4898,1.0886,uW/uW,0.825,125,FF,saed05rvt_base_ff0p825v125c
mux3to1_8bit,750,0.1,0.5,36,0,0.471744,8,1.5908,1.0381,uW/uW,0.825,125,FF,saed05rvt_base_ff0p825v125c
mux3to1_8bit,750,0.5,0.5,36,0,0.471744,8,6.2492,1.0360,uW/uW,0.825,125,FF,saed05rvt_base_ff0p825v125c
mux3to1_8bit,750,0.3,0.5,36,0,0.471744,8,4.2203,1.0354,uW/uW,0.825,125,FF,saed05rvt_base_ff0p825v125c
mux3to1_8bit,750,0.8,0.5,36,0,0.471744,8,8.2956,1.0360,uW/uW,0.825,125,FF,saed05rvt_base_ff0p825v125c
mux3to1_8bit,750,0.5,0.3,36,0,0.471744,8,6.0437,1.0013,uW/uW,0.825,125,FF,saed05rvt_base_ff0p825v125c
mux3to1_8bit,750,0.5,0.7,36,0,0.471744,8,5.9474,1.0884,uW/uW,0.825,125,FF,saed05rvt_base_ff0p825v125c
mux3to1_8bit,900,0.1,0.5,36,0,0.471744,8,1.5883,1.0383,uW/uW,0.825,125,FF,saed05rvt_base_ff0p825v125c
mux3to1_8bit,900,0.5,0.5,36,0,0.471744,8,6.5659,1.0358,uW/uW,0.825,125,FF,saed05rvt_base_ff0p825v125c
mux3to1_8bit,900,0.3,0.5,36,0,0.471744,8,4.3395,1.0359,uW/uW,0.825,125,FF,saed05rvt_base_ff0p825v125c
mux3to1_8bit,900,0.8,0.5,36,0,0.471744,8,9.0308,1.0358,uW/uW,0.825,125,FF,saed05rvt_base_ff0p825v125c
mux3to1_8bit,900,0.5,0.3,36,0,0.471744,8,6.3551,1.0013,uW/uW,0.825,125,FF,saed05rvt_base_ff0p825v125c
mux3to1_8bit,900,0.5,0.7,36,0,0.471744,8,6.3030,1.0880,uW/uW,0.825,125,FF,saed05rvt_base_ff0p825v125c
mux3to1_8bit,1000,0.1,0.5,36,0,0.471744,8,1.6293,1.0351,uW/uW,0.825,125,FF,saed05rvt_base_ff0p825v125c
mux3to1_8bit,1000,0.5,0.5,36,0,0.471744,8,6.7015,1.0360,uW/uW,0.825,125,FF,saed05rvt_base_ff0p825v125c
mux3to1_8bit,1000,0.3,0.5,36,0,0.471744,8,4.3899,1.0359,uW/uW,0.825,125,FF,saed05rvt_base_ff0p825v125c
mux3to1_8bit,1000,0.8,0.5,36,0,0.471744,8,9.4067,1.0360,uW/uW,0.825,125,FF,saed05rvt_base_ff0p825v125c
mux3to1_8bit,1000,0.5,0.3,36,0,0.471744,8,6.5217,1.0018,uW/uW,0.825,125,FF,saed05rvt_base_ff0p825v125c
mux3to1_8bit,1000,0.5,0.7,36,0,0.471744,8,6.4689,1.0875,uW/uW,0.825,125,FF,saed05rvt_base_ff0p825v125c
mux3to1_8bit,10,0.1,0.5,36,0,0.471744,8,206.7516,12.5440,nW/nW,0.825,25,FF,saed05rvt_base_ff0p825v25c
mux3to1_8bit,10,0.5,0.5,36,0,0.471744,8,437.6460,12.5440,nW/nW,0.825,25,FF,saed05rvt_base_ff0p825v25c
mux3to1_8bit,10,0.3,0.5,36,0,0.471744,8,322.4761,12.5440,nW/nW,0.825,25,FF,saed05rvt_base_ff0p825v25c
mux3to1_8bit,10,0.8,0.5,36,0,0.471744,8,610.2488,12.5440,nW/nW,0.825,25,FF,saed05rvt_base_ff0p825v25c
mux3to1_8bit,10,0.5,0.3,36,0,0.471744,8,364.3531,12.6506,nW/nW,0.825,25,FF,saed05rvt_base_ff0p825v25c
mux3to1_8bit,10,0.5,0.7,36,0,0.471744,8,364.2231,15.7374,nW/nW,0.825,25,FF,saed05rvt_base_ff0p825v25c
mux3to1_8bit,50,0.1,0.5,36,0,0.471744,8,792.2159,12.5440,nW/nW,0.825,25,FF,saed05rvt_base_ff0p825v25c
mux3to1_8bit,50,0.5,0.5,36,0,0.471744,8,1.0338,12.5440,uW/nW,0.825,25,FF,saed05rvt_base_ff0p825v25c
mux3to1_8bit,50,0.3,0.5,36,0,0.471744,8,915.8707,12.5440,nW/nW,0.825,25,FF,saed05rvt_base_ff0p825v25c
mux3to1_8bit,50,0.8,0.5,36,0,0.471744,8,1.2082,12.5440,uW/nW,0.825,25,FF,saed05rvt_base_ff0p825v25c
mux3to1_8bit,50,0.5,0.3,36,0,0.471744,8,649.0757,12.6506,nW/nW,0.825,25,FF,saed05rvt_base_ff0p825v25c
mux3to1_8bit,50,0.5,0.7,36,0,0.471744,8,643.2189,15.7374,nW/nW,0.825,25,FF,saed05rvt_base_ff0p825v25c
mux3to1_8bit,100,0.1,0.5,36,0,0.471744,8,952.2712,12.8368,nW/nW,0.825,25,FF,saed05rvt_base_ff0p825v25c
mux3to1_8bit,100,0.5,0.5,36,0,0.471744,8,1.7718,12.5440,uW/nW,0.825,25,FF,saed05rvt_base_ff0p825v25c
mux3to1_8bit,100,0.3,0.5,36,0,0.471744,8,1.6489,12.5440,uW/nW,0.825,25,FF,saed05rvt_base_ff0p825v25c
mux3to1_8bit,100,0.8,0.5,36,0,0.471744,8,1.9502,12.5440,uW/nW,0.825,25,FF,saed05rvt_base_ff0p825v25c
mux3to1_8bit,100,0.5,0.3,36,0,0.471744,8,1.0033,12.6506,uW/nW,0.825,25,FF,saed05rvt_base_ff0p825v25c
mux3to1_8bit,100,0.5,0.7,36,0,0.471744,8,989.3789,15.7374,nW/nW,0.825,25,FF,saed05rvt_base_ff0p825v25c
mux3to1_8bit,200,0.1,0.5,36,0,0.471744,8,1.1781,12.8365,uW/nW,0.825,25,FF,saed05rvt_base_ff0p825v25c
mux3to1_8bit,200,0.5,0.5,36,0,0.471744,8,3.2341,12.5440,uW/nW,0.825,25,FF,saed05rvt_base_ff0p825v25c
mux3to1_8bit,200,0.3,0.5,36,0,0.471744,8,2.2779,12.8388,uW/nW,0.825,25,FF,saed05rvt_base_ff0p825v25c
mux3to1_8bit,200,0.8,0.5,36,0,0.471744,8,3.4219,12.5440,uW/nW,0.825,25,FF,saed05rvt_base_ff0p825v25c
mux3to1_8bit,200,0.5,0.3,36,0,0.471744,8,1.7081,12.6506,uW/nW,0.825,25,FF,saed05rvt_base_ff0p825v25c
mux3to1_8bit,200,0.5,0.7,36,0,0.471744,8,1.6774,15.7374,uW/nW,0.825,25,FF,saed05rvt_base_ff0p825v25c
mux3to1_8bit,300,0.1,0.5,36,0,0.471744,8,1.2673,12.8373,uW/nW,0.825,25,FF,saed05rvt_base_ff0p825v25c
mux3to1_8bit,300,0.5,0.5,36,0,0.471744,8,3.5092,12.8410,uW/nW,0.825,25,FF,saed05rvt_base_ff0p825v25c
mux3to1_8bit,300,0.3,0.5,36,0,0.471744,8,2.8568,12.8368,uW/nW,0.825,25,FF,saed05rvt_base_ff0p825v25c
mux3to1_8bit,300,0.8,0.5,36,0,0.471744,8,4.8831,12.5440,uW/nW,0.825,25,FF,saed05rvt_base_ff0p825v25c
mux3to1_8bit,300,0.5,0.3,36,0,0.471744,8,3.4949,11.7309,uW/nW,0.825,25,FF,saed05rvt_base_ff0p825v25c
mux3to1_8bit,300,0.5,0.7,36,0,0.471744,8,3.2709,13.9598,uW/nW,0.825,25,FF,saed05rvt_base_ff0p825v25c
mux3to1_8bit,450,0.1,0.5,36,0,0.471744,8,1.3294,12.8200,uW/nW,0.825,25,FF,saed05rvt_base_ff0p825v25c
mux3to1_8bit,450,0.5,0.5,36,0,0.471744,8,4.5173,12.8375,uW/nW,0.825,25,FF,saed05rvt_base_ff0p825v25c
mux3to1_8bit,450,0.3,0.5,36,0,0.471744,8,3.3065,12.8370,uW/nW,0.825,25,FF,saed05rvt_base_ff0p825v25c
mux3to1_8bit,450,0.8,0.5,36,0,0.471744,8,5.3286,12.8387,uW/nW,0.825,25,FF,saed05rvt_base_ff0p825v25c
mux3to1_8bit,450,0.5,0.3,36,0,0.471744,8,4.5151,12.1327,uW/nW,0.825,25,FF,saed05rvt_base_ff0p825v25c
mux3to1_8bit,450,0.5,0.7,36,0,0.471744,8,4.1724,13.8183,uW/nW,0.825,25,FF,saed05rvt_base_ff0p825v25c
mux3to1_8bit,600,0.1,0.5,36,0,0.471744,8,1.3693,12.8146,uW/nW,0.825,25,FF,saed05rvt_base_ff0p825v25c
mux3to1_8bit,600,0.5,0.5,36,0,0.471744,8,5.1156,12.8372,uW/nW,0.825,25,FF,saed05rvt_base_ff0p825v25c
mux3to1_8bit,600,0.3,0.5,36,0,0.471744,8,3.5343,12.8365,uW/nW,0.825,25,FF,saed05rvt_base_ff0p825v25c
mux3to1_8bit,600,0.8,0.5,36,0,0.471744,8,6.5497,12.8385,uW/nW,0.825,25,FF,saed05rvt_base_ff0p825v25c
mux3to1_8bit,600,0.5,0.3,36,0,0.471744,8,5.1039,12.1248,uW/nW,0.825,25,FF,saed05rvt_base_ff0p825v25c
mux3to1_8bit,600,0.5,0.7,36,0,0.471744,8,4.7502,13.8225,uW/nW,0.825,25,FF,saed05rvt_base_ff0p825v25c
mux3to1_8bit,750,0.1,0.5,36,0,0.471744,8,1.3876,12.8595,uW/nW,0.825,25,FF,saed05rvt_base_ff0p825v25c
mux3to1_8bit,750,0.5,0.5,36,0,0.471744,8,5.5109,12.8370,uW/nW,0.825,25,FF,saed05rvt_base_ff0p825v25c
mux3to1_8bit,750,0.3,0.5,36,0,0.471744,8,3.7028,12.8326,uW/nW,0.825,25,FF,saed05rvt_base_ff0p825v25c
mux3to1_8bit,750,0.8,0.5,36,0,0.471744,8,7.3733,12.8378,uW/nW,0.825,25,FF,saed05rvt_base_ff0p825v25c
mux3to1_8bit,750,0.5,0.3,36,0,0.471744,8,5.4861,12.1306,uW/nW,0.825,25,FF,saed05rvt_base_ff0p825v25c
mux3to1_8bit,750,0.5,0.7,36,0,0.471744,8,5.1287,13.8191,uW/nW,0.825,25,FF,saed05rvt_base_ff0p825v25c
mux3to1_8bit,900,0.1,0.5,36,0,0.471744,8,1.3857,12.8642,uW/nW,0.825,25,FF,saed05rvt_base_ff0p825v25c
mux3to1_8bit,900,0.5,0.5,36,0,0.471744,8,5.7761,12.8331,uW/nW,0.825,25,FF,saed05rvt_base_ff0p825v25c
mux3to1_8bit,900,0.3,0.5,36,0,0.471744,8,3.8019,12.8373,uW/nW,0.825,25,FF,saed05rvt_base_ff0p825v25c
mux3to1_8bit,900,0.8,0.5,36,0,0.471744,8,7.9997,12.8349,uW/nW,0.825,25,FF,saed05rvt_base_ff0p825v25c
mux3to1_8bit,900,0.5,0.3,36,0,0.471744,8,5.7555,12.1303,uW/nW,0.825,25,FF,saed05rvt_base_ff0p825v25c
mux3to1_8bit,900,0.5,0.7,36,0,0.471744,8,5.4228,13.8154,uW/nW,0.825,25,FF,saed05rvt_base_ff0p825v25c
mux3to1_8bit,1000,0.1,0.5,36,0,0.471744,8,1.4202,12.8192,uW/nW,0.825,25,FF,saed05rvt_base_ff0p825v25c
mux3to1_8bit,1000,0.5,0.5,36,0,0.471744,8,5.8906,12.8365,uW/nW,0.825,25,FF,saed05rvt_base_ff0p825v25c
mux3to1_8bit,1000,0.3,0.5,36,0,0.471744,8,3.8439,12.8359,uW/nW,0.825,25,FF,saed05rvt_base_ff0p825v25c
mux3to1_8bit,1000,0.8,0.5,36,0,0.471744,8,8.3169,12.8366,uW/nW,0.825,25,FF,saed05rvt_base_ff0p825v25c
mux3to1_8bit,1000,0.5,0.3,36,0,0.471744,8,5.9002,12.1354,uW/nW,0.825,25,FF,saed05rvt_base_ff0p825v25c
mux3to1_8bit,1000,0.5,0.7,36,0,0.471744,8,5.5596,13.8117,uW/nW,0.825,25,FF,saed05rvt_base_ff0p825v25c
mux3to1_8bit,10,0.1,0.5,36,0,0.471744,8,91.4570,145.1459,nW/nW,0.540,125,SS,saed05rvt_base_ss0p540v125c
mux3to1_8bit,10,0.5,0.5,36,0,0.471744,8,210.2943,145.1459,nW/nW,0.540,125,SS,saed05rvt_base_ss0p540v125c
mux3to1_8bit,10,0.3,0.5,36,0,0.471744,8,151.0513,145.1459,nW/nW,0.540,125,SS,saed05rvt_base_ss0p540v125c
mux3to1_8bit,10,0.8,0.5,36,0,0.471744,8,299.0626,145.1459,nW/nW,0.540,125,SS,saed05rvt_base_ss0p540v125c
mux3to1_8bit,10,0.5,0.3,36,0,0.471744,8,184.0960,152.2689,nW/nW,0.540,125,SS,saed05rvt_base_ss0p540v125c
mux3to1_8bit,10,0.5,0.7,36,0,0.471744,8,184.2960,183.1893,nW/nW,0.540,125,SS,saed05rvt_base_ss0p540v125c
mux3to1_8bit,50,0.1,0.5,36,0,0.471744,8,331.7044,145.1459,nW/nW,0.540,125,SS,saed05rvt_base_ss0p540v125c
mux3to1_8bit,50,0.5,0.5,36,0,0.471744,8,457.2849,145.1459,nW/nW,0.540,125,SS,saed05rvt_base_ss0p540v125c
mux3to1_8bit,50,0.3,0.5,36,0,0.471744,8,396.3209,145.1459,nW/nW,0.540,125,SS,saed05rvt_base_ss0p540v125c
mux3to1_8bit,50,0.8,0.5,36,0,0.471744,8,547.2089,145.1459,nW/nW,0.540,125,SS,saed05rvt_base_ss0p540v125c
mux3to1_8bit,50,0.5,0.3,36,0,0.471744,8,303.1124,152.2689,nW/nW,0.540,125,SS,saed05rvt_base_ss0p540v125c
mux3to1_8bit,50,0.5,0.7,36,0,0.471744,8,299.8584,183.1893,nW/nW,0.540,125,SS,saed05rvt_base_ss0p540v125c
mux3to1_8bit,100,0.1,0.5,36,0,0.471744,8,396.7102,151.5726,nW/nW,0.540,125,SS,saed05rvt_base_ss0p540v125c
mux3to1_8bit,100,0.5,0.5,36,0,0.471744,8,761.5076,145.1459,nW/nW,0.540,125,SS,saed05rvt_base_ss0p540v125c
mux3to1_8bit,100,0.3,0.5,36,0,0.471744,8,697.3607,145.1459,nW/nW,0.540,125,SS,saed05rvt_base_ss0p540v125c
mux3to1_8bit,100,0.8,0.5,36,0,0.471744,8,853.9710,145.1459,nW/nW,0.540,125,SS,saed05rvt_base_ss0p540v125c
mux3to1_8bit,100,0.5,0.3,36,0,0.471744,8,450.8427,152.2689,nW/nW,0.540,125,SS,saed05rvt_base_ss0p540v125c
mux3to1_8bit,100,0.5,0.7,36,0,0.471744,8,442.6744,183.1893,nW/nW,0.540,125,SS,saed05rvt_base_ss0p540v125c
mux3to1_8bit,200,0.1,0.5,36,0,0.471744,8,487.9151,151.5765,nW/nW,0.540,125,SS,saed05rvt_base_ss0p540v125c
mux3to1_8bit,200,0.5,0.5,36,0,0.471744,8,1.3613,145.1459,uW/nW,0.540,125,SS,saed05rvt_base_ss0p540v125c
mux3to1_8bit,200,0.3,0.5,36,0,0.471744,8,955.4039,151.6009,nW/nW,0.540,125,SS,saed05rvt_base_ss0p540v125c
mux3to1_8bit,200,0.8,0.5,36,0,0.471744,8,1.4597,145.1459,uW/nW,0.540,125,SS,saed05rvt_base_ss0p540v125c
mux3to1_8bit,200,0.5,0.3,36,0,0.471744,8,743.9043,152.2689,nW/nW,0.540,125,SS,saed05rvt_base_ss0p540v125c
mux3to1_8bit,200,0.5,0.7,36,0,0.471744,8,725.5886,183.1893,nW/nW,0.540,125,SS,saed05rvt_base_ss0p540v125c
mux3to1_8bit,300,0.1,0.5,36,0,0.471744,8,523.8795,151.5527,nW/nW,0.540,125,SS,saed05rvt_base_ss0p540v125c
mux3to1_8bit,300,0.5,0.5,36,0,0.471744,8,1.4754,151.6229,uW/nW,0.540,125,SS,saed05rvt_base_ss0p540v125c
mux3to1_8bit,300,0.3,0.5,36,0,0.471744,8,1.1901,151.5726,uW/nW,0.540,125,SS,saed05rvt_base_ss0p540v125c
mux3to1_8bit,300,0.8,0.5,36,0,0.471744,8,2.0588,145.1459,uW/nW,0.540,125,SS,saed05rvt_base_ss0p540v125c
mux3to1_8bit,300,0.5,0.3,36,0,0.471744,8,1.4788,141.8836,uW/nW,0.540,125,SS,saed05rvt_base_ss0p540v125c
mux3to1_8bit,300,0.5,0.7,36,0,0.471744,8,1.3707,160.8784,uW/nW,0.540,125,SS,saed05rvt_base_ss0p540v125c
mux3to1_8bit,450,0.1,0.5,36,0,0.471744,8,548.8828,151.3596,nW/nW,0.540,125,SS,saed05rvt_base_ss0p540v125c
mux3to1_8bit,450,0.5,0.5,36,0,0.471744,8,1.8846,151.5791,uW/nW,0.540,125,SS,saed05rvt_base_ss0p540v125c
mux3to1_8bit,450,0.3,0.5,36,0,0.471744,8,1.3719,151.5714,uW/nW,0.540,125,SS,saed05rvt_base_ss0p540v125c
mux3to1_8bit,450,0.8,0.5,36,0,0.471744,8,2.2441,151.5948,uW/nW,0.540,125,SS,saed05rvt_base_ss0p540v125c
mux3to1_8bit,450,0.5,0.3,36,0,0.471744,8,1.8984,147.2072,uW/nW,0.540,125,SS,saed05rvt_base_ss0p540v125c
mux3to1_8bit,450,0.5,0.7,36,0,0.471744,8,1.7331,158.4717,uW/nW,0.540,125,SS,saed05rvt_base_ss0p540v125c
mux3to1_8bit,600,0.1,0.5,36,0,0.471744,8,564.9538,151.3093,nW/nW,0.540,125,SS,saed05rvt_base_ss0p540v125c
mux3to1_8bit,600,0.5,0.5,36,0,0.471744,8,2.1268,151.5764,uW/nW,0.540,125,SS,saed05rvt_base_ss0p540v125c
mux3to1_8bit,600,0.3,0.5,36,0,0.471744,8,1.4637,151.5765,uW/nW,0.540,125,SS,saed05rvt_base_ss0p540v125c
mux3to1_8bit,600,0.8,0.5,36,0,0.471744,8,2.7406,151.6051,uW/nW,0.540,125,SS,saed05rvt_base_ss0p540v125c
mux3to1_8bit,600,0.5,0.3,36,0,0.471744,8,2.1385,147.1125,uW/nW,0.540,125,SS,saed05rvt_base_ss0p540v125c
mux3to1_8bit,600,0.5,0.7,36,0,0.471744,8,1.9653,158.5111,uW/nW,0.540,125,SS,saed05rvt_base_ss0p540v125c
mux3to1_8bit,750,0.1,0.5,36,0,0.471744,8,572.3151,151.8673,nW/nW,0.540,125,SS,saed05rvt_base_ss0p540v125c
mux3to1_8bit,750,0.5,0.5,36,0,0.471744,8,2.2865,151.5714,uW/nW,0.540,125,SS,saed05rvt_base_ss0p540v125c
mux3to1_8bit,750,0.3,0.5,36,0,0.471744,8,1.5318,151.4886,uW/nW,0.540,125,SS,saed05rvt_base_ss0p540v125c
mux3to1_8bit,750,0.8,0.5,36,0,0.471744,8,3.0744,151.5747,uW/nW,0.540,125,SS,saed05rvt_base_ss0p540v125c
mux3to1_8bit,750,0.5,0.3,36,0,0.471744,8,2.2942,147.1812,uW/nW,0.540,125,SS,saed05rvt_base_ss0p540v125c
mux3to1_8bit,750,0.5,0.7,36,0,0.471744,8,2.1172,158.4736,uW/nW,0.540,125,SS,saed05rvt_base_ss0p540v125c
mux3to1_8bit,900,0.1,0.5,36,0,0.471744,8,571.5580,151.8849,nW/nW,0.540,125,SS,saed05rvt_base_ss0p540v125c
mux3to1_8bit,900,0.5,0.5,36,0,0.471744,8,2.3935,151.5483,uW/nW,0.540,125,SS,saed05rvt_base_ss0p540v125c
mux3to1_8bit,900,0.3,0.5,36,0,0.471744,8,1.5716,151.5527,uW/nW,0.540,125,SS,saed05rvt_base_ss0p540v125c
mux3to1_8bit,900,0.8,0.5,36,0,0.471744,8,3.3280,151.5386,uW/nW,0.540,125,SS,saed05rvt_base_ss0p540v125c
mux3to1_8bit,900,0.5,0.3,36,0,0.471744,8,2.4038,147.1804,uW/nW,0.540,125,SS,saed05rvt_base_ss0p540v125c
mux3to1_8bit,900,0.5,0.7,36,0,0.471744,8,2.2353,158.4241,uW/nW,0.540,125,SS,saed05rvt_base_ss0p540v125c
mux3to1_8bit,1000,0.1,0.5,36,0,0.471744,8,585.5212,151.4574,nW/nW,0.540,125,SS,saed05rvt_base_ss0p540v125c
mux3to1_8bit,1000,0.5,0.5,36,0,0.471744,8,2.4396,151.5765,uW/nW,0.540,125,SS,saed05rvt_base_ss0p540v125c
mux3to1_8bit,1000,0.3,0.5,36,0,0.471744,8,1.5885,151.5523,uW/nW,0.540,125,SS,saed05rvt_base_ss0p540v125c
mux3to1_8bit,1000,0.8,0.5,36,0,0.471744,8,3.4562,151.5706,uW/nW,0.540,125,SS,saed05rvt_base_ss0p540v125c
mux3to1_8bit,1000,0.5,0.3,36,0,0.471744,8,2.4626,147.2532,uW/nW,0.540,125,SS,saed05rvt_base_ss0p540v125c
mux3to1_8bit,1000,0.5,0.7,36,0,0.471744,8,2.2902,158.3528,uW/nW,0.540,125,SS,saed05rvt_base_ss0p540v125c
mux3to1_8bit,10,0.1,0.5,36,0,0.471744,8,86.1924,1.1530,nW/nW,0.540,25,SS,saed05rvt_base_ss0p540v25c
mux3to1_8bit,10,0.5,0.5,36,0,0.471744,8,190.9569,1.1530,nW/nW,0.540,25,SS,saed05rvt_base_ss0p540v25c
mux3to1_8bit,10,0.3,0.5,36,0,0.471744,8,138.7384,1.1530,nW/nW,0.540,25,SS,saed05rvt_base_ss0p540v25c
mux3to1_8bit,10,0.8,0.5,36,0,0.471744,8,269.1949,1.1530,nW/nW,0.540,25,SS,saed05rvt_base_ss0p540v25c
mux3to1_8bit,10,0.5,0.3,36,0,0.471744,8,162.6197,1.1556,nW/nW,0.540,25,SS,saed05rvt_base_ss0p540v25c
mux3to1_8bit,10,0.5,0.7,36,0,0.471744,8,163.4443,1.4254,nW/nW,0.540,25,SS,saed05rvt_base_ss0p540v25c
mux3to1_8bit,50,0.1,0.5,36,0,0.471744,8,319.9123,1.1530,nW/nW,0.540,25,SS,saed05rvt_base_ss0p540v25c
mux3to1_8bit,50,0.5,0.5,36,0,0.471744,8,430.9622,1.1530,nW/nW,0.540,25,SS,saed05rvt_base_ss0p540v25c
mux3to1_8bit,50,0.3,0.5,36,0,0.471744,8,377.1396,1.1530,nW/nW,0.540,25,SS,saed05rvt_base_ss0p540v25c
mux3to1_8bit,50,0.8,0.5,36,0,0.471744,8,510.2776,1.1530,nW/nW,0.540,25,SS,saed05rvt_base_ss0p540v25c
mux3to1_8bit,50,0.5,0.3,36,0,0.471744,8,276.3521,1.1556,nW/nW,0.540,25,SS,saed05rvt_base_ss0p540v25c
mux3to1_8bit,50,0.5,0.7,36,0,0.471744,8,275.9972,1.4254,nW/nW,0.540,25,SS,saed05rvt_base_ss0p540v25c
mux3to1_8bit,100,0.1,0.5,36,0,0.471744,8,373.2428,1.1769,nW/nW,0.540,25,SS,saed05rvt_base_ss0p540v25c
mux3to1_8bit,100,0.5,0.5,36,0,0.471744,8,726.7598,1.1530,nW/nW,0.540,25,SS,saed05rvt_base_ss0p540v25c
mux3to1_8bit,100,0.3,0.5,36,0,0.471744,8,669.9703,1.1530,nW/nW,0.540,25,SS,saed05rvt_base_ss0p540v25c
mux3to1_8bit,100,0.8,0.5,36,0,0.471744,8,808.4421,1.1530,nW/nW,0.540,25,SS,saed05rvt_base_ss0p540v25c
mux3to1_8bit,100,0.5,0.3,36,0,0.471744,8,417.5482,1.1556,nW/nW,0.540,25,SS,saed05rvt_base_ss0p540v25c
mux3to1_8bit,100,0.5,0.7,36,0,0.471744,8,415.1626,1.4254,nW/nW,0.540,25,SS,saed05rvt_base_ss0p540v25c
mux3to1_8bit,200,0.1,0.5,36,0,0.471744,8,459.2837,1.1769,nW/nW,0.540,25,SS,saed05rvt_base_ss0p540v25c
mux3to1_8bit,200,0.5,0.5,36,0,0.471744,8,1.3102,1.1530,uW/nW,0.540,25,SS,saed05rvt_base_ss0p540v25c
mux3to1_8bit,200,0.3,0.5,36,0,0.471744,8,898.1408,1.1771,nW/nW,0.540,25,SS,saed05rvt_base_ss0p540v25c
mux3to1_8bit,200,0.8,0.5,36,0,0.471744,8,1.3975,1.1530,uW/nW,0.540,25,SS,saed05rvt_base_ss0p540v25c
mux3to1_8bit,200,0.5,0.3,36,0,0.471744,8,697.7041,1.1556,nW/nW,0.540,25,SS,saed05rvt_base_ss0p540v25c
mux3to1_8bit,200,0.5,0.7,36,0,0.471744,8,690.9599,1.4254,nW/nW,0.540,25,SS,saed05rvt_base_ss0p540v25c
mux3to1_8bit,300,0.1,0.5,36,0,0.471744,8,493.2730,1.1769,nW/nW,0.540,25,SS,saed05rvt_base_ss0p540v25c
mux3to1_8bit,300,0.5,0.5,36,0,0.471744,8,1.3864,1.1772,uW/nW,0.540,25,SS,saed05rvt_base_ss0p540v25c
mux3to1_8bit,300,0.3,0.5,36,0,0.471744,8,1.1197,1.1769,uW/nW,0.540,25,SS,saed05rvt_base_ss0p540v25c
mux3to1_8bit,300,0.8,0.5,36,0,0.471744,8,1.9803,1.1530,uW/nW,0.540,25,SS,saed05rvt_base_ss0p540v25c
mux3to1_8bit,300,0.5,0.3,36,0,0.471744,8,1.3818,1.0817,uW/nW,0.540,25,SS,saed05rvt_base_ss0p540v25c
mux3to1_8bit,300,0.5,0.7,36,0,0.471744,8,1.2954,1.2751,uW/nW,0.540,25,SS,saed05rvt_base_ss0p540v25c
mux3to1_8bit,450,0.1,0.5,36,0,0.471744,8,516.7639,1.1755,nW/nW,0.540,25,SS,saed05rvt_base_ss0p540v25c
mux3to1_8bit,450,0.5,0.5,36,0,0.471744,8,1.7727,1.1769,uW/nW,0.540,25,SS,saed05rvt_base_ss0p540v25c
mux3to1_8bit,450,0.3,0.5,36,0,0.471744,8,1.2913,1.1769,uW/nW,0.540,25,SS,saed05rvt_base_ss0p540v25c
mux3to1_8bit,450,0.8,0.5,36,0,0.471744,8,2.1078,1.1770,uW/nW,0.540,25,SS,saed05rvt_base_ss0p540v25c
mux3to1_8bit,450,0.5,0.3,36,0,0.471744,8,1.7749,1.1166,uW/nW,0.540,25,SS,saed05rvt_base_ss0p540v25c
mux3to1_8bit,450,0.5,0.7,36,0,0.471744,8,1.6414,1.2628,uW/nW,0.540,25,SS,saed05rvt_base_ss0p540v25c
mux3to1_8bit,600,0.1,0.5,36,0,0.471744,8,531.8370,1.1750,nW/nW,0.540,25,SS,saed05rvt_base_ss0p540v25c
mux3to1_8bit,600,0.5,0.5,36,0,0.471744,8,2.0014,1.1769,uW/nW,0.540,25,SS,saed05rvt_base_ss0p540v25c
mux3to1_8bit,600,0.3,0.5,36,0,0.471744,8,1.3779,1.1769,uW/nW,0.540,25,SS,saed05rvt_base_ss0p540v25c
mux3to1_8bit,600,0.8,0.5,36,0,0.471744,8,2.5768,1.1770,uW/nW,0.540,25,SS,saed05rvt_base_ss0p540v25c
mux3to1_8bit,600,0.5,0.3,36,0,0.471744,8,2.0011,1.1160,uW/nW,0.540,25,SS,saed05rvt_base_ss0p540v25c
mux3to1_8bit,600,0.5,0.7,36,0,0.471744,8,1.8612,1.2631,uW/nW,0.540,25,SS,saed05rvt_base_ss0p540v25c
mux3to1_8bit,750,0.1,0.5,36,0,0.471744,8,538.8079,1.1788,nW/nW,0.540,25,SS,saed05rvt_base_ss0p540v25c
mux3to1_8bit,750,0.5,0.5,36,0,0.471744,8,2.1522,1.1769,uW/nW,0.540,25,SS,saed05rvt_base_ss0p540v25c
mux3to1_8bit,750,0.3,0.5,36,0,0.471744,8,1.4424,1.1765,uW/nW,0.540,25,SS,saed05rvt_base_ss0p540v25c
mux3to1_8bit,750,0.8,0.5,36,0,0.471744,8,2.8922,1.1769,uW/nW,0.540,25,SS,saed05rvt_base_ss0p540v25c
mux3to1_8bit,750,0.5,0.3,36,0,0.471744,8,2.1479,1.1165,uW/nW,0.540,25,SS,saed05rvt_base_ss0p540v25c
mux3to1_8bit,750,0.5,0.7,36,0,0.471744,8,2.0052,1.2629,uW/nW,0.540,25,SS,saed05rvt_base_ss0p540v25c
mux3to1_8bit,900,0.1,0.5,36,0,0.471744,8,538.3951,1.1792,nW/nW,0.540,25,SS,saed05rvt_base_ss0p540v25c
mux3to1_8bit,900,0.5,0.5,36,0,0.471744,8,2.2527,1.1766,uW/nW,0.540,25,SS,saed05rvt_base_ss0p540v25c
mux3to1_8bit,900,0.3,0.5,36,0,0.471744,8,1.4798,1.1769,uW/nW,0.540,25,SS,saed05rvt_base_ss0p540v25c
mux3to1_8bit,900,0.8,0.5,36,0,0.471744,8,3.1318,1.1767,uW/nW,0.540,25,SS,saed05rvt_base_ss0p540v25c
mux3to1_8bit,900,0.5,0.3,36,0,0.471744,8,2.2511,1.1164,uW/nW,0.540,25,SS,saed05rvt_base_ss0p540v25c
mux3to1_8bit,900,0.5,0.7,36,0,0.471744,8,2.1169,1.2625,uW/nW,0.540,25,SS,saed05rvt_base_ss0p540v25c
mux3to1_8bit,1000,0.1,0.5,36,0,0.471744,8,550.9888,1.1755,nW/nW,0.540,25,SS,saed05rvt_base_ss0p540v25c
mux3to1_8bit,1000,0.5,0.5,36,0,0.471744,8,2.2964,1.1769,uW/nW,0.540,25,SS,saed05rvt_base_ss0p540v25c
mux3to1_8bit,1000,0.3,0.5,36,0,0.471744,8,1.4958,1.1768,uW/nW,0.540,25,SS,saed05rvt_base_ss0p540v25c
mux3to1_8bit,1000,0.8,0.5,36,0,0.471744,8,3.2523,1.1769,uW/nW,0.540,25,SS,saed05rvt_base_ss0p540v25c
mux3to1_8bit,1000,0.5,0.3,36,0,0.471744,8,2.3065,1.1169,uW/nW,0.540,25,SS,saed05rvt_base_ss0p540v25c
mux3to1_8bit,1000,0.5,0.7,36,0,0.471744,8,2.1692,1.2622,uW/nW,0.540,25,SS,saed05rvt_base_ss0p540v25c
mux3to1_8bit,10,0.1,0.5,36,0,0.471744,8,144.9385,343.7874,nW/nW,0.675,125,SS,saed05rvt_base_ss0p675v125c
mux3to1_8bit,10,0.5,0.5,36,0,0.471744,8,326.8447,343.7874,nW/nW,0.675,125,SS,saed05rvt_base_ss0p675v125c
mux3to1_8bit,10,0.3,0.5,36,0,0.471744,8,236.0538,343.7874,nW/nW,0.675,125,SS,saed05rvt_base_ss0p675v125c
mux3to1_8bit,10,0.8,0.5,36,0,0.471744,8,462.9420,343.7874,nW/nW,0.675,125,SS,saed05rvt_base_ss0p675v125c
mux3to1_8bit,10,0.5,0.3,36,0,0.471744,8,283.4901,360.8206,nW/nW,0.675,125,SS,saed05rvt_base_ss0p675v125c
mux3to1_8bit,10,0.5,0.7,36,0,0.471744,8,283.7023,436.3242,nW/nW,0.675,125,SS,saed05rvt_base_ss0p675v125c
mux3to1_8bit,50,0.1,0.5,36,0,0.471744,8,536.5574,343.7874,nW/nW,0.675,125,SS,saed05rvt_base_ss0p675v125c
mux3to1_8bit,50,0.5,0.5,36,0,0.471744,8,724.6927,343.7874,nW/nW,0.675,125,SS,saed05rvt_base_ss0p675v125c
mux3to1_8bit,50,0.3,0.5,36,0,0.471744,8,632.3121,343.7874,nW/nW,0.675,125,SS,saed05rvt_base_ss0p675v125c
mux3to1_8bit,50,0.8,0.5,36,0,0.471744,8,861.8577,343.7874,nW/nW,0.675,125,SS,saed05rvt_base_ss0p675v125c
mux3to1_8bit,50,0.5,0.3,36,0,0.471744,8,473.1244,360.8206,nW/nW,0.675,125,SS,saed05rvt_base_ss0p675v125c
mux3to1_8bit,50,0.5,0.7,36,0,0.471744,8,469.3640,436.3242,nW/nW,0.675,125,SS,saed05rvt_base_ss0p675v125c
mux3to1_8bit,100,0.1,0.5,36,0,0.471744,8,650.1799,359.1320,nW/nW,0.675,125,SS,saed05rvt_base_ss0p675v125c
mux3to1_8bit,100,0.5,0.5,36,0,0.471744,8,1.2178,343.7874,uW/nW,0.675,125,SS,saed05rvt_base_ss0p675v125c
mux3to1_8bit,100,0.3,0.5,36,0,0.471744,8,1.1225,343.7874,uW/nW,0.675,125,SS,saed05rvt_base_ss0p675v125c
mux3to1_8bit,100,0.8,0.5,36,0,0.471744,8,1.3573,343.7874,uW/nW,0.675,125,SS,saed05rvt_base_ss0p675v125c
mux3to1_8bit,100,0.5,0.3,36,0,0.471744,8,709.2064,360.8206,nW/nW,0.675,125,SS,saed05rvt_base_ss0p675v125c
mux3to1_8bit,100,0.5,0.7,36,0,0.471744,8,699.9291,436.3242,nW/nW,0.675,125,SS,saed05rvt_base_ss0p675v125c
mux3to1_8bit,200,0.1,0.5,36,0,0.471744,8,803.9846,359.1407,nW/nW,0.675,125,SS,saed05rvt_base_ss0p675v125c
mux3to1_8bit,200,0.5,0.5,36,0,0.471744,8,2.1961,343.7874,uW/nW,0.675,125,SS,saed05rvt_base_ss0p675v125c
mux3to1_8bit,200,0.3,0.5,36,0,0.471744,8,1.5573,359.1998,uW/nW,0.675,125,SS,saed05rvt_base_ss0p675v125c
mux3to1_8bit,200,0.8,0.5,36,0,0.471744,8,2.3411,343.7874,uW/nW,0.675,125,SS,saed05rvt_base_ss0p675v125c
mux3to1_8bit,200,0.5,0.3,36,0,0.471744,8,1.1792,360.8206,uW/nW,0.675,125,SS,saed05rvt_base_ss0p675v125c
mux3to1_8bit,200,0.5,0.7,36,0,0.471744,8,1.1585,436.3242,uW/nW,0.675,125,SS,saed05rvt_base_ss0p675v125c
mux3to1_8bit,300,0.1,0.5,36,0,0.471744,8,864.7786,359.0887,nW/nW,0.675,125,SS,saed05rvt_base_ss0p675v125c
mux3to1_8bit,300,0.5,0.5,36,0,0.471744,8,2.4007,359.2551,uW/nW,0.675,125,SS,saed05rvt_base_ss0p675v125c
mux3to1_8bit,300,0.3,0.5,36,0,0.471744,8,1.9505,359.1320,uW/nW,0.675,125,SS,saed05rvt_base_ss0p675v125c
mux3to1_8bit,300,0.8,0.5,36,0,0.471744,8,3.3187,343.7874,uW/nW,0.675,125,SS,saed05rvt_base_ss0p675v125c
mux3to1_8bit,300,0.5,0.3,36,0,0.471744,8,2.3800,335.2123,uW/nW,0.675,125,SS,saed05rvt_base_ss0p675v125c
mux3to1_8bit,300,0.5,0.7,36,0,0.471744,8,2.2480,382.0611,uW/nW,0.675,125,SS,saed05rvt_base_ss0p675v125c
mux3to1_8bit,450,0.1,0.5,36,0,0.471744,8,907.1617,358.6148,nW/nW,0.675,125,SS,saed05rvt_base_ss0p675v125c
mux3to1_8bit,450,0.5,0.5,36,0,0.471744,8,3.0851,359.1487,uW/nW,0.675,125,SS,saed05rvt_base_ss0p675v125c
mux3to1_8bit,450,0.3,0.5,36,0,0.471744,8,2.2567,359.1299,uW/nW,0.675,125,SS,saed05rvt_base_ss0p675v125c
mux3to1_8bit,450,0.8,0.5,36,0,0.471744,8,3.6474,359.1873,uW/nW,0.675,125,SS,saed05rvt_base_ss0p675v125c
mux3to1_8bit,450,0.5,0.3,36,0,0.471744,8,3.0643,348.0686,uW/nW,0.675,125,SS,saed05rvt_base_ss0p675v125c
mux3to1_8bit,450,0.5,0.7,36,0,0.471744,8,2.8645,376.2733,uW/nW,0.675,125,SS,saed05rvt_base_ss0p675v125c
mux3to1_8bit,600,0.1,0.5,36,0,0.471744,8,934.3906,358.4898,nW/nW,0.675,125,SS,saed05rvt_base_ss0p675v125c
mux3to1_8bit,600,0.5,0.5,36,0,0.471744,8,3.4919,359.1413,uW/nW,0.675,125,SS,saed05rvt_base_ss0p675v125c
mux3to1_8bit,600,0.3,0.5,36,0,0.471744,8,2.4120,359.1407,uW/nW,0.675,125,SS,saed05rvt_base_ss0p675v125c
mux3to1_8bit,600,0.8,0.5,36,0,0.471744,8,4.4754,359.2092,uW/nW,0.675,125,SS,saed05rvt_base_ss0p675v125c
mux3to1_8bit,600,0.5,0.3,36,0,0.471744,8,3.4626,347.8373,uW/nW,0.675,125,SS,saed05rvt_base_ss0p675v125c
mux3to1_8bit,600,0.5,0.7,36,0,0.471744,8,3.2594,376.3709,uW/nW,0.675,125,SS,saed05rvt_base_ss0p675v125c
mux3to1_8bit,750,0.1,0.5,36,0,0.471744,8,946.8732,359.8472,nW/nW,0.675,125,SS,saed05rvt_base_ss0p675v125c
mux3to1_8bit,750,0.5,0.5,36,0,0.471744,8,3.7611,359.1299,uW/nW,0.675,125,SS,saed05rvt_base_ss0p675v125c
mux3to1_8bit,750,0.3,0.5,36,0,0.471744,8,2.5266,358.9329,uW/nW,0.675,125,SS,saed05rvt_base_ss0p675v125c
mux3to1_8bit,750,0.8,0.5,36,0,0.471744,8,5.0351,359.1395,uW/nW,0.675,125,SS,saed05rvt_base_ss0p675v125c
mux3to1_8bit,750,0.5,0.3,36,0,0.471744,8,3.7212,348.0041,uW/nW,0.675,125,SS,saed05rvt_base_ss0p675v125c
mux3to1_8bit,750,0.5,0.7,36,0,0.471744,8,3.5181,376.2785,uW/nW,0.675,125,SS,saed05rvt_base_ss0p675v125c
mux3to1_8bit,900,0.1,0.5,36,0,0.471744,8,945.5113,359.8967,nW/nW,0.675,125,SS,saed05rvt_base_ss0p675v125c
mux3to1_8bit,900,0.5,0.5,36,0,0.471744,8,3.9420,359.0685,uW/nW,0.675,125,SS,saed05rvt_base_ss0p675v125c
mux3to1_8bit,900,0.3,0.5,36,0,0.471744,8,2.5943,359.0887,uW/nW,0.675,125,SS,saed05rvt_base_ss0p675v125c
mux3to1_8bit,900,0.8,0.5,36,0,0.471744,8,5.4610,359.0513,uW/nW,0.675,125,SS,saed05rvt_base_ss0p675v125c
mux3to1_8bit,900,0.5,0.3,36,0,0.471744,8,3.9038,348.0034,uW/nW,0.675,125,SS,saed05rvt_base_ss0p675v125c
mux3to1_8bit,900,0.5,0.7,36,0,0.471744,8,3.7192,376.1605,uW/nW,0.675,125,SS,saed05rvt_base_ss0p675v125c
mux3to1_8bit,1000,0.1,0.5,36,0,0.471744,8,969.1066,358.8326,nW/nW,0.675,125,SS,saed05rvt_base_ss0p675v125c
mux3to1_8bit,1000,0.5,0.5,36,0,0.471744,8,4.0199,359.1407,uW/nW,0.675,125,SS,saed05rvt_base_ss0p675v125c
mux3to1_8bit,1000,0.3,0.5,36,0,0.471744,8,2.6230,359.0846,uW/nW,0.675,125,SS,saed05rvt_base_ss0p675v125c
mux3to1_8bit,1000,0.8,0.5,36,0,0.471744,8,5.6772,359.1272,uW/nW,0.675,125,SS,saed05rvt_base_ss0p675v125c
mux3to1_8bit,1000,0.5,0.3,36,0,0.471744,8,4.0017,348.1775,uW/nW,0.675,125,SS,saed05rvt_base_ss0p675v125c
mux3to1_8bit,1000,0.5,0.7,36,0,0.471744,8,3.8127,375.9898,uW/nW,0.675,125,SS,saed05rvt_base_ss0p675v125c
mux3to1_8bit,10,0.1,0.5,36,0,0.471744,8,135.4766,3.4201,nW/nW,0.675,25,SS,saed05rvt_base_ss0p675v25c
mux3to1_8bit,10,0.5,0.5,36,0,0.471744,8,294.3312,3.4201,nW/nW,0.675,25,SS,saed05rvt_base_ss0p675v25c
mux3to1_8bit,10,0.3,0.5,36,0,0.471744,8,215.1894,3.4201,nW/nW,0.675,25,SS,saed05rvt_base_ss0p675v25c
mux3to1_8bit,10,0.8,0.5,36,0,0.471744,8,412.8871,3.4201,nW/nW,0.675,25,SS,saed05rvt_base_ss0p675v25c
mux3to1_8bit,10,0.5,0.3,36,0,0.471744,8,247.7753,3.4435,nW/nW,0.675,25,SS,saed05rvt_base_ss0p675v25c
mux3to1_8bit,10,0.5,0.7,36,0,0.471744,8,248.4115,4.2673,nW/nW,0.675,25,SS,saed05rvt_base_ss0p675v25c
mux3to1_8bit,50,0.1,0.5,36,0,0.471744,8,507.5645,3.4201,nW/nW,0.675,25,SS,saed05rvt_base_ss0p675v25c
mux3to1_8bit,50,0.5,0.5,36,0,0.471744,8,677.3829,3.4201,nW/nW,0.675,25,SS,saed05rvt_base_ss0p675v25c
mux3to1_8bit,50,0.3,0.5,36,0,0.471744,8,595.4431,3.4201,nW/nW,0.675,25,SS,saed05rvt_base_ss0p675v25c
mux3to1_8bit,50,0.8,0.5,36,0,0.471744,8,797.8182,3.4201,nW/nW,0.675,25,SS,saed05rvt_base_ss0p675v25c
mux3to1_8bit,50,0.5,0.3,36,0,0.471744,8,430.8048,3.4435,nW/nW,0.675,25,SS,saed05rvt_base_ss0p675v25c
mux3to1_8bit,50,0.5,0.7,36,0,0.471744,8,428.4526,4.2673,nW/nW,0.675,25,SS,saed05rvt_base_ss0p675v25c
mux3to1_8bit,100,0.1,0.5,36,0,0.471744,8,601.8036,3.4983,nW/nW,0.675,25,SS,saed05rvt_base_ss0p675v25c
mux3to1_8bit,100,0.5,0.5,36,0,0.471744,8,1.1489,3.4201,uW/nW,0.675,25,SS,saed05rvt_base_ss0p675v25c
mux3to1_8bit,100,0.3,0.5,36,0,0.471744,8,1.0617,3.4201,uW/nW,0.675,25,SS,saed05rvt_base_ss0p675v25c
mux3to1_8bit,100,0.8,0.5,36,0,0.471744,8,1.2734,3.4201,uW/nW,0.675,25,SS,saed05rvt_base_ss0p675v25c
mux3to1_8bit,100,0.5,0.3,36,0,0.471744,8,657.9004,3.4435,nW/nW,0.675,25,SS,saed05rvt_base_ss0p675v25c
mux3to1_8bit,100,0.5,0.7,36,0,0.471744,8,650.8425,4.2673,nW/nW,0.675,25,SS,saed05rvt_base_ss0p675v25c
mux3to1_8bit,200,0.1,0.5,36,0,0.471744,8,741.0718,3.4983,nW/nW,0.675,25,SS,saed05rvt_base_ss0p675v25c
mux3to1_8bit,200,0.5,0.5,36,0,0.471744,8,2.0777,3.4201,uW/nW,0.675,25,SS,saed05rvt_base_ss0p675v25c
mux3to1_8bit,200,0.3,0.5,36,0,0.471744,8,1.4466,3.4989,uW/nW,0.675,25,SS,saed05rvt_base_ss0p675v25c
mux3to1_8bit,200,0.8,0.5,36,0,0.471744,8,2.2120,3.4201,uW/nW,0.675,25,SS,saed05rvt_base_ss0p675v25c
mux3to1_8bit,200,0.5,0.3,36,0,0.471744,8,1.1082,3.4435,uW/nW,0.675,25,SS,saed05rvt_base_ss0p675v25c
mux3to1_8bit,200,0.5,0.7,36,0,0.471744,8,1.0912,4.2673,uW/nW,0.675,25,SS,saed05rvt_base_ss0p675v25c
mux3to1_8bit,300,0.1,0.5,36,0,0.471744,8,795.9815,3.4984,nW/nW,0.675,25,SS,saed05rvt_base_ss0p675v25c
mux3to1_8bit,300,0.5,0.5,36,0,0.471744,8,2.2322,3.4994,uW/nW,0.675,25,SS,saed05rvt_base_ss0p675v25c
mux3to1_8bit,300,0.3,0.5,36,0,0.471744,8,1.8054,3.4983,uW/nW,0.675,25,SS,saed05rvt_base_ss0p675v25c
mux3to1_8bit,300,0.8,0.5,36,0,0.471744,8,3.1396,3.4201,uW/nW,0.675,25,SS,saed05rvt_base_ss0p675v25c
mux3to1_8bit,300,0.5,0.3,36,0,0.471744,8,2.2338,3.2061,uW/nW,0.675,25,SS,saed05rvt_base_ss0p675v25c
mux3to1_8bit,300,0.5,0.7,36,0,0.471744,8,2.0749,3.7966,uW/nW,0.675,25,SS,saed05rvt_base_ss0p675v25c
mux3to1_8bit,450,0.1,0.5,36,0,0.471744,8,834.0855,3.4939,nW/nW,0.675,25,SS,saed05rvt_base_ss0p675v25c
mux3to1_8bit,450,0.5,0.5,36,0,0.471744,8,2.8577,3.4985,uW/nW,0.675,25,SS,saed05rvt_base_ss0p675v25c
mux3to1_8bit,450,0.3,0.5,36,0,0.471744,8,2.0830,3.4984,uW/nW,0.675,25,SS,saed05rvt_base_ss0p675v25c
mux3to1_8bit,450,0.8,0.5,36,0,0.471744,8,3.3929,3.4988,uW/nW,0.675,25,SS,saed05rvt_base_ss0p675v25c
mux3to1_8bit,450,0.5,0.3,36,0,0.471744,8,2.8755,3.3141,uW/nW,0.675,25,SS,saed05rvt_base_ss0p675v25c
mux3to1_8bit,450,0.5,0.7,36,0,0.471744,8,2.6282,3.7582,uW/nW,0.675,25,SS,saed05rvt_base_ss0p675v25c
mux3to1_8bit,600,0.1,0.5,36,0,0.471744,8,858.5621,3.4925,nW/nW,0.675,25,SS,saed05rvt_base_ss0p675v25c
mux3to1_8bit,600,0.5,0.5,36,0,0.471744,8,3.2278,3.4984,uW/nW,0.675,25,SS,saed05rvt_base_ss0p675v25c
mux3to1_8bit,600,0.3,0.5,36,0,0.471744,8,2.2232,3.4983,uW/nW,0.675,25,SS,saed05rvt_base_ss0p675v25c
mux3to1_8bit,600,0.8,0.5,36,0,0.471744,8,4.1525,3.4988,uW/nW,0.675,25,SS,saed05rvt_base_ss0p675v25c
mux3to1_8bit,600,0.5,0.3,36,0,0.471744,8,3.2430,3.3120,uW/nW,0.675,25,SS,saed05rvt_base_ss0p675v25c
mux3to1_8bit,600,0.5,0.7,36,0,0.471744,8,2.9830,3.7592,uW/nW,0.675,25,SS,saed05rvt_base_ss0p675v25c
mux3to1_8bit,750,0.1,0.5,36,0,0.471744,8,869.8004,3.5043,nW/nW,0.675,25,SS,saed05rvt_base_ss0p675v25c
mux3to1_8bit,750,0.5,0.5,36,0,0.471744,8,3.4717,3.4984,uW/nW,0.675,25,SS,saed05rvt_base_ss0p675v25c
mux3to1_8bit,750,0.3,0.5,36,0,0.471744,8,2.3272,3.4972,uW/nW,0.675,25,SS,saed05rvt_base_ss0p675v25c
mux3to1_8bit,750,0.8,0.5,36,0,0.471744,8,4.6626,3.4985,uW/nW,0.675,25,SS,saed05rvt_base_ss0p675v25c
mux3to1_8bit,750,0.5,0.3,36,0,0.471744,8,3.4811,3.3135,uW/nW,0.675,25,SS,saed05rvt_base_ss0p675v25c
mux3to1_8bit,750,0.5,0.7,36,0,0.471744,8,3.2151,3.7583,uW/nW,0.675,25,SS,saed05rvt_base_ss0p675v25c
mux3to1_8bit,900,0.1,0.5,36,0,0.471744,8,868.7879,3.5055,nW/nW,0.675,25,SS,saed05rvt_base_ss0p675v25c
mux3to1_8bit,900,0.5,0.5,36,0,0.471744,8,3.6348,3.4974,uW/nW,0.675,25,SS,saed05rvt_base_ss0p675v25c
mux3to1_8bit,900,0.3,0.5,36,0,0.471744,8,2.3879,3.4984,uW/nW,0.675,25,SS,saed05rvt_base_ss0p675v25c
mux3to1_8bit,900,0.8,0.5,36,0,0.471744,8,5.0502,3.4978,uW/nW,0.675,25,SS,saed05rvt_base_ss0p675v25c
mux3to1_8bit,900,0.5,0.3,36,0,0.471744,8,3.6486,3.3134,uW/nW,0.675,25,SS,saed05rvt_base_ss0p675v25c
mux3to1_8bit,900,0.5,0.7,36,0,0.471744,8,3.3954,3.7573,uW/nW,0.675,25,SS,saed05rvt_base_ss0p675v25c
mux3to1_8bit,1000,0.1,0.5,36,0,0.471744,8,889.8809,3.4940,nW/nW,0.675,25,SS,saed05rvt_base_ss0p675v25c
mux3to1_8bit,1000,0.5,0.5,36,0,0.471744,8,3.7054,3.4983,uW/nW,0.675,25,SS,saed05rvt_base_ss0p675v25c
mux3to1_8bit,1000,0.3,0.5,36,0,0.471744,8,2.4137,3.4981,uW/nW,0.675,25,SS,saed05rvt_base_ss0p675v25c
mux3to1_8bit,1000,0.8,0.5,36,0,0.471744,8,5.2459,3.4983,uW/nW,0.675,25,SS,saed05rvt_base_ss0p675v25c
mux3to1_8bit,1000,0.5,0.3,36,0,0.471744,8,3.7386,3.3148,uW/nW,0.675,25,SS,saed05rvt_base_ss0p675v25c
mux3to1_8bit,1000,0.5,0.7,36,0,0.471744,8,3.4792,3.7563,uW/nW,0.675,25,SS,saed05rvt_base_ss0p675v25c
priority_encoder_8to3,10,0.1,0.5,15,0,0.185472,10,86.7405,644.7368,nW/pW,0.60,25,TT,saed05rvt_base_tt0p60v25c
priority_encoder_8to3,10,0.5,0.5,15,0,0.185472,10,352.5551,644.7368,nW/pW,0.60,25,TT,saed05rvt_base_tt0p60v25c
priority_encoder_8to3,10,0.3,0.5,15,0,0.185472,10,219.6855,644.7368,nW/pW,0.60,25,TT,saed05rvt_base_tt0p60v25c
priority_encoder_8to3,10,0.8,0.5,15,0,0.185472,10,551.8389,644.7368,nW/pW,0.60,25,TT,saed05rvt_base_tt0p60v25c
priority_encoder_8to3,10,0.5,0.3,15,0,0.185472,10,355.1050,816.8047,nW/pW,0.60,25,TT,saed05rvt_base_tt0p60v25c
priority_encoder_8to3,10,0.5,0.7,15,0,0.185472,10,358.7924,682.0570,nW/pW,0.60,25,TT,saed05rvt_base_tt0p60v25c
priority_encoder_8to3,50,0.1,0.5,15,0,0.185472,10,166.4400,644.7368,nW/pW,0.60,25,TT,saed05rvt_base_tt0p60v25c
priority_encoder_8to3,50,0.5,0.5,15,0,0.185472,10,433.7025,644.7368,nW/pW,0.60,25,TT,saed05rvt_base_tt0p60v25c
priority_encoder_8to3,50,0.3,0.5,15,0,0.185472,10,300.4634,644.7368,nW/pW,0.60,25,TT,saed05rvt_base_tt0p60v25c
priority_encoder_8to3,50,0.8,0.5,15,0,0.185472,10,633.2344,644.7368,nW/pW,0.60,25,TT,saed05rvt_base_tt0p60v25c
priority_encoder_8to3,50,0.5,0.3,15,0,0.185472,10,464.9454,816.8047,nW/pW,0.60,25,TT,saed05rvt_base_tt0p60v25c
priority_encoder_8to3,50,0.5,0.7,15,0,0.185472,10,469.8339,682.0570,nW/pW,0.60,25,TT,saed05rvt_base_tt0p60v25c
priority_encoder_8to3,100,0.1,0.5,15,0,0.185472,10,168.4714,617.9940,nW/pW,0.60,25,TT,saed05rvt_base_tt0p60v25c
priority_encoder_8to3,100,0.5,0.5,15,0,0.185472,10,534.1672,644.7368,nW/pW,0.60,25,TT,saed05rvt_base_tt0p60v25c
priority_encoder_8to3,100,0.3,0.5,15,0,0.185472,10,400.2446,644.7368,nW/pW,0.60,25,TT,saed05rvt_base_tt0p60v25c
priority_encoder_8to3,100,0.8,0.5,15,0,0.185472,10,734.2443,644.7368,nW/pW,0.60,25,TT,saed05rvt_base_tt0p60v25c
priority_encoder_8to3,100,0.5,0.3,15,0,0.185472,10,600.3072,816.8047,nW/pW,0.60,25,TT,saed05rvt_base_tt0p60v25c
priority_encoder_8to3,100,0.5,0.7,15,0,0.185472,10,607.4425,682.0570,nW/pW,0.60,25,TT,saed05rvt_base_tt0p60v25c
priority_encoder_8to3,200,0.1,0.5,15,0,0.185472,10,189.7982,618.1544,nW/pW,0.60,25,TT,saed05rvt_base_tt0p60v25c
priority_encoder_8to3,200,0.5,0.5,15,0,0.185472,10,733.2292,644.7368,nW/pW,0.60,25,TT,saed05rvt_base_tt0p60v25c
priority_encoder_8to3,200,0.3,0.5,15,0,0.185472,10,454.0972,617.1791,nW/pW,0.60,25,TT,saed05rvt_base_tt0p60v25c
priority_encoder_8to3,200,0.8,0.5,15,0,0.185472,10,934.5911,644.7368,nW/pW,0.60,25,TT,saed05rvt_base_tt0p60v25c
priority_encoder_8to3,200,0.5,0.3,15,0,0.185472,10,867.6053,816.8047,nW/pW,0.60,25,TT,saed05rvt_base_tt0p60v25c
priority_encoder_8to3,200,0.5,0.7,15,0,0.185472,10,879.8223,682.0570,nW/pW,0.60,25,TT,saed05rvt_base_tt0p60v25c
priority_encoder_8to3,300,0.1,0.5,15,0,0.185472,10,198.9842,617.6041,nW/pW,0.60,25,TT,saed05rvt_base_tt0p60v25c
priority_encoder_8to3,300,0.5,0.5,15,0,0.185472,10,732.1881,617.4683,nW/pW,0.60,25,TT,saed05rvt_base_tt0p60v25c
priority_encoder_8to3,300,0.3,0.5,15,0,0.185472,10,505.4143,617.9940,nW/pW,0.60,25,TT,saed05rvt_base_tt0p60v25c
priority_encoder_8to3,300,0.8,0.5,15,0,0.185472,10,1.1335,644.7368,uW/pW,0.60,25,TT,saed05rvt_base_tt0p60v25c
priority_encoder_8to3,300,0.5,0.3,15,0,0.185472,10,841.6016,741.2777,nW/pW,0.60,25,TT,saed05rvt_base_tt0p60v25c
priority_encoder_8to3,300,0.5,0.7,15,0,0.185472,10,623.4625,525.9052,nW/pW,0.60,25,TT,saed05rvt_base_tt0p60v25c
priority_encoder_8to3,450,0.1,0.5,15,0,0.185472,10,208.5572,617.6047,nW/pW,0.60,25,TT,saed05rvt_base_tt0p60v25c
priority_encoder_8to3,450,0.5,0.5,15,0,0.185472,10,820.4744,617.5747,nW/pW,0.60,25,TT,saed05rvt_base_tt0p60v25c
priority_encoder_8to3,450,0.3,0.5,15,0,0.185472,10,545.8223,617.8381,nW/pW,0.60,25,TT,saed05rvt_base_tt0p60v25c
priority_encoder_8to3,450,0.8,0.5,15,0,0.185472,10,1.1490,618.2532,uW/pW,0.60,25,TT,saed05rvt_base_tt0p60v25c
priority_encoder_8to3,450,0.5,0.3,15,0,0.185472,10,1.1281,785.3830,uW/pW,0.60,25,TT,saed05rvt_base_tt0p60v25c
priority_encoder_8to3,450,0.5,0.7,15,0,0.185472,10,650.6841,510.5495,nW/pW,0.60,25,TT,saed05rvt_base_tt0p60v25c
priority_encoder_8to3,600,0.1,0.5,15,0,0.185472,10,208.4000,617.7180,nW/pW,0.60,25,TT,saed05rvt_base_tt0p60v25c
priority_encoder_8to3,600,0.5,0.5,15,0,0.185472,10,872.3353,617.8226,nW/pW,0.60,25,TT,saed05rvt_base_tt0p60v25c
priority_encoder_8to3,600,0.3,0.5,15,0,0.185472,10,569.3945,618.1544,nW/pW,0.60,25,TT,saed05rvt_base_tt0p60v25c
priority_encoder_8to3,600,0.8,0.5,15,0,0.185472,10,1.2499,617.7117,uW/pW,0.60,25,TT,saed05rvt_base_tt0p60v25c
priority_encoder_8to3,600,0.5,0.3,15,0,0.185472,10,1.2288,785.1495,uW/pW,0.60,25,TT,saed05rvt_base_tt0p60v25c
priority_encoder_8to3,600,0.5,0.7,15,0,0.185472,10,681.2114,510.4462,nW/pW,0.60,25,TT,saed05rvt_base_tt0p60v25c
priority_encoder_8to3,750,0.1,0.5,15,0,0.185472,10,211.1645,616.4907,nW/pW,0.60,25,TT,saed05rvt_base_tt0p60v25c
priority_encoder_8to3,750,0.5,0.5,15,0,0.185472,10,909.7039,617.8381,nW/pW,0.60,25,TT,saed05rvt_base_tt0p60v25c
priority_encoder_8to3,750,0.3,0.5,15,0,0.185472,10,585.7263,617.2360,nW/pW,0.60,25,TT,saed05rvt_base_tt0p60v25c
priority_encoder_8to3,750,0.8,0.5,15,0,0.185472,10,1.3233,617.8587,uW/pW,0.60,25,TT,saed05rvt_base_tt0p60v25c
priority_encoder_8to3,750,0.5,0.3,15,0,0.185472,10,1.2896,785.0034,uW/pW,0.60,25,TT,saed05rvt_base_tt0p60v25c
priority_encoder_8to3,750,0.5,0.7,15,0,0.185472,10,702.0605,510.7941,nW/pW,0.60,25,TT,saed05rvt_base_tt0p60v25c
priority_encoder_8to3,900,0.1,0.5,15,0,0.185472,10,212.8757,618.3358,nW/pW,0.60,25,TT,saed05rvt_base_tt0p60v25c
priority_encoder_8to3,900,0.5,0.5,15,0,0.185472,10,941.2374,617.7352,nW/pW,0.60,25,TT,saed05rvt_base_tt0p60v25c
priority_encoder_8to3,900,0.3,0.5,15,0,0.185472,10,596.9526,617.6041,nW/pW,0.60,25,TT,saed05rvt_base_tt0p60v25c
priority_encoder_8to3,900,0.8,0.5,15,0,0.185472,10,1.3805,617.4744,uW/pW,0.60,25,TT,saed05rvt_base_tt0p60v25c
priority_encoder_8to3,900,0.5,0.3,15,0,0.185472,10,1.3356,784.0692,uW/pW,0.60,25,TT,saed05rvt_base_tt0p60v25c
priority_encoder_8to3,900,0.5,0.7,15,0,0.185472,10,718.4357,510.5014,nW/pW,0.60,25,TT,saed05rvt_base_tt0p60v25c
priority_encoder_8to3,1000,0.1,0.5,15,0,0.185472,10,215.9375,616.7758,nW/pW,0.60,25,TT,saed05rvt_base_tt0p60v25c
priority_encoder_8to3,1000,0.5,0.5,15,0,0.185472,10,948.9908,618.1544,nW/pW,0.60,25,TT,saed05rvt_base_tt0p60v25c
priority_encoder_8to3,1000,0.3,0.5,15,0,0.185472,10,605.2905,618.6422,nW/pW,0.60,25,TT,saed05rvt_base_tt0p60v25c
priority_encoder_8to3,1000,0.8,0.5,15,0,0.185472,10,1.4089,618.4791,uW/pW,0.60,25,TT,saed05rvt_base_tt0p60v25c
priority_encoder_8to3,1000,0.5,0.3,15,0,0.185472,10,1.3620,784.3243,uW/pW,0.60,25,TT,saed05rvt_base_tt0p60v25c
priority_encoder_8to3,1000,0.5,0.7,15,0,0.185472,10,728.7410,510.7184,nW/pW,0.60,25,TT,saed05rvt_base_tt0p60v25c
priority_encoder_8to3,10,0.1,0.5,15,0,0.185472,10,89.2423,71.8887,nW/nW,0.60,125,TT,saed05rvt_base_tt0p60v125c
priority_encoder_8to3,10,0.5,0.5,15,0,0.185472,10,362.3059,71.8887,nW/nW,0.60,125,TT,saed05rvt_base_tt0p60v125c
priority_encoder_8to3,10,0.3,0.5,15,0,0.185472,10,225.8126,71.8887,nW/nW,0.60,125,TT,saed05rvt_base_tt0p60v125c
priority_encoder_8to3,10,0.8,0.5,15,0,0.185472,10,567.0247,71.8887,nW/nW,0.60,125,TT,saed05rvt_base_tt0p60v125c
priority_encoder_8to3,10,0.5,0.3,15,0,0.185472,10,364.3792,86.9596,nW/nW,0.60,125,TT,saed05rvt_base_tt0p60v125c
priority_encoder_8to3,10,0.5,0.7,15,0,0.185472,10,369.3824,79.5604,nW/nW,0.60,125,TT,saed05rvt_base_tt0p60v125c
priority_encoder_8to3,50,0.1,0.5,15,0,0.185472,10,171.6697,71.8887,nW/nW,0.60,125,TT,saed05rvt_base_tt0p60v125c
priority_encoder_8to3,50,0.5,0.5,15,0,0.185472,10,446.2114,71.8887,nW/nW,0.60,125,TT,saed05rvt_base_tt0p60v125c
priority_encoder_8to3,50,0.3,0.5,15,0,0.185472,10,309.3409,71.8887,nW/nW,0.60,125,TT,saed05rvt_base_tt0p60v125c
priority_encoder_8to3,50,0.8,0.5,15,0,0.185472,10,651.1836,71.8887,nW/nW,0.60,125,TT,saed05rvt_base_tt0p60v125c
priority_encoder_8to3,50,0.5,0.3,15,0,0.185472,10,478.1403,86.9596,nW/nW,0.60,125,TT,saed05rvt_base_tt0p60v125c
priority_encoder_8to3,50,0.5,0.7,15,0,0.185472,10,484.7692,79.5604,nW/nW,0.60,125,TT,saed05rvt_base_tt0p60v125c
priority_encoder_8to3,100,0.1,0.5,15,0,0.185472,10,174.1560,69.0509,nW/nW,0.60,125,TT,saed05rvt_base_tt0p60v125c
priority_encoder_8to3,100,0.5,0.5,15,0,0.185472,10,550.1036,71.8887,nW/nW,0.60,125,TT,saed05rvt_base_tt0p60v125c
priority_encoder_8to3,100,0.3,0.5,15,0,0.185472,10,412.5353,71.8887,nW/nW,0.60,125,TT,saed05rvt_base_tt0p60v125c
priority_encoder_8to3,100,0.8,0.5,15,0,0.185472,10,755.6324,71.8887,nW/nW,0.60,125,TT,saed05rvt_base_tt0p60v125c
priority_encoder_8to3,100,0.5,0.3,15,0,0.185472,10,618.3260,86.9596,nW/nW,0.60,125,TT,saed05rvt_base_tt0p60v125c
priority_encoder_8to3,100,0.5,0.7,15,0,0.185472,10,627.7654,79.5604,nW/nW,0.60,125,TT,saed05rvt_base_tt0p60v125c
priority_encoder_8to3,200,0.1,0.5,15,0,0.185472,10,196.2243,69.0748,nW/nW,0.60,125,TT,saed05rvt_base_tt0p60v125c
priority_encoder_8to3,200,0.5,0.5,15,0,0.185472,10,755.9814,71.8887,nW/nW,0.60,125,TT,saed05rvt_base_tt0p60v125c
priority_encoder_8to3,200,0.3,0.5,15,0,0.185472,10,469.4066,68.9365,nW/nW,0.60,125,TT,saed05rvt_base_tt0p60v125c
priority_encoder_8to3,200,0.8,0.5,15,0,0.185472,10,962.8218,71.8887,nW/nW,0.60,125,TT,saed05rvt_base_tt0p60v125c
priority_encoder_8to3,200,0.5,0.3,15,0,0.185472,10,895.1192,86.9596,nW/nW,0.60,125,TT,saed05rvt_base_tt0p60v125c
priority_encoder_8to3,200,0.5,0.7,15,0,0.185472,10,910.8082,79.5604,nW/nW,0.60,125,TT,saed05rvt_base_tt0p60v125c
priority_encoder_8to3,300,0.1,0.5,15,0,0.185472,10,205.7466,68.9977,nW/nW,0.60,125,TT,saed05rvt_base_tt0p60v125c
priority_encoder_8to3,300,0.5,0.5,15,0,0.185472,10,756.8647,68.9864,nW/nW,0.60,125,TT,saed05rvt_base_tt0p60v125c
priority_encoder_8to3,300,0.3,0.5,15,0,0.185472,10,522.4682,69.0509,nW/nW,0.60,125,TT,saed05rvt_base_tt0p60v125c
priority_encoder_8to3,300,0.8,0.5,15,0,0.185472,10,1.1685,71.8887,uW/nW,0.60,125,TT,saed05rvt_base_tt0p60v125c
priority_encoder_8to3,300,0.5,0.3,15,0,0.185472,10,867.0046,79.0174,nW/nW,0.60,125,TT,saed05rvt_base_tt0p60v125c
priority_encoder_8to3,300,0.5,0.7,15,0,0.185472,10,646.6745,61.1811,nW/nW,0.60,125,TT,saed05rvt_base_tt0p60v125c
priority_encoder_8to3,450,0.1,0.5,15,0,0.185472,10,215.6218,68.9879,nW/nW,0.60,125,TT,saed05rvt_base_tt0p60v125c
priority_encoder_8to3,450,0.5,0.5,15,0,0.185472,10,848.1644,68.9903,nW/nW,0.60,125,TT,saed05rvt_base_tt0p60v125c
priority_encoder_8to3,450,0.3,0.5,15,0,0.185472,10,564.2845,69.0345,nW/nW,0.60,125,TT,saed05rvt_base_tt0p60v125c
priority_encoder_8to3,450,0.8,0.5,15,0,0.185472,10,1.1877,69.0797,uW/nW,0.60,125,TT,saed05rvt_base_tt0p60v125c
priority_encoder_8to3,450,0.5,0.3,15,0,0.185472,10,1.1623,84.2933,uW/nW,0.60,125,TT,saed05rvt_base_tt0p60v125c
priority_encoder_8to3,450,0.5,0.7,15,0,0.185472,10,675.4384,59.1375,nW/nW,0.60,125,TT,saed05rvt_base_tt0p60v125c
priority_encoder_8to3,600,0.1,0.5,15,0,0.185472,10,215.4801,69.0297,nW/nW,0.60,125,TT,saed05rvt_base_tt0p60v125c
priority_encoder_8to3,600,0.5,0.5,15,0,0.185472,10,901.8091,69.0379,nW/nW,0.60,125,TT,saed05rvt_base_tt0p60v125c
priority_encoder_8to3,600,0.3,0.5,15,0,0.185472,10,588.6730,69.0748,nW/nW,0.60,125,TT,saed05rvt_base_tt0p60v125c
priority_encoder_8to3,600,0.8,0.5,15,0,0.185472,10,1.2921,69.0147,uW/nW,0.60,125,TT,saed05rvt_base_tt0p60v125c
priority_encoder_8to3,600,0.5,0.3,15,0,0.185472,10,1.2664,84.2666,uW/nW,0.60,125,TT,saed05rvt_base_tt0p60v125c
priority_encoder_8to3,600,0.5,0.7,15,0,0.185472,10,707.1946,59.1286,nW/nW,0.60,125,TT,saed05rvt_base_tt0p60v125c
priority_encoder_8to3,750,0.1,0.5,15,0,0.185472,10,218.3385,68.8794,nW/nW,0.60,125,TT,saed05rvt_base_tt0p60v125c
priority_encoder_8to3,750,0.5,0.5,15,0,0.185472,10,940.4741,69.0345,nW/nW,0.60,125,TT,saed05rvt_base_tt0p60v125c
priority_encoder_8to3,750,0.3,0.5,15,0,0.185472,10,605.5912,68.9393,nW/nW,0.60,125,TT,saed05rvt_base_tt0p60v125c
priority_encoder_8to3,750,0.8,0.5,15,0,0.185472,10,1.3680,69.0210,uW/nW,0.60,125,TT,saed05rvt_base_tt0p60v125c
priority_encoder_8to3,750,0.5,0.3,15,0,0.185472,10,1.3292,84.2493,uW/nW,0.60,125,TT,saed05rvt_base_tt0p60v125c
priority_encoder_8to3,750,0.5,0.7,15,0,0.185472,10,728.8697,59.1770,nW/nW,0.60,125,TT,saed05rvt_base_tt0p60v125c
priority_encoder_8to3,900,0.1,0.5,15,0,0.185472,10,220.1048,69.0723,nW/nW,0.60,125,TT,saed05rvt_base_tt0p60v125c
priority_encoder_8to3,900,0.5,0.5,15,0,0.185472,10,973.0985,69.0145,nW/nW,0.60,125,TT,saed05rvt_base_tt0p60v125c
priority_encoder_8to3,900,0.3,0.5,15,0,0.185472,10,617.2400,68.9977,nW/nW,0.60,125,TT,saed05rvt_base_tt0p60v125c
priority_encoder_8to3,900,0.8,0.5,15,0,0.185472,10,1.4271,68.9749,uW/nW,0.60,125,TT,saed05rvt_base_tt0p60v125c
priority_encoder_8to3,900,0.5,0.3,15,0,0.185472,10,1.3769,84.1485,uW/nW,0.60,125,TT,saed05rvt_base_tt0p60v125c
priority_encoder_8to3,900,0.5,0.7,15,0,0.185472,10,745.8596,59.1418,nW/nW,0.60,125,TT,saed05rvt_base_tt0p60v125c
priority_encoder_8to3,1000,0.1,0.5,15,0,0.185472,10,223.2746,68.8857,nW/nW,0.60,125,TT,saed05rvt_base_tt0p60v125c
priority_encoder_8to3,1000,0.5,0.5,15,0,0.185472,10,981.1218,69.0748,nW/nW,0.60,125,TT,saed05rvt_base_tt0p60v125c
priority_encoder_8to3,1000,0.3,0.5,15,0,0.185472,10,625.8272,69.1423,nW/nW,0.60,125,TT,saed05rvt_base_tt0p60v125c
priority_encoder_8to3,1000,0.8,0.5,15,0,0.185472,10,1.4565,69.1150,uW/nW,0.60,125,TT,saed05rvt_base_tt0p60v125c
priority_encoder_8to3,1000,0.5,0.3,15,0,0.185472,10,1.4041,84.1744,uW/nW,0.60,125,TT,saed05rvt_base_tt0p60v125c
priority_encoder_8to3,1000,0.5,0.7,15,0,0.185472,10,756.5641,59.1702,nW/nW,0.60,125,TT,saed05rvt_base_tt0p60v125c
priority_encoder_8to3,10,0.1,0.5,15,0,0.185472,10,139.5660,177.9046,nW/nW,0.75,125,TT,saed05rvt_base_tt0p75v125c
priority_encoder_8to3,10,0.5,0.5,15,0,0.185472,10,563.9847,177.9046,nW/nW,0.75,125,TT,saed05rvt_base_tt0p75v125c
priority_encoder_8to3,10,0.3,0.5,15,0,0.185472,10,351.8239,177.9046,nW/nW,0.75,125,TT,saed05rvt_base_tt0p75v125c
priority_encoder_8to3,10,0.8,0.5,15,0,0.185472,10,882.1995,177.9046,nW/nW,0.75,125,TT,saed05rvt_base_tt0p75v125c
priority_encoder_8to3,10,0.5,0.3,15,0,0.185472,10,569.5916,216.4245,nW/nW,0.75,125,TT,saed05rvt_base_tt0p75v125c
priority_encoder_8to3,10,0.5,0.7,15,0,0.185472,10,575.2174,197.3639,nW/nW,0.75,125,TT,saed05rvt_base_tt0p75v125c
priority_encoder_8to3,50,0.1,0.5,15,0,0.185472,10,271.5490,177.9046,nW/nW,0.75,125,TT,saed05rvt_base_tt0p75v125c
priority_encoder_8to3,50,0.5,0.5,15,0,0.185472,10,697.8300,177.9046,nW/nW,0.75,125,TT,saed05rvt_base_tt0p75v125c
priority_encoder_8to3,50,0.3,0.5,15,0,0.185472,10,485.1938,177.9046,nW/nW,0.75,125,TT,saed05rvt_base_tt0p75v125c
priority_encoder_8to3,50,0.8,0.5,15,0,0.185472,10,1.0164,177.9046,uW/nW,0.75,125,TT,saed05rvt_base_tt0p75v125c
priority_encoder_8to3,50,0.5,0.3,15,0,0.185472,10,753.2696,216.4245,nW/nW,0.75,125,TT,saed05rvt_base_tt0p75v125c
priority_encoder_8to3,50,0.5,0.7,15,0,0.185472,10,761.2906,197.3639,nW/nW,0.75,125,TT,saed05rvt_base_tt0p75v125c
priority_encoder_8to3,100,0.1,0.5,15,0,0.185472,10,276.6988,170.6781,nW/nW,0.75,125,TT,saed05rvt_base_tt0p75v125c
priority_encoder_8to3,100,0.5,0.5,15,0,0.185472,10,863.8895,177.9046,nW/nW,0.75,125,TT,saed05rvt_base_tt0p75v125c
priority_encoder_8to3,100,0.3,0.5,15,0,0.185472,10,650.3743,177.9046,nW/nW,0.75,125,TT,saed05rvt_base_tt0p75v125c
priority_encoder_8to3,100,0.8,0.5,15,0,0.185472,10,1.1831,177.9046,uW/nW,0.75,125,TT,saed05rvt_base_tt0p75v125c
priority_encoder_8to3,100,0.5,0.3,15,0,0.185472,10,980.3430,216.4245,nW/nW,0.75,125,TT,saed05rvt_base_tt0p75v125c
priority_encoder_8to3,100,0.5,0.7,15,0,0.185472,10,992.3390,197.3639,nW/nW,0.75,125,TT,saed05rvt_base_tt0p75v125c
priority_encoder_8to3,200,0.1,0.5,15,0,0.185472,10,312.5019,170.7395,nW/nW,0.75,125,TT,saed05rvt_base_tt0p75v125c
priority_encoder_8to3,200,0.5,0.5,15,0,0.185472,10,1.1936,177.9046,uW/nW,0.75,125,TT,saed05rvt_base_tt0p75v125c
priority_encoder_8to3,200,0.3,0.5,15,0,0.185472,10,744.3173,170.3880,nW/nW,0.75,125,TT,saed05rvt_base_tt0p75v125c
priority_encoder_8to3,200,0.8,0.5,15,0,0.185472,10,1.5145,177.9046,uW/nW,0.75,125,TT,saed05rvt_base_tt0p75v125c
priority_encoder_8to3,200,0.5,0.3,15,0,0.185472,10,1.4300,216.4245,uW/nW,0.75,125,TT,saed05rvt_base_tt0p75v125c
priority_encoder_8to3,200,0.5,0.7,15,0,0.185472,10,1.4507,197.3639,uW/nW,0.75,125,TT,saed05rvt_base_tt0p75v125c
priority_encoder_8to3,300,0.1,0.5,15,0,0.185472,10,327.9876,170.5441,nW/nW,0.75,125,TT,saed05rvt_base_tt0p75v125c
priority_encoder_8to3,300,0.5,0.5,15,0,0.185472,10,1.1994,170.5148,uW/nW,0.75,125,TT,saed05rvt_base_tt0p75v125c
priority_encoder_8to3,300,0.3,0.5,15,0,0.185472,10,830.0963,170.6781,nW/nW,0.75,125,TT,saed05rvt_base_tt0p75v125c
priority_encoder_8to3,300,0.8,0.5,15,0,0.185472,10,1.8440,177.9046,uW/nW,0.75,125,TT,saed05rvt_base_tt0p75v125c
priority_encoder_8to3,300,0.5,0.3,15,0,0.185472,10,1.3782,196.1608,uW/nW,0.75,125,TT,saed05rvt_base_tt0p75v125c
priority_encoder_8to3,300,0.5,0.7,15,0,0.185472,10,1.0208,150.5679,uW/nW,0.75,125,TT,saed05rvt_base_tt0p75v125c
priority_encoder_8to3,450,0.1,0.5,15,0,0.185472,10,344.0042,170.5178,nW/nW,0.75,125,TT,saed05rvt_base_tt0p75v125c
priority_encoder_8to3,450,0.5,0.5,15,0,0.185472,10,1.3469,170.5244,uW/nW,0.75,125,TT,saed05rvt_base_tt0p75v125c
priority_encoder_8to3,450,0.3,0.5,15,0,0.185472,10,897.8615,170.6361,nW/nW,0.75,125,TT,saed05rvt_base_tt0p75v125c
priority_encoder_8to3,450,0.8,0.5,15,0,0.185472,10,1.8817,170.7522,uW/nW,0.75,125,TT,saed05rvt_base_tt0p75v125c
priority_encoder_8to3,450,0.5,0.3,15,0,0.185472,10,1.8564,209.5595,uW/nW,0.75,125,TT,saed05rvt_base_tt0p75v125c
priority_encoder_8to3,450,0.5,0.7,15,0,0.185472,10,1.0679,145.3878,uW/nW,0.75,125,TT,saed05rvt_base_tt0p75v125c
priority_encoder_8to3,600,0.1,0.5,15,0,0.185472,10,343.8371,170.6242,nW/nW,0.75,125,TT,saed05rvt_base_tt0p75v125c
priority_encoder_8to3,600,0.5,0.5,15,0,0.185472,10,1.4337,170.6447,uW/nW,0.75,125,TT,saed05rvt_base_tt0p75v125c
priority_encoder_8to3,600,0.3,0.5,15,0,0.185472,10,937.5058,170.7395,nW/nW,0.75,125,TT,saed05rvt_base_tt0p75v125c
priority_encoder_8to3,600,0.8,0.5,15,0,0.185472,10,2.0500,170.5866,uW/nW,0.75,125,TT,saed05rvt_base_tt0p75v125c
priority_encoder_8to3,600,0.5,0.3,15,0,0.185472,10,2.0255,209.4908,uW/nW,0.75,125,TT,saed05rvt_base_tt0p75v125c
priority_encoder_8to3,600,0.5,0.7,15,0,0.185472,10,1.1194,145.3644,uW/nW,0.75,125,TT,saed05rvt_base_tt0p75v125c
priority_encoder_8to3,750,0.1,0.5,15,0,0.185472,10,348.5164,170.2420,nW/nW,0.75,125,TT,saed05rvt_base_tt0p75v125c
priority_encoder_8to3,750,0.5,0.5,15,0,0.185472,10,1.4964,170.6361,uW/nW,0.75,125,TT,saed05rvt_base_tt0p75v125c
priority_encoder_8to3,750,0.3,0.5,15,0,0.185472,10,964.9775,170.3986,nW/nW,0.75,125,TT,saed05rvt_base_tt0p75v125c
priority_encoder_8to3,750,0.8,0.5,15,0,0.185472,10,2.1726,170.6035,uW/nW,0.75,125,TT,saed05rvt_base_tt0p75v125c
priority_encoder_8to3,750,0.5,0.3,15,0,0.185472,10,2.1280,209.4490,uW/nW,0.75,125,TT,saed05rvt_base_tt0p75v125c
priority_encoder_8to3,750,0.5,0.7,15,0,0.185472,10,1.1545,145.4874,uW/nW,0.75,125,TT,saed05rvt_base_tt0p75v125c
priority_encoder_8to3,900,0.1,0.5,15,0,0.185472,10,351.4107,170.7397,nW/nW,0.75,125,TT,saed05rvt_base_tt0p75v125c
priority_encoder_8to3,900,0.5,0.5,15,0,0.185472,10,1.5494,170.5849,uW/nW,0.75,125,TT,saed05rvt_base_tt0p75v125c
priority_encoder_8to3,900,0.3,0.5,15,0,0.185472,10,983.9628,170.5441,nW/nW,0.75,125,TT,saed05rvt_base_tt0p75v125c
priority_encoder_8to3,900,0.8,0.5,15,0,0.185472,10,2.2685,170.4857,uW/nW,0.75,125,TT,saed05rvt_base_tt0p75v125c
priority_encoder_8to3,900,0.5,0.3,15,0,0.185472,10,2.2057,209.1910,uW/nW,0.75,125,TT,saed05rvt_base_tt0p75v125c
priority_encoder_8to3,900,0.5,0.7,15,0,0.185472,10,1.1820,145.3972,uW/nW,0.75,125,TT,saed05rvt_base_tt0p75v125c
priority_encoder_8to3,1000,0.1,0.5,15,0,0.185472,10,356.5661,170.2595,nW/nW,0.75,125,TT,saed05rvt_base_tt0p75v125c
priority_encoder_8to3,1000,0.5,0.5,15,0,0.185472,10,1.5625,170.7395,uW/nW,0.75,125,TT,saed05rvt_base_tt0p75v125c
priority_encoder_8to3,1000,0.3,0.5,15,0,0.185472,10,997.8549,170.9095,nW/nW,0.75,125,TT,saed05rvt_base_tt0p75v125c
priority_encoder_8to3,1000,0.8,0.5,15,0,0.185472,10,2.3160,170.8407,uW/nW,0.75,125,TT,saed05rvt_base_tt0p75v125c
priority_encoder_8to3,1000,0.5,0.3,15,0,0.185472,10,2.2501,209.2571,uW/nW,0.75,125,TT,saed05rvt_base_tt0p75v125c
priority_encoder_8to3,1000,0.5,0.7,15,0,0.185472,10,1.1993,145.4699,uW/nW,0.75,125,TT,saed05rvt_base_tt0p75v125c
priority_encoder_8to3,10,0.1,0.5,15,0,0.185472,10,137.6677,2.0402,nW/nW,0.75,25,TT,saed05rvt_base_tt0p75v25c
priority_encoder_8to3,10,0.5,0.5,15,0,0.185472,10,558.2545,2.0402,nW/nW,0.75,25,TT,saed05rvt_base_tt0p75v25c
priority_encoder_8to3,10,0.3,0.5,15,0,0.185472,10,348.0216,2.0402,nW/nW,0.75,25,TT,saed05rvt_base_tt0p75v25c
priority_encoder_8to3,10,0.8,0.5,15,0,0.185472,10,873.5709,2.0402,nW/nW,0.75,25,TT,saed05rvt_base_tt0p75v25c
priority_encoder_8to3,10,0.5,0.3,15,0,0.185472,10,563.1912,2.5889,nW/nW,0.75,25,TT,saed05rvt_base_tt0p75v25c
priority_encoder_8to3,10,0.5,0.7,15,0,0.185472,10,568.8709,2.1691,nW/nW,0.75,25,TT,saed05rvt_base_tt0p75v25c
priority_encoder_8to3,50,0.1,0.5,15,0,0.185472,10,265.4298,2.0402,nW/nW,0.75,25,TT,saed05rvt_base_tt0p75v25c
priority_encoder_8to3,50,0.5,0.5,15,0,0.185472,10,688.3384,2.0402,nW/nW,0.75,25,TT,saed05rvt_base_tt0p75v25c
priority_encoder_8to3,50,0.3,0.5,15,0,0.185472,10,477.5130,2.0402,nW/nW,0.75,25,TT,saed05rvt_base_tt0p75v25c
priority_encoder_8to3,50,0.8,0.5,15,0,0.185472,10,1.0041,2.0402,uW/nW,0.75,25,TT,saed05rvt_base_tt0p75v25c
priority_encoder_8to3,50,0.5,0.3,15,0,0.185472,10,739.2488,2.5889,nW/nW,0.75,25,TT,saed05rvt_base_tt0p75v25c
priority_encoder_8to3,50,0.5,0.7,15,0,0.185472,10,747.2769,2.1691,nW/nW,0.75,25,TT,saed05rvt_base_tt0p75v25c
priority_encoder_8to3,100,0.1,0.5,15,0,0.185472,10,268.7494,1.9539,nW/nW,0.75,25,TT,saed05rvt_base_tt0p75v25c
priority_encoder_8to3,100,0.5,0.5,15,0,0.185472,10,849.3885,2.0402,nW/nW,0.75,25,TT,saed05rvt_base_tt0p75v25c
priority_encoder_8to3,100,0.3,0.5,15,0,0.185472,10,637.4672,2.0402,nW/nW,0.75,25,TT,saed05rvt_base_tt0p75v25c
priority_encoder_8to3,100,0.8,0.5,15,0,0.185472,10,1.1660,2.0402,uW/nW,0.75,25,TT,saed05rvt_base_tt0p75v25c
priority_encoder_8to3,100,0.5,0.3,15,0,0.185472,10,956.1620,2.5889,nW/nW,0.75,25,TT,saed05rvt_base_tt0p75v25c
priority_encoder_8to3,100,0.5,0.7,15,0,0.185472,10,968.3433,2.1691,nW/nW,0.75,25,TT,saed05rvt_base_tt0p75v25c
priority_encoder_8to3,200,0.1,0.5,15,0,0.185472,10,302.8643,1.9544,nW/nW,0.75,25,TT,saed05rvt_base_tt0p75v25c
priority_encoder_8to3,200,0.5,0.5,15,0,0.185472,10,1.1685,2.0402,uW/nW,0.75,25,TT,saed05rvt_base_tt0p75v25c
priority_encoder_8to3,200,0.3,0.5,15,0,0.185472,10,724.1713,1.9511,nW/nW,0.75,25,TT,saed05rvt_base_tt0p75v25c
priority_encoder_8to3,200,0.8,0.5,15,0,0.185472,10,1.4871,2.0402,uW/nW,0.75,25,TT,saed05rvt_base_tt0p75v25c
priority_encoder_8to3,200,0.5,0.3,15,0,0.185472,10,1.3844,2.5889,uW/nW,0.75,25,TT,saed05rvt_base_tt0p75v25c
priority_encoder_8to3,200,0.5,0.7,15,0,0.185472,10,1.4059,2.1691,uW/nW,0.75,25,TT,saed05rvt_base_tt0p75v25c
priority_encoder_8to3,300,0.1,0.5,15,0,0.185472,10,317.5621,1.9526,nW/nW,0.75,25,TT,saed05rvt_base_tt0p75v25c
priority_encoder_8to3,300,0.5,0.5,15,0,0.185472,10,1.1675,1.9521,uW/nW,0.75,25,TT,saed05rvt_base_tt0p75v25c
priority_encoder_8to3,300,0.3,0.5,15,0,0.185472,10,806.2482,1.9539,nW/nW,0.75,25,TT,saed05rvt_base_tt0p75v25c
priority_encoder_8to3,300,0.8,0.5,15,0,0.185472,10,1.8060,2.0402,uW/nW,0.75,25,TT,saed05rvt_base_tt0p75v25c
priority_encoder_8to3,300,0.5,0.3,15,0,0.185472,10,1.3413,2.3452,uW/nW,0.75,25,TT,saed05rvt_base_tt0p75v25c
priority_encoder_8to3,300,0.5,0.7,15,0,0.185472,10,994.4141,1.6601,nW/nW,0.75,25,TT,saed05rvt_base_tt0p75v25c
priority_encoder_8to3,450,0.1,0.5,15,0,0.185472,10,332.8670,1.9525,nW/nW,0.75,25,TT,saed05rvt_base_tt0p75v25c
priority_encoder_8to3,450,0.5,0.5,15,0,0.185472,10,1.3087,1.9525,uW/nW,0.75,25,TT,saed05rvt_base_tt0p75v25c
priority_encoder_8to3,450,0.3,0.5,15,0,0.185472,10,870.8711,1.9533,nW/nW,0.75,25,TT,saed05rvt_base_tt0p75v25c
priority_encoder_8to3,450,0.8,0.5,15,0,0.185472,10,1.8321,1.9547,uW/nW,0.75,25,TT,saed05rvt_base_tt0p75v25c
priority_encoder_8to3,450,0.5,0.3,15,0,0.185472,10,1.7997,2.4887,uW/nW,0.75,25,TT,saed05rvt_base_tt0p75v25c
priority_encoder_8to3,450,0.5,0.7,15,0,0.185472,10,1.0383,1.6097,uW/nW,0.75,25,TT,saed05rvt_base_tt0p75v25c
priority_encoder_8to3,600,0.1,0.5,15,0,0.185472,10,332.6115,1.9530,nW/nW,0.75,25,TT,saed05rvt_base_tt0p75v25c
priority_encoder_8to3,600,0.5,0.5,15,0,0.185472,10,1.3917,1.9533,uW/nW,0.75,25,TT,saed05rvt_base_tt0p75v25c
priority_encoder_8to3,600,0.3,0.5,15,0,0.185472,10,908.5931,1.9544,nW/nW,0.75,25,TT,saed05rvt_base_tt0p75v25c
priority_encoder_8to3,600,0.8,0.5,15,0,0.185472,10,1.9935,1.9529,uW/nW,0.75,25,TT,saed05rvt_base_tt0p75v25c
priority_encoder_8to3,600,0.5,0.3,15,0,0.185472,10,1.9606,2.4879,uW/nW,0.75,25,TT,saed05rvt_base_tt0p75v25c
priority_encoder_8to3,600,0.5,0.7,15,0,0.185472,10,1.0872,1.6093,uW/nW,0.75,25,TT,saed05rvt_base_tt0p75v25c
priority_encoder_8to3,750,0.1,0.5,15,0,0.185472,10,337.0371,1.9490,nW/nW,0.75,25,TT,saed05rvt_base_tt0p75v25c
priority_encoder_8to3,750,0.5,0.5,15,0,0.185472,10,1.4515,1.9533,uW/nW,0.75,25,TT,saed05rvt_base_tt0p75v25c
priority_encoder_8to3,750,0.3,0.5,15,0,0.185472,10,934.7139,1.9514,nW/nW,0.75,25,TT,saed05rvt_base_tt0p75v25c
priority_encoder_8to3,750,0.8,0.5,15,0,0.185472,10,2.1109,1.9534,uW/nW,0.75,25,TT,saed05rvt_base_tt0p75v25c
priority_encoder_8to3,750,0.5,0.3,15,0,0.185472,10,2.0578,2.4875,uW/nW,0.75,25,TT,saed05rvt_base_tt0p75v25c
priority_encoder_8to3,750,0.5,0.7,15,0,0.185472,10,1.1206,1.6105,uW/nW,0.75,25,TT,saed05rvt_base_tt0p75v25c
priority_encoder_8to3,900,0.1,0.5,15,0,0.185472,10,339.7776,1.9551,nW/nW,0.75,25,TT,saed05rvt_base_tt0p75v25c
priority_encoder_8to3,900,0.5,0.5,15,0,0.185472,10,1.5019,1.9530,uW/nW,0.75,25,TT,saed05rvt_base_tt0p75v25c
priority_encoder_8to3,900,0.3,0.5,15,0,0.185472,10,952.6863,1.9526,nW/nW,0.75,25,TT,saed05rvt_base_tt0p75v25c
priority_encoder_8to3,900,0.8,0.5,15,0,0.185472,10,2.2023,1.9521,uW/nW,0.75,25,TT,saed05rvt_base_tt0p75v25c
priority_encoder_8to3,900,0.5,0.3,15,0,0.185472,10,2.1313,2.4844,uW/nW,0.75,25,TT,saed05rvt_base_tt0p75v25c
priority_encoder_8to3,900,0.5,0.7,15,0,0.185472,10,1.1468,1.6095,uW/nW,0.75,25,TT,saed05rvt_base_tt0p75v25c
priority_encoder_8to3,1000,0.1,0.5,15,0,0.185472,10,344.6756,1.9498,nW/nW,0.75,25,TT,saed05rvt_base_tt0p75v25c
priority_encoder_8to3,1000,0.5,0.5,15,0,0.185472,10,1.5143,1.9544,uW/nW,0.75,25,TT,saed05rvt_base_tt0p75v25c
priority_encoder_8to3,1000,0.3,0.5,15,0,0.185472,10,965.9920,1.9560,nW/nW,0.75,25,TT,saed05rvt_base_tt0p75v25c
priority_encoder_8to3,1000,0.8,0.5,15,0,0.185472,10,2.2478,1.9554,uW/nW,0.75,25,TT,saed05rvt_base_tt0p75v25c
priority_encoder_8to3,1000,0.5,0.3,15,0,0.185472,10,2.1735,2.4853,uW/nW,0.75,25,TT,saed05rvt_base_tt0p75v25c
priority_encoder_8to3,1000,0.5,0.7,15,0,0.185472,10,1.1633,1.6102,uW/nW,0.75,25,TT,saed05rvt_base_tt0p75v25c
priority_encoder_8to3,10,0.1,0.5,15,0,0.185472,10,108.4252,114.6915,nW/nW,0.66,125,FF,saed05rvt_base_ff0p660v125c
priority_encoder_8to3,10,0.5,0.5,15,0,0.185472,10,439.6574,114.6915,nW/nW,0.66,125,FF,saed05rvt_base_ff0p660v125c
priority_encoder_8to3,10,0.3,0.5,15,0,0.185472,10,274.0853,114.6915,nW/nW,0.66,125,FF,saed05rvt_base_ff0p660v125c
priority_encoder_8to3,10,0.8,0.5,15,0,0.185472,10,687.9915,114.6915,nW/nW,0.66,125,FF,saed05rvt_base_ff0p660v125c
priority_encoder_8to3,10,0.5,0.3,15,0,0.185472,10,442.5938,139.0571,nW/nW,0.66,125,FF,saed05rvt_base_ff0p660v125c
priority_encoder_8to3,10,0.5,0.7,15,0,0.185472,10,448.7209,127.1211,nW/nW,0.66,125,FF,saed05rvt_base_ff0p660v125c
priority_encoder_8to3,50,0.1,0.5,15,0,0.185472,10,209.2056,114.6915,nW/nW,0.66,125,FF,saed05rvt_base_ff0p660v125c
priority_encoder_8to3,50,0.5,0.5,15,0,0.185472,10,542.1262,114.6915,nW/nW,0.66,125,FF,saed05rvt_base_ff0p660v125c
priority_encoder_8to3,50,0.3,0.5,15,0,0.185472,10,376.1232,114.6915,nW/nW,0.66,125,FF,saed05rvt_base_ff0p660v125c
priority_encoder_8to3,50,0.8,0.5,15,0,0.185472,10,790.7497,114.6915,nW/nW,0.66,125,FF,saed05rvt_base_ff0p660v125c
priority_encoder_8to3,50,0.5,0.3,15,0,0.185472,10,581.7676,139.0571,nW/nW,0.66,125,FF,saed05rvt_base_ff0p660v125c
priority_encoder_8to3,50,0.5,0.7,15,0,0.185472,10,589.9813,127.1211,nW/nW,0.66,125,FF,saed05rvt_base_ff0p660v125c
priority_encoder_8to3,100,0.1,0.5,15,0,0.185472,10,212.5340,110.1026,nW/nW,0.66,125,FF,saed05rvt_base_ff0p660v125c
priority_encoder_8to3,100,0.5,0.5,15,0,0.185472,10,669.0815,114.6915,nW/nW,0.66,125,FF,saed05rvt_base_ff0p660v125c
priority_encoder_8to3,100,0.3,0.5,15,0,0.185472,10,502.2816,114.6915,nW/nW,0.66,125,FF,saed05rvt_base_ff0p660v125c
priority_encoder_8to3,100,0.8,0.5,15,0,0.185472,10,918.3409,114.6915,nW/nW,0.66,125,FF,saed05rvt_base_ff0p660v125c
priority_encoder_8to3,100,0.5,0.3,15,0,0.185472,10,753.4329,139.0571,nW/nW,0.66,125,FF,saed05rvt_base_ff0p660v125c
priority_encoder_8to3,100,0.5,0.7,15,0,0.185472,10,765.1451,127.1211,nW/nW,0.66,125,FF,saed05rvt_base_ff0p660v125c
priority_encoder_8to3,200,0.1,0.5,15,0,0.185472,10,239.5655,110.1415,nW/nW,0.66,125,FF,saed05rvt_base_ff0p660v125c
priority_encoder_8to3,200,0.5,0.5,15,0,0.185472,10,920.8146,114.6915,nW/nW,0.66,125,FF,saed05rvt_base_ff0p660v125c
priority_encoder_8to3,200,0.3,0.5,15,0,0.185472,10,572.6612,109.9178,nW/nW,0.66,125,FF,saed05rvt_base_ff0p660v125c
priority_encoder_8to3,200,0.8,0.5,15,0,0.185472,10,1.1716,114.6915,uW/nW,0.66,125,FF,saed05rvt_base_ff0p660v125c
priority_encoder_8to3,200,0.5,0.3,15,0,0.185472,10,1.0927,139.0571,uW/nW,0.66,125,FF,saed05rvt_base_ff0p660v125c
priority_encoder_8to3,200,0.5,0.7,15,0,0.185472,10,1.1121,127.1211,uW/nW,0.66,125,FF,saed05rvt_base_ff0p660v125c
priority_encoder_8to3,300,0.1,0.5,15,0,0.185472,10,251.2309,110.0170,nW/nW,0.66,125,FF,saed05rvt_base_ff0p660v125c
priority_encoder_8to3,300,0.5,0.5,15,0,0.185472,10,923.2750,109.9986,nW/nW,0.66,125,FF,saed05rvt_base_ff0p660v125c
priority_encoder_8to3,300,0.3,0.5,15,0,0.185472,10,637.6020,110.1026,nW/nW,0.66,125,FF,saed05rvt_base_ff0p660v125c
priority_encoder_8to3,300,0.8,0.5,15,0,0.185472,10,1.4231,114.6915,uW/nW,0.66,125,FF,saed05rvt_base_ff0p660v125c
priority_encoder_8to3,300,0.5,0.3,15,0,0.185472,10,1.0572,126.2045,uW/nW,0.66,125,FF,saed05rvt_base_ff0p660v125c
priority_encoder_8to3,300,0.5,0.7,15,0,0.185472,10,788.9302,97.3844,nW/nW,0.66,125,FF,saed05rvt_base_ff0p660v125c
priority_encoder_8to3,450,0.1,0.5,15,0,0.185472,10,263.3266,110.0006,nW/nW,0.66,125,FF,saed05rvt_base_ff0p660v125c
priority_encoder_8to3,450,0.5,0.5,15,0,0.185472,10,1.0350,110.0046,uW/nW,0.66,125,FF,saed05rvt_base_ff0p660v125c
priority_encoder_8to3,450,0.3,0.5,15,0,0.185472,10,688.8087,110.0761,nW/nW,0.66,125,FF,saed05rvt_base_ff0p660v125c
priority_encoder_8to3,450,0.8,0.5,15,0,0.185472,10,1.4488,110.1494,uW/nW,0.66,125,FF,saed05rvt_base_ff0p660v125c
priority_encoder_8to3,450,0.5,0.3,15,0,0.185472,10,1.4183,134.7318,uW/nW,0.66,125,FF,saed05rvt_base_ff0p660v125c
priority_encoder_8to3,450,0.5,0.7,15,0,0.185472,10,824.4810,94.0823,nW/nW,0.66,125,FF,saed05rvt_base_ff0p660v125c
priority_encoder_8to3,600,0.1,0.5,15,0,0.185472,10,263.1667,110.0685,nW/nW,0.66,125,FF,saed05rvt_base_ff0p660v125c
priority_encoder_8to3,600,0.5,0.5,15,0,0.185472,10,1.1007,110.0816,uW/nW,0.66,125,FF,saed05rvt_base_ff0p660v125c
priority_encoder_8to3,600,0.3,0.5,15,0,0.185472,10,718.6967,110.1415,nW/nW,0.66,125,FF,saed05rvt_base_ff0p660v125c
priority_encoder_8to3,600,0.8,0.5,15,0,0.185472,10,1.5765,110.0443,uW/nW,0.66,125,FF,saed05rvt_base_ff0p660v125c
priority_encoder_8to3,600,0.5,0.3,15,0,0.185472,10,1.5457,134.6885,uW/nW,0.66,125,FF,saed05rvt_base_ff0p660v125c
priority_encoder_8to3,600,0.5,0.7,15,0,0.185472,10,863.4129,94.0676,nW/nW,0.66,125,FF,saed05rvt_base_ff0p660v125c
priority_encoder_8to3,750,0.1,0.5,15,0,0.185472,10,266.6817,109.8254,nW/nW,0.66,125,FF,saed05rvt_base_ff0p660v125c
priority_encoder_8to3,750,0.5,0.5,15,0,0.185472,10,1.1480,110.0761,uW/nW,0.66,125,FF,saed05rvt_base_ff0p660v125c
priority_encoder_8to3,750,0.3,0.5,15,0,0.185472,10,739.4237,109.9232,nW/nW,0.66,125,FF,saed05rvt_base_ff0p660v125c
priority_encoder_8to3,750,0.8,0.5,15,0,0.185472,10,1.6693,110.0546,uW/nW,0.66,125,FF,saed05rvt_base_ff0p660v125c
priority_encoder_8to3,750,0.5,0.3,15,0,0.185472,10,1.6228,134.6610,uW/nW,0.66,125,FF,saed05rvt_base_ff0p660v125c
priority_encoder_8to3,750,0.5,0.7,15,0,0.185472,10,889.9787,94.1460,nW/nW,0.66,125,FF,saed05rvt_base_ff0p660v125c
priority_encoder_8to3,900,0.1,0.5,15,0,0.185472,10,268.8529,110.1391,nW/nW,0.66,125,FF,saed05rvt_base_ff0p660v125c
priority_encoder_8to3,900,0.5,0.5,15,0,0.185472,10,1.1880,110.0436,uW/nW,0.66,125,FF,saed05rvt_base_ff0p660v125c
priority_encoder_8to3,900,0.3,0.5,15,0,0.185472,10,753.6926,110.0170,nW/nW,0.66,125,FF,saed05rvt_base_ff0p660v125c
priority_encoder_8to3,900,0.8,0.5,15,0,0.185472,10,1.7417,109.9798,uW/nW,0.66,125,FF,saed05rvt_base_ff0p660v125c
priority_encoder_8to3,900,0.5,0.3,15,0,0.185472,10,1.6811,134.4977,uW/nW,0.66,125,FF,saed05rvt_base_ff0p660v125c
priority_encoder_8to3,900,0.5,0.7,15,0,0.185472,10,910.7697,94.0889,nW/nW,0.66,125,FF,saed05rvt_base_ff0p660v125c
priority_encoder_8to3,1000,0.1,0.5,15,0,0.185472,10,272.7301,109.8358,nW/nW,0.66,125,FF,saed05rvt_base_ff0p660v125c
priority_encoder_8to3,1000,0.5,0.5,15,0,0.185472,10,1.1978,110.1415,uW/nW,0.66,125,FF,saed05rvt_base_ff0p660v125c
priority_encoder_8to3,1000,0.3,0.5,15,0,0.185472,10,764.2079,110.2503,nW/nW,0.66,125,FF,saed05rvt_base_ff0p660v125c
priority_encoder_8to3,1000,0.8,0.5,15,0,0.185472,10,1.7777,110.2062,uW/nW,0.66,125,FF,saed05rvt_base_ff0p660v125c
priority_encoder_8to3,1000,0.5,0.3,15,0,0.185472,10,1.7145,134.5396,uW/nW,0.66,125,FF,saed05rvt_base_ff0p660v125c
priority_encoder_8to3,1000,0.5,0.7,15,0,0.185472,10,923.8756,94.1349,nW/nW,0.66,125,FF,saed05rvt_base_ff0p660v125c
priority_encoder_8to3,10,0.1,0.5,15,0,0.185472,10,106.4612,1.1323,nW/nW,0.66,25,FF,saed05rvt_base_ff0p660v25c
priority_encoder_8to3,10,0.5,0.5,15,0,0.185472,10,433.1718,1.1323,nW/nW,0.66,25,FF,saed05rvt_base_ff0p660v25c
priority_encoder_8to3,10,0.3,0.5,15,0,0.185472,10,269.8639,1.1323,nW/nW,0.66,25,FF,saed05rvt_base_ff0p660v25c
priority_encoder_8to3,10,0.8,0.5,15,0,0.185472,10,678.1076,1.1323,nW/nW,0.66,25,FF,saed05rvt_base_ff0p660v25c
priority_encoder_8to3,10,0.5,0.3,15,0,0.185472,10,435.9337,1.4351,nW/nW,0.66,25,FF,saed05rvt_base_ff0p660v25c
priority_encoder_8to3,10,0.5,0.7,15,0,0.185472,10,442.0454,1.2013,nW/nW,0.66,25,FF,saed05rvt_base_ff0p660v25c
priority_encoder_8to3,50,0.1,0.5,15,0,0.185472,10,203.7758,1.1323,nW/nW,0.66,25,FF,saed05rvt_base_ff0p660v25c
priority_encoder_8to3,50,0.5,0.5,15,0,0.185472,10,532.3059,1.1323,nW/nW,0.66,25,FF,saed05rvt_base_ff0p660v25c
priority_encoder_8to3,50,0.3,0.5,15,0,0.185472,10,368.5337,1.1323,nW/nW,0.66,25,FF,saed05rvt_base_ff0p660v25c
priority_encoder_8to3,50,0.8,0.5,15,0,0.185472,10,777.5536,1.1323,nW/nW,0.66,25,FF,saed05rvt_base_ff0p660v25c
priority_encoder_8to3,50,0.5,0.3,15,0,0.185472,10,570.0957,1.4351,nW/nW,0.66,25,FF,saed05rvt_base_ff0p660v25c
priority_encoder_8to3,50,0.5,0.7,15,0,0.185472,10,577.7353,1.2013,nW/nW,0.66,25,FF,saed05rvt_base_ff0p660v25c
priority_encoder_8to3,100,0.1,0.5,15,0,0.185472,10,206.4495,1.0849,nW/nW,0.66,25,FF,saed05rvt_base_ff0p660v25c
priority_encoder_8to3,100,0.5,0.5,15,0,0.185472,10,655.0052,1.1323,nW/nW,0.66,25,FF,saed05rvt_base_ff0p660v25c
priority_encoder_8to3,100,0.3,0.5,15,0,0.185472,10,490.3740,1.1323,nW/nW,0.66,25,FF,saed05rvt_base_ff0p660v25c
priority_encoder_8to3,100,0.8,0.5,15,0,0.185472,10,900.9382,1.1323,nW/nW,0.66,25,FF,saed05rvt_base_ff0p660v25c
priority_encoder_8to3,100,0.5,0.3,15,0,0.185472,10,735.3493,1.4351,nW/nW,0.66,25,FF,saed05rvt_base_ff0p660v25c
priority_encoder_8to3,100,0.5,0.7,15,0,0.185472,10,745.8411,1.2013,nW/nW,0.66,25,FF,saed05rvt_base_ff0p660v25c
priority_encoder_8to3,200,0.1,0.5,15,0,0.185472,10,232.4536,1.0852,nW/nW,0.66,25,FF,saed05rvt_base_ff0p660v25c
priority_encoder_8to3,200,0.5,0.5,15,0,0.185472,10,898.0569,1.1323,nW/nW,0.66,25,FF,saed05rvt_base_ff0p660v25c
priority_encoder_8to3,200,0.3,0.5,15,0,0.185472,10,556.7874,1.0834,nW/nW,0.66,25,FF,saed05rvt_base_ff0p660v25c
priority_encoder_8to3,200,0.8,0.5,15,0,0.185472,10,1.1456,1.1323,uW/nW,0.66,25,FF,saed05rvt_base_ff0p660v25c
priority_encoder_8to3,200,0.5,0.3,15,0,0.185472,10,1.0615,1.4351,uW/nW,0.66,25,FF,saed05rvt_base_ff0p660v25c
priority_encoder_8to3,200,0.5,0.7,15,0,0.185472,10,1.0785,1.2013,uW/nW,0.66,25,FF,saed05rvt_base_ff0p660v25c
priority_encoder_8to3,300,0.1,0.5,15,0,0.185472,10,243.6528,1.0842,nW/nW,0.66,25,FF,saed05rvt_base_ff0p660v25c
priority_encoder_8to3,300,0.5,0.5,15,0,0.185472,10,897.9412,1.0839,nW/nW,0.66,25,FF,saed05rvt_base_ff0p660v25c
priority_encoder_8to3,300,0.3,0.5,15,0,0.185472,10,619.3484,1.0849,nW/nW,0.66,25,FF,saed05rvt_base_ff0p660v25c
priority_encoder_8to3,300,0.8,0.5,15,0,0.185472,10,1.3885,1.1323,uW/nW,0.66,25,FF,saed05rvt_base_ff0p660v25c
priority_encoder_8to3,300,0.5,0.3,15,0,0.185472,10,1.0297,1.3012,uW/nW,0.66,25,FF,saed05rvt_base_ff0p660v25c
priority_encoder_8to3,300,0.5,0.7,15,0,0.185472,10,766.8879,922.8625,nW/pW,0.66,25,FF,saed05rvt_base_ff0p660v25c
priority_encoder_8to3,450,0.1,0.5,15,0,0.185472,10,255.3142,1.0842,nW/nW,0.66,25,FF,saed05rvt_base_ff0p660v25c
priority_encoder_8to3,450,0.5,0.5,15,0,0.185472,10,1.0056,1.0841,uW/nW,0.66,25,FF,saed05rvt_base_ff0p660v25c
priority_encoder_8to3,450,0.3,0.5,15,0,0.185472,10,668.6207,1.0846,nW/nW,0.66,25,FF,saed05rvt_base_ff0p660v25c
priority_encoder_8to3,450,0.8,0.5,15,0,0.185472,10,1.4093,1.0853,uW/nW,0.66,25,FF,saed05rvt_base_ff0p660v25c
priority_encoder_8to3,450,0.5,0.3,15,0,0.185472,10,1.3788,1.3798,uW/nW,0.66,25,FF,saed05rvt_base_ff0p660v25c
priority_encoder_8to3,450,0.5,0.7,15,0,0.185472,10,800.3431,895.3427,nW/pW,0.66,25,FF,saed05rvt_base_ff0p660v25c
priority_encoder_8to3,600,0.1,0.5,15,0,0.185472,10,255.1274,1.0844,nW/nW,0.66,25,FF,saed05rvt_base_ff0p660v25c
priority_encoder_8to3,600,0.5,0.5,15,0,0.185472,10,1.0688,1.0846,uW/nW,0.66,25,FF,saed05rvt_base_ff0p660v25c
priority_encoder_8to3,600,0.3,0.5,15,0,0.185472,10,697.3608,1.0852,nW/nW,0.66,25,FF,saed05rvt_base_ff0p660v25c
priority_encoder_8to3,600,0.8,0.5,15,0,0.185472,10,1.5323,1.0844,uW/nW,0.66,25,FF,saed05rvt_base_ff0p660v25c
priority_encoder_8to3,600,0.5,0.3,15,0,0.185472,10,1.5016,1.3794,uW/nW,0.66,25,FF,saed05rvt_base_ff0p660v25c
priority_encoder_8to3,600,0.5,0.7,15,0,0.185472,10,837.5729,895.1582,nW/pW,0.66,25,FF,saed05rvt_base_ff0p660v25c
priority_encoder_8to3,750,0.1,0.5,15,0,0.185472,10,258.5003,1.0822,nW/nW,0.66,25,FF,saed05rvt_base_ff0p660v25c
priority_encoder_8to3,750,0.5,0.5,15,0,0.185472,10,1.1144,1.0846,uW/nW,0.66,25,FF,saed05rvt_base_ff0p660v25c
priority_encoder_8to3,750,0.3,0.5,15,0,0.185472,10,717.2583,1.0835,nW/nW,0.66,25,FF,saed05rvt_base_ff0p660v25c
priority_encoder_8to3,750,0.8,0.5,15,0,0.185472,10,1.6218,1.0846,uW/nW,0.66,25,FF,saed05rvt_base_ff0p660v25c
priority_encoder_8to3,750,0.5,0.3,15,0,0.185472,10,1.5757,1.3791,uW/nW,0.66,25,FF,saed05rvt_base_ff0p660v25c
priority_encoder_8to3,750,0.5,0.7,15,0,0.185472,10,862.9802,895.7857,nW/pW,0.66,25,FF,saed05rvt_base_ff0p660v25c
priority_encoder_8to3,900,0.1,0.5,15,0,0.185472,10,260.5750,1.0855,nW/nW,0.66,25,FF,saed05rvt_base_ff0p660v25c
priority_encoder_8to3,900,0.5,0.5,15,0,0.185472,10,1.1528,1.0844,uW/nW,0.66,25,FF,saed05rvt_base_ff0p660v25c
priority_encoder_8to3,900,0.3,0.5,15,0,0.185472,10,730.9583,1.0842,nW/nW,0.66,25,FF,saed05rvt_base_ff0p660v25c
priority_encoder_8to3,900,0.8,0.5,15,0,0.185472,10,1.6915,1.0839,uW/nW,0.66,25,FF,saed05rvt_base_ff0p660v25c
priority_encoder_8to3,900,0.5,0.3,15,0,0.185472,10,1.6318,1.3775,uW/nW,0.66,25,FF,saed05rvt_base_ff0p660v25c
priority_encoder_8to3,900,0.5,0.7,15,0,0.185472,10,882.9439,895.2586,nW/pW,0.66,25,FF,saed05rvt_base_ff0p660v25c
priority_encoder_8to3,1000,0.1,0.5,15,0,0.185472,10,264.3090,1.0827,nW/nW,0.66,25,FF,saed05rvt_base_ff0p660v25c
priority_encoder_8to3,1000,0.5,0.5,15,0,0.185472,10,1.1623,1.0852,uW/nW,0.66,25,FF,saed05rvt_base_ff0p660v25c
priority_encoder_8to3,1000,0.3,0.5,15,0,0.185472,10,741.1193,1.0860,nW/nW,0.66,25,FF,saed05rvt_base_ff0p660v25c
priority_encoder_8to3,1000,0.8,0.5,15,0,0.185472,10,1.7261,1.0857,uW/nW,0.66,25,FF,saed05rvt_base_ff0p660v25c
priority_encoder_8to3,1000,0.5,0.3,15,0,0.185472,10,1.6639,1.3779,uW/nW,0.66,25,FF,saed05rvt_base_ff0p660v25c
priority_encoder_8to3,1000,0.5,0.7,15,0,0.185472,10,895.4967,895.6506,nW/pW,0.66,25,FF,saed05rvt_base_ff0p660v25c
priority_encoder_8to3,10,0.1,0.5,15,0,0.185472,10,168.4964,298.7282,nW/nW,0.825,125,FF,saed05rvt_base_ff0p825v125c
priority_encoder_8to3,10,0.5,0.5,15,0,0.185472,10,679.4008,298.7282,nW/nW,0.825,125,FF,saed05rvt_base_ff0p825v125c
priority_encoder_8to3,10,0.3,0.5,15,0,0.185472,10,423.9967,298.7282,nW/nW,0.825,125,FF,saed05rvt_base_ff0p825v125c
priority_encoder_8to3,10,0.8,0.5,15,0,0.185472,10,1.0625,298.7282,uW/nW,0.825,125,FF,saed05rvt_base_ff0p825v125c
priority_encoder_8to3,10,0.5,0.3,15,0,0.185472,10,686.7804,364.1643,nW/nW,0.825,125,FF,saed05rvt_base_ff0p825v125c
priority_encoder_8to3,10,0.5,0.7,15,0,0.185472,10,694.1866,331.6294,nW/nW,0.825,125,FF,saed05rvt_base_ff0p825v125c
priority_encoder_8to3,50,0.1,0.5,15,0,0.185472,10,329.7290,298.7282,nW/nW,0.825,125,FF,saed05rvt_base_ff0p825v125c
priority_encoder_8to3,50,0.5,0.5,15,0,0.185472,10,842.4819,298.7282,nW/nW,0.825,125,FF,saed05rvt_base_ff0p825v125c
priority_encoder_8to3,50,0.3,0.5,15,0,0.185472,10,586.6061,298.7282,nW/nW,0.825,125,FF,saed05rvt_base_ff0p825v125c
priority_encoder_8to3,50,0.8,0.5,15,0,0.185472,10,1.2259,298.7282,uW/nW,0.825,125,FF,saed05rvt_base_ff0p825v125c
priority_encoder_8to3,50,0.5,0.3,15,0,0.185472,10,912.9750,364.1643,nW/nW,0.825,125,FF,saed05rvt_base_ff0p825v125c
priority_encoder_8to3,50,0.5,0.7,15,0,0.185472,10,923.1431,331.6294,nW/nW,0.825,125,FF,saed05rvt_base_ff0p825v125c
priority_encoder_8to3,100,0.1,0.5,15,0,0.185472,10,337.7790,286.4804,nW/nW,0.825,125,FF,saed05rvt_base_ff0p825v125c
priority_encoder_8to3,100,0.5,0.5,15,0,0.185472,10,1.0451,298.7282,uW/nW,0.825,125,FF,saed05rvt_base_ff0p825v125c
priority_encoder_8to3,100,0.3,0.5,15,0,0.185472,10,788.3471,298.7282,nW/nW,0.825,125,FF,saed05rvt_base_ff0p825v125c
priority_encoder_8to3,100,0.8,0.5,15,0,0.185472,10,1.4292,298.7282,uW/nW,0.825,125,FF,saed05rvt_base_ff0p825v125c
priority_encoder_8to3,100,0.5,0.3,15,0,0.185472,10,1.1934,364.1643,uW/nW,0.825,125,FF,saed05rvt_base_ff0p825v125c
priority_encoder_8to3,100,0.5,0.7,15,0,0.185472,10,1.2079,331.6294,uW/nW,0.825,125,FF,saed05rvt_base_ff0p825v125c
priority_encoder_8to3,200,0.1,0.5,15,0,0.185472,10,382.1816,286.5849,nW/nW,0.825,125,FF,saed05rvt_base_ff0p825v125c
priority_encoder_8to3,200,0.5,0.5,15,0,0.185472,10,1.4479,298.7282,uW/nW,0.825,125,FF,saed05rvt_base_ff0p825v125c
priority_encoder_8to3,200,0.3,0.5,15,0,0.185472,10,907.3275,285.9893,nW/nW,0.825,125,FF,saed05rvt_base_ff0p825v125c
priority_encoder_8to3,200,0.8,0.5,15,0,0.185472,10,1.8337,298.7282,uW/nW,0.825,125,FF,saed05rvt_base_ff0p825v125c
priority_encoder_8to3,200,0.5,0.3,15,0,0.185472,10,1.7498,364.1643,uW/nW,0.825,125,FF,saed05rvt_base_ff0p825v125c
priority_encoder_8to3,200,0.5,0.7,15,0,0.185472,10,1.7740,331.6294,uW/nW,0.825,125,FF,saed05rvt_base_ff0p825v125c
priority_encoder_8to3,300,0.1,0.5,15,0,0.185472,10,401.4322,286.2543,nW/nW,0.825,125,FF,saed05rvt_base_ff0p825v125c
priority_encoder_8to3,300,0.5,0.5,15,0,0.185472,10,1.4615,286.2044,uW/nW,0.825,125,FF,saed05rvt_base_ff0p825v125c
priority_encoder_8to3,300,0.3,0.5,15,0,0.185472,10,1.0133,286.4804,uW/nW,0.825,125,FF,saed05rvt_base_ff0p825v125c
priority_encoder_8to3,300,0.8,0.5,15,0,0.185472,10,2.2363,298.7282,uW/nW,0.825,125,FF,saed05rvt_base_ff0p825v125c
priority_encoder_8to3,300,0.5,0.3,15,0,0.185472,10,1.6804,329.7928,uW/nW,0.825,125,FF,saed05rvt_base_ff0p825v125c
priority_encoder_8to3,300,0.5,0.7,15,0,0.185472,10,1.2431,252.3126,uW/nW,0.825,125,FF,saed05rvt_base_ff0p825v125c
priority_encoder_8to3,450,0.1,0.5,15,0,0.185472,10,421.2897,286.2087,nW/nW,0.825,125,FF,saed05rvt_base_ff0p825v125c
priority_encoder_8to3,450,0.5,0.5,15,0,0.185472,10,1.6436,286.2202,uW/nW,0.825,125,FF,saed05rvt_base_ff0p825v125c
priority_encoder_8to3,450,0.3,0.5,15,0,0.185472,10,1.0973,286.4091,uW/nW,0.825,125,FF,saed05rvt_base_ff0p825v125c
priority_encoder_8to3,450,0.8,0.5,15,0,0.185472,10,2.2925,286.6065,uW/nW,0.825,125,FF,saed05rvt_base_ff0p825v125c
priority_encoder_8to3,450,0.5,0.3,15,0,0.185472,10,2.2711,352.4779,uW/nW,0.825,125,FF,saed05rvt_base_ff0p825v125c
priority_encoder_8to3,450,0.5,0.7,15,0,0.185472,10,1.3021,243.5482,uW/nW,0.825,125,FF,saed05rvt_base_ff0p825v125c
priority_encoder_8to3,600,0.1,0.5,15,0,0.185472,10,421.1623,286.3891,nW/nW,0.825,125,FF,saed05rvt_base_ff0p825v125c
priority_encoder_8to3,600,0.5,0.5,15,0,0.185472,10,1.7511,286.4237,uW/nW,0.825,125,FF,saed05rvt_base_ff0p825v125c
priority_encoder_8to3,600,0.3,0.5,15,0,0.185472,10,1.1465,286.5849,uW/nW,0.825,125,FF,saed05rvt_base_ff0p825v125c
priority_encoder_8to3,600,0.8,0.5,15,0,0.185472,10,2.4999,286.3257,uW/nW,0.825,125,FF,saed05rvt_base_ff0p825v125c
priority_encoder_8to3,600,0.5,0.3,15,0,0.185472,10,2.4811,352.3608,uW/nW,0.825,125,FF,saed05rvt_base_ff0p825v125c
priority_encoder_8to3,600,0.5,0.7,15,0,0.185472,10,1.3658,243.5079,uW/nW,0.825,125,FF,saed05rvt_base_ff0p825v125c
priority_encoder_8to3,750,0.1,0.5,15,0,0.185472,10,427.0203,285.7416,nW/nW,0.825,125,FF,saed05rvt_base_ff0p825v125c
priority_encoder_8to3,750,0.5,0.5,15,0,0.185472,10,1.8288,286.4091,uW/nW,0.825,125,FF,saed05rvt_base_ff0p825v125c
priority_encoder_8to3,750,0.3,0.5,15,0,0.185472,10,1.1806,286.0100,uW/nW,0.825,125,FF,saed05rvt_base_ff0p825v125c
priority_encoder_8to3,750,0.8,0.5,15,0,0.185472,10,2.6516,286.3550,uW/nW,0.825,125,FF,saed05rvt_base_ff0p825v125c
priority_encoder_8to3,750,0.5,0.3,15,0,0.185472,10,2.6089,352.2917,uW/nW,0.825,125,FF,saed05rvt_base_ff0p825v125c
priority_encoder_8to3,750,0.5,0.7,15,0,0.185472,10,1.4094,243.7164,uW/nW,0.825,125,FF,saed05rvt_base_ff0p825v125c
priority_encoder_8to3,900,0.1,0.5,15,0,0.185472,10,430.6132,286.5901,nW/nW,0.825,125,FF,saed05rvt_base_ff0p825v125c
priority_encoder_8to3,900,0.5,0.5,15,0,0.185472,10,1.8946,286.3220,uW/nW,0.825,125,FF,saed05rvt_base_ff0p825v125c
priority_encoder_8to3,900,0.3,0.5,15,0,0.185472,10,1.2043,286.2543,uW/nW,0.825,125,FF,saed05rvt_base_ff0p825v125c
priority_encoder_8to3,900,0.8,0.5,15,0,0.185472,10,2.7702,286.1551,uW/nW,0.825,125,FF,saed05rvt_base_ff0p825v125c
priority_encoder_8to3,900,0.5,0.3,15,0,0.185472,10,2.7057,351.8534,uW/nW,0.825,125,FF,saed05rvt_base_ff0p825v125c
priority_encoder_8to3,900,0.5,0.7,15,0,0.185472,10,1.4433,243.5630,uW/nW,0.825,125,FF,saed05rvt_base_ff0p825v125c
priority_encoder_8to3,1000,0.1,0.5,15,0,0.185472,10,437.0285,285.7721,nW/nW,0.825,125,FF,saed05rvt_base_ff0p825v125c
priority_encoder_8to3,1000,0.5,0.5,15,0,0.185472,10,1.9109,286.5849,uW/nW,0.825,125,FF,saed05rvt_base_ff0p825v125c
priority_encoder_8to3,1000,0.3,0.5,15,0,0.185472,10,1.2215,286.8719,uW/nW,0.825,125,FF,saed05rvt_base_ff0p825v125c
priority_encoder_8to3,1000,0.8,0.5,15,0,0.185472,10,2.8290,286.7556,uW/nW,0.825,125,FF,saed05rvt_base_ff0p825v125c
priority_encoder_8to3,1000,0.5,0.3,15,0,0.185472,10,2.7609,351.9655,uW/nW,0.825,125,FF,saed05rvt_base_ff0p825v125c
priority_encoder_8to3,1000,0.5,0.7,15,0,0.185472,10,1.4648,243.6864,uW/nW,0.825,125,FF,saed05rvt_base_ff0p825v125c
priority_encoder_8to3,10,0.1,0.5,15,0,0.185472,10,168.5118,3.8438,nW/nW,0.825,25,FF,saed05rvt_base_ff0p825v25c
priority_encoder_8to3,10,0.5,0.5,15,0,0.185472,10,683.2542,3.8438,nW/nW,0.825,25,FF,saed05rvt_base_ff0p825v25c
priority_encoder_8to3,10,0.3,0.5,15,0,0.185472,10,425.9521,3.8438,nW/nW,0.825,25,FF,saed05rvt_base_ff0p825v25c
priority_encoder_8to3,10,0.8,0.5,15,0,0.185472,10,1.0692,3.8438,uW/nW,0.825,25,FF,saed05rvt_base_ff0p825v25c
priority_encoder_8to3,10,0.5,0.3,15,0,0.185472,10,688.2551,4.8792,nW/nW,0.825,25,FF,saed05rvt_base_ff0p825v25c
priority_encoder_8to3,10,0.5,0.7,15,0,0.185472,10,698.6808,4.0946,nW/nW,0.825,25,FF,saed05rvt_base_ff0p825v25c
priority_encoder_8to3,50,0.1,0.5,15,0,0.185472,10,325.1640,3.8438,nW/nW,0.825,25,FF,saed05rvt_base_ff0p825v25c
priority_encoder_8to3,50,0.5,0.5,15,0,0.185472,10,842.5590,3.8438,nW/nW,0.825,25,FF,saed05rvt_base_ff0p825v25c
priority_encoder_8to3,50,0.3,0.5,15,0,0.185472,10,584.5800,3.8438,nW/nW,0.825,25,FF,saed05rvt_base_ff0p825v25c
priority_encoder_8to3,50,0.8,0.5,15,0,0.185472,10,1.2289,3.8438,uW/nW,0.825,25,FF,saed05rvt_base_ff0p825v25c
priority_encoder_8to3,50,0.5,0.3,15,0,0.185472,10,904.2897,4.8792,nW/nW,0.825,25,FF,saed05rvt_base_ff0p825v25c
priority_encoder_8to3,50,0.5,0.7,15,0,0.185472,10,917.8557,4.0946,nW/nW,0.825,25,FF,saed05rvt_base_ff0p825v25c
priority_encoder_8to3,100,0.1,0.5,15,0,0.185472,10,330.1507,3.6804,nW/nW,0.825,25,FF,saed05rvt_base_ff0p825v25c
priority_encoder_8to3,100,0.5,0.5,15,0,0.185472,10,1.0399,3.8438,uW/nW,0.825,25,FF,saed05rvt_base_ff0p825v25c
priority_encoder_8to3,100,0.3,0.5,15,0,0.185472,10,780.6826,3.8438,nW/nW,0.825,25,FF,saed05rvt_base_ff0p825v25c
priority_encoder_8to3,100,0.8,0.5,15,0,0.185472,10,1.4273,3.8438,uW/nW,0.825,25,FF,saed05rvt_base_ff0p825v25c
priority_encoder_8to3,100,0.5,0.3,15,0,0.185472,10,1.1708,4.8792,uW/nW,0.825,25,FF,saed05rvt_base_ff0p825v25c
priority_encoder_8to3,100,0.5,0.7,15,0,0.185472,10,1.1896,4.0946,uW/nW,0.825,25,FF,saed05rvt_base_ff0p825v25c
priority_encoder_8to3,200,0.1,0.5,15,0,0.185472,10,372.1044,3.6814,nW/nW,0.825,25,FF,saed05rvt_base_ff0p825v25c
priority_encoder_8to3,200,0.5,0.5,15,0,0.185472,10,1.4312,3.8438,uW/nW,0.825,25,FF,saed05rvt_base_ff0p825v25c
priority_encoder_8to3,200,0.3,0.5,15,0,0.185472,10,889.6281,3.6752,nW/nW,0.825,25,FF,saed05rvt_base_ff0p825v25c
priority_encoder_8to3,200,0.8,0.5,15,0,0.185472,10,1.8209,3.8438,uW/nW,0.825,25,FF,saed05rvt_base_ff0p825v25c
priority_encoder_8to3,200,0.5,0.3,15,0,0.185472,10,1.6973,4.8792,uW/nW,0.825,25,FF,saed05rvt_base_ff0p825v25c
priority_encoder_8to3,200,0.5,0.7,15,0,0.185472,10,1.7279,4.0946,uW/nW,0.825,25,FF,saed05rvt_base_ff0p825v25c
priority_encoder_8to3,300,0.1,0.5,15,0,0.185472,10,390.1922,3.6779,nW/nW,0.825,25,FF,saed05rvt_base_ff0p825v25c
priority_encoder_8to3,300,0.5,0.5,15,0,0.185472,10,1.4343,3.6771,uW/nW,0.825,25,FF,saed05rvt_base_ff0p825v25c
priority_encoder_8to3,300,0.3,0.5,15,0,0.185472,10,990.4523,3.6804,nW/nW,0.825,25,FF,saed05rvt_base_ff0p825v25c
priority_encoder_8to3,300,0.8,0.5,15,0,0.185472,10,2.2119,3.8438,uW/nW,0.825,25,FF,saed05rvt_base_ff0p825v25c
priority_encoder_8to3,300,0.5,0.3,15,0,0.185472,10,1.6435,4.4176,uW/nW,0.825,25,FF,saed05rvt_base_ff0p825v25c
priority_encoder_8to3,300,0.5,0.7,15,0,0.185472,10,1.2251,3.1259,uW/nW,0.825,25,FF,saed05rvt_base_ff0p825v25c
priority_encoder_8to3,450,0.1,0.5,15,0,0.185472,10,409.0008,3.6778,nW/nW,0.825,25,FF,saed05rvt_base_ff0p825v25c
priority_encoder_8to3,450,0.5,0.5,15,0,0.185472,10,1.6077,3.6777,uW/nW,0.825,25,FF,saed05rvt_base_ff0p825v25c
priority_encoder_8to3,450,0.3,0.5,15,0,0.185472,10,1.0699,3.6794,uW/nW,0.825,25,FF,saed05rvt_base_ff0p825v25c
priority_encoder_8to3,450,0.8,0.5,15,0,0.185472,10,2.2508,3.6820,uW/nW,0.825,25,FF,saed05rvt_base_ff0p825v25c
priority_encoder_8to3,450,0.5,0.3,15,0,0.185472,10,2.2057,4.6903,uW/nW,0.825,25,FF,saed05rvt_base_ff0p825v25c
priority_encoder_8to3,450,0.5,0.7,15,0,0.185472,10,1.2797,3.0296,uW/nW,0.825,25,FF,saed05rvt_base_ff0p825v25c
priority_encoder_8to3,600,0.1,0.5,15,0,0.185472,10,408.7246,3.6787,nW/nW,0.825,25,FF,saed05rvt_base_ff0p825v25c
priority_encoder_8to3,600,0.5,0.5,15,0,0.185472,10,1.7097,3.6793,uW/nW,0.825,25,FF,saed05rvt_base_ff0p825v25c
priority_encoder_8to3,600,0.3,0.5,15,0,0.185472,10,1.1163,3.6814,uW/nW,0.825,25,FF,saed05rvt_base_ff0p825v25c
priority_encoder_8to3,600,0.8,0.5,15,0,0.185472,10,2.4490,3.6786,uW/nW,0.825,25,FF,saed05rvt_base_ff0p825v25c
priority_encoder_8to3,600,0.5,0.3,15,0,0.185472,10,2.4036,4.6888,uW/nW,0.825,25,FF,saed05rvt_base_ff0p825v25c
priority_encoder_8to3,600,0.5,0.7,15,0,0.185472,10,1.3399,3.0289,uW/nW,0.825,25,FF,saed05rvt_base_ff0p825v25c
priority_encoder_8to3,750,0.1,0.5,15,0,0.185472,10,414.1896,3.6711,nW/nW,0.825,25,FF,saed05rvt_base_ff0p825v25c
priority_encoder_8to3,750,0.5,0.5,15,0,0.185472,10,1.7832,3.6794,uW/nW,0.825,25,FF,saed05rvt_base_ff0p825v25c
priority_encoder_8to3,750,0.3,0.5,15,0,0.185472,10,1.1484,3.6757,uW/nW,0.825,25,FF,saed05rvt_base_ff0p825v25c
priority_encoder_8to3,750,0.8,0.5,15,0,0.185472,10,2.5931,3.6795,uW/nW,0.825,25,FF,saed05rvt_base_ff0p825v25c
priority_encoder_8to3,750,0.5,0.3,15,0,0.185472,10,2.5232,4.6881,uW/nW,0.825,25,FF,saed05rvt_base_ff0p825v25c
priority_encoder_8to3,750,0.5,0.7,15,0,0.185472,10,1.3810,3.0311,uW/nW,0.825,25,FF,saed05rvt_base_ff0p825v25c
priority_encoder_8to3,900,0.1,0.5,15,0,0.185472,10,417.5521,3.6827,nW/nW,0.825,25,FF,saed05rvt_base_ff0p825v25c
priority_encoder_8to3,900,0.5,0.5,15,0,0.185472,10,1.8452,3.6786,uW/nW,0.825,25,FF,saed05rvt_base_ff0p825v25c
priority_encoder_8to3,900,0.3,0.5,15,0,0.185472,10,1.1706,3.6779,uW/nW,0.825,25,FF,saed05rvt_base_ff0p825v25c
priority_encoder_8to3,900,0.8,0.5,15,0,0.185472,10,2.7055,3.6770,uW/nW,0.825,25,FF,saed05rvt_base_ff0p825v25c
priority_encoder_8to3,900,0.5,0.3,15,0,0.185472,10,2.6138,4.6823,uW/nW,0.825,25,FF,saed05rvt_base_ff0p825v25c
priority_encoder_8to3,900,0.5,0.7,15,0,0.185472,10,1.4132,3.0293,uW/nW,0.825,25,FF,saed05rvt_base_ff0p825v25c
priority_encoder_8to3,1000,0.1,0.5,15,0,0.185472,10,423.5771,3.6726,nW/nW,0.825,25,FF,saed05rvt_base_ff0p825v25c
priority_encoder_8to3,1000,0.5,0.5,15,0,0.185472,10,1.8605,3.6814,uW/nW,0.825,25,FF,saed05rvt_base_ff0p825v25c
priority_encoder_8to3,1000,0.3,0.5,15,0,0.185472,10,1.1869,3.6844,uW/nW,0.825,25,FF,saed05rvt_base_ff0p825v25c
priority_encoder_8to3,1000,0.8,0.5,15,0,0.185472,10,2.7613,3.6834,uW/nW,0.825,25,FF,saed05rvt_base_ff0p825v25c
priority_encoder_8to3,1000,0.5,0.3,15,0,0.185472,10,2.6657,4.6838,uW/nW,0.825,25,FF,saed05rvt_base_ff0p825v25c
priority_encoder_8to3,1000,0.5,0.7,15,0,0.185472,10,1.4335,3.0307,uW/nW,0.825,25,FF,saed05rvt_base_ff0p825v25c
priority_encoder_8to3,10,0.1,0.5,15,0,0.185472,10,71.6430,43.4861,nW/nW,0.540,125,SS,saed05rvt_base_ss0p540v125c
priority_encoder_8to3,10,0.5,0.5,15,0,0.185472,10,289.9355,43.4861,nW/nW,0.540,125,SS,saed05rvt_base_ss0p540v125c
priority_encoder_8to3,10,0.3,0.5,15,0,0.185472,10,180.8205,43.4861,nW/nW,0.540,125,SS,saed05rvt_base_ss0p540v125c
priority_encoder_8to3,10,0.8,0.5,15,0,0.185472,10,453.5906,43.4861,nW/nW,0.540,125,SS,saed05rvt_base_ss0p540v125c
priority_encoder_8to3,10,0.5,0.3,15,0,0.185472,10,292.0361,53.0147,nW/nW,0.540,125,SS,saed05rvt_base_ss0p540v125c
priority_encoder_8to3,10,0.5,0.7,15,0,0.185472,10,294.8251,47.7989,nW/nW,0.540,125,SS,saed05rvt_base_ss0p540v125c
priority_encoder_8to3,50,0.1,0.5,15,0,0.185472,10,138.7218,43.4861,nW/nW,0.540,125,SS,saed05rvt_base_ss0p540v125c
priority_encoder_8to3,50,0.5,0.5,15,0,0.185472,10,358.2152,43.4861,nW/nW,0.540,125,SS,saed05rvt_base_ss0p540v125c
priority_encoder_8to3,50,0.3,0.5,15,0,0.185472,10,248.7938,43.4861,nW/nW,0.540,125,SS,saed05rvt_base_ss0p540v125c
priority_encoder_8to3,50,0.8,0.5,15,0,0.185472,10,522.0763,43.4861,nW/nW,0.540,125,SS,saed05rvt_base_ss0p540v125c
priority_encoder_8to3,50,0.5,0.3,15,0,0.185472,10,384.1162,53.0147,nW/nW,0.540,125,SS,saed05rvt_base_ss0p540v125c
priority_encoder_8to3,50,0.5,0.7,15,0,0.185472,10,388.1324,47.7989,nW/nW,0.540,125,SS,saed05rvt_base_ss0p540v125c
priority_encoder_8to3,100,0.1,0.5,15,0,0.185472,10,140.3455,41.8270,nW/nW,0.540,125,SS,saed05rvt_base_ss0p540v125c
priority_encoder_8to3,100,0.5,0.5,15,0,0.185472,10,442.7607,43.4861,nW/nW,0.540,125,SS,saed05rvt_base_ss0p540v125c
priority_encoder_8to3,100,0.3,0.5,15,0,0.185472,10,332.7723,43.4861,nW/nW,0.540,125,SS,saed05rvt_base_ss0p540v125c
priority_encoder_8to3,100,0.8,0.5,15,0,0.185472,10,607.0740,43.4861,nW/nW,0.540,125,SS,saed05rvt_base_ss0p540v125c
priority_encoder_8to3,100,0.5,0.3,15,0,0.185472,10,497.5863,53.0147,nW/nW,0.540,125,SS,saed05rvt_base_ss0p540v125c
priority_encoder_8to3,100,0.5,0.7,15,0,0.185472,10,503.7649,47.7989,nW/nW,0.540,125,SS,saed05rvt_base_ss0p540v125c
priority_encoder_8to3,200,0.1,0.5,15,0,0.185472,10,158.0115,41.8396,nW/nW,0.540,125,SS,saed05rvt_base_ss0p540v125c
priority_encoder_8to3,200,0.5,0.5,15,0,0.185472,10,610.3026,43.4861,nW/nW,0.540,125,SS,saed05rvt_base_ss0p540v125c
priority_encoder_8to3,200,0.3,0.5,15,0,0.185472,10,378.5414,41.7549,nW/nW,0.540,125,SS,saed05rvt_base_ss0p540v125c
priority_encoder_8to3,200,0.8,0.5,15,0,0.185472,10,775.6817,43.4861,nW/nW,0.540,125,SS,saed05rvt_base_ss0p540v125c
priority_encoder_8to3,200,0.5,0.3,15,0,0.185472,10,721.6367,53.0147,nW/nW,0.540,125,SS,saed05rvt_base_ss0p540v125c
priority_encoder_8to3,200,0.5,0.7,15,0,0.185472,10,732.6445,47.7989,nW/nW,0.540,125,SS,saed05rvt_base_ss0p540v125c
priority_encoder_8to3,300,0.1,0.5,15,0,0.185472,10,165.6124,41.7916,nW/nW,0.540,125,SS,saed05rvt_base_ss0p540v125c
priority_encoder_8to3,300,0.5,0.5,15,0,0.185472,10,610.5299,41.7820,nW/nW,0.540,125,SS,saed05rvt_base_ss0p540v125c
priority_encoder_8to3,300,0.3,0.5,15,0,0.185472,10,421.0366,41.8270,nW/nW,0.540,125,SS,saed05rvt_base_ss0p540v125c
priority_encoder_8to3,300,0.8,0.5,15,0,0.185472,10,943.0997,43.4861,nW/nW,0.540,125,SS,saed05rvt_base_ss0p540v125c
priority_encoder_8to3,300,0.5,0.3,15,0,0.185472,10,699.1122,48.3073,nW/nW,0.540,125,SS,saed05rvt_base_ss0p540v125c
priority_encoder_8to3,300,0.5,0.7,15,0,0.185472,10,520.7607,36.6144,nW/nW,0.540,125,SS,saed05rvt_base_ss0p540v125c
priority_encoder_8to3,450,0.1,0.5,15,0,0.185472,10,173.5226,41.7946,nW/nW,0.540,125,SS,saed05rvt_base_ss0p540v125c
priority_encoder_8to3,450,0.5,0.5,15,0,0.185472,10,683.6100,41.7882,nW/nW,0.540,125,SS,saed05rvt_base_ss0p540v125c
priority_encoder_8to3,450,0.3,0.5,15,0,0.185472,10,454.5305,41.8130,nW/nW,0.540,125,SS,saed05rvt_base_ss0p540v125c
priority_encoder_8to3,450,0.8,0.5,15,0,0.185472,10,958.1456,41.8420,nW/nW,0.540,125,SS,saed05rvt_base_ss0p540v125c
priority_encoder_8to3,450,0.5,0.3,15,0,0.185472,10,936.0624,51.5574,nW/nW,0.540,125,SS,saed05rvt_base_ss0p540v125c
priority_encoder_8to3,450,0.5,0.7,15,0,0.185472,10,544.2726,35.3489,nW/nW,0.540,125,SS,saed05rvt_base_ss0p540v125c
priority_encoder_8to3,600,0.1,0.5,15,0,0.185472,10,173.4005,41.8087,nW/nW,0.540,125,SS,saed05rvt_base_ss0p540v125c
priority_encoder_8to3,600,0.5,0.5,15,0,0.185472,10,726.5997,41.8153,nW/nW,0.540,125,SS,saed05rvt_base_ss0p540v125c
priority_encoder_8to3,600,0.3,0.5,15,0,0.185472,10,474.0344,41.8396,nW/nW,0.540,125,SS,saed05rvt_base_ss0p540v125c
priority_encoder_8to3,600,0.8,0.5,15,0,0.185472,10,1.0418,41.8002,uW/nW,0.540,125,SS,saed05rvt_base_ss0p540v125c
priority_encoder_8to3,600,0.5,0.3,15,0,0.185472,10,1.0192,51.5434,uW/nW,0.540,125,SS,saed05rvt_base_ss0p540v125c
priority_encoder_8to3,600,0.5,0.7,15,0,0.185472,10,569.7679,35.3427,nW/nW,0.540,125,SS,saed05rvt_base_ss0p540v125c
priority_encoder_8to3,750,0.1,0.5,15,0,0.185472,10,175.6836,41.7218,nW/nW,0.540,125,SS,saed05rvt_base_ss0p540v125c
priority_encoder_8to3,750,0.5,0.5,15,0,0.185472,10,757.5508,41.8130,nW/nW,0.540,125,SS,saed05rvt_base_ss0p540v125c
priority_encoder_8to3,750,0.3,0.5,15,0,0.185472,10,487.5692,41.7524,nW/nW,0.540,125,SS,saed05rvt_base_ss0p540v125c
priority_encoder_8to3,750,0.8,0.5,15,0,0.185472,10,1.1025,41.8080,uW/nW,0.540,125,SS,saed05rvt_base_ss0p540v125c
priority_encoder_8to3,750,0.5,0.3,15,0,0.185472,10,1.0694,51.5298,uW/nW,0.540,125,SS,saed05rvt_base_ss0p540v125c
priority_encoder_8to3,750,0.5,0.7,15,0,0.185472,10,587.1289,35.3718,nW/nW,0.540,125,SS,saed05rvt_base_ss0p540v125c
priority_encoder_8to3,900,0.1,0.5,15,0,0.185472,10,177.1103,41.8335,nW/nW,0.540,125,SS,saed05rvt_base_ss0p540v125c
priority_encoder_8to3,900,0.5,0.5,15,0,0.185472,10,783.6188,41.8036,nW/nW,0.540,125,SS,saed05rvt_base_ss0p540v125c
priority_encoder_8to3,900,0.3,0.5,15,0,0.185472,10,496.8373,41.7916,nW/nW,0.540,125,SS,saed05rvt_base_ss0p540v125c
priority_encoder_8to3,900,0.8,0.5,15,0,0.185472,10,1.1500,41.7778,uW/nW,0.540,125,SS,saed05rvt_base_ss0p540v125c
priority_encoder_8to3,900,0.5,0.3,15,0,0.185472,10,1.1073,51.4708,uW/nW,0.540,125,SS,saed05rvt_base_ss0p540v125c
priority_encoder_8to3,900,0.5,0.7,15,0,0.185472,10,600.7108,35.3507,nW/nW,0.540,125,SS,saed05rvt_base_ss0p540v125c
priority_encoder_8to3,1000,0.1,0.5,15,0,0.185472,10,179.6329,41.7232,nW/nW,0.540,125,SS,saed05rvt_base_ss0p540v125c
priority_encoder_8to3,1000,0.5,0.5,15,0,0.185472,10,790.0574,41.8396,nW/nW,0.540,125,SS,saed05rvt_base_ss0p540v125c
priority_encoder_8to3,1000,0.3,0.5,15,0,0.185472,10,503.7458,41.8808,nW/nW,0.540,125,SS,saed05rvt_base_ss0p540v125c
priority_encoder_8to3,1000,0.8,0.5,15,0,0.185472,10,1.1734,41.8628,uW/nW,0.540,125,SS,saed05rvt_base_ss0p540v125c
priority_encoder_8to3,1000,0.5,0.3,15,0,0.185472,10,1.1291,51.4846,uW/nW,0.540,125,SS,saed05rvt_base_ss0p540v125c
priority_encoder_8to3,1000,0.5,0.7,15,0,0.185472,10,609.2673,35.3682,nW/nW,0.540,125,SS,saed05rvt_base_ss0p540v125c
priority_encoder_8to3,10,0.1,0.5,15,0,0.185472,10,68.4578,350.8628,nW/pW,0.540,25,SS,saed05rvt_base_ss0p540v25c
priority_encoder_8to3,10,0.5,0.5,15,0,0.185472,10,276.7746,350.8628,nW/pW,0.540,25,SS,saed05rvt_base_ss0p540v25c
priority_encoder_8to3,10,0.3,0.5,15,0,0.185472,10,172.6444,350.8628,nW/pW,0.540,25,SS,saed05rvt_base_ss0p540v25c
priority_encoder_8to3,10,0.8,0.5,15,0,0.185472,10,432.9543,350.8628,nW/pW,0.540,25,SS,saed05rvt_base_ss0p540v25c
priority_encoder_8to3,10,0.5,0.3,15,0,0.185472,10,278.3643,449.2020,nW/pW,0.540,25,SS,saed05rvt_base_ss0p540v25c
priority_encoder_8to3,10,0.5,0.7,15,0,0.185472,10,281.9606,367.7811,nW/pW,0.540,25,SS,saed05rvt_base_ss0p540v25c
priority_encoder_8to3,50,0.1,0.5,15,0,0.185472,10,132.8889,350.8628,nW/pW,0.540,25,SS,saed05rvt_base_ss0p540v25c
priority_encoder_8to3,50,0.5,0.5,15,0,0.185472,10,342.2892,350.8628,nW/pW,0.540,25,SS,saed05rvt_base_ss0p540v25c
priority_encoder_8to3,50,0.3,0.5,15,0,0.185472,10,237.8825,350.8628,nW/pW,0.540,25,SS,saed05rvt_base_ss0p540v25c
priority_encoder_8to3,50,0.8,0.5,15,0,0.185472,10,498.6547,350.8628,nW/pW,0.540,25,SS,saed05rvt_base_ss0p540v25c
priority_encoder_8to3,50,0.5,0.3,15,0,0.185472,10,367.0912,449.2020,nW/pW,0.540,25,SS,saed05rvt_base_ss0p540v25c
priority_encoder_8to3,50,0.5,0.7,15,0,0.185472,10,371.5758,367.7811,nW/pW,0.540,25,SS,saed05rvt_base_ss0p540v25c
priority_encoder_8to3,100,0.1,0.5,15,0,0.185472,10,134.4364,336.7439,nW/pW,0.540,25,SS,saed05rvt_base_ss0p540v25c
priority_encoder_8to3,100,0.5,0.5,15,0,0.185472,10,423.4568,350.8628,nW/pW,0.540,25,SS,saed05rvt_base_ss0p540v25c
priority_encoder_8to3,100,0.3,0.5,15,0,0.185472,10,318.5388,350.8628,nW/pW,0.540,25,SS,saed05rvt_base_ss0p540v25c
priority_encoder_8to3,100,0.8,0.5,15,0,0.185472,10,580.2303,350.8628,nW/pW,0.540,25,SS,saed05rvt_base_ss0p540v25c
priority_encoder_8to3,100,0.5,0.3,15,0,0.185472,10,476.5497,449.2020,nW/pW,0.540,25,SS,saed05rvt_base_ss0p540v25c
priority_encoder_8to3,100,0.5,0.7,15,0,0.185472,10,482.7022,367.7811,nW/pW,0.540,25,SS,saed05rvt_base_ss0p540v25c
priority_encoder_8to3,200,0.1,0.5,15,0,0.185472,10,151.3977,336.8135,nW/pW,0.540,25,SS,saed05rvt_base_ss0p540v25c
priority_encoder_8to3,200,0.5,0.5,15,0,0.185472,10,584.3948,350.8628,nW/pW,0.540,25,SS,saed05rvt_base_ss0p540v25c
priority_encoder_8to3,200,0.3,0.5,15,0,0.185472,10,362.5310,336.2794,nW/pW,0.540,25,SS,saed05rvt_base_ss0p540v25c
priority_encoder_8to3,200,0.8,0.5,15,0,0.185472,10,742.1298,350.8628,nW/pW,0.540,25,SS,saed05rvt_base_ss0p540v25c
priority_encoder_8to3,200,0.5,0.3,15,0,0.185472,10,692.9056,449.2020,nW/pW,0.540,25,SS,saed05rvt_base_ss0p540v25c
priority_encoder_8to3,200,0.5,0.7,15,0,0.185472,10,702.8328,367.7811,nW/pW,0.540,25,SS,saed05rvt_base_ss0p540v25c
priority_encoder_8to3,300,0.1,0.5,15,0,0.185472,10,158.6831,336.5043,nW/pW,0.540,25,SS,saed05rvt_base_ss0p540v25c
priority_encoder_8to3,300,0.5,0.5,15,0,0.185472,10,584.7021,336.4064,nW/pW,0.540,25,SS,saed05rvt_base_ss0p540v25c
priority_encoder_8to3,300,0.3,0.5,15,0,0.185472,10,403.3092,336.7439,nW/pW,0.540,25,SS,saed05rvt_base_ss0p540v25c
priority_encoder_8to3,300,0.8,0.5,15,0,0.185472,10,902.9559,350.8628,nW/pW,0.540,25,SS,saed05rvt_base_ss0p540v25c
priority_encoder_8to3,300,0.5,0.3,15,0,0.185472,10,670.5798,408.6685,nW/pW,0.540,25,SS,saed05rvt_base_ss0p540v25c
priority_encoder_8to3,300,0.5,0.7,15,0,0.185472,10,498.0924,282.1300,nW/pW,0.540,25,SS,saed05rvt_base_ss0p540v25c
priority_encoder_8to3,450,0.1,0.5,15,0,0.185472,10,166.2819,336.5859,nW/pW,0.540,25,SS,saed05rvt_base_ss0p540v25c
priority_encoder_8to3,450,0.5,0.5,15,0,0.185472,10,654.7657,336.5001,nW/pW,0.540,25,SS,saed05rvt_base_ss0p540v25c
priority_encoder_8to3,450,0.3,0.5,15,0,0.185472,10,435.4582,336.6236,nW/pW,0.540,25,SS,saed05rvt_base_ss0p540v25c
priority_encoder_8to3,450,0.8,0.5,15,0,0.185472,10,917.5916,336.8644,nW/pW,0.540,25,SS,saed05rvt_base_ss0p540v25c
priority_encoder_8to3,450,0.5,0.3,15,0,0.185472,10,898.8594,433.2017,nW/pW,0.540,25,SS,saed05rvt_base_ss0p540v25c
priority_encoder_8to3,450,0.5,0.7,15,0,0.185472,10,520.4759,273.5591,nW/pW,0.540,25,SS,saed05rvt_base_ss0p540v25c
priority_encoder_8to3,600,0.1,0.5,15,0,0.185472,10,166.1697,336.5440,nW/pW,0.540,25,SS,saed05rvt_base_ss0p540v25c
priority_encoder_8to3,600,0.5,0.5,15,0,0.185472,10,696.0279,336.6170,nW/pW,0.540,25,SS,saed05rvt_base_ss0p540v25c
priority_encoder_8to3,600,0.3,0.5,15,0,0.185472,10,454.1931,336.8135,nW/pW,0.540,25,SS,saed05rvt_base_ss0p540v25c
priority_encoder_8to3,600,0.8,0.5,15,0,0.185472,10,997.7731,336.5492,nW/pW,0.540,25,SS,saed05rvt_base_ss0p540v25c
priority_encoder_8to3,600,0.5,0.3,15,0,0.185472,10,978.8572,433.0931,nW/pW,0.540,25,SS,saed05rvt_base_ss0p540v25c
priority_encoder_8to3,600,0.5,0.7,15,0,0.185472,10,544.8043,273.4955,nW/pW,0.540,25,SS,saed05rvt_base_ss0p540v25c
priority_encoder_8to3,750,0.1,0.5,15,0,0.185472,10,168.3792,335.9110,nW/pW,0.540,25,SS,saed05rvt_base_ss0p540v25c
priority_encoder_8to3,750,0.5,0.5,15,0,0.185472,10,725.7637,336.6236,nW/pW,0.540,25,SS,saed05rvt_base_ss0p540v25c
priority_encoder_8to3,750,0.3,0.5,15,0,0.185472,10,467.1625,336.2717,nW/pW,0.540,25,SS,saed05rvt_base_ss0p540v25c
priority_encoder_8to3,750,0.8,0.5,15,0,0.185472,10,1.0560,336.6645,uW/pW,0.540,25,SS,saed05rvt_base_ss0p540v25c
priority_encoder_8to3,750,0.5,0.3,15,0,0.185472,10,1.0272,432.9841,uW/pW,0.540,25,SS,saed05rvt_base_ss0p540v25c
priority_encoder_8to3,750,0.5,0.7,15,0,0.185472,10,561.3605,273.6822,nW/pW,0.540,25,SS,saed05rvt_base_ss0p540v25c
priority_encoder_8to3,900,0.1,0.5,15,0,0.185472,10,169.7527,336.8717,nW/pW,0.540,25,SS,saed05rvt_base_ss0p540v25c
priority_encoder_8to3,900,0.5,0.5,15,0,0.185472,10,750.7916,336.5942,nW/pW,0.540,25,SS,saed05rvt_base_ss0p540v25c
priority_encoder_8to3,900,0.3,0.5,15,0,0.185472,10,476.0492,336.5043,nW/pW,0.540,25,SS,saed05rvt_base_ss0p540v25c
priority_encoder_8to3,900,0.8,0.5,15,0,0.185472,10,1.1015,336.4369,uW/pW,0.540,25,SS,saed05rvt_base_ss0p540v25c
priority_encoder_8to3,900,0.5,0.3,15,0,0.185472,10,1.0637,432.4911,uW/pW,0.540,25,SS,saed05rvt_base_ss0p540v25c
priority_encoder_8to3,900,0.5,0.7,15,0,0.185472,10,574.3005,273.5247,nW/pW,0.540,25,SS,saed05rvt_base_ss0p540v25c
priority_encoder_8to3,1000,0.1,0.5,15,0,0.185472,10,172.1586,336.0523,nW/pW,0.540,25,SS,saed05rvt_base_ss0p540v25c
priority_encoder_8to3,1000,0.5,0.5,15,0,0.185472,10,756.9885,336.8135,nW/pW,0.540,25,SS,saed05rvt_base_ss0p540v25c
priority_encoder_8to3,1000,0.3,0.5,15,0,0.185472,10,482.7160,337.0811,nW/pW,0.540,25,SS,saed05rvt_base_ss0p540v25c
priority_encoder_8to3,1000,0.8,0.5,15,0,0.185472,10,1.1241,336.9812,uW/pW,0.540,25,SS,saed05rvt_base_ss0p540v25c
priority_encoder_8to3,1000,0.5,0.3,15,0,0.185472,10,1.0846,432.6148,uW/pW,0.540,25,SS,saed05rvt_base_ss0p540v25c
priority_encoder_8to3,1000,0.5,0.7,15,0,0.185472,10,582.4376,273.6451,nW/pW,0.540,25,SS,saed05rvt_base_ss0p540v25c
priority_encoder_8to3,10,0.1,0.5,15,0,0.185472,10,112.4408,104.2146,nW/nW,0.675,125,SS,saed05rvt_base_ss0p675v125c
priority_encoder_8to3,10,0.5,0.5,15,0,0.185472,10,454.6982,104.2146,nW/nW,0.675,125,SS,saed05rvt_base_ss0p675v125c
priority_encoder_8to3,10,0.3,0.5,15,0,0.185472,10,283.6148,104.2146,nW/nW,0.675,125,SS,saed05rvt_base_ss0p675v125c
priority_encoder_8to3,10,0.8,0.5,15,0,0.185472,10,711.2983,104.2146,nW/nW,0.675,125,SS,saed05rvt_base_ss0p675v125c
priority_encoder_8to3,10,0.5,0.3,15,0,0.185472,10,459.2616,126.2994,nW/nW,0.675,125,SS,saed05rvt_base_ss0p675v125c
priority_encoder_8to3,10,0.5,0.7,15,0,0.185472,10,462.6315,115.6656,nW/nW,0.675,125,SS,saed05rvt_base_ss0p675v125c
priority_encoder_8to3,50,0.1,0.5,15,0,0.185472,10,218.2058,104.2146,nW/nW,0.675,125,SS,saed05rvt_base_ss0p675v125c
priority_encoder_8to3,50,0.5,0.5,15,0,0.185472,10,562.2039,104.2146,nW/nW,0.675,125,SS,saed05rvt_base_ss0p675v125c
priority_encoder_8to3,50,0.3,0.5,15,0,0.185472,10,390.6763,104.2146,nW/nW,0.675,125,SS,saed05rvt_base_ss0p675v125c
priority_encoder_8to3,50,0.8,0.5,15,0,0.185472,10,819.1024,104.2146,nW/nW,0.675,125,SS,saed05rvt_base_ss0p675v125c
priority_encoder_8to3,50,0.5,0.3,15,0,0.185472,10,605.5872,126.2994,nW/nW,0.675,125,SS,saed05rvt_base_ss0p675v125c
priority_encoder_8to3,50,0.5,0.7,15,0,0.185472,10,610.9841,115.6656,nW/nW,0.675,125,SS,saed05rvt_base_ss0p675v125c
priority_encoder_8to3,100,0.1,0.5,15,0,0.185472,10,221.3903,100.0359,nW/nW,0.675,125,SS,saed05rvt_base_ss0p675v125c
priority_encoder_8to3,100,0.5,0.5,15,0,0.185472,10,695.4203,104.2146,nW/nW,0.675,125,SS,saed05rvt_base_ss0p675v125c
priority_encoder_8to3,100,0.3,0.5,15,0,0.185472,10,523.0712,104.2146,nW/nW,0.675,125,SS,saed05rvt_base_ss0p675v125c
priority_encoder_8to3,100,0.8,0.5,15,0,0.185472,10,952.9744,104.2146,nW/nW,0.675,125,SS,saed05rvt_base_ss0p675v125c
priority_encoder_8to3,100,0.5,0.3,15,0,0.185472,10,786.1211,126.2994,nW/nW,0.675,125,SS,saed05rvt_base_ss0p675v125c
priority_encoder_8to3,100,0.5,0.7,15,0,0.185472,10,794.9705,115.6656,nW/nW,0.675,125,SS,saed05rvt_base_ss0p675v125c
priority_encoder_8to3,200,0.1,0.5,15,0,0.185472,10,249.7975,100.0716,nW/nW,0.675,125,SS,saed05rvt_base_ss0p675v125c
priority_encoder_8to3,200,0.5,0.5,15,0,0.185472,10,959.6085,104.2146,nW/nW,0.675,125,SS,saed05rvt_base_ss0p675v125c
priority_encoder_8to3,200,0.3,0.5,15,0,0.185472,10,595.9602,99.8666,nW/nW,0.675,125,SS,saed05rvt_base_ss0p675v125c
priority_encoder_8to3,200,0.8,0.5,15,0,0.185472,10,1.2187,104.2146,uW/nW,0.675,125,SS,saed05rvt_base_ss0p675v125c
priority_encoder_8to3,200,0.5,0.3,15,0,0.185472,10,1.1430,126.2994,uW/nW,0.675,125,SS,saed05rvt_base_ss0p675v125c
priority_encoder_8to3,200,0.5,0.7,15,0,0.185472,10,1.1595,115.6656,uW/nW,0.675,125,SS,saed05rvt_base_ss0p675v125c
priority_encoder_8to3,300,0.1,0.5,15,0,0.185472,10,262.0660,99.9576,nW/nW,0.675,125,SS,saed05rvt_base_ss0p675v125c
priority_encoder_8to3,300,0.5,0.5,15,0,0.185472,10,960.5189,99.9409,nW/nW,0.675,125,SS,saed05rvt_base_ss0p675v125c
priority_encoder_8to3,300,0.3,0.5,15,0,0.185472,10,664.1708,100.0359,nW/nW,0.675,125,SS,saed05rvt_base_ss0p675v125c
priority_encoder_8to3,300,0.8,0.5,15,0,0.185472,10,1.4827,104.2146,uW/nW,0.675,125,SS,saed05rvt_base_ss0p675v125c
priority_encoder_8to3,300,0.5,0.3,15,0,0.185472,10,1.1043,114.5942,uW/nW,0.675,125,SS,saed05rvt_base_ss0p675v125c
priority_encoder_8to3,300,0.5,0.7,15,0,0.185472,10,816.8605,88.5184,nW/nW,0.675,125,SS,saed05rvt_base_ss0p675v125c
priority_encoder_8to3,450,0.1,0.5,15,0,0.185472,10,274.7878,99.9422,nW/nW,0.675,125,SS,saed05rvt_base_ss0p675v125c
priority_encoder_8to3,450,0.5,0.5,15,0,0.185472,10,1.0779,99.9462,uW/nW,0.675,125,SS,saed05rvt_base_ss0p675v125c
priority_encoder_8to3,450,0.3,0.5,15,0,0.185472,10,717.9710,100.0118,nW/nW,0.675,125,SS,saed05rvt_base_ss0p675v125c
priority_encoder_8to3,450,0.8,0.5,15,0,0.185472,10,1.5071,100.0787,uW/nW,0.675,125,SS,saed05rvt_base_ss0p675v125c
priority_encoder_8to3,450,0.5,0.3,15,0,0.185472,10,1.4850,122.3794,uW/nW,0.675,125,SS,saed05rvt_base_ss0p675v125c
priority_encoder_8to3,450,0.5,0.7,15,0,0.185472,10,853.8301,85.4975,nW/nW,0.675,125,SS,saed05rvt_base_ss0p675v125c
priority_encoder_8to3,600,0.1,0.5,15,0,0.185472,10,274.6122,100.0052,nW/nW,0.675,125,SS,saed05rvt_base_ss0p675v125c
priority_encoder_8to3,600,0.5,0.5,15,0,0.185472,10,1.1469,100.0170,uW/nW,0.675,125,SS,saed05rvt_base_ss0p675v125c
priority_encoder_8to3,600,0.3,0.5,15,0,0.185472,10,749.3926,100.0716,nW/nW,0.675,125,SS,saed05rvt_base_ss0p675v125c
priority_encoder_8to3,600,0.8,0.5,15,0,0.185472,10,1.6411,99.9826,uW/nW,0.675,125,SS,saed05rvt_base_ss0p675v125c
priority_encoder_8to3,600,0.5,0.3,15,0,0.185472,10,1.6191,122.3398,uW/nW,0.675,125,SS,saed05rvt_base_ss0p675v125c
priority_encoder_8to3,600,0.5,0.7,15,0,0.185472,10,894.6495,85.4842,nW/nW,0.675,125,SS,saed05rvt_base_ss0p675v125c
priority_encoder_8to3,750,0.1,0.5,15,0,0.185472,10,278.3017,99.7830,nW/nW,0.675,125,SS,saed05rvt_base_ss0p675v125c
priority_encoder_8to3,750,0.5,0.5,15,0,0.185472,10,1.1966,100.0118,uW/nW,0.675,125,SS,saed05rvt_base_ss0p675v125c
priority_encoder_8to3,750,0.3,0.5,15,0,0.185472,10,771.1766,99.8717,nW/nW,0.675,125,SS,saed05rvt_base_ss0p675v125c
priority_encoder_8to3,750,0.8,0.5,15,0,0.185472,10,1.7386,99.9917,uW/nW,0.675,125,SS,saed05rvt_base_ss0p675v125c
priority_encoder_8to3,750,0.5,0.3,15,0,0.185472,10,1.7002,122.3149,uW/nW,0.675,125,SS,saed05rvt_base_ss0p675v125c
priority_encoder_8to3,750,0.5,0.7,15,0,0.185472,10,922.5288,85.5559,nW/nW,0.675,125,SS,saed05rvt_base_ss0p675v125c
priority_encoder_8to3,900,0.1,0.5,15,0,0.185472,10,280.5910,100.0690,nW/nW,0.675,125,SS,saed05rvt_base_ss0p675v125c
priority_encoder_8to3,900,0.5,0.5,15,0,0.185472,10,1.2386,99.9818,uW/nW,0.675,125,SS,saed05rvt_base_ss0p675v125c
priority_encoder_8to3,900,0.3,0.5,15,0,0.185472,10,786.1982,99.9576,nW/nW,0.675,125,SS,saed05rvt_base_ss0p675v125c
priority_encoder_8to3,900,0.8,0.5,15,0,0.185472,10,1.8147,99.9234,uW/nW,0.675,125,SS,saed05rvt_base_ss0p675v125c
priority_encoder_8to3,900,0.5,0.3,15,0,0.185472,10,1.7616,122.1660,uW/nW,0.675,125,SS,saed05rvt_base_ss0p675v125c
priority_encoder_8to3,900,0.5,0.7,15,0,0.185472,10,944.3220,85.5037,nW/nW,0.675,125,SS,saed05rvt_base_ss0p675v125c
priority_encoder_8to3,1000,0.1,0.5,15,0,0.185472,10,284.6857,99.7917,nW/nW,0.675,125,SS,saed05rvt_base_ss0p675v125c
priority_encoder_8to3,1000,0.5,0.5,15,0,0.185472,10,1.2490,100.0716,uW/nW,0.675,125,SS,saed05rvt_base_ss0p675v125c
priority_encoder_8to3,1000,0.3,0.5,15,0,0.185472,10,797.2398,100.1712,nW/nW,0.675,125,SS,saed05rvt_base_ss0p675v125c
priority_encoder_8to3,1000,0.8,0.5,15,0,0.185472,10,1.8525,100.1307,uW/nW,0.675,125,SS,saed05rvt_base_ss0p675v125c
priority_encoder_8to3,1000,0.5,0.3,15,0,0.185472,10,1.7968,122.2042,uW/nW,0.675,125,SS,saed05rvt_base_ss0p675v125c
priority_encoder_8to3,1000,0.5,0.7,15,0,0.185472,10,958.0974,85.5459,nW/nW,0.675,125,SS,saed05rvt_base_ss0p675v125c
priority_encoder_8to3,10,0.1,0.5,15,0,0.185472,10,110.9729,1.0550,nW/nW,0.675,25,SS,saed05rvt_base_ss0p675v25c
priority_encoder_8to3,10,0.5,0.5,15,0,0.185472,10,450.2586,1.0550,nW/nW,0.675,25,SS,saed05rvt_base_ss0p675v25c
priority_encoder_8to3,10,0.3,0.5,15,0,0.185472,10,280.6655,1.0550,nW/nW,0.675,25,SS,saed05rvt_base_ss0p675v25c
priority_encoder_8to3,10,0.8,0.5,15,0,0.185472,10,704.6209,1.0550,nW/nW,0.675,25,SS,saed05rvt_base_ss0p675v25c
priority_encoder_8to3,10,0.5,0.3,15,0,0.185472,10,453.8910,1.3353,nW/nW,0.675,25,SS,saed05rvt_base_ss0p675v25c
priority_encoder_8to3,10,0.5,0.7,15,0,0.185472,10,458.5285,1.1219,nW/nW,0.675,25,SS,saed05rvt_base_ss0p675v25c
priority_encoder_8to3,50,0.1,0.5,15,0,0.185472,10,213.6667,1.0550,nW/nW,0.675,25,SS,saed05rvt_base_ss0p675v25c
priority_encoder_8to3,50,0.5,0.5,15,0,0.185472,10,554.8643,1.0550,nW/nW,0.675,25,SS,saed05rvt_base_ss0p675v25c
priority_encoder_8to3,50,0.3,0.5,15,0,0.185472,10,384.7833,1.0550,nW/nW,0.675,25,SS,saed05rvt_base_ss0p675v25c
priority_encoder_8to3,50,0.8,0.5,15,0,0.185472,10,809.5544,1.0550,nW/nW,0.675,25,SS,saed05rvt_base_ss0p675v25c
priority_encoder_8to3,50,0.5,0.3,15,0,0.185472,10,594.7468,1.3353,nW/nW,0.675,25,SS,saed05rvt_base_ss0p675v25c
priority_encoder_8to3,50,0.5,0.7,15,0,0.185472,10,601.2423,1.1219,nW/nW,0.675,25,SS,saed05rvt_base_ss0p675v25c
priority_encoder_8to3,100,0.1,0.5,15,0,0.185472,10,215.9636,1.0107,nW/nW,0.675,25,SS,saed05rvt_base_ss0p675v25c
priority_encoder_8to3,100,0.5,0.5,15,0,0.185472,10,684.3412,1.0550,nW/nW,0.675,25,SS,saed05rvt_base_ss0p675v25c
priority_encoder_8to3,100,0.3,0.5,15,0,0.185472,10,513.3578,1.0550,nW/nW,0.675,25,SS,saed05rvt_base_ss0p675v25c
priority_encoder_8to3,100,0.8,0.5,15,0,0.185472,10,939.7512,1.0550,nW/nW,0.675,25,SS,saed05rvt_base_ss0p675v25c
priority_encoder_8to3,100,0.5,0.3,15,0,0.185472,10,768.2359,1.3353,nW/nW,0.675,25,SS,saed05rvt_base_ss0p675v25c
priority_encoder_8to3,100,0.5,0.7,15,0,0.185472,10,778.0468,1.1219,nW/nW,0.675,25,SS,saed05rvt_base_ss0p675v25c
priority_encoder_8to3,200,0.1,0.5,15,0,0.185472,10,243.2654,1.0110,nW/nW,0.675,25,SS,saed05rvt_base_ss0p675v25c
priority_encoder_8to3,200,0.5,0.5,15,0,0.185472,10,940.8293,1.0550,nW/nW,0.675,25,SS,saed05rvt_base_ss0p675v25c
priority_encoder_8to3,200,0.3,0.5,15,0,0.185472,10,582.1255,1.0093,nW/nW,0.675,25,SS,saed05rvt_base_ss0p675v25c
priority_encoder_8to3,200,0.8,0.5,15,0,0.185472,10,1.1979,1.0550,uW/nW,0.675,25,SS,saed05rvt_base_ss0p675v25c
priority_encoder_8to3,200,0.5,0.3,15,0,0.185472,10,1.1107,1.3353,uW/nW,0.675,25,SS,saed05rvt_base_ss0p675v25c
priority_encoder_8to3,200,0.5,0.7,15,0,0.185472,10,1.1279,1.1219,uW/nW,0.675,25,SS,saed05rvt_base_ss0p675v25c
priority_encoder_8to3,300,0.1,0.5,15,0,0.185472,10,255.0182,1.0100,nW/nW,0.675,25,SS,saed05rvt_base_ss0p675v25c
priority_encoder_8to3,300,0.5,0.5,15,0,0.185472,10,938.6241,1.0098,nW/nW,0.675,25,SS,saed05rvt_base_ss0p675v25c
priority_encoder_8to3,300,0.3,0.5,15,0,0.185472,10,647.8908,1.0107,nW/nW,0.675,25,SS,saed05rvt_base_ss0p675v25c
priority_encoder_8to3,300,0.8,0.5,15,0,0.185472,10,1.4542,1.0550,uW/nW,0.675,25,SS,saed05rvt_base_ss0p675v25c
priority_encoder_8to3,300,0.5,0.3,15,0,0.185472,10,1.0780,1.2104,uW/nW,0.675,25,SS,saed05rvt_base_ss0p675v25c
priority_encoder_8to3,300,0.5,0.7,15,0,0.185472,10,799.2529,860.8550,nW/pW,0.675,25,SS,saed05rvt_base_ss0p675v25c
priority_encoder_8to3,450,0.1,0.5,15,0,0.185472,10,267.2853,1.0100,nW/nW,0.675,25,SS,saed05rvt_base_ss0p675v25c
priority_encoder_8to3,450,0.5,0.5,15,0,0.185472,10,1.0518,1.0100,uW/nW,0.675,25,SS,saed05rvt_base_ss0p675v25c
priority_encoder_8to3,450,0.3,0.5,15,0,0.185472,10,699.6288,1.0104,nW/nW,0.675,25,SS,saed05rvt_base_ss0p675v25c
priority_encoder_8to3,450,0.8,0.5,15,0,0.185472,10,1.4729,1.0111,uW/nW,0.675,25,SS,saed05rvt_base_ss0p675v25c
priority_encoder_8to3,450,0.5,0.3,15,0,0.185472,10,1.4447,1.2841,uW/nW,0.675,25,SS,saed05rvt_base_ss0p675v25c
priority_encoder_8to3,450,0.5,0.7,15,0,0.185472,10,834.1648,834.8961,nW/pW,0.675,25,SS,saed05rvt_base_ss0p675v25c
priority_encoder_8to3,600,0.1,0.5,15,0,0.185472,10,267.0657,1.0103,nW/nW,0.675,25,SS,saed05rvt_base_ss0p675v25c
priority_encoder_8to3,600,0.5,0.5,15,0,0.185472,10,1.1182,1.0104,uW/nW,0.675,25,SS,saed05rvt_base_ss0p675v25c
priority_encoder_8to3,600,0.3,0.5,15,0,0.185472,10,729.7962,1.0110,nW/nW,0.675,25,SS,saed05rvt_base_ss0p675v25c
priority_encoder_8to3,600,0.8,0.5,15,0,0.185472,10,1.6023,1.0102,uW/nW,0.675,25,SS,saed05rvt_base_ss0p675v25c
priority_encoder_8to3,600,0.5,0.3,15,0,0.185472,10,1.5733,1.2837,uW/nW,0.675,25,SS,saed05rvt_base_ss0p675v25c
priority_encoder_8to3,600,0.5,0.7,15,0,0.185472,10,873.3610,834.7249,nW/pW,0.675,25,SS,saed05rvt_base_ss0p675v25c
priority_encoder_8to3,750,0.1,0.5,15,0,0.185472,10,270.6050,1.0082,nW/nW,0.675,25,SS,saed05rvt_base_ss0p675v25c
priority_encoder_8to3,750,0.5,0.5,15,0,0.185472,10,1.1660,1.0104,uW/nW,0.675,25,SS,saed05rvt_base_ss0p675v25c
priority_encoder_8to3,750,0.3,0.5,15,0,0.185472,10,750.7108,1.0094,nW/nW,0.675,25,SS,saed05rvt_base_ss0p675v25c
priority_encoder_8to3,750,0.8,0.5,15,0,0.185472,10,1.6964,1.0105,uW/nW,0.675,25,SS,saed05rvt_base_ss0p675v25c
priority_encoder_8to3,750,0.5,0.3,15,0,0.185472,10,1.6510,1.2835,uW/nW,0.675,25,SS,saed05rvt_base_ss0p675v25c
priority_encoder_8to3,750,0.5,0.7,15,0,0.185472,10,900.1143,835.3188,nW/pW,0.675,25,SS,saed05rvt_base_ss0p675v25c
priority_encoder_8to3,900,0.1,0.5,15,0,0.185472,10,272.7936,1.0113,nW/nW,0.675,25,SS,saed05rvt_base_ss0p675v25c
priority_encoder_8to3,900,0.5,0.5,15,0,0.185472,10,1.2064,1.0103,uW/nW,0.675,25,SS,saed05rvt_base_ss0p675v25c
priority_encoder_8to3,900,0.3,0.5,15,0,0.185472,10,765.0546,1.0100,nW/nW,0.675,25,SS,saed05rvt_base_ss0p675v25c
priority_encoder_8to3,900,0.8,0.5,15,0,0.185472,10,1.7696,1.0098,uW/nW,0.675,25,SS,saed05rvt_base_ss0p675v25c
priority_encoder_8to3,900,0.5,0.3,15,0,0.185472,10,1.7098,1.2820,uW/nW,0.675,25,SS,saed05rvt_base_ss0p675v25c
priority_encoder_8to3,900,0.5,0.7,15,0,0.185472,10,921.1310,834.8232,nW/pW,0.675,25,SS,saed05rvt_base_ss0p675v25c
priority_encoder_8to3,1000,0.1,0.5,15,0,0.185472,10,276.7116,1.0086,nW/nW,0.675,25,SS,saed05rvt_base_ss0p675v25c
priority_encoder_8to3,1000,0.5,0.5,15,0,0.185472,10,1.2163,1.0110,uW/nW,0.675,25,SS,saed05rvt_base_ss0p675v25c
priority_encoder_8to3,1000,0.3,0.5,15,0,0.185472,10,775.7377,1.0118,nW/nW,0.675,25,SS,saed05rvt_base_ss0p675v25c
priority_encoder_8to3,1000,0.8,0.5,15,0,0.185472,10,1.8060,1.0115,uW/nW,0.675,25,SS,saed05rvt_base_ss0p675v25c
priority_encoder_8to3,1000,0.5,0.3,15,0,0.185472,10,1.7434,1.2824,uW/nW,0.675,25,SS,saed05rvt_base_ss0p675v25c
priority_encoder_8to3,1000,0.5,0.7,15,0,0.185472,10,934.3502,835.1933,nW/pW,0.675,25,SS,saed05rvt_base_ss0p675v25c
shift_reg_16bit,10,0.1,0.5,16,16,1.999872,1,806.9137,6.2099,nW/nW,0.60,25,TT,saed05rvt_base_tt0p60v25c
shift_reg_16bit,10,0.5,0.5,16,16,1.999872,1,3.9770,6.2099,uW/nW,0.60,25,TT,saed05rvt_base_tt0p60v25c
shift_reg_16bit,10,0.3,0.5,16,16,1.999872,1,2.3919,6.2099,uW/nW,0.60,25,TT,saed05rvt_base_tt0p60v25c
shift_reg_16bit,10,0.8,0.5,16,16,1.999872,1,6.3545,6.2099,uW/nW,0.60,25,TT,saed05rvt_base_tt0p60v25c
shift_reg_16bit,10,0.5,0.3,16,16,1.999872,1,4.0211,6.1172,uW/nW,0.60,25,TT,saed05rvt_base_tt0p60v25c
shift_reg_16bit,10,0.5,0.7,16,16,1.999872,1,3.9103,6.3610,uW/nW,0.60,25,TT,saed05rvt_base_tt0p60v25c
shift_reg_16bit,50,0.1,0.5,16,16,1.999872,1,864.5226,6.2099,nW/nW,0.60,25,TT,saed05rvt_base_tt0p60v25c
shift_reg_16bit,50,0.5,0.5,16,16,1.999872,1,4.0346,6.2099,uW/nW,0.60,25,TT,saed05rvt_base_tt0p60v25c
shift_reg_16bit,50,0.3,0.5,16,16,1.999872,1,2.4495,6.2099,uW/nW,0.60,25,TT,saed05rvt_base_tt0p60v25c
shift_reg_16bit,50,0.8,0.5,16,16,1.999872,1,6.4121,6.2099,uW/nW,0.60,25,TT,saed05rvt_base_tt0p60v25c
shift_reg_16bit,50,0.5,0.3,16,16,1.999872,1,4.0843,6.1172,uW/nW,0.60,25,TT,saed05rvt_base_tt0p60v25c
shift_reg_16bit,50,0.5,0.7,16,16,1.999872,1,3.9611,6.3610,uW/nW,0.60,25,TT,saed05rvt_base_tt0p60v25c
shift_reg_16bit,100,0.1,0.5,16,16,1.999872,1,801.2518,6.1621,nW/nW,0.60,25,TT,saed05rvt_base_tt0p60v25c
shift_reg_16bit,100,0.5,0.5,16,16,1.999872,1,4.1066,6.2099,uW/nW,0.60,25,TT,saed05rvt_base_tt0p60v25c
shift_reg_16bit,100,0.3,0.5,16,16,1.999872,1,2.5216,6.2099,uW/nW,0.60,25,TT,saed05rvt_base_tt0p60v25c
shift_reg_16bit,100,0.8,0.5,16,16,1.999872,1,6.4841,6.2099,uW/nW,0.60,25,TT,saed05rvt_base_tt0p60v25c
shift_reg_16bit,100,0.5,0.3,16,16,1.999872,1,4.1632,6.1172,uW/nW,0.60,25,TT,saed05rvt_base_tt0p60v25c
shift_reg_16bit,100,0.5,0.7,16,16,1.999872,1,4.0246,6.3610,uW/nW,0.60,25,TT,saed05rvt_base_tt0p60v25c
shift_reg_16bit,200,0.1,0.5,16,16,1.999872,1,801.5659,6.1616,nW/nW,0.60,25,TT,saed05rvt_base_tt0p60v25c
shift_reg_16bit,200,0.5,0.5,16,16,1.999872,1,4.2506,6.2099,uW/nW,0.60,25,TT,saed05rvt_base_tt0p60v25c
shift_reg_16bit,200,0.3,0.5,16,16,1.999872,1,2.4002,6.1618,uW/nW,0.60,25,TT,saed05rvt_base_tt0p60v25c
shift_reg_16bit,200,0.8,0.5,16,16,1.999872,1,6.6281,6.2099,uW/nW,0.60,25,TT,saed05rvt_base_tt0p60v25c
shift_reg_16bit,200,0.5,0.3,16,16,1.999872,1,4.3210,6.1172,uW/nW,0.60,25,TT,saed05rvt_base_tt0p60v25c
shift_reg_16bit,200,0.5,0.7,16,16,1.999872,1,4.1517,6.3610,uW/nW,0.60,25,TT,saed05rvt_base_tt0p60v25c
shift_reg_16bit,300,0.1,0.5,16,16,1.999872,1,803.0479,6.1628,nW/nW,0.60,25,TT,saed05rvt_base_tt0p60v25c
shift_reg_16bit,300,0.5,0.5,16,16,1.999872,1,4.0049,6.1625,uW/nW,0.60,25,TT,saed05rvt_base_tt0p60v25c
shift_reg_16bit,300,0.3,0.5,16,16,1.999872,1,2.4038,6.1621,uW/nW,0.60,25,TT,saed05rvt_base_tt0p60v25c
shift_reg_16bit,300,0.8,0.5,16,16,1.999872,1,6.7722,6.2099,uW/nW,0.60,25,TT,saed05rvt_base_tt0p60v25c
shift_reg_16bit,300,0.5,0.3,16,16,1.999872,1,3.9666,6.0612,uW/nW,0.60,25,TT,saed05rvt_base_tt0p60v25c
shift_reg_16bit,300,0.5,0.7,16,16,1.999872,1,3.9930,6.3268,uW/nW,0.60,25,TT,saed05rvt_base_tt0p60v25c
shift_reg_16bit,450,0.1,0.5,16,16,1.999872,1,802.1520,6.1621,nW/nW,0.60,25,TT,saed05rvt_base_tt0p60v25c
shift_reg_16bit,450,0.5,0.5,16,16,1.999872,1,4.0077,6.1623,uW/nW,0.60,25,TT,saed05rvt_base_tt0p60v25c
shift_reg_16bit,450,0.3,0.5,16,16,1.999872,1,2.4073,6.1623,uW/nW,0.60,25,TT,saed05rvt_base_tt0p60v25c
shift_reg_16bit,450,0.8,0.5,16,16,1.999872,1,6.4005,6.1618,uW/nW,0.60,25,TT,saed05rvt_base_tt0p60v25c
shift_reg_16bit,450,0.5,0.3,16,16,1.999872,1,3.9485,6.0581,uW/nW,0.60,25,TT,saed05rvt_base_tt0p60v25c
shift_reg_16bit,450,0.5,0.7,16,16,1.999872,1,4.0581,6.3404,uW/nW,0.60,25,TT,saed05rvt_base_tt0p60v25c
shift_reg_16bit,600,0.1,0.5,16,16,1.999872,1,804.4858,6.1635,nW/nW,0.60,25,TT,saed05rvt_base_tt0p60v25c
shift_reg_16bit,600,0.5,0.5,16,16,1.999872,1,4.0098,6.1621,uW/nW,0.60,25,TT,saed05rvt_base_tt0p60v25c
shift_reg_16bit,600,0.3,0.5,16,16,1.999872,1,2.4047,6.1616,uW/nW,0.60,25,TT,saed05rvt_base_tt0p60v25c
shift_reg_16bit,600,0.8,0.5,16,16,1.999872,1,6.4087,6.1623,uW/nW,0.60,25,TT,saed05rvt_base_tt0p60v25c
shift_reg_16bit,600,0.5,0.3,16,16,1.999872,1,3.9498,6.0582,uW/nW,0.60,25,TT,saed05rvt_base_tt0p60v25c
shift_reg_16bit,600,0.5,0.7,16,16,1.999872,1,4.0651,6.3407,uW/nW,0.60,25,TT,saed05rvt_base_tt0p60v25c
shift_reg_16bit,750,0.1,0.5,16,16,1.999872,1,804.1396,6.1636,nW/nW,0.60,25,TT,saed05rvt_base_tt0p60v25c
shift_reg_16bit,750,0.5,0.5,16,16,1.999872,1,4.0122,6.1623,uW/nW,0.60,25,TT,saed05rvt_base_tt0p60v25c
shift_reg_16bit,750,0.3,0.5,16,16,1.999872,1,2.4067,6.1624,uW/nW,0.60,25,TT,saed05rvt_base_tt0p60v25c
shift_reg_16bit,750,0.8,0.5,16,16,1.999872,1,6.4121,6.1622,uW/nW,0.60,25,TT,saed05rvt_base_tt0p60v25c
shift_reg_16bit,750,0.5,0.3,16,16,1.999872,1,3.9486,6.0579,uW/nW,0.60,25,TT,saed05rvt_base_tt0p60v25c
shift_reg_16bit,750,0.5,0.7,16,16,1.999872,1,4.0627,6.3403,uW/nW,0.60,25,TT,saed05rvt_base_tt0p60v25c
shift_reg_16bit,900,0.1,0.5,16,16,1.999872,1,803.7837,6.1633,nW/nW,0.60,25,TT,saed05rvt_base_tt0p60v25c
shift_reg_16bit,900,0.5,0.5,16,16,1.999872,1,4.0111,6.1620,uW/nW,0.60,25,TT,saed05rvt_base_tt0p60v25c
shift_reg_16bit,900,0.3,0.5,16,16,1.999872,1,2.4091,6.1628,uW/nW,0.60,25,TT,saed05rvt_base_tt0p60v25c
shift_reg_16bit,900,0.8,0.5,16,16,1.999872,1,6.4129,6.1620,uW/nW,0.60,25,TT,saed05rvt_base_tt0p60v25c
shift_reg_16bit,900,0.5,0.3,16,16,1.999872,1,3.9520,6.0582,uW/nW,0.60,25,TT,saed05rvt_base_tt0p60v25c
shift_reg_16bit,900,0.5,0.7,16,16,1.999872,1,4.0700,6.3420,uW/nW,0.60,25,TT,saed05rvt_base_tt0p60v25c
shift_reg_16bit,1000,0.1,0.5,16,16,1.999872,1,804.6839,6.1624,nW/nW,0.60,25,TT,saed05rvt_base_tt0p60v25c
shift_reg_16bit,1000,0.5,0.5,16,16,1.999872,1,4.0078,6.1616,uW/nW,0.60,25,TT,saed05rvt_base_tt0p60v25c
shift_reg_16bit,1000,0.3,0.5,16,16,1.999872,1,2.4152,6.1646,uW/nW,0.60,25,TT,saed05rvt_base_tt0p60v25c
shift_reg_16bit,1000,0.8,0.5,16,16,1.999872,1,6.4118,6.1617,uW/nW,0.60,25,TT,saed05rvt_base_tt0p60v25c
shift_reg_16bit,1000,0.5,0.3,16,16,1.999872,1,3.9510,6.0581,uW/nW,0.60,25,TT,saed05rvt_base_tt0p60v25c
shift_reg_16bit,1000,0.5,0.7,16,16,1.999872,1,4.0682,6.3412,uW/nW,0.60,25,TT,saed05rvt_base_tt0p60v25c
shift_reg_16bit,10,0.1,0.5,16,16,1.999872,1,816.5797,658.2360,nW/nW,0.60,125,TT,saed05rvt_base_tt0p60v125c
shift_reg_16bit,10,0.5,0.5,16,16,1.999872,1,4.0275,658.2360,uW/nW,0.60,125,TT,saed05rvt_base_tt0p60v125c
shift_reg_16bit,10,0.3,0.5,16,16,1.999872,1,2.4220,658.2360,uW/nW,0.60,125,TT,saed05rvt_base_tt0p60v125c
shift_reg_16bit,10,0.8,0.5,16,16,1.999872,1,6.4357,658.2360,uW/nW,0.60,125,TT,saed05rvt_base_tt0p60v125c
shift_reg_16bit,10,0.5,0.3,16,16,1.999872,1,4.0723,663.9420,uW/nW,0.60,125,TT,saed05rvt_base_tt0p60v125c
shift_reg_16bit,10,0.5,0.7,16,16,1.999872,1,3.9599,658.3093,uW/nW,0.60,125,TT,saed05rvt_base_tt0p60v125c
shift_reg_16bit,50,0.1,0.5,16,16,1.999872,1,871.9764,658.2360,nW/nW,0.60,125,TT,saed05rvt_base_tt0p60v125c
shift_reg_16bit,50,0.5,0.5,16,16,1.999872,1,4.0829,658.2360,uW/nW,0.60,125,TT,saed05rvt_base_tt0p60v125c
shift_reg_16bit,50,0.3,0.5,16,16,1.999872,1,2.4774,658.2360,uW/nW,0.60,125,TT,saed05rvt_base_tt0p60v125c
shift_reg_16bit,50,0.8,0.5,16,16,1.999872,1,6.4911,658.2360,uW/nW,0.60,125,TT,saed05rvt_base_tt0p60v125c
shift_reg_16bit,50,0.5,0.3,16,16,1.999872,1,4.1329,663.9420,uW/nW,0.60,125,TT,saed05rvt_base_tt0p60v125c
shift_reg_16bit,50,0.5,0.7,16,16,1.999872,1,4.0084,658.3093,uW/nW,0.60,125,TT,saed05rvt_base_tt0p60v125c
shift_reg_16bit,100,0.1,0.5,16,16,1.999872,1,809.9817,651.7505,nW/nW,0.60,125,TT,saed05rvt_base_tt0p60v125c
shift_reg_16bit,100,0.5,0.5,16,16,1.999872,1,4.1521,658.2360,uW/nW,0.60,125,TT,saed05rvt_base_tt0p60v125c
shift_reg_16bit,100,0.3,0.5,16,16,1.999872,1,2.5467,658.2360,uW/nW,0.60,125,TT,saed05rvt_base_tt0p60v125c
shift_reg_16bit,100,0.8,0.5,16,16,1.999872,1,6.5603,658.2360,uW/nW,0.60,125,TT,saed05rvt_base_tt0p60v125c
shift_reg_16bit,100,0.5,0.3,16,16,1.999872,1,4.2088,663.9420,uW/nW,0.60,125,TT,saed05rvt_base_tt0p60v125c
shift_reg_16bit,100,0.5,0.7,16,16,1.999872,1,4.0691,658.3093,uW/nW,0.60,125,TT,saed05rvt_base_tt0p60v125c
shift_reg_16bit,200,0.1,0.5,16,16,1.999872,1,810.2974,651.6797,nW/nW,0.60,125,TT,saed05rvt_base_tt0p60v125c
shift_reg_16bit,200,0.5,0.5,16,16,1.999872,1,4.2906,658.2360,uW/nW,0.60,125,TT,saed05rvt_base_tt0p60v125c
shift_reg_16bit,200,0.3,0.5,16,16,1.999872,1,2.4264,651.7070,uW/nW,0.60,125,TT,saed05rvt_base_tt0p60v125c
shift_reg_16bit,200,0.8,0.5,16,16,1.999872,1,6.6988,658.2360,uW/nW,0.60,125,TT,saed05rvt_base_tt0p60v125c
shift_reg_16bit,200,0.5,0.3,16,16,1.999872,1,4.3605,663.9420,uW/nW,0.60,125,TT,saed05rvt_base_tt0p60v125c
shift_reg_16bit,200,0.5,0.7,16,16,1.999872,1,4.1904,658.3093,uW/nW,0.60,125,TT,saed05rvt_base_tt0p60v125c
shift_reg_16bit,300,0.1,0.5,16,16,1.999872,1,811.7730,651.8376,nW/nW,0.60,125,TT,saed05rvt_base_tt0p60v125c
shift_reg_16bit,300,0.5,0.5,16,16,1.999872,1,4.0485,651.8027,uW/nW,0.60,125,TT,saed05rvt_base_tt0p60v125c
shift_reg_16bit,300,0.3,0.5,16,16,1.999872,1,2.4299,651.7505,uW/nW,0.60,125,TT,saed05rvt_base_tt0p60v125c
shift_reg_16bit,300,0.8,0.5,16,16,1.999872,1,6.8373,658.2360,uW/nW,0.60,125,TT,saed05rvt_base_tt0p60v125c
shift_reg_16bit,300,0.5,0.3,16,16,1.999872,1,4.0101,656.8690,uW/nW,0.60,125,TT,saed05rvt_base_tt0p60v125c
shift_reg_16bit,300,0.5,0.7,16,16,1.999872,1,4.0366,653.2119,uW/nW,0.60,125,TT,saed05rvt_base_tt0p60v125c
shift_reg_16bit,450,0.1,0.5,16,16,1.999872,1,810.8949,651.7415,nW/nW,0.60,125,TT,saed05rvt_base_tt0p60v125c
shift_reg_16bit,450,0.5,0.5,16,16,1.999872,1,4.0513,651.7701,uW/nW,0.60,125,TT,saed05rvt_base_tt0p60v125c
shift_reg_16bit,450,0.3,0.5,16,16,1.999872,1,2.4334,651.7764,uW/nW,0.60,125,TT,saed05rvt_base_tt0p60v125c
shift_reg_16bit,450,0.8,0.5,16,16,1.999872,1,6.4703,651.7054,uW/nW,0.60,125,TT,saed05rvt_base_tt0p60v125c
shift_reg_16bit,450,0.5,0.3,16,16,1.999872,1,3.9922,656.4855,uW/nW,0.60,125,TT,saed05rvt_base_tt0p60v125c
shift_reg_16bit,450,0.5,0.7,16,16,1.999872,1,4.1008,655.2391,uW/nW,0.60,125,TT,saed05rvt_base_tt0p60v125c
shift_reg_16bit,600,0.1,0.5,16,16,1.999872,1,813.2007,651.9346,nW/nW,0.60,125,TT,saed05rvt_base_tt0p60v125c
shift_reg_16bit,600,0.5,0.5,16,16,1.999872,1,4.0533,651.7441,uW/nW,0.60,125,TT,saed05rvt_base_tt0p60v125c
shift_reg_16bit,600,0.3,0.5,16,16,1.999872,1,2.4309,651.6797,uW/nW,0.60,125,TT,saed05rvt_base_tt0p60v125c
shift_reg_16bit,600,0.8,0.5,16,16,1.999872,1,6.4785,651.7733,uW/nW,0.60,125,TT,saed05rvt_base_tt0p60v125c
shift_reg_16bit,600,0.5,0.3,16,16,1.999872,1,3.9935,656.4938,uW/nW,0.60,125,TT,saed05rvt_base_tt0p60v125c
shift_reg_16bit,600,0.5,0.7,16,16,1.999872,1,4.1078,655.2916,uW/nW,0.60,125,TT,saed05rvt_base_tt0p60v125c
shift_reg_16bit,750,0.1,0.5,16,16,1.999872,1,812.8558,651.9474,nW/nW,0.60,125,TT,saed05rvt_base_tt0p60v125c
shift_reg_16bit,750,0.5,0.5,16,16,1.999872,1,4.0557,651.7764,uW/nW,0.60,125,TT,saed05rvt_base_tt0p60v125c
shift_reg_16bit,750,0.3,0.5,16,16,1.999872,1,2.4329,651.7908,uW/nW,0.60,125,TT,saed05rvt_base_tt0p60v125c
shift_reg_16bit,750,0.8,0.5,16,16,1.999872,1,6.4819,651.7637,uW/nW,0.60,125,TT,saed05rvt_base_tt0p60v125c
shift_reg_16bit,750,0.5,0.3,16,16,1.999872,1,3.9923,656.4609,uW/nW,0.60,125,TT,saed05rvt_base_tt0p60v125c
shift_reg_16bit,750,0.5,0.7,16,16,1.999872,1,4.1056,655.2332,uW/nW,0.60,125,TT,saed05rvt_base_tt0p60v125c
shift_reg_16bit,900,0.1,0.5,16,16,1.999872,1,812.5211,651.9071,nW/nW,0.60,125,TT,saed05rvt_base_tt0p60v125c
shift_reg_16bit,900,0.5,0.5,16,16,1.999872,1,4.0546,651.7271,uW/nW,0.60,125,TT,saed05rvt_base_tt0p60v125c
shift_reg_16bit,900,0.3,0.5,16,16,1.999872,1,2.4353,651.8376,uW/nW,0.60,125,TT,saed05rvt_base_tt0p60v125c
shift_reg_16bit,900,0.8,0.5,16,16,1.999872,1,6.4827,651.7357,uW/nW,0.60,125,TT,saed05rvt_base_tt0p60v125c
shift_reg_16bit,900,0.5,0.3,16,16,1.999872,1,3.9957,656.4929,uW/nW,0.60,125,TT,saed05rvt_base_tt0p60v125c
shift_reg_16bit,900,0.5,0.7,16,16,1.999872,1,4.1129,655.4719,uW/nW,0.60,125,TT,saed05rvt_base_tt0p60v125c
shift_reg_16bit,1000,0.1,0.5,16,16,1.999872,1,813.3491,651.7815,nW/nW,0.60,125,TT,saed05rvt_base_tt0p60v125c
shift_reg_16bit,1000,0.5,0.5,16,16,1.999872,1,4.0515,651.6797,uW/nW,0.60,125,TT,saed05rvt_base_tt0p60v125c
shift_reg_16bit,1000,0.3,0.5,16,16,1.999872,1,2.4413,652.0873,uW/nW,0.60,125,TT,saed05rvt_base_tt0p60v125c
shift_reg_16bit,1000,0.8,0.5,16,16,1.999872,1,6.4816,651.6930,uW/nW,0.60,125,TT,saed05rvt_base_tt0p60v125c
shift_reg_16bit,1000,0.5,0.3,16,16,1.999872,1,3.9947,656.4838,uW/nW,0.60,125,TT,saed05rvt_base_tt0p60v125c
shift_reg_16bit,1000,0.5,0.7,16,16,1.999872,1,4.1111,655.3647,uW/nW,0.60,125,TT,saed05rvt_base_tt0p60v125c
shift_reg_16bit,10,0.1,0.5,16,16,1.999872,1,1.3019,1.6453,uW/uW,0.75,125,TT,saed05rvt_base_tt0p75v125c
shift_reg_16bit,10,0.5,0.5,16,16,1.999872,1,6.4247,1.6453,uW/uW,0.75,125,TT,saed05rvt_base_tt0p75v125c
shift_reg_16bit,10,0.3,0.5,16,16,1.999872,1,3.8633,1.6453,uW/uW,0.75,125,TT,saed05rvt_base_tt0p75v125c
shift_reg_16bit,10,0.8,0.5,16,16,1.999872,1,10.2668,1.6453,uW/uW,0.75,125,TT,saed05rvt_base_tt0p75v125c
shift_reg_16bit,10,0.5,0.3,16,16,1.999872,1,6.4984,1.6624,uW/uW,0.75,125,TT,saed05rvt_base_tt0p75v125c
shift_reg_16bit,10,0.5,0.7,16,16,1.999872,1,6.3127,1.6434,uW/uW,0.75,125,TT,saed05rvt_base_tt0p75v125c
shift_reg_16bit,50,0.1,0.5,16,16,1.999872,1,1.3870,1.6453,uW/uW,0.75,125,TT,saed05rvt_base_tt0p75v125c
shift_reg_16bit,50,0.5,0.5,16,16,1.999872,1,6.5097,1.6453,uW/uW,0.75,125,TT,saed05rvt_base_tt0p75v125c
shift_reg_16bit,50,0.3,0.5,16,16,1.999872,1,3.9483,1.6453,uW/uW,0.75,125,TT,saed05rvt_base_tt0p75v125c
shift_reg_16bit,50,0.8,0.5,16,16,1.999872,1,10.3518,1.6453,uW/uW,0.75,125,TT,saed05rvt_base_tt0p75v125c
shift_reg_16bit,50,0.5,0.3,16,16,1.999872,1,6.5920,1.6624,uW/uW,0.75,125,TT,saed05rvt_base_tt0p75v125c
shift_reg_16bit,50,0.5,0.7,16,16,1.999872,1,6.3867,1.6434,uW/uW,0.75,125,TT,saed05rvt_base_tt0p75v125c
shift_reg_16bit,100,0.1,0.5,16,16,1.999872,1,1.2901,1.6290,uW/uW,0.75,125,TT,saed05rvt_base_tt0p75v125c
shift_reg_16bit,100,0.5,0.5,16,16,1.999872,1,6.6160,1.6453,uW/uW,0.75,125,TT,saed05rvt_base_tt0p75v125c
shift_reg_16bit,100,0.3,0.5,16,16,1.999872,1,4.0546,1.6453,uW/uW,0.75,125,TT,saed05rvt_base_tt0p75v125c
shift_reg_16bit,100,0.8,0.5,16,16,1.999872,1,10.4581,1.6453,uW/uW,0.75,125,TT,saed05rvt_base_tt0p75v125c
shift_reg_16bit,100,0.5,0.3,16,16,1.999872,1,6.7091,1.6624,uW/uW,0.75,125,TT,saed05rvt_base_tt0p75v125c
shift_reg_16bit,100,0.5,0.7,16,16,1.999872,1,6.4791,1.6434,uW/uW,0.75,125,TT,saed05rvt_base_tt0p75v125c
shift_reg_16bit,200,0.1,0.5,16,16,1.999872,1,1.2906,1.6288,uW/uW,0.75,125,TT,saed05rvt_base_tt0p75v125c
shift_reg_16bit,200,0.5,0.5,16,16,1.999872,1,6.8286,1.6453,uW/uW,0.75,125,TT,saed05rvt_base_tt0p75v125c
shift_reg_16bit,200,0.3,0.5,16,16,1.999872,1,3.8649,1.6288,uW/uW,0.75,125,TT,saed05rvt_base_tt0p75v125c
shift_reg_16bit,200,0.8,0.5,16,16,1.999872,1,10.6706,1.6453,uW/uW,0.75,125,TT,saed05rvt_base_tt0p75v125c
shift_reg_16bit,200,0.5,0.3,16,16,1.999872,1,6.9433,1.6624,uW/uW,0.75,125,TT,saed05rvt_base_tt0p75v125c
shift_reg_16bit,200,0.5,0.7,16,16,1.999872,1,6.6640,1.6434,uW/uW,0.75,125,TT,saed05rvt_base_tt0p75v125c
shift_reg_16bit,300,0.1,0.5,16,16,1.999872,1,1.2929,1.6292,uW/uW,0.75,125,TT,saed05rvt_base_tt0p75v125c
shift_reg_16bit,300,0.5,0.5,16,16,1.999872,1,6.4483,1.6291,uW/uW,0.75,125,TT,saed05rvt_base_tt0p75v125c
shift_reg_16bit,300,0.3,0.5,16,16,1.999872,1,3.8703,1.6290,uW/uW,0.75,125,TT,saed05rvt_base_tt0p75v125c
shift_reg_16bit,300,0.8,0.5,16,16,1.999872,1,10.8832,1.6453,uW/uW,0.75,125,TT,saed05rvt_base_tt0p75v125c
shift_reg_16bit,300,0.5,0.3,16,16,1.999872,1,6.3886,1.6447,uW/uW,0.75,125,TT,saed05rvt_base_tt0p75v125c
shift_reg_16bit,300,0.5,0.7,16,16,1.999872,1,6.4260,1.6305,uW/uW,0.75,125,TT,saed05rvt_base_tt0p75v125c
shift_reg_16bit,450,0.1,0.5,16,16,1.999872,1,1.2915,1.6289,uW/uW,0.75,125,TT,saed05rvt_base_tt0p75v125c
shift_reg_16bit,450,0.5,0.5,16,16,1.999872,1,6.4527,1.6290,uW/uW,0.75,125,TT,saed05rvt_base_tt0p75v125c
shift_reg_16bit,450,0.3,0.5,16,16,1.999872,1,3.8757,1.6290,uW/uW,0.75,125,TT,saed05rvt_base_tt0p75v125c
shift_reg_16bit,450,0.8,0.5,16,16,1.999872,1,10.3060,1.6288,uW/uW,0.75,125,TT,saed05rvt_base_tt0p75v125c
shift_reg_16bit,450,0.5,0.3,16,16,1.999872,1,6.3602,1.6438,uW/uW,0.75,125,TT,saed05rvt_base_tt0p75v125c
shift_reg_16bit,450,0.5,0.7,16,16,1.999872,1,6.5255,1.6356,uW/uW,0.75,125,TT,saed05rvt_base_tt0p75v125c
shift_reg_16bit,600,0.1,0.5,16,16,1.999872,1,1.2951,1.6294,uW/uW,0.75,125,TT,saed05rvt_base_tt0p75v125c
shift_reg_16bit,600,0.5,0.5,16,16,1.999872,1,6.4558,1.6289,uW/uW,0.75,125,TT,saed05rvt_base_tt0p75v125c
shift_reg_16bit,600,0.3,0.5,16,16,1.999872,1,3.8717,1.6288,uW/uW,0.75,125,TT,saed05rvt_base_tt0p75v125c
shift_reg_16bit,600,0.8,0.5,16,16,1.999872,1,10.3187,1.6290,uW/uW,0.75,125,TT,saed05rvt_base_tt0p75v125c
shift_reg_16bit,600,0.5,0.3,16,16,1.999872,1,6.3623,1.6438,uW/uW,0.75,125,TT,saed05rvt_base_tt0p75v125c
shift_reg_16bit,600,0.5,0.7,16,16,1.999872,1,6.5363,1.6357,uW/uW,0.75,125,TT,saed05rvt_base_tt0p75v125c
shift_reg_16bit,750,0.1,0.5,16,16,1.999872,1,1.2946,1.6295,uW/uW,0.75,125,TT,saed05rvt_base_tt0p75v125c
shift_reg_16bit,750,0.5,0.5,16,16,1.999872,1,6.4595,1.6290,uW/uW,0.75,125,TT,saed05rvt_base_tt0p75v125c
shift_reg_16bit,750,0.3,0.5,16,16,1.999872,1,3.8749,1.6291,uW/uW,0.75,125,TT,saed05rvt_base_tt0p75v125c
shift_reg_16bit,750,0.8,0.5,16,16,1.999872,1,10.3239,1.6290,uW/uW,0.75,125,TT,saed05rvt_base_tt0p75v125c
shift_reg_16bit,750,0.5,0.3,16,16,1.999872,1,6.3603,1.6437,uW/uW,0.75,125,TT,saed05rvt_base_tt0p75v125c
shift_reg_16bit,750,0.5,0.7,16,16,1.999872,1,6.5328,1.6356,uW/uW,0.75,125,TT,saed05rvt_base_tt0p75v125c
shift_reg_16bit,900,0.1,0.5,16,16,1.999872,1,1.2941,1.6293,uW/uW,0.75,125,TT,saed05rvt_base_tt0p75v125c
shift_reg_16bit,900,0.5,0.5,16,16,1.999872,1,6.4578,1.6289,uW/uW,0.75,125,TT,saed05rvt_base_tt0p75v125c
shift_reg_16bit,900,0.3,0.5,16,16,1.999872,1,3.8786,1.6292,uW/uW,0.75,125,TT,saed05rvt_base_tt0p75v125c
shift_reg_16bit,900,0.8,0.5,16,16,1.999872,1,10.3251,1.6289,uW/uW,0.75,125,TT,saed05rvt_base_tt0p75v125c
shift_reg_16bit,900,0.5,0.3,16,16,1.999872,1,6.3656,1.6438,uW/uW,0.75,125,TT,saed05rvt_base_tt0p75v125c
shift_reg_16bit,900,0.5,0.7,16,16,1.999872,1,6.5442,1.6362,uW/uW,0.75,125,TT,saed05rvt_base_tt0p75v125c
shift_reg_16bit,1000,0.1,0.5,16,16,1.999872,1,1.2953,1.6290,uW/uW,0.75,125,TT,saed05rvt_base_tt0p75v125c
shift_reg_16bit,1000,0.5,0.5,16,16,1.999872,1,6.4529,1.6288,uW/uW,0.75,125,TT,saed05rvt_base_tt0p75v125c
shift_reg_16bit,1000,0.3,0.5,16,16,1.999872,1,3.8881,1.6298,uW/uW,0.75,125,TT,saed05rvt_base_tt0p75v125c
shift_reg_16bit,1000,0.8,0.5,16,16,1.999872,1,10.3234,1.6288,uW/uW,0.75,125,TT,saed05rvt_base_tt0p75v125c
shift_reg_16bit,1000,0.5,0.3,16,16,1.999872,1,6.3640,1.6438,uW/uW,0.75,125,TT,saed05rvt_base_tt0p75v125c
shift_reg_16bit,1000,0.5,0.7,16,16,1.999872,1,6.5415,1.6359,uW/uW,0.75,125,TT,saed05rvt_base_tt0p75v125c
shift_reg_16bit,10,0.1,0.5,16,16,1.999872,1,1.2809,19.7271,uW/nW,0.75,25,TT,saed05rvt_base_tt0p75v25c
shift_reg_16bit,10,0.5,0.5,16,16,1.999872,1,6.3144,19.7271,uW/nW,0.75,25,TT,saed05rvt_base_tt0p75v25c
shift_reg_16bit,10,0.3,0.5,16,16,1.999872,1,3.7977,19.7271,uW/nW,0.75,25,TT,saed05rvt_base_tt0p75v25c
shift_reg_16bit,10,0.8,0.5,16,16,1.999872,1,10.0896,19.7271,uW/nW,0.75,25,TT,saed05rvt_base_tt0p75v25c
shift_reg_16bit,10,0.5,0.3,16,16,1.999872,1,6.3840,19.5185,uW/nW,0.75,25,TT,saed05rvt_base_tt0p75v25c
shift_reg_16bit,10,0.5,0.7,16,16,1.999872,1,6.2069,20.1292,uW/nW,0.75,25,TT,saed05rvt_base_tt0p75v25c
shift_reg_16bit,50,0.1,0.5,16,16,1.999872,1,1.3709,19.7271,uW/nW,0.75,25,TT,saed05rvt_base_tt0p75v25c
shift_reg_16bit,50,0.5,0.5,16,16,1.999872,1,6.4044,19.7271,uW/nW,0.75,25,TT,saed05rvt_base_tt0p75v25c
shift_reg_16bit,50,0.3,0.5,16,16,1.999872,1,3.8877,19.7271,uW/nW,0.75,25,TT,saed05rvt_base_tt0p75v25c
shift_reg_16bit,50,0.8,0.5,16,16,1.999872,1,10.1796,19.7271,uW/nW,0.75,25,TT,saed05rvt_base_tt0p75v25c
shift_reg_16bit,50,0.5,0.3,16,16,1.999872,1,6.4828,19.5185,uW/nW,0.75,25,TT,saed05rvt_base_tt0p75v25c
shift_reg_16bit,50,0.5,0.7,16,16,1.999872,1,6.2861,20.1292,uW/nW,0.75,25,TT,saed05rvt_base_tt0p75v25c
shift_reg_16bit,100,0.1,0.5,16,16,1.999872,1,1.2707,19.5691,uW/nW,0.75,25,TT,saed05rvt_base_tt0p75v25c
shift_reg_16bit,100,0.5,0.5,16,16,1.999872,1,6.5170,19.7271,uW/nW,0.75,25,TT,saed05rvt_base_tt0p75v25c
shift_reg_16bit,100,0.3,0.5,16,16,1.999872,1,4.0002,19.7271,uW/nW,0.75,25,TT,saed05rvt_base_tt0p75v25c
shift_reg_16bit,100,0.8,0.5,16,16,1.999872,1,10.2921,19.7271,uW/nW,0.75,25,TT,saed05rvt_base_tt0p75v25c
shift_reg_16bit,100,0.5,0.3,16,16,1.999872,1,6.6064,19.5185,uW/nW,0.75,25,TT,saed05rvt_base_tt0p75v25c
shift_reg_16bit,100,0.5,0.7,16,16,1.999872,1,6.3851,20.1292,uW/nW,0.75,25,TT,saed05rvt_base_tt0p75v25c
shift_reg_16bit,200,0.1,0.5,16,16,1.999872,1,1.2712,19.5674,uW/nW,0.75,25,TT,saed05rvt_base_tt0p75v25c
shift_reg_16bit,200,0.5,0.5,16,16,1.999872,1,6.7420,19.7271,uW/nW,0.75,25,TT,saed05rvt_base_tt0p75v25c
shift_reg_16bit,200,0.3,0.5,16,16,1.999872,1,3.8066,19.5680,uW/nW,0.75,25,TT,saed05rvt_base_tt0p75v25c
shift_reg_16bit,200,0.8,0.5,16,16,1.999872,1,10.5171,19.7271,uW/nW,0.75,25,TT,saed05rvt_base_tt0p75v25c
shift_reg_16bit,200,0.5,0.3,16,16,1.999872,1,6.8534,19.5185,uW/nW,0.75,25,TT,saed05rvt_base_tt0p75v25c
shift_reg_16bit,200,0.5,0.7,16,16,1.999872,1,6.5831,20.1292,uW/nW,0.75,25,TT,saed05rvt_base_tt0p75v25c
shift_reg_16bit,300,0.1,0.5,16,16,1.999872,1,1.2736,19.5712,uW/nW,0.75,25,TT,saed05rvt_base_tt0p75v25c
shift_reg_16bit,300,0.5,0.5,16,16,1.999872,1,6.3516,19.5704,uW/nW,0.75,25,TT,saed05rvt_base_tt0p75v25c
shift_reg_16bit,300,0.3,0.5,16,16,1.999872,1,3.8122,19.5691,uW/nW,0.75,25,TT,saed05rvt_base_tt0p75v25c
shift_reg_16bit,300,0.8,0.5,16,16,1.999872,1,10.7421,19.7271,uW/nW,0.75,25,TT,saed05rvt_base_tt0p75v25c
shift_reg_16bit,300,0.5,0.3,16,16,1.999872,1,6.2878,19.3371,uW/nW,0.75,25,TT,saed05rvt_base_tt0p75v25c
shift_reg_16bit,300,0.5,0.7,16,16,1.999872,1,6.3330,20.0130,uW/nW,0.75,25,TT,saed05rvt_base_tt0p75v25c
shift_reg_16bit,450,0.1,0.5,16,16,1.999872,1,1.2721,19.5689,uW/nW,0.75,25,TT,saed05rvt_base_tt0p75v25c
shift_reg_16bit,450,0.5,0.5,16,16,1.999872,1,6.3560,19.5696,uW/nW,0.75,25,TT,saed05rvt_base_tt0p75v25c
shift_reg_16bit,450,0.3,0.5,16,16,1.999872,1,3.8178,19.5697,uW/nW,0.75,25,TT,saed05rvt_base_tt0p75v25c
shift_reg_16bit,450,0.8,0.5,16,16,1.999872,1,10.1509,19.5680,uW/nW,0.75,25,TT,saed05rvt_base_tt0p75v25c
shift_reg_16bit,450,0.5,0.3,16,16,1.999872,1,6.2589,19.3273,uW/nW,0.75,25,TT,saed05rvt_base_tt0p75v25c
shift_reg_16bit,450,0.5,0.7,16,16,1.999872,1,6.4356,20.0592,uW/nW,0.75,25,TT,saed05rvt_base_tt0p75v25c
shift_reg_16bit,600,0.1,0.5,16,16,1.999872,1,1.2758,19.5736,uW/nW,0.75,25,TT,saed05rvt_base_tt0p75v25c
shift_reg_16bit,600,0.5,0.5,16,16,1.999872,1,6.3592,19.5689,uW/nW,0.75,25,TT,saed05rvt_base_tt0p75v25c
shift_reg_16bit,600,0.3,0.5,16,16,1.999872,1,3.8136,19.5674,uW/nW,0.75,25,TT,saed05rvt_base_tt0p75v25c
shift_reg_16bit,600,0.8,0.5,16,16,1.999872,1,10.1639,19.5696,uW/nW,0.75,25,TT,saed05rvt_base_tt0p75v25c
shift_reg_16bit,600,0.5,0.3,16,16,1.999872,1,6.2610,19.3275,uW/nW,0.75,25,TT,saed05rvt_base_tt0p75v25c
shift_reg_16bit,600,0.5,0.7,16,16,1.999872,1,6.4466,20.0604,uW/nW,0.75,25,TT,saed05rvt_base_tt0p75v25c
shift_reg_16bit,750,0.1,0.5,16,16,1.999872,1,1.2753,19.5739,uW/nW,0.75,25,TT,saed05rvt_base_tt0p75v25c
shift_reg_16bit,750,0.5,0.5,16,16,1.999872,1,6.3629,19.5697,uW/nW,0.75,25,TT,saed05rvt_base_tt0p75v25c
shift_reg_16bit,750,0.3,0.5,16,16,1.999872,1,3.8168,19.5701,uW/nW,0.75,25,TT,saed05rvt_base_tt0p75v25c
shift_reg_16bit,750,0.8,0.5,16,16,1.999872,1,10.1692,19.5694,uW/nW,0.75,25,TT,saed05rvt_base_tt0p75v25c
shift_reg_16bit,750,0.5,0.3,16,16,1.999872,1,6.2590,19.3266,uW/nW,0.75,25,TT,saed05rvt_base_tt0p75v25c
shift_reg_16bit,750,0.5,0.7,16,16,1.999872,1,6.4428,20.0591,uW/nW,0.75,25,TT,saed05rvt_base_tt0p75v25c
shift_reg_16bit,900,0.1,0.5,16,16,1.999872,1,1.2747,19.5729,uW/nW,0.75,25,TT,saed05rvt_base_tt0p75v25c
shift_reg_16bit,900,0.5,0.5,16,16,1.999872,1,6.3611,19.5685,uW/nW,0.75,25,TT,saed05rvt_base_tt0p75v25c
shift_reg_16bit,900,0.3,0.5,16,16,1.999872,1,3.8207,19.5712,uW/nW,0.75,25,TT,saed05rvt_base_tt0p75v25c
shift_reg_16bit,900,0.8,0.5,16,16,1.999872,1,10.1704,19.5687,uW/nW,0.75,25,TT,saed05rvt_base_tt0p75v25c
shift_reg_16bit,900,0.5,0.3,16,16,1.999872,1,6.2645,19.3274,uW/nW,0.75,25,TT,saed05rvt_base_tt0p75v25c
shift_reg_16bit,900,0.5,0.7,16,16,1.999872,1,6.4543,20.0645,uW/nW,0.75,25,TT,saed05rvt_base_tt0p75v25c
shift_reg_16bit,1000,0.1,0.5,16,16,1.999872,1,1.2761,19.5698,uW/nW,0.75,25,TT,saed05rvt_base_tt0p75v25c
shift_reg_16bit,1000,0.5,0.5,16,16,1.999872,1,6.3561,19.5674,uW/nW,0.75,25,TT,saed05rvt_base_tt0p75v25c
shift_reg_16bit,1000,0.3,0.5,16,16,1.999872,1,3.8303,19.5773,uW/nW,0.75,25,TT,saed05rvt_base_tt0p75v25c
shift_reg_16bit,1000,0.8,0.5,16,16,1.999872,1,10.1686,19.5677,uW/nW,0.75,25,TT,saed05rvt_base_tt0p75v25c
shift_reg_16bit,1000,0.5,0.3,16,16,1.999872,1,6.2628,19.3272,uW/nW,0.75,25,TT,saed05rvt_base_tt0p75v25c
shift_reg_16bit,1000,0.5,0.7,16,16,1.999872,1,6.4514,20.0621,uW/nW,0.75,25,TT,saed05rvt_base_tt0p75v25c
shift_reg_16bit,10,0.1,0.5,16,16,1.999872,1,995.8192,1.0548,nW/uW,0.66,125,FF,saed05rvt_base_ff0p660v125c
shift_reg_16bit,10,0.5,0.5,16,16,1.999872,1,4.9107,1.0548,uW/uW,0.66,125,FF,saed05rvt_base_ff0p660v125c
shift_reg_16bit,10,0.3,0.5,16,16,1.999872,1,2.9533,1.0548,uW/uW,0.66,125,FF,saed05rvt_base_ff0p660v125c
shift_reg_16bit,10,0.8,0.5,16,16,1.999872,1,7.8468,1.0548,uW/uW,0.66,125,FF,saed05rvt_base_ff0p660v125c
shift_reg_16bit,10,0.5,0.3,16,16,1.999872,1,4.9655,1.0649,uW/uW,0.66,125,FF,saed05rvt_base_ff0p660v125c
shift_reg_16bit,10,0.5,0.7,16,16,1.999872,1,4.8274,1.0542,uW/uW,0.66,125,FF,saed05rvt_base_ff0p660v125c
shift_reg_16bit,50,0.1,0.5,16,16,1.999872,1,1.0642,1.0548,uW/uW,0.66,125,FF,saed05rvt_base_ff0p660v125c
shift_reg_16bit,50,0.5,0.5,16,16,1.999872,1,4.9791,1.0548,uW/uW,0.66,125,FF,saed05rvt_base_ff0p660v125c
shift_reg_16bit,50,0.3,0.5,16,16,1.999872,1,3.0217,1.0548,uW/uW,0.66,125,FF,saed05rvt_base_ff0p660v125c
shift_reg_16bit,50,0.8,0.5,16,16,1.999872,1,7.9152,1.0548,uW/uW,0.66,125,FF,saed05rvt_base_ff0p660v125c
shift_reg_16bit,50,0.5,0.3,16,16,1.999872,1,5.0404,1.0649,uW/uW,0.66,125,FF,saed05rvt_base_ff0p660v125c
shift_reg_16bit,50,0.5,0.7,16,16,1.999872,1,4.8875,1.0542,uW/uW,0.66,125,FF,saed05rvt_base_ff0p660v125c
shift_reg_16bit,100,0.1,0.5,16,16,1.999872,1,987.5491,1.0443,nW/uW,0.66,125,FF,saed05rvt_base_ff0p660v125c
shift_reg_16bit,100,0.5,0.5,16,16,1.999872,1,5.0646,1.0548,uW/uW,0.66,125,FF,saed05rvt_base_ff0p660v125c
shift_reg_16bit,100,0.3,0.5,16,16,1.999872,1,3.1072,1.0548,uW/uW,0.66,125,FF,saed05rvt_base_ff0p660v125c
shift_reg_16bit,100,0.8,0.5,16,16,1.999872,1,8.0008,1.0548,uW/uW,0.66,125,FF,saed05rvt_base_ff0p660v125c
shift_reg_16bit,100,0.5,0.3,16,16,1.999872,1,5.1339,1.0649,uW/uW,0.66,125,FF,saed05rvt_base_ff0p660v125c
shift_reg_16bit,100,0.5,0.7,16,16,1.999872,1,4.9625,1.0542,uW/uW,0.66,125,FF,saed05rvt_base_ff0p660v125c
shift_reg_16bit,200,0.1,0.5,16,16,1.999872,1,987.9398,1.0442,nW/uW,0.66,125,FF,saed05rvt_base_ff0p660v125c
shift_reg_16bit,200,0.5,0.5,16,16,1.999872,1,5.2356,1.0548,uW/uW,0.66,125,FF,saed05rvt_base_ff0p660v125c
shift_reg_16bit,200,0.3,0.5,16,16,1.999872,1,2.9583,1.0443,uW/uW,0.66,125,FF,saed05rvt_base_ff0p660v125c
shift_reg_16bit,200,0.8,0.5,16,16,1.999872,1,8.1718,1.0548,uW/uW,0.66,125,FF,saed05rvt_base_ff0p660v125c
shift_reg_16bit,200,0.5,0.3,16,16,1.999872,1,5.3209,1.0649,uW/uW,0.66,125,FF,saed05rvt_base_ff0p660v125c
shift_reg_16bit,200,0.5,0.7,16,16,1.999872,1,5.1125,1.0542,uW/uW,0.66,125,FF,saed05rvt_base_ff0p660v125c
shift_reg_16bit,300,0.1,0.5,16,16,1.999872,1,989.7668,1.0445,nW/uW,0.66,125,FF,saed05rvt_base_ff0p660v125c
shift_reg_16bit,300,0.5,0.5,16,16,1.999872,1,4.9360,1.0444,uW/uW,0.66,125,FF,saed05rvt_base_ff0p660v125c
shift_reg_16bit,300,0.3,0.5,16,16,1.999872,1,2.9626,1.0443,uW/uW,0.66,125,FF,saed05rvt_base_ff0p660v125c
shift_reg_16bit,300,0.8,0.5,16,16,1.999872,1,8.3428,1.0548,uW/uW,0.66,125,FF,saed05rvt_base_ff0p660v125c
shift_reg_16bit,300,0.5,0.3,16,16,1.999872,1,4.8877,1.0535,uW/uW,0.66,125,FF,saed05rvt_base_ff0p660v125c
shift_reg_16bit,300,0.5,0.7,16,16,1.999872,1,4.9221,1.0459,uW/uW,0.66,125,FF,saed05rvt_base_ff0p660v125c
shift_reg_16bit,450,0.1,0.5,16,16,1.999872,1,988.6807,1.0443,nW/uW,0.66,125,FF,saed05rvt_base_ff0p660v125c
shift_reg_16bit,450,0.5,0.5,16,16,1.999872,1,4.9395,1.0444,uW/uW,0.66,125,FF,saed05rvt_base_ff0p660v125c
shift_reg_16bit,450,0.3,0.5,16,16,1.999872,1,2.9670,1.0444,uW/uW,0.66,125,FF,saed05rvt_base_ff0p660v125c
shift_reg_16bit,450,0.8,0.5,16,16,1.999872,1,7.8886,1.0443,uW/uW,0.66,125,FF,saed05rvt_base_ff0p660v125c
shift_reg_16bit,450,0.5,0.3,16,16,1.999872,1,4.8655,1.0529,uW/uW,0.66,125,FF,saed05rvt_base_ff0p660v125c
shift_reg_16bit,450,0.5,0.7,16,16,1.999872,1,5.0017,1.0492,uW/uW,0.66,125,FF,saed05rvt_base_ff0p660v125c
shift_reg_16bit,600,0.1,0.5,16,16,1.999872,1,991.5341,1.0446,nW/uW,0.66,125,FF,saed05rvt_base_ff0p660v125c
shift_reg_16bit,600,0.5,0.5,16,16,1.999872,1,4.9420,1.0443,uW/uW,0.66,125,FF,saed05rvt_base_ff0p660v125c
shift_reg_16bit,600,0.3,0.5,16,16,1.999872,1,2.9638,1.0442,uW/uW,0.66,125,FF,saed05rvt_base_ff0p660v125c
shift_reg_16bit,600,0.8,0.5,16,16,1.999872,1,7.8987,1.0444,uW/uW,0.66,125,FF,saed05rvt_base_ff0p660v125c
shift_reg_16bit,600,0.5,0.3,16,16,1.999872,1,4.8671,1.0529,uW/uW,0.66,125,FF,saed05rvt_base_ff0p660v125c
shift_reg_16bit,600,0.5,0.7,16,16,1.999872,1,5.0104,1.0493,uW/uW,0.66,125,FF,saed05rvt_base_ff0p660v125c
shift_reg_16bit,750,0.1,0.5,16,16,1.999872,1,991.1072,1.0447,nW/uW,0.66,125,FF,saed05rvt_base_ff0p660v125c
shift_reg_16bit,750,0.5,0.5,16,16,1.999872,1,4.9449,1.0444,uW/uW,0.66,125,FF,saed05rvt_base_ff0p660v125c
shift_reg_16bit,750,0.3,0.5,16,16,1.999872,1,2.9663,1.0444,uW/uW,0.66,125,FF,saed05rvt_base_ff0p660v125c
shift_reg_16bit,750,0.8,0.5,16,16,1.999872,1,7.9029,1.0444,uW/uW,0.66,125,FF,saed05rvt_base_ff0p660v125c
shift_reg_16bit,750,0.5,0.3,16,16,1.999872,1,4.8656,1.0529,uW/uW,0.66,125,FF,saed05rvt_base_ff0p660v125c
shift_reg_16bit,750,0.5,0.7,16,16,1.999872,1,5.0076,1.0492,uW/uW,0.66,125,FF,saed05rvt_base_ff0p660v125c
shift_reg_16bit,900,0.1,0.5,16,16,1.999872,1,990.6944,1.0446,nW/uW,0.66,125,FF,saed05rvt_base_ff0p660v125c
shift_reg_16bit,900,0.5,0.5,16,16,1.999872,1,4.9436,1.0443,uW/uW,0.66,125,FF,saed05rvt_base_ff0p660v125c
shift_reg_16bit,900,0.3,0.5,16,16,1.999872,1,2.9693,1.0445,uW/uW,0.66,125,FF,saed05rvt_base_ff0p660v125c
shift_reg_16bit,900,0.8,0.5,16,16,1.999872,1,7.9039,1.0443,uW/uW,0.66,125,FF,saed05rvt_base_ff0p660v125c
shift_reg_16bit,900,0.5,0.3,16,16,1.999872,1,4.8697,1.0529,uW/uW,0.66,125,FF,saed05rvt_base_ff0p660v125c
shift_reg_16bit,900,0.5,0.7,16,16,1.999872,1,5.0167,1.0496,uW/uW,0.66,125,FF,saed05rvt_base_ff0p660v125c
shift_reg_16bit,1000,0.1,0.5,16,16,1.999872,1,991.7131,1.0444,nW/uW,0.66,125,FF,saed05rvt_base_ff0p660v125c
shift_reg_16bit,1000,0.5,0.5,16,16,1.999872,1,4.9397,1.0442,uW/uW,0.66,125,FF,saed05rvt_base_ff0p660v125c
shift_reg_16bit,1000,0.3,0.5,16,16,1.999872,1,2.9767,1.0449,uW/uW,0.66,125,FF,saed05rvt_base_ff0p660v125c
shift_reg_16bit,1000,0.8,0.5,16,16,1.999872,1,7.9026,1.0442,uW/uW,0.66,125,FF,saed05rvt_base_ff0p660v125c
shift_reg_16bit,1000,0.5,0.3,16,16,1.999872,1,4.8685,1.0529,uW/uW,0.66,125,FF,saed05rvt_base_ff0p660v125c
shift_reg_16bit,1000,0.5,0.7,16,16,1.999872,1,5.0145,1.0494,uW/uW,0.66,125,FF,saed05rvt_base_ff0p660v125c
shift_reg_16bit,10,0.1,0.5,16,16,1.999872,1,981.7043,10.9056,nW/nW,0.66,25,FF,saed05rvt_base_ff0p660v25c
shift_reg_16bit,10,0.5,0.5,16,16,1.999872,1,4.8429,10.9056,uW/nW,0.66,25,FF,saed05rvt_base_ff0p660v25c
shift_reg_16bit,10,0.3,0.5,16,16,1.999872,1,2.9123,10.9056,uW/nW,0.66,25,FF,saed05rvt_base_ff0p660v25c
shift_reg_16bit,10,0.8,0.5,16,16,1.999872,1,7.7389,10.9056,uW/nW,0.66,25,FF,saed05rvt_base_ff0p660v25c
shift_reg_16bit,10,0.5,0.3,16,16,1.999872,1,4.8967,10.7729,uW/nW,0.66,25,FF,saed05rvt_base_ff0p660v25c
shift_reg_16bit,10,0.5,0.7,16,16,1.999872,1,4.7610,11.1436,uW/nW,0.66,25,FF,saed05rvt_base_ff0p660v25c
shift_reg_16bit,50,0.1,0.5,16,16,1.999872,1,1.0473,10.9056,uW/nW,0.66,25,FF,saed05rvt_base_ff0p660v25c
shift_reg_16bit,50,0.5,0.5,16,16,1.999872,1,4.9085,10.9056,uW/nW,0.66,25,FF,saed05rvt_base_ff0p660v25c
shift_reg_16bit,50,0.3,0.5,16,16,1.999872,1,2.9779,10.9056,uW/nW,0.66,25,FF,saed05rvt_base_ff0p660v25c
shift_reg_16bit,50,0.8,0.5,16,16,1.999872,1,7.8044,10.9056,uW/nW,0.66,25,FF,saed05rvt_base_ff0p660v25c
shift_reg_16bit,50,0.5,0.3,16,16,1.999872,1,4.9690,10.7729,uW/nW,0.66,25,FF,saed05rvt_base_ff0p660v25c
shift_reg_16bit,50,0.5,0.7,16,16,1.999872,1,4.8183,11.1436,uW/nW,0.66,25,FF,saed05rvt_base_ff0p660v25c
shift_reg_16bit,100,0.1,0.5,16,16,1.999872,1,974.1097,10.8196,nW/nW,0.66,25,FF,saed05rvt_base_ff0p660v25c
shift_reg_16bit,100,0.5,0.5,16,16,1.999872,1,4.9905,10.9056,uW/nW,0.66,25,FF,saed05rvt_base_ff0p660v25c
shift_reg_16bit,100,0.3,0.5,16,16,1.999872,1,3.0599,10.9056,uW/nW,0.66,25,FF,saed05rvt_base_ff0p660v25c
shift_reg_16bit,100,0.8,0.5,16,16,1.999872,1,7.8864,10.9056,uW/nW,0.66,25,FF,saed05rvt_base_ff0p660v25c
shift_reg_16bit,100,0.5,0.3,16,16,1.999872,1,5.0594,10.7729,uW/nW,0.66,25,FF,saed05rvt_base_ff0p660v25c
shift_reg_16bit,100,0.5,0.7,16,16,1.999872,1,4.8900,11.1436,uW/nW,0.66,25,FF,saed05rvt_base_ff0p660v25c
shift_reg_16bit,200,0.1,0.5,16,16,1.999872,1,974.4613,10.8186,nW/nW,0.66,25,FF,saed05rvt_base_ff0p660v25c
shift_reg_16bit,200,0.5,0.5,16,16,1.999872,1,5.1545,10.9056,uW/nW,0.66,25,FF,saed05rvt_base_ff0p660v25c
shift_reg_16bit,200,0.3,0.5,16,16,1.999872,1,2.9183,10.8190,uW/nW,0.66,25,FF,saed05rvt_base_ff0p660v25c
shift_reg_16bit,200,0.8,0.5,16,16,1.999872,1,8.0504,10.9056,uW/nW,0.66,25,FF,saed05rvt_base_ff0p660v25c
shift_reg_16bit,200,0.5,0.3,16,16,1.999872,1,5.2401,10.7729,uW/nW,0.66,25,FF,saed05rvt_base_ff0p660v25c
shift_reg_16bit,200,0.5,0.7,16,16,1.999872,1,5.0333,11.1436,uW/nW,0.66,25,FF,saed05rvt_base_ff0p660v25c
shift_reg_16bit,300,0.1,0.5,16,16,1.999872,1,976.1819,10.8207,nW/nW,0.66,25,FF,saed05rvt_base_ff0p660v25c
shift_reg_16bit,300,0.5,0.5,16,16,1.999872,1,4.8690,10.8203,uW/nW,0.66,25,FF,saed05rvt_base_ff0p660v25c
shift_reg_16bit,300,0.3,0.5,16,16,1.999872,1,2.9223,10.8196,uW/nW,0.66,25,FF,saed05rvt_base_ff0p660v25c
shift_reg_16bit,300,0.8,0.5,16,16,1.999872,1,8.2144,10.9056,uW/nW,0.66,25,FF,saed05rvt_base_ff0p660v25c
shift_reg_16bit,300,0.5,0.3,16,16,1.999872,1,4.8252,10.6731,uW/nW,0.66,25,FF,saed05rvt_base_ff0p660v25c
shift_reg_16bit,300,0.5,0.7,16,16,1.999872,1,4.8518,11.0810,uW/nW,0.66,25,FF,saed05rvt_base_ff0p660v25c
shift_reg_16bit,450,0.1,0.5,16,16,1.999872,1,975.1451,10.8195,nW/nW,0.66,25,FF,saed05rvt_base_ff0p660v25c
shift_reg_16bit,450,0.5,0.5,16,16,1.999872,1,4.8722,10.8198,uW/nW,0.66,25,FF,saed05rvt_base_ff0p660v25c
shift_reg_16bit,450,0.3,0.5,16,16,1.999872,1,2.9264,10.8199,uW/nW,0.66,25,FF,saed05rvt_base_ff0p660v25c
shift_reg_16bit,450,0.8,0.5,16,16,1.999872,1,7.7819,10.8190,uW/nW,0.66,25,FF,saed05rvt_base_ff0p660v25c
shift_reg_16bit,450,0.5,0.3,16,16,1.999872,1,4.8039,10.6677,uW/nW,0.66,25,FF,saed05rvt_base_ff0p660v25c
shift_reg_16bit,450,0.5,0.7,16,16,1.999872,1,4.9265,11.1059,uW/nW,0.66,25,FF,saed05rvt_base_ff0p660v25c
shift_reg_16bit,600,0.1,0.5,16,16,1.999872,1,977.8428,10.8220,nW/nW,0.66,25,FF,saed05rvt_base_ff0p660v25c
shift_reg_16bit,600,0.5,0.5,16,16,1.999872,1,4.8746,10.8195,uW/nW,0.66,25,FF,saed05rvt_base_ff0p660v25c
shift_reg_16bit,600,0.3,0.5,16,16,1.999872,1,2.9234,10.8186,uW/nW,0.66,25,FF,saed05rvt_base_ff0p660v25c
shift_reg_16bit,600,0.8,0.5,16,16,1.999872,1,7.7914,10.8199,uW/nW,0.66,25,FF,saed05rvt_base_ff0p660v25c
shift_reg_16bit,600,0.5,0.3,16,16,1.999872,1,4.8055,10.6678,uW/nW,0.66,25,FF,saed05rvt_base_ff0p660v25c
shift_reg_16bit,600,0.5,0.7,16,16,1.999872,1,4.9345,11.1065,uW/nW,0.66,25,FF,saed05rvt_base_ff0p660v25c
shift_reg_16bit,750,0.1,0.5,16,16,1.999872,1,977.4475,10.8222,nW/nW,0.66,25,FF,saed05rvt_base_ff0p660v25c
shift_reg_16bit,750,0.5,0.5,16,16,1.999872,1,4.8773,10.8199,uW/nW,0.66,25,FF,saed05rvt_base_ff0p660v25c
shift_reg_16bit,750,0.3,0.5,16,16,1.999872,1,2.9257,10.8201,uW/nW,0.66,25,FF,saed05rvt_base_ff0p660v25c
shift_reg_16bit,750,0.8,0.5,16,16,1.999872,1,7.7953,10.8198,uW/nW,0.66,25,FF,saed05rvt_base_ff0p660v25c
shift_reg_16bit,750,0.5,0.3,16,16,1.999872,1,4.8040,10.6674,uW/nW,0.66,25,FF,saed05rvt_base_ff0p660v25c
shift_reg_16bit,750,0.5,0.7,16,16,1.999872,1,4.9318,11.1058,uW/nW,0.66,25,FF,saed05rvt_base_ff0p660v25c
shift_reg_16bit,900,0.1,0.5,16,16,1.999872,1,977.0388,10.8217,nW/nW,0.66,25,FF,saed05rvt_base_ff0p660v25c
shift_reg_16bit,900,0.5,0.5,16,16,1.999872,1,4.8760,10.8193,uW/nW,0.66,25,FF,saed05rvt_base_ff0p660v25c
shift_reg_16bit,900,0.3,0.5,16,16,1.999872,1,2.9285,10.8207,uW/nW,0.66,25,FF,saed05rvt_base_ff0p660v25c
shift_reg_16bit,900,0.8,0.5,16,16,1.999872,1,7.7961,10.8194,uW/nW,0.66,25,FF,saed05rvt_base_ff0p660v25c
shift_reg_16bit,900,0.5,0.3,16,16,1.999872,1,4.8080,10.6678,uW/nW,0.66,25,FF,saed05rvt_base_ff0p660v25c
shift_reg_16bit,900,0.5,0.7,16,16,1.999872,1,4.9402,11.1087,uW/nW,0.66,25,FF,saed05rvt_base_ff0p660v25c
shift_reg_16bit,1000,0.1,0.5,16,16,1.999872,1,978.0377,10.8200,nW/nW,0.66,25,FF,saed05rvt_base_ff0p660v25c
shift_reg_16bit,1000,0.5,0.5,16,16,1.999872,1,4.8723,10.8186,uW/nW,0.66,25,FF,saed05rvt_base_ff0p660v25c
shift_reg_16bit,1000,0.3,0.5,16,16,1.999872,1,2.9356,10.8240,uW/nW,0.66,25,FF,saed05rvt_base_ff0p660v25c
shift_reg_16bit,1000,0.8,0.5,16,16,1.999872,1,7.7949,10.8188,uW/nW,0.66,25,FF,saed05rvt_base_ff0p660v25c
shift_reg_16bit,1000,0.5,0.3,16,16,1.999872,1,4.8068,10.6677,uW/nW,0.66,25,FF,saed05rvt_base_ff0p660v25c
shift_reg_16bit,1000,0.5,0.7,16,16,1.999872,1,4.9381,11.1074,uW/nW,0.66,25,FF,saed05rvt_base_ff0p660v25c
shift_reg_16bit,10,0.1,0.5,16,16,1.999872,1,1.5931,2.7734,uW/uW,0.825,125,FF,saed05rvt_base_ff0p825v125c
shift_reg_16bit,10,0.5,0.5,16,16,1.999872,1,7.8427,2.7734,uW/uW,0.825,125,FF,saed05rvt_base_ff0p825v125c
shift_reg_16bit,10,0.3,0.5,16,16,1.999872,1,4.7179,2.7734,uW/uW,0.825,125,FF,saed05rvt_base_ff0p825v125c
shift_reg_16bit,10,0.8,0.5,16,16,1.999872,1,12.5299,2.7734,uW/uW,0.825,125,FF,saed05rvt_base_ff0p825v125c
shift_reg_16bit,10,0.5,0.3,16,16,1.999872,1,7.9373,2.8039,uW/uW,0.825,125,FF,saed05rvt_base_ff0p825v125c
shift_reg_16bit,10,0.5,0.7,16,16,1.999872,1,7.7001,2.7689,uW/uW,0.825,125,FF,saed05rvt_base_ff0p825v125c
shift_reg_16bit,50,0.1,0.5,16,16,1.999872,1,1.7161,2.7734,uW/uW,0.825,125,FF,saed05rvt_base_ff0p825v125c
shift_reg_16bit,50,0.5,0.5,16,16,1.999872,1,7.9657,2.7734,uW/uW,0.825,125,FF,saed05rvt_base_ff0p825v125c
shift_reg_16bit,50,0.3,0.5,16,16,1.999872,1,4.8409,2.7734,uW/uW,0.825,125,FF,saed05rvt_base_ff0p825v125c
shift_reg_16bit,50,0.8,0.5,16,16,1.999872,1,12.6529,2.7734,uW/uW,0.825,125,FF,saed05rvt_base_ff0p825v125c
shift_reg_16bit,50,0.5,0.3,16,16,1.999872,1,8.0707,2.8039,uW/uW,0.825,125,FF,saed05rvt_base_ff0p825v125c
shift_reg_16bit,50,0.5,0.7,16,16,1.999872,1,7.8089,2.7689,uW/uW,0.825,125,FF,saed05rvt_base_ff0p825v125c
shift_reg_16bit,100,0.1,0.5,16,16,1.999872,1,1.5794,2.7457,uW/uW,0.825,125,FF,saed05rvt_base_ff0p825v125c
shift_reg_16bit,100,0.5,0.5,16,16,1.999872,1,8.1194,2.7734,uW/uW,0.825,125,FF,saed05rvt_base_ff0p825v125c
shift_reg_16bit,100,0.3,0.5,16,16,1.999872,1,4.9946,2.7734,uW/uW,0.825,125,FF,saed05rvt_base_ff0p825v125c
shift_reg_16bit,100,0.8,0.5,16,16,1.999872,1,12.8066,2.7734,uW/uW,0.825,125,FF,saed05rvt_base_ff0p825v125c
shift_reg_16bit,100,0.5,0.3,16,16,1.999872,1,8.2374,2.8039,uW/uW,0.825,125,FF,saed05rvt_base_ff0p825v125c
shift_reg_16bit,100,0.5,0.7,16,16,1.999872,1,7.9449,2.7689,uW/uW,0.825,125,FF,saed05rvt_base_ff0p825v125c
shift_reg_16bit,200,0.1,0.5,16,16,1.999872,1,1.5802,2.7454,uW/uW,0.825,125,FF,saed05rvt_base_ff0p825v125c
shift_reg_16bit,200,0.5,0.5,16,16,1.999872,1,8.4268,2.7734,uW/uW,0.825,125,FF,saed05rvt_base_ff0p825v125c
shift_reg_16bit,200,0.3,0.5,16,16,1.999872,1,4.7305,2.7455,uW/uW,0.825,125,FF,saed05rvt_base_ff0p825v125c
shift_reg_16bit,200,0.8,0.5,16,16,1.999872,1,13.1139,2.7734,uW/uW,0.825,125,FF,saed05rvt_base_ff0p825v125c
shift_reg_16bit,200,0.5,0.3,16,16,1.999872,1,8.5709,2.8039,uW/uW,0.825,125,FF,saed05rvt_base_ff0p825v125c
shift_reg_16bit,200,0.5,0.7,16,16,1.999872,1,8.2169,2.7689,uW/uW,0.825,125,FF,saed05rvt_base_ff0p825v125c
shift_reg_16bit,300,0.1,0.5,16,16,1.999872,1,1.5834,2.7461,uW/uW,0.825,125,FF,saed05rvt_base_ff0p825v125c
shift_reg_16bit,300,0.5,0.5,16,16,1.999872,1,7.8938,2.7460,uW/uW,0.825,125,FF,saed05rvt_base_ff0p825v125c
shift_reg_16bit,300,0.3,0.5,16,16,1.999872,1,4.7383,2.7457,uW/uW,0.825,125,FF,saed05rvt_base_ff0p825v125c
shift_reg_16bit,300,0.8,0.5,16,16,1.999872,1,13.4213,2.7734,uW/uW,0.825,125,FF,saed05rvt_base_ff0p825v125c
shift_reg_16bit,300,0.5,0.3,16,16,1.999872,1,7.8063,2.7742,uW/uW,0.825,125,FF,saed05rvt_base_ff0p825v125c
shift_reg_16bit,300,0.5,0.7,16,16,1.999872,1,7.8749,2.7469,uW/uW,0.825,125,FF,saed05rvt_base_ff0p825v125c
shift_reg_16bit,450,0.1,0.5,16,16,1.999872,1,1.5815,2.7457,uW/uW,0.825,125,FF,saed05rvt_base_ff0p825v125c
shift_reg_16bit,450,0.5,0.5,16,16,1.999872,1,7.9003,2.7458,uW/uW,0.825,125,FF,saed05rvt_base_ff0p825v125c
shift_reg_16bit,450,0.3,0.5,16,16,1.999872,1,4.7461,2.7458,uW/uW,0.825,125,FF,saed05rvt_base_ff0p825v125c
shift_reg_16bit,450,0.8,0.5,16,16,1.999872,1,12.6141,2.7455,uW/uW,0.825,125,FF,saed05rvt_base_ff0p825v125c
shift_reg_16bit,450,0.5,0.3,16,16,1.999872,1,7.7672,2.7725,uW/uW,0.825,125,FF,saed05rvt_base_ff0p825v125c
shift_reg_16bit,450,0.5,0.7,16,16,1.999872,1,8.0184,2.7556,uW/uW,0.825,125,FF,saed05rvt_base_ff0p825v125c
shift_reg_16bit,600,0.1,0.5,16,16,1.999872,1,1.5866,2.7465,uW/uW,0.825,125,FF,saed05rvt_base_ff0p825v125c
shift_reg_16bit,600,0.5,0.5,16,16,1.999872,1,7.9048,2.7457,uW/uW,0.825,125,FF,saed05rvt_base_ff0p825v125c
shift_reg_16bit,600,0.3,0.5,16,16,1.999872,1,4.7405,2.7454,uW/uW,0.825,125,FF,saed05rvt_base_ff0p825v125c
shift_reg_16bit,600,0.8,0.5,16,16,1.999872,1,12.6323,2.7458,uW/uW,0.825,125,FF,saed05rvt_base_ff0p825v125c
shift_reg_16bit,600,0.5,0.3,16,16,1.999872,1,7.7701,2.7726,uW/uW,0.825,125,FF,saed05rvt_base_ff0p825v125c
shift_reg_16bit,600,0.5,0.7,16,16,1.999872,1,8.0343,2.7558,uW/uW,0.825,125,FF,saed05rvt_base_ff0p825v125c
shift_reg_16bit,750,0.1,0.5,16,16,1.999872,1,1.5858,2.7466,uW/uW,0.825,125,FF,saed05rvt_base_ff0p825v125c
shift_reg_16bit,750,0.5,0.5,16,16,1.999872,1,7.9102,2.7458,uW/uW,0.825,125,FF,saed05rvt_base_ff0p825v125c
shift_reg_16bit,750,0.3,0.5,16,16,1.999872,1,4.7449,2.7459,uW/uW,0.825,125,FF,saed05rvt_base_ff0p825v125c
shift_reg_16bit,750,0.8,0.5,16,16,1.999872,1,12.6399,2.7458,uW/uW,0.825,125,FF,saed05rvt_base_ff0p825v125c
shift_reg_16bit,750,0.5,0.3,16,16,1.999872,1,7.7674,2.7724,uW/uW,0.825,125,FF,saed05rvt_base_ff0p825v125c
shift_reg_16bit,750,0.5,0.7,16,16,1.999872,1,8.0293,2.7556,uW/uW,0.825,125,FF,saed05rvt_base_ff0p825v125c
shift_reg_16bit,900,0.1,0.5,16,16,1.999872,1,1.5851,2.7464,uW/uW,0.825,125,FF,saed05rvt_base_ff0p825v125c
shift_reg_16bit,900,0.5,0.5,16,16,1.999872,1,7.9078,2.7456,uW/uW,0.825,125,FF,saed05rvt_base_ff0p825v125c
shift_reg_16bit,900,0.3,0.5,16,16,1.999872,1,4.7503,2.7461,uW/uW,0.825,125,FF,saed05rvt_base_ff0p825v125c
shift_reg_16bit,900,0.8,0.5,16,16,1.999872,1,12.6418,2.7457,uW/uW,0.825,125,FF,saed05rvt_base_ff0p825v125c
shift_reg_16bit,900,0.5,0.3,16,16,1.999872,1,7.7748,2.7726,uW/uW,0.825,125,FF,saed05rvt_base_ff0p825v125c
shift_reg_16bit,900,0.5,0.7,16,16,1.999872,1,8.0457,2.7566,uW/uW,0.825,125,FF,saed05rvt_base_ff0p825v125c
shift_reg_16bit,1000,0.1,0.5,16,16,1.999872,1,1.5869,2.7459,uW/uW,0.825,125,FF,saed05rvt_base_ff0p825v125c
shift_reg_16bit,1000,0.5,0.5,16,16,1.999872,1,7.9008,2.7454,uW/uW,0.825,125,FF,saed05rvt_base_ff0p825v125c
shift_reg_16bit,1000,0.3,0.5,16,16,1.999872,1,4.7635,2.7472,uW/uW,0.825,125,FF,saed05rvt_base_ff0p825v125c
shift_reg_16bit,1000,0.8,0.5,16,16,1.999872,1,12.6395,2.7455,uW/uW,0.825,125,FF,saed05rvt_base_ff0p825v125c
shift_reg_16bit,1000,0.5,0.3,16,16,1.999872,1,7.7726,2.7725,uW/uW,0.825,125,FF,saed05rvt_base_ff0p825v125c
shift_reg_16bit,1000,0.5,0.7,16,16,1.999872,1,8.0419,2.7562,uW/uW,0.825,125,FF,saed05rvt_base_ff0p825v125c
shift_reg_16bit,10,0.1,0.5,16,16,1.999872,1,1.5616,37.0455,uW/nW,0.825,25,FF,saed05rvt_base_ff0p825v25c
shift_reg_16bit,10,0.5,0.5,16,16,1.999872,1,7.6962,37.0455,uW/nW,0.825,25,FF,saed05rvt_base_ff0p825v25c
shift_reg_16bit,10,0.3,0.5,16,16,1.999872,1,4.6289,37.0455,uW/nW,0.825,25,FF,saed05rvt_base_ff0p825v25c
shift_reg_16bit,10,0.8,0.5,16,16,1.999872,1,12.2971,37.0455,uW/nW,0.825,25,FF,saed05rvt_base_ff0p825v25c
shift_reg_16bit,10,0.5,0.3,16,16,1.999872,1,7.7824,36.7853,uW/nW,0.825,25,FF,saed05rvt_base_ff0p825v25c
shift_reg_16bit,10,0.5,0.7,16,16,1.999872,1,7.5626,37.6790,uW/nW,0.825,25,FF,saed05rvt_base_ff0p825v25c
shift_reg_16bit,50,0.1,0.5,16,16,1.999872,1,1.6734,37.0455,uW/nW,0.825,25,FF,saed05rvt_base_ff0p825v25c
shift_reg_16bit,50,0.5,0.5,16,16,1.999872,1,7.8080,37.0455,uW/nW,0.825,25,FF,saed05rvt_base_ff0p825v25c
shift_reg_16bit,50,0.3,0.5,16,16,1.999872,1,4.7407,37.0455,uW/nW,0.825,25,FF,saed05rvt_base_ff0p825v25c
shift_reg_16bit,50,0.8,0.5,16,16,1.999872,1,12.4089,37.0455,uW/nW,0.825,25,FF,saed05rvt_base_ff0p825v25c
shift_reg_16bit,50,0.5,0.3,16,16,1.999872,1,7.9048,36.7853,uW/nW,0.825,25,FF,saed05rvt_base_ff0p825v25c
shift_reg_16bit,50,0.5,0.7,16,16,1.999872,1,7.6608,37.6790,uW/nW,0.825,25,FF,saed05rvt_base_ff0p825v25c
shift_reg_16bit,100,0.1,0.5,16,16,1.999872,1,1.5489,36.7407,uW/nW,0.825,25,FF,saed05rvt_base_ff0p825v25c
shift_reg_16bit,100,0.5,0.5,16,16,1.999872,1,7.9477,37.0455,uW/nW,0.825,25,FF,saed05rvt_base_ff0p825v25c
shift_reg_16bit,100,0.3,0.5,16,16,1.999872,1,4.8804,37.0455,uW/nW,0.825,25,FF,saed05rvt_base_ff0p825v25c
shift_reg_16bit,100,0.8,0.5,16,16,1.999872,1,12.5486,37.0455,uW/nW,0.825,25,FF,saed05rvt_base_ff0p825v25c
shift_reg_16bit,100,0.5,0.3,16,16,1.999872,1,8.0579,36.7853,uW/nW,0.825,25,FF,saed05rvt_base_ff0p825v25c
shift_reg_16bit,100,0.5,0.7,16,16,1.999872,1,7.7835,37.6790,uW/nW,0.825,25,FF,saed05rvt_base_ff0p825v25c
shift_reg_16bit,200,0.1,0.5,16,16,1.999872,1,1.5496,36.7373,uW/nW,0.825,25,FF,saed05rvt_base_ff0p825v25c
shift_reg_16bit,200,0.5,0.5,16,16,1.999872,1,8.2272,37.0455,uW/nW,0.825,25,FF,saed05rvt_base_ff0p825v25c
shift_reg_16bit,200,0.3,0.5,16,16,1.999872,1,4.6399,36.7386,uW/nW,0.825,25,FF,saed05rvt_base_ff0p825v25c
shift_reg_16bit,200,0.8,0.5,16,16,1.999872,1,12.8281,37.0455,uW/nW,0.825,25,FF,saed05rvt_base_ff0p825v25c
shift_reg_16bit,200,0.5,0.3,16,16,1.999872,1,8.3640,36.7853,uW/nW,0.825,25,FF,saed05rvt_base_ff0p825v25c
shift_reg_16bit,200,0.5,0.7,16,16,1.999872,1,8.0291,37.6790,uW/nW,0.825,25,FF,saed05rvt_base_ff0p825v25c
shift_reg_16bit,300,0.1,0.5,16,16,1.999872,1,1.5525,36.7448,uW/nW,0.825,25,FF,saed05rvt_base_ff0p825v25c
shift_reg_16bit,300,0.5,0.5,16,16,1.999872,1,7.7420,36.7431,uW/nW,0.825,25,FF,saed05rvt_base_ff0p825v25c
shift_reg_16bit,300,0.3,0.5,16,16,1.999872,1,4.6468,36.7407,uW/nW,0.825,25,FF,saed05rvt_base_ff0p825v25c
shift_reg_16bit,300,0.8,0.5,16,16,1.999872,1,13.1076,37.0455,uW/nW,0.825,25,FF,saed05rvt_base_ff0p825v25c
shift_reg_16bit,300,0.5,0.3,16,16,1.999872,1,7.6621,36.4396,uW/nW,0.825,25,FF,saed05rvt_base_ff0p825v25c
shift_reg_16bit,300,0.5,0.7,16,16,1.999872,1,7.7193,37.4514,uW/nW,0.825,25,FF,saed05rvt_base_ff0p825v25c
shift_reg_16bit,450,0.1,0.5,16,16,1.999872,1,1.5507,36.7402,uW/nW,0.825,25,FF,saed05rvt_base_ff0p825v25c
shift_reg_16bit,450,0.5,0.5,16,16,1.999872,1,7.7476,36.7416,uW/nW,0.825,25,FF,saed05rvt_base_ff0p825v25c
shift_reg_16bit,450,0.3,0.5,16,16,1.999872,1,4.6538,36.7419,uW/nW,0.825,25,FF,saed05rvt_base_ff0p825v25c
shift_reg_16bit,450,0.8,0.5,16,16,1.999872,1,12.3727,36.7386,uW/nW,0.825,25,FF,saed05rvt_base_ff0p825v25c
shift_reg_16bit,450,0.5,0.3,16,16,1.999872,1,7.6262,36.4209,uW/nW,0.825,25,FF,saed05rvt_base_ff0p825v25c
shift_reg_16bit,450,0.5,0.7,16,16,1.999872,1,7.8473,37.5419,uW/nW,0.825,25,FF,saed05rvt_base_ff0p825v25c
shift_reg_16bit,600,0.1,0.5,16,16,1.999872,1,1.5553,36.7493,uW/nW,0.825,25,FF,saed05rvt_base_ff0p825v25c
shift_reg_16bit,600,0.5,0.5,16,16,1.999872,1,7.7516,36.7404,uW/nW,0.825,25,FF,saed05rvt_base_ff0p825v25c
shift_reg_16bit,600,0.3,0.5,16,16,1.999872,1,4.6487,36.7373,uW/nW,0.825,25,FF,saed05rvt_base_ff0p825v25c
shift_reg_16bit,600,0.8,0.5,16,16,1.999872,1,12.3890,36.7417,uW/nW,0.825,25,FF,saed05rvt_base_ff0p825v25c
shift_reg_16bit,600,0.5,0.3,16,16,1.999872,1,7.6289,36.4213,uW/nW,0.825,25,FF,saed05rvt_base_ff0p825v25c
shift_reg_16bit,600,0.5,0.7,16,16,1.999872,1,7.8611,37.5443,uW/nW,0.825,25,FF,saed05rvt_base_ff0p825v25c
shift_reg_16bit,750,0.1,0.5,16,16,1.999872,1,1.5547,36.7499,uW/nW,0.825,25,FF,saed05rvt_base_ff0p825v25c
shift_reg_16bit,750,0.5,0.5,16,16,1.999872,1,7.7563,36.7419,uW/nW,0.825,25,FF,saed05rvt_base_ff0p825v25c
shift_reg_16bit,750,0.3,0.5,16,16,1.999872,1,4.6526,36.7426,uW/nW,0.825,25,FF,saed05rvt_base_ff0p825v25c
shift_reg_16bit,750,0.8,0.5,16,16,1.999872,1,12.3956,36.7413,uW/nW,0.825,25,FF,saed05rvt_base_ff0p825v25c
shift_reg_16bit,750,0.5,0.3,16,16,1.999872,1,7.6264,36.4197,uW/nW,0.825,25,FF,saed05rvt_base_ff0p825v25c
shift_reg_16bit,750,0.5,0.7,16,16,1.999872,1,7.8565,37.5417,uW/nW,0.825,25,FF,saed05rvt_base_ff0p825v25c
shift_reg_16bit,900,0.1,0.5,16,16,1.999872,1,1.5540,36.7480,uW/nW,0.825,25,FF,saed05rvt_base_ff0p825v25c
shift_reg_16bit,900,0.5,0.5,16,16,1.999872,1,7.7542,36.7396,uW/nW,0.825,25,FF,saed05rvt_base_ff0p825v25c
shift_reg_16bit,900,0.3,0.5,16,16,1.999872,1,4.6575,36.7448,uW/nW,0.825,25,FF,saed05rvt_base_ff0p825v25c
shift_reg_16bit,900,0.8,0.5,16,16,1.999872,1,12.3972,36.7400,uW/nW,0.825,25,FF,saed05rvt_base_ff0p825v25c
shift_reg_16bit,900,0.5,0.3,16,16,1.999872,1,7.6332,36.4212,uW/nW,0.825,25,FF,saed05rvt_base_ff0p825v25c
shift_reg_16bit,900,0.5,0.7,16,16,1.999872,1,7.8709,37.5523,uW/nW,0.825,25,FF,saed05rvt_base_ff0p825v25c
shift_reg_16bit,1000,0.1,0.5,16,16,1.999872,1,1.5557,36.7421,uW/nW,0.825,25,FF,saed05rvt_base_ff0p825v25c
shift_reg_16bit,1000,0.5,0.5,16,16,1.999872,1,7.7478,36.7373,uW/nW,0.825,25,FF,saed05rvt_base_ff0p825v25c
shift_reg_16bit,1000,0.3,0.5,16,16,1.999872,1,4.6695,36.7565,uW/nW,0.825,25,FF,saed05rvt_base_ff0p825v25c
shift_reg_16bit,1000,0.8,0.5,16,16,1.999872,1,12.3951,36.7380,uW/nW,0.825,25,FF,saed05rvt_base_ff0p825v25c
shift_reg_16bit,1000,0.5,0.3,16,16,1.999872,1,7.6311,36.4208,uW/nW,0.825,25,FF,saed05rvt_base_ff0p825v25c
shift_reg_16bit,1000,0.5,0.7,16,16,1.999872,1,7.8674,37.5475,uW/nW,0.825,25,FF,saed05rvt_base_ff0p825v25c
shift_reg_16bit,10,0.1,0.5,16,16,1.999872,1,655.5049,405.4679,nW/nW,0.540,125,SS,saed05rvt_base_ss0p540v125c
shift_reg_16bit,10,0.5,0.5,16,16,1.999872,1,3.2317,405.4679,uW/nW,0.540,125,SS,saed05rvt_base_ss0p540v125c
shift_reg_16bit,10,0.3,0.5,16,16,1.999872,1,1.9436,405.4679,uW/nW,0.540,125,SS,saed05rvt_base_ss0p540v125c
shift_reg_16bit,10,0.8,0.5,16,16,1.999872,1,5.1638,405.4679,uW/nW,0.540,125,SS,saed05rvt_base_ss0p540v125c
shift_reg_16bit,10,0.5,0.3,16,16,1.999872,1,3.2683,408.7052,uW/nW,0.540,125,SS,saed05rvt_base_ss0p540v125c
shift_reg_16bit,10,0.5,0.7,16,16,1.999872,1,3.1773,405.6730,uW/nW,0.540,125,SS,saed05rvt_base_ss0p540v125c
shift_reg_16bit,50,0.1,0.5,16,16,1.999872,1,701.3506,405.4679,nW/nW,0.540,125,SS,saed05rvt_base_ss0p540v125c
shift_reg_16bit,50,0.5,0.5,16,16,1.999872,1,3.2775,405.4679,uW/nW,0.540,125,SS,saed05rvt_base_ss0p540v125c
shift_reg_16bit,50,0.3,0.5,16,16,1.999872,1,1.9894,405.4679,uW/nW,0.540,125,SS,saed05rvt_base_ss0p540v125c
shift_reg_16bit,50,0.8,0.5,16,16,1.999872,1,5.2097,405.4679,uW/nW,0.540,125,SS,saed05rvt_base_ss0p540v125c
shift_reg_16bit,50,0.5,0.3,16,16,1.999872,1,3.3184,408.7052,uW/nW,0.540,125,SS,saed05rvt_base_ss0p540v125c
shift_reg_16bit,50,0.5,0.7,16,16,1.999872,1,3.2176,405.6730,uW/nW,0.540,125,SS,saed05rvt_base_ss0p540v125c
shift_reg_16bit,100,0.1,0.5,16,16,1.999872,1,650.5260,401.4864,nW/nW,0.540,125,SS,saed05rvt_base_ss0p540v125c
shift_reg_16bit,100,0.5,0.5,16,16,1.999872,1,3.3348,405.4679,uW/nW,0.540,125,SS,saed05rvt_base_ss0p540v125c
shift_reg_16bit,100,0.3,0.5,16,16,1.999872,1,2.0467,405.4679,uW/nW,0.540,125,SS,saed05rvt_base_ss0p540v125c
shift_reg_16bit,100,0.8,0.5,16,16,1.999872,1,5.2670,405.4679,uW/nW,0.540,125,SS,saed05rvt_base_ss0p540v125c
shift_reg_16bit,100,0.5,0.3,16,16,1.999872,1,3.3812,408.7052,uW/nW,0.540,125,SS,saed05rvt_base_ss0p540v125c
shift_reg_16bit,100,0.5,0.7,16,16,1.999872,1,3.2681,405.6730,uW/nW,0.540,125,SS,saed05rvt_base_ss0p540v125c
shift_reg_16bit,200,0.1,0.5,16,16,1.999872,1,650.7834,401.4429,nW/nW,0.540,125,SS,saed05rvt_base_ss0p540v125c
shift_reg_16bit,200,0.5,0.5,16,16,1.999872,1,3.4494,405.4679,uW/nW,0.540,125,SS,saed05rvt_base_ss0p540v125c
shift_reg_16bit,200,0.3,0.5,16,16,1.999872,1,1.9487,401.4597,uW/nW,0.540,125,SS,saed05rvt_base_ss0p540v125c
shift_reg_16bit,200,0.8,0.5,16,16,1.999872,1,5.3816,405.4679,uW/nW,0.540,125,SS,saed05rvt_base_ss0p540v125c
shift_reg_16bit,200,0.5,0.3,16,16,1.999872,1,3.5066,408.7052,uW/nW,0.540,125,SS,saed05rvt_base_ss0p540v125c
shift_reg_16bit,200,0.5,0.7,16,16,1.999872,1,3.3691,405.6730,uW/nW,0.540,125,SS,saed05rvt_base_ss0p540v125c
shift_reg_16bit,300,0.1,0.5,16,16,1.999872,1,651.9849,401.5399,nW/nW,0.540,125,SS,saed05rvt_base_ss0p540v125c
shift_reg_16bit,300,0.5,0.5,16,16,1.999872,1,3.2515,401.5184,uW/nW,0.540,125,SS,saed05rvt_base_ss0p540v125c
shift_reg_16bit,300,0.3,0.5,16,16,1.999872,1,1.9516,401.4864,uW/nW,0.540,125,SS,saed05rvt_base_ss0p540v125c
shift_reg_16bit,300,0.8,0.5,16,16,1.999872,1,5.4962,405.4679,uW/nW,0.540,125,SS,saed05rvt_base_ss0p540v125c
shift_reg_16bit,300,0.5,0.3,16,16,1.999872,1,3.2211,404.3457,uW/nW,0.540,125,SS,saed05rvt_base_ss0p540v125c
shift_reg_16bit,300,0.5,0.7,16,16,1.999872,1,3.2420,402.5547,uW/nW,0.540,125,SS,saed05rvt_base_ss0p540v125c
shift_reg_16bit,450,0.1,0.5,16,16,1.999872,1,651.2652,401.4808,nW/nW,0.540,125,SS,saed05rvt_base_ss0p540v125c
shift_reg_16bit,450,0.5,0.5,16,16,1.999872,1,3.2538,401.4984,uW/nW,0.540,125,SS,saed05rvt_base_ss0p540v125c
shift_reg_16bit,450,0.3,0.5,16,16,1.999872,1,1.9544,401.5023,uW/nW,0.540,125,SS,saed05rvt_base_ss0p540v125c
shift_reg_16bit,450,0.8,0.5,16,16,1.999872,1,5.1964,401.4587,uW/nW,0.540,125,SS,saed05rvt_base_ss0p540v125c
shift_reg_16bit,450,0.5,0.3,16,16,1.999872,1,3.2065,404.1093,uW/nW,0.540,125,SS,saed05rvt_base_ss0p540v125c
shift_reg_16bit,450,0.5,0.7,16,16,1.999872,1,3.2946,403.7948,uW/nW,0.540,125,SS,saed05rvt_base_ss0p540v125c
shift_reg_16bit,600,0.1,0.5,16,16,1.999872,1,653.1495,401.5995,nW/nW,0.540,125,SS,saed05rvt_base_ss0p540v125c
shift_reg_16bit,600,0.5,0.5,16,16,1.999872,1,3.2554,401.4825,uW/nW,0.540,125,SS,saed05rvt_base_ss0p540v125c
shift_reg_16bit,600,0.3,0.5,16,16,1.999872,1,1.9523,401.4429,uW/nW,0.540,125,SS,saed05rvt_base_ss0p540v125c
shift_reg_16bit,600,0.8,0.5,16,16,1.999872,1,5.2031,401.5004,uW/nW,0.540,125,SS,saed05rvt_base_ss0p540v125c
shift_reg_16bit,600,0.5,0.3,16,16,1.999872,1,3.2076,404.1145,uW/nW,0.540,125,SS,saed05rvt_base_ss0p540v125c
shift_reg_16bit,600,0.5,0.7,16,16,1.999872,1,3.3003,403.8270,uW/nW,0.540,125,SS,saed05rvt_base_ss0p540v125c
shift_reg_16bit,750,0.1,0.5,16,16,1.999872,1,652.8682,401.6072,nW/nW,0.540,125,SS,saed05rvt_base_ss0p540v125c
shift_reg_16bit,750,0.5,0.5,16,16,1.999872,1,3.2574,401.5023,uW/nW,0.540,125,SS,saed05rvt_base_ss0p540v125c
shift_reg_16bit,750,0.3,0.5,16,16,1.999872,1,1.9540,401.5111,uW/nW,0.540,125,SS,saed05rvt_base_ss0p540v125c
shift_reg_16bit,750,0.8,0.5,16,16,1.999872,1,5.2059,401.4945,uW/nW,0.540,125,SS,saed05rvt_base_ss0p540v125c
shift_reg_16bit,750,0.5,0.3,16,16,1.999872,1,3.2066,404.0942,uW/nW,0.540,125,SS,saed05rvt_base_ss0p540v125c
shift_reg_16bit,750,0.5,0.7,16,16,1.999872,1,3.2985,403.7913,uW/nW,0.540,125,SS,saed05rvt_base_ss0p540v125c
shift_reg_16bit,900,0.1,0.5,16,16,1.999872,1,652.5890,401.5825,nW/nW,0.540,125,SS,saed05rvt_base_ss0p540v125c
shift_reg_16bit,900,0.5,0.5,16,16,1.999872,1,3.2565,401.4721,uW/nW,0.540,125,SS,saed05rvt_base_ss0p540v125c
shift_reg_16bit,900,0.3,0.5,16,16,1.999872,1,1.9560,401.5399,uW/nW,0.540,125,SS,saed05rvt_base_ss0p540v125c
shift_reg_16bit,900,0.8,0.5,16,16,1.999872,1,5.2065,401.4773,uW/nW,0.540,125,SS,saed05rvt_base_ss0p540v125c
shift_reg_16bit,900,0.5,0.3,16,16,1.999872,1,3.2093,404.1139,uW/nW,0.540,125,SS,saed05rvt_base_ss0p540v125c
shift_reg_16bit,900,0.5,0.7,16,16,1.999872,1,3.3044,403.9373,uW/nW,0.540,125,SS,saed05rvt_base_ss0p540v125c
shift_reg_16bit,1000,0.1,0.5,16,16,1.999872,1,653.2889,401.5054,nW/nW,0.540,125,SS,saed05rvt_base_ss0p540v125c
shift_reg_16bit,1000,0.5,0.5,16,16,1.999872,1,3.2539,401.4429,uW/nW,0.540,125,SS,saed05rvt_base_ss0p540v125c
shift_reg_16bit,1000,0.3,0.5,16,16,1.999872,1,1.9608,401.6931,uW/nW,0.540,125,SS,saed05rvt_base_ss0p540v125c
shift_reg_16bit,1000,0.8,0.5,16,16,1.999872,1,5.2057,401.4511,uW/nW,0.540,125,SS,saed05rvt_base_ss0p540v125c
shift_reg_16bit,1000,0.5,0.3,16,16,1.999872,1,3.2085,404.1083,uW/nW,0.540,125,SS,saed05rvt_base_ss0p540v125c
shift_reg_16bit,1000,0.5,0.7,16,16,1.999872,1,3.3030,403.8717,uW/nW,0.540,125,SS,saed05rvt_base_ss0p540v125c
shift_reg_16bit,10,0.1,0.5,16,16,1.999872,1,648.5490,3.4578,nW/nW,0.540,25,SS,saed05rvt_base_ss0p540v25c
shift_reg_16bit,10,0.5,0.5,16,16,1.999872,1,3.1958,3.4578,uW/nW,0.540,25,SS,saed05rvt_base_ss0p540v25c
shift_reg_16bit,10,0.3,0.5,16,16,1.999872,1,1.9222,3.4578,uW/nW,0.540,25,SS,saed05rvt_base_ss0p540v25c
shift_reg_16bit,10,0.8,0.5,16,16,1.999872,1,5.1063,3.4578,uW/nW,0.540,25,SS,saed05rvt_base_ss0p540v25c
shift_reg_16bit,10,0.5,0.3,16,16,1.999872,1,3.2315,3.4001,uW/nW,0.540,25,SS,saed05rvt_base_ss0p540v25c
shift_reg_16bit,10,0.5,0.7,16,16,1.999872,1,3.1426,3.5471,uW/nW,0.540,25,SS,saed05rvt_base_ss0p540v25c
shift_reg_16bit,50,0.1,0.5,16,16,1.999872,1,695.4496,3.4578,nW/nW,0.540,25,SS,saed05rvt_base_ss0p540v25c
shift_reg_16bit,50,0.5,0.5,16,16,1.999872,1,3.2427,3.4578,uW/nW,0.540,25,SS,saed05rvt_base_ss0p540v25c
shift_reg_16bit,50,0.3,0.5,16,16,1.999872,1,1.9691,3.4578,uW/nW,0.540,25,SS,saed05rvt_base_ss0p540v25c
shift_reg_16bit,50,0.8,0.5,16,16,1.999872,1,5.1532,3.4578,uW/nW,0.540,25,SS,saed05rvt_base_ss0p540v25c
shift_reg_16bit,50,0.5,0.3,16,16,1.999872,1,3.2828,3.4001,uW/nW,0.540,25,SS,saed05rvt_base_ss0p540v25c
shift_reg_16bit,50,0.5,0.7,16,16,1.999872,1,3.1840,3.5471,uW/nW,0.540,25,SS,saed05rvt_base_ss0p540v25c
shift_reg_16bit,100,0.1,0.5,16,16,1.999872,1,644.3085,3.4317,nW/nW,0.540,25,SS,saed05rvt_base_ss0p540v25c
shift_reg_16bit,100,0.5,0.5,16,16,1.999872,1,3.3014,3.4578,uW/nW,0.540,25,SS,saed05rvt_base_ss0p540v25c
shift_reg_16bit,100,0.3,0.5,16,16,1.999872,1,2.0277,3.4578,uW/nW,0.540,25,SS,saed05rvt_base_ss0p540v25c
shift_reg_16bit,100,0.8,0.5,16,16,1.999872,1,5.2118,3.4578,uW/nW,0.540,25,SS,saed05rvt_base_ss0p540v25c
shift_reg_16bit,100,0.5,0.3,16,16,1.999872,1,3.3470,3.4001,uW/nW,0.540,25,SS,saed05rvt_base_ss0p540v25c
shift_reg_16bit,100,0.5,0.7,16,16,1.999872,1,3.2358,3.5471,uW/nW,0.540,25,SS,saed05rvt_base_ss0p540v25c
shift_reg_16bit,200,0.1,0.5,16,16,1.999872,1,644.5700,3.4314,nW/nW,0.540,25,SS,saed05rvt_base_ss0p540v25c
shift_reg_16bit,200,0.5,0.5,16,16,1.999872,1,3.4186,3.4578,uW/nW,0.540,25,SS,saed05rvt_base_ss0p540v25c
shift_reg_16bit,200,0.3,0.5,16,16,1.999872,1,1.9300,3.4315,uW/nW,0.540,25,SS,saed05rvt_base_ss0p540v25c
shift_reg_16bit,200,0.8,0.5,16,16,1.999872,1,5.3291,3.4578,uW/nW,0.540,25,SS,saed05rvt_base_ss0p540v25c
shift_reg_16bit,200,0.5,0.3,16,16,1.999872,1,3.4753,3.4001,uW/nW,0.540,25,SS,saed05rvt_base_ss0p540v25c
shift_reg_16bit,200,0.5,0.7,16,16,1.999872,1,3.3393,3.5471,uW/nW,0.540,25,SS,saed05rvt_base_ss0p540v25c
shift_reg_16bit,300,0.1,0.5,16,16,1.999872,1,645.7690,3.4320,nW/nW,0.540,25,SS,saed05rvt_base_ss0p540v25c
shift_reg_16bit,300,0.5,0.5,16,16,1.999872,1,3.2204,3.4319,uW/nW,0.540,25,SS,saed05rvt_base_ss0p540v25c
shift_reg_16bit,300,0.3,0.5,16,16,1.999872,1,1.9329,3.4317,uW/nW,0.540,25,SS,saed05rvt_base_ss0p540v25c
shift_reg_16bit,300,0.8,0.5,16,16,1.999872,1,5.4463,3.4578,uW/nW,0.540,25,SS,saed05rvt_base_ss0p540v25c
shift_reg_16bit,300,0.5,0.3,16,16,1.999872,1,3.1902,3.3691,uW/nW,0.540,25,SS,saed05rvt_base_ss0p540v25c
shift_reg_16bit,300,0.5,0.7,16,16,1.999872,1,3.2108,3.5285,uW/nW,0.540,25,SS,saed05rvt_base_ss0p540v25c
shift_reg_16bit,450,0.1,0.5,16,16,1.999872,1,645.0451,3.4316,nW/nW,0.540,25,SS,saed05rvt_base_ss0p540v25c
shift_reg_16bit,450,0.5,0.5,16,16,1.999872,1,3.2227,3.4318,uW/nW,0.540,25,SS,saed05rvt_base_ss0p540v25c
shift_reg_16bit,450,0.3,0.5,16,16,1.999872,1,1.9358,3.4318,uW/nW,0.540,25,SS,saed05rvt_base_ss0p540v25c
shift_reg_16bit,450,0.8,0.5,16,16,1.999872,1,5.1467,3.4315,uW/nW,0.540,25,SS,saed05rvt_base_ss0p540v25c
shift_reg_16bit,450,0.5,0.3,16,16,1.999872,1,3.1756,3.3674,uW/nW,0.540,25,SS,saed05rvt_base_ss0p540v25c
shift_reg_16bit,450,0.5,0.7,16,16,1.999872,1,3.2636,3.5359,uW/nW,0.540,25,SS,saed05rvt_base_ss0p540v25c
shift_reg_16bit,600,0.1,0.5,16,16,1.999872,1,646.9359,3.4324,nW/nW,0.540,25,SS,saed05rvt_base_ss0p540v25c
shift_reg_16bit,600,0.5,0.5,16,16,1.999872,1,3.2244,3.4317,uW/nW,0.540,25,SS,saed05rvt_base_ss0p540v25c
shift_reg_16bit,600,0.3,0.5,16,16,1.999872,1,1.9337,3.4314,uW/nW,0.540,25,SS,saed05rvt_base_ss0p540v25c
shift_reg_16bit,600,0.8,0.5,16,16,1.999872,1,5.1534,3.4318,uW/nW,0.540,25,SS,saed05rvt_base_ss0p540v25c
shift_reg_16bit,600,0.5,0.3,16,16,1.999872,1,3.1767,3.3674,uW/nW,0.540,25,SS,saed05rvt_base_ss0p540v25c
shift_reg_16bit,600,0.5,0.7,16,16,1.999872,1,3.2693,3.5361,uW/nW,0.540,25,SS,saed05rvt_base_ss0p540v25c
shift_reg_16bit,750,0.1,0.5,16,16,1.999872,1,646.6523,3.4325,nW/nW,0.540,25,SS,saed05rvt_base_ss0p540v25c
shift_reg_16bit,750,0.5,0.5,16,16,1.999872,1,3.2264,3.4318,uW/nW,0.540,25,SS,saed05rvt_base_ss0p540v25c
shift_reg_16bit,750,0.3,0.5,16,16,1.999872,1,1.9353,3.4318,uW/nW,0.540,25,SS,saed05rvt_base_ss0p540v25c
shift_reg_16bit,750,0.8,0.5,16,16,1.999872,1,5.1562,3.4317,uW/nW,0.540,25,SS,saed05rvt_base_ss0p540v25c
shift_reg_16bit,750,0.5,0.3,16,16,1.999872,1,3.1757,3.3673,uW/nW,0.540,25,SS,saed05rvt_base_ss0p540v25c
shift_reg_16bit,750,0.5,0.7,16,16,1.999872,1,3.2673,3.5359,uW/nW,0.540,25,SS,saed05rvt_base_ss0p540v25c
shift_reg_16bit,900,0.1,0.5,16,16,1.999872,1,646.3658,3.4323,nW/nW,0.540,25,SS,saed05rvt_base_ss0p540v25c
shift_reg_16bit,900,0.5,0.5,16,16,1.999872,1,3.2255,3.4316,uW/nW,0.540,25,SS,saed05rvt_base_ss0p540v25c
shift_reg_16bit,900,0.3,0.5,16,16,1.999872,1,1.9373,3.4320,uW/nW,0.540,25,SS,saed05rvt_base_ss0p540v25c
shift_reg_16bit,900,0.8,0.5,16,16,1.999872,1,5.1568,3.4316,uW/nW,0.540,25,SS,saed05rvt_base_ss0p540v25c
shift_reg_16bit,900,0.5,0.3,16,16,1.999872,1,3.1785,3.3674,uW/nW,0.540,25,SS,saed05rvt_base_ss0p540v25c
shift_reg_16bit,900,0.5,0.7,16,16,1.999872,1,3.2733,3.5367,uW/nW,0.540,25,SS,saed05rvt_base_ss0p540v25c
shift_reg_16bit,1000,0.1,0.5,16,16,1.999872,1,647.1049,3.4318,nW/nW,0.540,25,SS,saed05rvt_base_ss0p540v25c
shift_reg_16bit,1000,0.5,0.5,16,16,1.999872,1,3.2229,3.4314,uW/nW,0.540,25,SS,saed05rvt_base_ss0p540v25c
shift_reg_16bit,1000,0.3,0.5,16,16,1.999872,1,1.9422,3.4330,uW/nW,0.540,25,SS,saed05rvt_base_ss0p540v25c
shift_reg_16bit,1000,0.8,0.5,16,16,1.999872,1,5.1560,3.4314,uW/nW,0.540,25,SS,saed05rvt_base_ss0p540v25c
shift_reg_16bit,1000,0.5,0.3,16,16,1.999872,1,3.1777,3.3674,uW/nW,0.540,25,SS,saed05rvt_base_ss0p540v25c
shift_reg_16bit,1000,0.5,0.7,16,16,1.999872,1,3.2718,3.5364,uW/nW,0.540,25,SS,saed05rvt_base_ss0p540v25c
shift_reg_16bit,10,0.1,0.5,16,16,1.999872,1,1.0421,959.3990,uW/nW,0.675,125,SS,saed05rvt_base_ss0p675v125c
shift_reg_16bit,10,0.5,0.5,16,16,1.999872,1,5.1436,959.3990,uW/nW,0.675,125,SS,saed05rvt_base_ss0p675v125c
shift_reg_16bit,10,0.3,0.5,16,16,1.999872,1,3.0929,959.3990,uW/nW,0.675,125,SS,saed05rvt_base_ss0p675v125c
shift_reg_16bit,10,0.8,0.5,16,16,1.999872,1,8.2198,959.3990,uW/nW,0.675,125,SS,saed05rvt_base_ss0p675v125c
shift_reg_16bit,10,0.5,0.3,16,16,1.999872,1,5.2011,968.9628,uW/nW,0.675,125,SS,saed05rvt_base_ss0p675v125c
shift_reg_16bit,10,0.5,0.7,16,16,1.999872,1,5.0563,958.4538,uW/nW,0.675,125,SS,saed05rvt_base_ss0p675v125c
shift_reg_16bit,50,0.1,0.5,16,16,1.999872,1,1.1090,959.3990,uW/nW,0.675,125,SS,saed05rvt_base_ss0p675v125c
shift_reg_16bit,50,0.5,0.5,16,16,1.999872,1,5.2105,959.3990,uW/nW,0.675,125,SS,saed05rvt_base_ss0p675v125c
shift_reg_16bit,50,0.3,0.5,16,16,1.999872,1,3.1597,959.3990,uW/nW,0.675,125,SS,saed05rvt_base_ss0p675v125c
shift_reg_16bit,50,0.8,0.5,16,16,1.999872,1,8.2866,959.3990,uW/nW,0.675,125,SS,saed05rvt_base_ss0p675v125c
shift_reg_16bit,50,0.5,0.3,16,16,1.999872,1,5.2747,968.9628,uW/nW,0.675,125,SS,saed05rvt_base_ss0p675v125c
shift_reg_16bit,50,0.5,0.7,16,16,1.999872,1,5.1143,958.4538,uW/nW,0.675,125,SS,saed05rvt_base_ss0p675v125c
shift_reg_16bit,100,0.1,0.5,16,16,1.999872,1,1.0331,949.8459,uW/nW,0.675,125,SS,saed05rvt_base_ss0p675v125c
shift_reg_16bit,100,0.5,0.5,16,16,1.999872,1,5.2941,959.3990,uW/nW,0.675,125,SS,saed05rvt_base_ss0p675v125c
shift_reg_16bit,100,0.3,0.5,16,16,1.999872,1,3.2433,959.3990,uW/nW,0.675,125,SS,saed05rvt_base_ss0p675v125c
shift_reg_16bit,100,0.8,0.5,16,16,1.999872,1,8.3702,959.3990,uW/nW,0.675,125,SS,saed05rvt_base_ss0p675v125c
shift_reg_16bit,100,0.5,0.3,16,16,1.999872,1,5.3666,968.9628,uW/nW,0.675,125,SS,saed05rvt_base_ss0p675v125c
shift_reg_16bit,100,0.5,0.7,16,16,1.999872,1,5.1867,958.4538,uW/nW,0.675,125,SS,saed05rvt_base_ss0p675v125c
shift_reg_16bit,200,0.1,0.5,16,16,1.999872,1,1.0335,949.7416,uW/nW,0.675,125,SS,saed05rvt_base_ss0p675v125c
shift_reg_16bit,200,0.5,0.5,16,16,1.999872,1,5.4612,959.3990,uW/nW,0.675,125,SS,saed05rvt_base_ss0p675v125c
shift_reg_16bit,200,0.3,0.5,16,16,1.999872,1,3.0950,949.7819,uW/nW,0.675,125,SS,saed05rvt_base_ss0p675v125c
shift_reg_16bit,200,0.8,0.5,16,16,1.999872,1,8.5374,959.3990,uW/nW,0.675,125,SS,saed05rvt_base_ss0p675v125c
shift_reg_16bit,200,0.5,0.3,16,16,1.999872,1,5.5506,968.9628,uW/nW,0.675,125,SS,saed05rvt_base_ss0p675v125c
shift_reg_16bit,200,0.5,0.7,16,16,1.999872,1,5.3316,958.4538,uW/nW,0.675,125,SS,saed05rvt_base_ss0p675v125c
shift_reg_16bit,300,0.1,0.5,16,16,1.999872,1,1.0353,949.9743,uW/nW,0.675,125,SS,saed05rvt_base_ss0p675v125c
shift_reg_16bit,300,0.5,0.5,16,16,1.999872,1,5.1637,949.9227,uW/nW,0.675,125,SS,saed05rvt_base_ss0p675v125c
shift_reg_16bit,300,0.3,0.5,16,16,1.999872,1,3.0993,949.8459,uW/nW,0.675,125,SS,saed05rvt_base_ss0p675v125c
shift_reg_16bit,300,0.8,0.5,16,16,1.999872,1,8.7045,959.3990,uW/nW,0.675,125,SS,saed05rvt_base_ss0p675v125c
shift_reg_16bit,300,0.5,0.3,16,16,1.999872,1,5.1174,958.6176,uW/nW,0.675,125,SS,saed05rvt_base_ss0p675v125c
shift_reg_16bit,300,0.5,0.7,16,16,1.999872,1,5.1458,950.8971,uW/nW,0.675,125,SS,saed05rvt_base_ss0p675v125c
shift_reg_16bit,450,0.1,0.5,16,16,1.999872,1,1.0342,949.8326,uW/nW,0.675,125,SS,saed05rvt_base_ss0p675v125c
shift_reg_16bit,450,0.5,0.5,16,16,1.999872,1,5.1672,949.8748,uW/nW,0.675,125,SS,saed05rvt_base_ss0p675v125c
shift_reg_16bit,450,0.3,0.5,16,16,1.999872,1,3.1036,949.8842,uW/nW,0.675,125,SS,saed05rvt_base_ss0p675v125c
shift_reg_16bit,450,0.8,0.5,16,16,1.999872,1,8.2531,949.7795,uW/nW,0.675,125,SS,saed05rvt_base_ss0p675v125c
shift_reg_16bit,450,0.5,0.3,16,16,1.999872,1,5.0952,958.0566,uW/nW,0.675,125,SS,saed05rvt_base_ss0p675v125c
shift_reg_16bit,450,0.5,0.7,16,16,1.999872,1,5.2240,953.9023,uW/nW,0.675,125,SS,saed05rvt_base_ss0p675v125c
shift_reg_16bit,600,0.1,0.5,16,16,1.999872,1,1.0371,950.1171,uW/nW,0.675,125,SS,saed05rvt_base_ss0p675v125c
shift_reg_16bit,600,0.5,0.5,16,16,1.999872,1,5.1697,949.8365,uW/nW,0.675,125,SS,saed05rvt_base_ss0p675v125c
shift_reg_16bit,600,0.3,0.5,16,16,1.999872,1,3.1005,949.7416,uW/nW,0.675,125,SS,saed05rvt_base_ss0p675v125c
shift_reg_16bit,600,0.8,0.5,16,16,1.999872,1,8.2631,949.8795,uW/nW,0.675,125,SS,saed05rvt_base_ss0p675v125c
shift_reg_16bit,600,0.5,0.3,16,16,1.999872,1,5.0968,958.0689,uW/nW,0.675,125,SS,saed05rvt_base_ss0p675v125c
shift_reg_16bit,600,0.5,0.7,16,16,1.999872,1,5.2326,953.9802,uW/nW,0.675,125,SS,saed05rvt_base_ss0p675v125c
shift_reg_16bit,750,0.1,0.5,16,16,1.999872,1,1.0366,950.1359,uW/nW,0.675,125,SS,saed05rvt_base_ss0p675v125c
shift_reg_16bit,750,0.5,0.5,16,16,1.999872,1,5.1726,949.8842,uW/nW,0.675,125,SS,saed05rvt_base_ss0p675v125c
shift_reg_16bit,750,0.3,0.5,16,16,1.999872,1,3.1029,949.9052,uW/nW,0.675,125,SS,saed05rvt_base_ss0p675v125c
shift_reg_16bit,750,0.8,0.5,16,16,1.999872,1,8.2672,949.8654,uW/nW,0.675,125,SS,saed05rvt_base_ss0p675v125c
shift_reg_16bit,750,0.5,0.3,16,16,1.999872,1,5.0952,958.0207,uW/nW,0.675,125,SS,saed05rvt_base_ss0p675v125c
shift_reg_16bit,750,0.5,0.7,16,16,1.999872,1,5.2299,953.8936,uW/nW,0.675,125,SS,saed05rvt_base_ss0p675v125c
shift_reg_16bit,900,0.1,0.5,16,16,1.999872,1,1.0362,950.0765,uW/nW,0.675,125,SS,saed05rvt_base_ss0p675v125c
shift_reg_16bit,900,0.5,0.5,16,16,1.999872,1,5.1713,949.8115,uW/nW,0.675,125,SS,saed05rvt_base_ss0p675v125c
shift_reg_16bit,900,0.3,0.5,16,16,1.999872,1,3.1059,949.9743,uW/nW,0.675,125,SS,saed05rvt_base_ss0p675v125c
shift_reg_16bit,900,0.8,0.5,16,16,1.999872,1,8.2682,949.8240,uW/nW,0.675,125,SS,saed05rvt_base_ss0p675v125c
shift_reg_16bit,900,0.5,0.3,16,16,1.999872,1,5.0994,958.0675,uW/nW,0.675,125,SS,saed05rvt_base_ss0p675v125c
shift_reg_16bit,900,0.5,0.7,16,16,1.999872,1,5.2389,954.2475,uW/nW,0.675,125,SS,saed05rvt_base_ss0p675v125c
shift_reg_16bit,1000,0.1,0.5,16,16,1.999872,1,1.0372,949.8915,uW/nW,0.675,125,SS,saed05rvt_base_ss0p675v125c
shift_reg_16bit,1000,0.5,0.5,16,16,1.999872,1,5.1674,949.7416,uW/nW,0.675,125,SS,saed05rvt_base_ss0p675v125c
shift_reg_16bit,1000,0.3,0.5,16,16,1.999872,1,3.1133,950.3420,uW/nW,0.675,125,SS,saed05rvt_base_ss0p675v125c
shift_reg_16bit,1000,0.8,0.5,16,16,1.999872,1,8.2669,949.7612,uW/nW,0.675,125,SS,saed05rvt_base_ss0p675v125c
shift_reg_16bit,1000,0.5,0.3,16,16,1.999872,1,5.0981,958.0541,uW/nW,0.675,125,SS,saed05rvt_base_ss0p675v125c
shift_reg_16bit,1000,0.5,0.7,16,16,1.999872,1,5.2368,954.0886,uW/nW,0.675,125,SS,saed05rvt_base_ss0p675v125c
shift_reg_16bit,10,0.1,0.5,16,16,1.999872,1,1.0297,10.2294,uW/nW,0.675,25,SS,saed05rvt_base_ss0p675v25c
shift_reg_16bit,10,0.5,0.5,16,16,1.999872,1,5.0734,10.2294,uW/nW,0.675,25,SS,saed05rvt_base_ss0p675v25c
shift_reg_16bit,10,0.3,0.5,16,16,1.999872,1,3.0516,10.2294,uW/nW,0.675,25,SS,saed05rvt_base_ss0p675v25c
shift_reg_16bit,10,0.8,0.5,16,16,1.999872,1,8.1061,10.2294,uW/nW,0.675,25,SS,saed05rvt_base_ss0p675v25c
shift_reg_16bit,10,0.5,0.3,16,16,1.999872,1,5.1291,10.0892,uW/nW,0.675,25,SS,saed05rvt_base_ss0p675v25c
shift_reg_16bit,10,0.5,0.7,16,16,1.999872,1,4.9882,10.4662,uW/nW,0.675,25,SS,saed05rvt_base_ss0p675v25c
shift_reg_16bit,50,0.1,0.5,16,16,1.999872,1,1.1050,10.2294,uW/nW,0.675,25,SS,saed05rvt_base_ss0p675v25c
shift_reg_16bit,50,0.5,0.5,16,16,1.999872,1,5.1487,10.2294,uW/nW,0.675,25,SS,saed05rvt_base_ss0p675v25c
shift_reg_16bit,50,0.3,0.5,16,16,1.999872,1,3.1268,10.2294,uW/nW,0.675,25,SS,saed05rvt_base_ss0p675v25c
shift_reg_16bit,50,0.8,0.5,16,16,1.999872,1,8.1814,10.2294,uW/nW,0.675,25,SS,saed05rvt_base_ss0p675v25c
shift_reg_16bit,50,0.5,0.3,16,16,1.999872,1,5.2113,10.0892,uW/nW,0.675,25,SS,saed05rvt_base_ss0p675v25c
shift_reg_16bit,50,0.5,0.7,16,16,1.999872,1,5.0547,10.4662,uW/nW,0.675,25,SS,saed05rvt_base_ss0p675v25c
shift_reg_16bit,100,0.1,0.5,16,16,1.999872,1,1.0223,10.1492,uW/nW,0.675,25,SS,saed05rvt_base_ss0p675v25c
shift_reg_16bit,100,0.5,0.5,16,16,1.999872,1,5.2427,10.2294,uW/nW,0.675,25,SS,saed05rvt_base_ss0p675v25c
shift_reg_16bit,100,0.3,0.5,16,16,1.999872,1,3.2209,10.2294,uW/nW,0.675,25,SS,saed05rvt_base_ss0p675v25c
shift_reg_16bit,100,0.8,0.5,16,16,1.999872,1,8.2755,10.2294,uW/nW,0.675,25,SS,saed05rvt_base_ss0p675v25c
shift_reg_16bit,100,0.5,0.3,16,16,1.999872,1,5.3140,10.0892,uW/nW,0.675,25,SS,saed05rvt_base_ss0p675v25c
shift_reg_16bit,100,0.5,0.7,16,16,1.999872,1,5.1378,10.4662,uW/nW,0.675,25,SS,saed05rvt_base_ss0p675v25c
shift_reg_16bit,200,0.1,0.5,16,16,1.999872,1,1.0227,10.1483,uW/nW,0.675,25,SS,saed05rvt_base_ss0p675v25c
shift_reg_16bit,200,0.5,0.5,16,16,1.999872,1,5.4309,10.2294,uW/nW,0.675,25,SS,saed05rvt_base_ss0p675v25c
shift_reg_16bit,200,0.3,0.5,16,16,1.999872,1,3.0623,10.1486,uW/nW,0.675,25,SS,saed05rvt_base_ss0p675v25c
shift_reg_16bit,200,0.8,0.5,16,16,1.999872,1,8.4637,10.2294,uW/nW,0.675,25,SS,saed05rvt_base_ss0p675v25c
shift_reg_16bit,200,0.5,0.3,16,16,1.999872,1,5.5196,10.0892,uW/nW,0.675,25,SS,saed05rvt_base_ss0p675v25c
shift_reg_16bit,200,0.5,0.7,16,16,1.999872,1,5.3041,10.4662,uW/nW,0.675,25,SS,saed05rvt_base_ss0p675v25c
shift_reg_16bit,300,0.1,0.5,16,16,1.999872,1,1.0247,10.1502,uW/nW,0.675,25,SS,saed05rvt_base_ss0p675v25c
shift_reg_16bit,300,0.5,0.5,16,16,1.999872,1,5.1098,10.1498,uW/nW,0.675,25,SS,saed05rvt_base_ss0p675v25c
shift_reg_16bit,300,0.3,0.5,16,16,1.999872,1,3.0670,10.1492,uW/nW,0.675,25,SS,saed05rvt_base_ss0p675v25c
shift_reg_16bit,300,0.8,0.5,16,16,1.999872,1,8.6518,10.2294,uW/nW,0.675,25,SS,saed05rvt_base_ss0p675v25c
shift_reg_16bit,300,0.5,0.3,16,16,1.999872,1,5.0574,9.9961,uW/nW,0.675,25,SS,saed05rvt_base_ss0p675v25c
shift_reg_16bit,300,0.5,0.7,16,16,1.999872,1,5.0966,10.4079,uW/nW,0.675,25,SS,saed05rvt_base_ss0p675v25c
shift_reg_16bit,450,0.1,0.5,16,16,1.999872,1,1.0235,10.1490,uW/nW,0.675,25,SS,saed05rvt_base_ss0p675v25c
shift_reg_16bit,450,0.5,0.5,16,16,1.999872,1,5.1135,10.1494,uW/nW,0.675,25,SS,saed05rvt_base_ss0p675v25c
shift_reg_16bit,450,0.3,0.5,16,16,1.999872,1,3.0716,10.1495,uW/nW,0.675,25,SS,saed05rvt_base_ss0p675v25c
shift_reg_16bit,450,0.8,0.5,16,16,1.999872,1,8.1661,10.1486,uW/nW,0.675,25,SS,saed05rvt_base_ss0p675v25c
shift_reg_16bit,450,0.5,0.3,16,16,1.999872,1,5.0338,9.9911,uW/nW,0.675,25,SS,saed05rvt_base_ss0p675v25c
shift_reg_16bit,450,0.5,0.7,16,16,1.999872,1,5.1820,10.4311,uW/nW,0.675,25,SS,saed05rvt_base_ss0p675v25c
shift_reg_16bit,600,0.1,0.5,16,16,1.999872,1,1.0266,10.1514,uW/nW,0.675,25,SS,saed05rvt_base_ss0p675v25c
shift_reg_16bit,600,0.5,0.5,16,16,1.999872,1,5.1162,10.1491,uW/nW,0.675,25,SS,saed05rvt_base_ss0p675v25c
shift_reg_16bit,600,0.3,0.5,16,16,1.999872,1,3.0682,10.1483,uW/nW,0.675,25,SS,saed05rvt_base_ss0p675v25c
shift_reg_16bit,600,0.8,0.5,16,16,1.999872,1,8.1768,10.1494,uW/nW,0.675,25,SS,saed05rvt_base_ss0p675v25c
shift_reg_16bit,600,0.5,0.3,16,16,1.999872,1,5.0355,9.9912,uW/nW,0.675,25,SS,saed05rvt_base_ss0p675v25c
shift_reg_16bit,600,0.5,0.7,16,16,1.999872,1,5.1913,10.4317,uW/nW,0.675,25,SS,saed05rvt_base_ss0p675v25c
shift_reg_16bit,750,0.1,0.5,16,16,1.999872,1,1.0261,10.1516,uW/nW,0.675,25,SS,saed05rvt_base_ss0p675v25c
shift_reg_16bit,750,0.5,0.5,16,16,1.999872,1,5.1194,10.1495,uW/nW,0.675,25,SS,saed05rvt_base_ss0p675v25c
shift_reg_16bit,750,0.3,0.5,16,16,1.999872,1,3.0708,10.1496,uW/nW,0.675,25,SS,saed05rvt_base_ss0p675v25c
shift_reg_16bit,750,0.8,0.5,16,16,1.999872,1,8.1813,10.1493,uW/nW,0.675,25,SS,saed05rvt_base_ss0p675v25c
shift_reg_16bit,750,0.5,0.3,16,16,1.999872,1,5.0339,9.9907,uW/nW,0.675,25,SS,saed05rvt_base_ss0p675v25c
shift_reg_16bit,750,0.5,0.7,16,16,1.999872,1,5.1881,10.4310,uW/nW,0.675,25,SS,saed05rvt_base_ss0p675v25c
shift_reg_16bit,900,0.1,0.5,16,16,1.999872,1,1.0257,10.1511,uW/nW,0.675,25,SS,saed05rvt_base_ss0p675v25c
shift_reg_16bit,900,0.5,0.5,16,16,1.999872,1,5.1179,10.1489,uW/nW,0.675,25,SS,saed05rvt_base_ss0p675v25c
shift_reg_16bit,900,0.3,0.5,16,16,1.999872,1,3.0741,10.1502,uW/nW,0.675,25,SS,saed05rvt_base_ss0p675v25c
shift_reg_16bit,900,0.8,0.5,16,16,1.999872,1,8.1824,10.1490,uW/nW,0.675,25,SS,saed05rvt_base_ss0p675v25c
shift_reg_16bit,900,0.5,0.3,16,16,1.999872,1,5.0384,9.9912,uW/nW,0.675,25,SS,saed05rvt_base_ss0p675v25c
shift_reg_16bit,900,0.5,0.7,16,16,1.999872,1,5.1977,10.4337,uW/nW,0.675,25,SS,saed05rvt_base_ss0p675v25c
shift_reg_16bit,1000,0.1,0.5,16,16,1.999872,1,1.0268,10.1495,uW/nW,0.675,25,SS,saed05rvt_base_ss0p675v25c
shift_reg_16bit,1000,0.5,0.5,16,16,1.999872,1,5.1137,10.1483,uW/nW,0.675,25,SS,saed05rvt_base_ss0p675v25c
shift_reg_16bit,1000,0.3,0.5,16,16,1.999872,1,3.0820,10.1533,uW/nW,0.675,25,SS,saed05rvt_base_ss0p675v25c
shift_reg_16bit,1000,0.8,0.5,16,16,1.999872,1,8.1810,10.1484,uW/nW,0.675,25,SS,saed05rvt_base_ss0p675v25c
shift_reg_16bit,1000,0.5,0.3,16,16,1.999872,1,5.0371,9.9910,uW/nW,0.675,25,SS,saed05rvt_base_ss0p675v25c
shift_reg_16bit,1000,0.5,0.7,16,16,1.999872,1,5.1954,10.4325,uW/nW,0.675,25,SS,saed05rvt_base_ss0p675v25c
