design_name,clock_frequency_mhz,toggle_rate,static_probability,cell_count,comb_cell_count,seq_cell_count,inv_count,buf_count,nand_count,nor_count,xor_count,mux_count,other_count,total_area,avg_cell_area,num_nets,num_inputs,num_outputs,max_fanout,avg_fanout,avg_fanin,logic_depth,depth_mean,depth_std,depth_max,critical_path_delay,wns,tns,avg_net_toggle,toggle_attenuation,dynamic_power_uW,leakage_power_uW,total_power_uW,vdd,temperature,process,pvt_corner,v2_freq,log_cell_count,log_comb_cell_count,log_seq_cell_count,log_inv_count,log_buf_count,log_nand_count,log_nor_count,log_xor_count,log_mux_count,log_other_count,log_total_area,log_num_nets,log_num_inputs,log_num_outputs,predicted_dynamic_power_uW,predicted_leakage_power_uW,predicted_total_power_uW,error_total_power_uW_%,error_dynamic_power_uW_%,error_leakage_power_uW_%,total_anomal,dynamic_anomal,leakage_anomal,total_anomal_count,total_dynamic_count,total_leakage_count
moving_average_filter,10,0.1,0.1,355,355,0,62,0,159,89,0,0,45,8.358336,0.023544608,396,10,8,244,83.5971831,1.881690141,1,1,0,1,0.03,0,0,0.00455096,0.045509596,1.9856,0.0352171,2.0208171,0.6,25,TT,saed05rvt_base_tt0p60v25c,3.6,5.874930731,5.874930731,0,4.143134726,0,5.075173815,4.49980967,0,0,3.828641396,2.236267497,5.983936281,2.397895273,2.197224577,1.8829658,0.03051356,1.9134793,5.311602512,5.168926111,13.3558402,Ok,Ok,Ok,107,146,77
moving_average_filter,10,0.1,0.37,355,355,0,62,0,159,89,0,0,45,8.358336,0.023544608,396,10,8,244,83.5971831,1.881690141,1,1,0,1,0.03,0,0,0.004778409,0.047784091,2.0235,0.0348911,2.0583911,0.6,25,TT,saed05rvt_base_tt0p60v25c,3.6,5.874930731,5.874930731,0,4.143134726,0,5.075173815,4.49980967,0,0,3.828641396,2.236267497,5.983936281,2.397895273,2.197224577,1.8903189,0.030521747,1.9208406,6.682426824,6.581721248,12.52283039,Ok,Ok,Ok,,,
moving_average_filter,10,0.1,0.63,355,355,0,62,0,159,89,0,0,45,8.358336,0.023544608,396,10,8,244,83.5971831,1.881690141,1,1,0,1,0.03,0,0,0.004778399,0.04778399,2.0139,0.0345218,2.0484218,0.6,25,TT,saed05rvt_base_tt0p60v25c,3.6,5.874930731,5.874930731,0,4.143134726,0,5.075173815,4.49980967,0,0,3.828641396,2.236267497,5.983936281,2.397895273,2.197224577,1.9086742,0.03135457,1.9400288,5.291537775,5.224974422,9.174582731,Ok,Ok,Ok,,,
moving_average_filter,10,0.1,0.9,355,355,0,62,0,159,89,0,0,45,8.358336,0.023544608,396,10,8,244,83.5971831,1.881690141,1,1,0,1,0.03,0,0,0.004551106,0.045511061,1.979,0.0341151,2.0131151,0.6,25,TT,saed05rvt_base_tt0p60v25c,3.6,5.874930731,5.874930731,0,4.143134726,0,5.075173815,4.49980967,0,0,3.828641396,2.236267497,5.983936281,2.397895273,2.197224577,1.9271791,0.033498693,1.9606777,2.604786832,2.618539761,1.806844308,Ok,Ok,Ok,,,
moving_average_filter,10,0.37,0.1,355,355,0,62,0,159,89,0,0,45,8.358336,0.023544608,396,10,8,244,83.5971831,1.881690141,1,1,0,1,0.03,0,0,0.016823856,0.045469881,7.3451,0.0352181,7.3803181,0.6,25,TT,saed05rvt_base_tt0p60v25c,3.6,5.874930731,5.874930731,0,4.143134726,0,5.075173815,4.49980967,0,0,3.828641396,2.236267497,5.983936281,2.397895273,2.197224577,7.431572,0.030316664,7.461889,1.105246265,1.177274107,13.91737798,Ok,Ok,Ok,,,
moving_average_filter,10,0.37,0.37,355,355,0,62,0,159,89,0,0,45,8.358336,0.023544608,396,10,8,244,83.5971831,1.881690141,1,1,0,1,0.03,0,0,0.017051136,0.046084152,7.3765,0.0348911,7.4113911,0.6,25,TT,saed05rvt_base_tt0p60v25c,3.6,5.874930731,5.874930731,0,4.143134726,0,5.075173815,4.49980967,0,0,3.828641396,2.236267497,5.983936281,2.397895273,2.197224577,7.4301815,0.030343072,7.4605246,0.662945166,0.727736776,13.03492154,Ok,Ok,Ok,,,
moving_average_filter,10,0.37,0.63,355,355,0,62,0,159,89,0,0,45,8.358336,0.023544608,396,10,8,244,83.5971831,1.881690141,1,1,0,1,0.03,0,0,0.017051126,0.046084125,7.361,0.0345218,7.3955218,0.6,25,TT,saed05rvt_base_tt0p60v25c,3.6,5.874930731,5.874930731,0,4.143134726,0,5.075173815,4.49980967,0,0,3.828641396,2.236267497,5.983936281,2.397895273,2.197224577,7.4372005,0.031176088,7.4683766,0.985120976,1.035192858,9.691590885,Ok,Ok,Ok,,,
moving_average_filter,10,0.37,0.9,355,355,0,62,0,159,89,0,0,45,8.358336,0.023544608,396,10,8,244,83.5971831,1.881690141,1,1,0,1,0.03,0,0,0.016823833,0.04546982,7.3206,0.0341151,7.3547151,0.6,25,TT,saed05rvt_base_tt0p60v25c,3.6,5.874930731,5.874930731,0,4.143134726,0,5.075173815,4.49980967,0,0,3.828641396,2.236267497,5.983936281,2.397895273,2.197224577,7.494133,0.033182357,7.527315,2.346794368,2.370475038,2.734107458,Ok,Ok,Ok,,,
moving_average_filter,10,0.63,0.1,355,355,0,62,0,159,89,0,0,45,8.358336,0.023544608,396,10,8,244,83.5971831,1.881690141,1,1,0,1,0.03,0,0,0.028642038,0.045463552,12.5061,0.0352181,12.5413181,0.6,25,TT,saed05rvt_base_tt0p60v25c,3.6,5.874930731,5.874930731,0,4.143134726,0,5.075173815,4.49980967,0,0,3.828641396,2.236267497,5.983936281,2.397895273,2.197224577,12.588008,0.03015234,12.61816,0.612711895,0.654943803,14.38396879,Ok,Ok,Ok,,,
moving_average_filter,10,0.63,0.37,355,355,0,62,0,159,89,0,0,45,8.358336,0.023544608,396,10,8,244,83.5971831,1.881690141,1,1,0,1,0.03,0,0,0.028869318,0.045824315,12.5312,0.0348911,12.5660911,0.6,25,TT,saed05rvt_base_tt0p60v25c,3.6,5.874930731,5.874930731,0,4.143134726,0,5.075173815,4.49980967,0,0,3.828641396,2.236267497,5.983936281,2.397895273,2.197224577,12.624869,0.03034323,12.655212,0.709220565,0.74748904,13.03446778,Ok,Ok,Ok,,,
moving_average_filter,10,0.63,0.63,355,355,0,62,0,159,89,0,0,45,8.358336,0.023544608,396,10,8,244,83.5971831,1.881690141,1,1,0,1,0.03,0,0,0.028869308,0.045824299,12.5101,0.0345218,12.5446218,0.6,25,TT,saed05rvt_base_tt0p60v25c,3.6,5.874930731,5.874930731,0,4.143134726,0,5.075173815,4.49980967,0,0,3.828641396,2.236267497,5.983936281,2.397895273,2.197224577,12.705159,0.031087678,12.736247,1.527549142,1.559213654,9.947691239,Ok,Ok,Ok,,,
moving_average_filter,10,0.63,0.9,355,355,0,62,0,159,89,0,0,45,8.358336,0.023544608,396,10,8,244,83.5971831,1.881690141,1,1,0,1,0.03,0,0,0.028642015,0.045463516,12.4643,0.0341151,12.4984151,0.6,25,TT,saed05rvt_base_tt0p60v25c,3.6,5.874930731,5.874930731,0,4.143134726,0,5.075173815,4.49980967,0,0,3.828641396,2.236267497,5.983936281,2.397895273,2.197224577,12.831606,0.033063706,12.86467,2.930409151,2.946863532,3.081902118,Ok,Ok,Ok,,,
moving_average_filter,10,0.9,0.1,355,355,0,62,0,159,89,0,0,45,8.358336,0.023544608,396,10,8,244,83.5971831,1.881690141,1,1,0,1,0.03,0,0,0.040914765,0.04546085,17.8656,0.0352181,17.9008181,0.6,25,TT,saed05rvt_base_tt0p60v25c,3.6,5.874930731,5.874930731,0,4.143134726,0,5.075173815,4.49980967,0,0,3.828641396,2.236267497,5.983936281,2.397895273,2.197224577,17.891222,0.030104226,17.921326,0.11456227,0.143415279,14.520586,Ok,Ok,Ok,,,
moving_average_filter,10,0.9,0.37,355,355,0,62,0,159,89,0,0,45,8.358336,0.023544608,396,10,8,244,83.5971831,1.881690141,1,1,0,1,0.03,0,0,0.041142045,0.045713384,17.8841,0.0348911,17.9189911,0.6,25,TT,saed05rvt_base_tt0p60v25c,3.6,5.874930731,5.874930731,0,4.143134726,0,5.075173815,4.49980967,0,0,3.828641396,2.236267497,5.983936281,2.397895273,2.197224577,17.938261,0.03032603,17.968588,0.276783303,0.302844606,13.08376839,Ok,Ok,Ok,,,
moving_average_filter,10,0.9,0.63,355,355,0,62,0,159,89,0,0,45,8.358336,0.023544608,396,10,8,244,83.5971831,1.881690141,1,1,0,1,0.03,0,0,0.041142035,0.045713373,17.8573,0.0345218,17.8918218,0.6,25,TT,saed05rvt_base_tt0p60v25c,3.6,5.874930731,5.874930731,0,4.143134726,0,5.075173815,4.49980967,0,0,3.828641396,2.236267497,5.983936281,2.397895273,2.197224577,18.015184,0.031145042,18.04633,0.863566047,0.884144873,9.781524114,Ok,Ok,Ok,,,
moving_average_filter,10,0.9,0.9,355,355,0,62,0,159,89,0,0,45,8.358336,0.023544608,396,10,8,244,83.5971831,1.881690141,1,1,0,1,0.03,0,0,0.040914742,0.045460825,17.8059,0.0341151,17.8400151,0.6,25,TT,saed05rvt_base_tt0p60v25c,3.6,5.874930731,5.874930731,0,4.143134726,0,5.075173815,4.49980967,0,0,3.828641396,2.236267497,5.983936281,2.397895273,2.197224577,18.15932,0.033105776,18.192427,1.97539957,1.984852388,2.95858516,Ok,Ok,Ok,,,
moving_average_filter,50,0.1,0.1,355,355,0,62,0,159,89,0,0,45,8.358336,0.023544608,396,10,8,244,83.5971831,1.881690141,1,1,0,1,0.03,0,0,0.004572429,0.045724293,1.9881,0.0352171,2.0233171,0.6,25,TT,saed05rvt_base_tt0p60v25c,18,5.874930731,5.874930731,0,4.143134726,0,5.075173815,4.49980967,0,0,3.828641396,2.236267497,5.983936281,2.397895273,2.197224577,1.9364462,0.030589331,1.9670355,2.781648413,2.598149495,13.1406875,Ok,Ok,Ok,,,
moving_average_filter,50,0.1,0.37,355,355,0,62,0,159,89,0,0,45,8.358336,0.023544608,396,10,8,244,83.5971831,1.881690141,1,1,0,1,0.03,0,0,0.005709899,0.05709899,2.1873,0.0348911,2.2221911,0.6,25,TT,saed05rvt_base_tt0p60v25c,18,5.874930731,5.874930731,0,4.143134726,0,5.075173815,4.49980967,0,0,3.828641396,2.236267497,5.983936281,2.397895273,2.197224577,1.9822714,0.030482927,2.0127544,9.42478168,9.373591511,12.6340891,Ok,Ok,Ok,,,
moving_average_filter,50,0.1,0.63,355,355,0,62,0,159,89,0,0,45,8.358336,0.023544608,396,10,8,244,83.5971831,1.881690141,1,1,0,1,0.03,0,0,0.005709828,0.057098283,2.1479,0.0345218,2.1824218,0.6,25,TT,saed05rvt_base_tt0p60v25c,18,5.874930731,5.874930731,0,4.143134726,0,5.075173815,4.49980967,0,0,3.828641396,2.236267497,5.983936281,2.397895273,2.197224577,2.002304,0.0311897,2.0334938,6.823980715,6.778524273,9.652160117,Ok,Ok,Ok,,,
moving_average_filter,50,0.1,0.9,355,355,0,62,0,159,89,0,0,45,8.358336,0.023544608,396,10,8,244,83.5971831,1.881690141,1,1,0,1,0.03,0,0,0.004573376,0.045733763,1.9817,0.0341151,2.0158151,0.6,25,TT,saed05rvt_base_tt0p60v25c,18,5.874930731,5.874930731,0,4.143134726,0,5.075173815,4.49980967,0,0,3.828641396,2.236267497,5.983936281,2.397895273,2.197224577,1.987247,0.033382736,2.0206296,0.238838592,0.279910693,2.146743974,Ok,Ok,Ok,,,
moving_average_filter,50,0.37,0.1,355,355,0,62,0,159,89,0,0,45,8.358336,0.023544608,396,10,8,244,83.5971831,1.881690141,1,1,0,1,0.03,0,0,0.016846207,0.045530289,7.3479,0.0352181,7.3831181,0.6,25,TT,saed05rvt_base_tt0p60v25c,18,5.874930731,5.874930731,0,4.143134726,0,5.075173815,4.49980967,0,0,3.828641396,2.236267497,5.983936281,2.397895273,2.197224577,7.8419676,0.03040267,7.8723702,6.626633036,6.723929051,13.67316896,Ok,Ok,Ok,,,
moving_average_filter,50,0.37,0.37,355,355,0,62,0,159,89,0,0,45,8.358336,0.023544608,396,10,8,244,83.5971831,1.881690141,1,1,0,1,0.03,0,0,0.017982626,0.048601693,7.5402,0.0348911,7.5750911,0.6,25,TT,saed05rvt_base_tt0p60v25c,18,5.874930731,5.874930731,0,4.143134726,0,5.075173815,4.49980967,0,0,3.828641396,2.236267497,5.983936281,2.397895273,2.197224577,7.880805,0.030305311,7.9111104,4.435845018,4.517188079,13.14314801,Ok,Ok,Ok,,,
moving_average_filter,50,0.37,0.63,355,355,0,62,0,159,89,0,0,45,8.358336,0.023544608,396,10,8,244,83.5971831,1.881690141,1,1,0,1,0.03,0,0,0.017982556,0.048601502,7.495,0.0345218,7.5295218,0.6,25,TT,saed05rvt_base_tt0p60v25c,18,5.874930731,5.874930731,0,4.143134726,0,5.075173815,4.49980967,0,0,3.828641396,2.236267497,5.983936281,2.397895273,2.197224577,7.867814,0.03102718,7.8988414,4.904954005,4.974170301,10.1229391,Ok,Ok,Ok,,,
moving_average_filter,50,0.37,0.9,355,355,0,62,0,159,89,0,0,45,8.358336,0.023544608,396,10,8,244,83.5971831,1.881690141,1,1,0,1,0.03,0,0,0.016846104,0.04553001,7.3232,0.0341151,7.3573151,0.6,25,TT,saed05rvt_base_tt0p60v25c,18,5.874930731,5.874930731,0,4.143134726,0,5.075173815,4.49980967,0,0,3.828641396,2.236267497,5.983936281,2.397895273,2.197224577,7.8511906,0.03305943,7.88425,7.162056496,7.209834048,3.094438013,Ok,Ok,Ok,,,
moving_average_filter,50,0.63,0.1,355,355,0,62,0,159,89,0,0,45,8.358336,0.023544608,396,10,8,244,83.5971831,1.881690141,1,1,0,1,0.03,0,0,0.028664389,0.04549903,12.5089,0.0352181,12.5441181,0.6,25,TT,saed05rvt_base_tt0p60v25c,18,5.874930731,5.874930731,0,4.143134726,0,5.075173815,4.49980967,0,0,3.828641396,2.236267497,5.983936281,2.397895273,2.197224577,12.640659,0.030230638,12.67089,1.01060715,1.053324691,14.16164518,Ok,Ok,Ok,,,
moving_average_filter,50,0.63,0.37,355,355,0,62,0,159,89,0,0,45,8.358336,0.023544608,396,10,8,244,83.5971831,1.881690141,1,1,0,1,0.03,0,0,0.029800808,0.04730287,12.6949,0.0348911,12.7297911,0.6,25,TT,saed05rvt_base_tt0p60v25c,18,5.874930731,5.874930731,0,4.143134726,0,5.075173815,4.49980967,0,0,3.828641396,2.236267497,5.983936281,2.397895273,2.197224577,12.673129,0.030302623,12.703432,0.207065589,0.171493421,13.1508514,Ok,Ok,Ok,,,
moving_average_filter,50,0.63,0.63,355,355,0,62,0,159,89,0,0,45,8.358336,0.023544608,396,10,8,244,83.5971831,1.881690141,1,1,0,1,0.03,0,0,0.029800737,0.047302758,12.6441,0.0345218,12.6786218,0.6,25,TT,saed05rvt_base_tt0p60v25c,18,5.874930731,5.874930731,0,4.143134726,0,5.075173815,4.49980967,0,0,3.828641396,2.236267497,5.983936281,2.397895273,2.197224577,12.734268,0.030964514,12.765233,0.683128192,0.713124607,10.30446199,Ok,Ok,Ok,,,
moving_average_filter,50,0.63,0.9,355,355,0,62,0,159,89,0,0,45,8.358336,0.023544608,396,10,8,244,83.5971831,1.881690141,1,1,0,1,0.03,0,0,0.028664285,0.045498866,12.467,0.0341151,12.5011151,0.6,25,TT,saed05rvt_base_tt0p60v25c,18,5.874930731,5.874930731,0,4.143134726,0,5.075173815,4.49980967,0,0,3.828641396,2.236267497,5.983936281,2.397895273,2.197224577,12.829046,0.032953657,12.8619995,2.886817767,2.904036652,3.40448303,Ok,Ok,Ok,,,
moving_average_filter,50,0.9,0.1,355,355,0,62,0,159,89,0,0,45,8.358336,0.023544608,396,10,8,244,83.5971831,1.881690141,1,1,0,1,0.03,0,0,0.040937116,0.045485685,17.8684,0.0352181,17.9036181,0.6,25,TT,saed05rvt_base_tt0p60v25c,18,5.874930731,5.874930731,0,4.143134726,0,5.075173815,4.49980967,0,0,3.828641396,2.236267497,5.983936281,2.397895273,2.197224577,18.083496,0.030177876,18.113674,1.173260414,1.203779263,14.31145816,Ok,Ok,Ok,,,
moving_average_filter,50,0.9,0.37,355,355,0,62,0,159,89,0,0,45,8.358336,0.023544608,396,10,8,244,83.5971831,1.881690141,1,1,0,1,0.03,0,0,0.042073535,0.046748373,18.0479,0.0348911,18.0827911,0.6,25,TT,saed05rvt_base_tt0p60v25c,18,5.874930731,5.874930731,0,4.143134726,0,5.075173815,4.49980967,0,0,3.828641396,2.236267497,5.983936281,2.397895273,2.197224577,18.148663,0.030283969,18.178947,0.531756122,0.558306324,13.20431601,Ok,Ok,Ok,,,
moving_average_filter,50,0.9,0.63,355,355,0,62,0,159,89,0,0,45,8.358336,0.023544608,396,10,8,244,83.5971831,1.881690141,1,1,0,1,0.03,0,0,0.042073465,0.046748294,17.9912,0.0345218,18.0257218,0.6,25,TT,saed05rvt_base_tt0p60v25c,18,5.874930731,5.874930731,0,4.143134726,0,5.075173815,4.49980967,0,0,3.828641396,2.236267497,5.983936281,2.397895273,2.197224577,18.214462,0.031041224,18.245504,1.219272003,1.24095269,10.08225656,Ok,Ok,Ok,,,
moving_average_filter,50,0.9,0.9,355,355,0,62,0,159,89,0,0,45,8.358336,0.023544608,396,10,8,244,83.5971831,1.881690141,1,1,0,1,0.03,0,0,0.040937013,0.04548557,17.8085,0.0341151,17.8426151,0.6,25,TT,saed05rvt_base_tt0p60v25c,18,5.874930731,5.874930731,0,4.143134726,0,5.075173815,4.49980967,0,0,3.828641396,2.236267497,5.983936281,2.397895273,2.197224577,18.310772,0.03299611,18.343767,2.80873663,2.820405661,3.280041336,Ok,Ok,Ok,,,
moving_average_filter,100,0.1,0.1,355,355,0,62,0,159,89,0,0,45,8.358336,0.023544608,396,10,8,244,83.5971831,1.881690141,1,1,0,1,0.03,0,0,0.014394212,0.143942121,3.382,0.0349488,3.4169488,0.6,25,TT,saed05rvt_base_tt0p60v25c,36,5.874930731,5.874930731,0,4.143134726,0,5.075173815,4.49980967,0,0,3.828641396,2.236267497,5.983936281,2.397895273,2.197224577,2.5821128,0.030663814,2.6127765,23.53480632,23.65130724,12.26075174,Anomal,Anomal,Ok,,,
moving_average_filter,100,0.1,0.37,355,355,0,62,0,159,89,0,0,45,8.358336,0.023544608,396,10,8,244,83.5971831,1.881690141,1,1,0,1,0.03,0,0,0.015176202,0.15176202,3.3629,0.0345739,3.3974739,0.6,25,TT,saed05rvt_base_tt0p60v25c,36,5.874930731,5.874930731,0,4.143134726,0,5.075173815,4.49980967,0,0,3.828641396,2.236267497,5.983936281,2.397895273,2.197224577,2.6103804,0.03044563,2.640826,22.27089701,22.37710276,11.94042405,Anomal,Anomal,Ok,,,
moving_average_filter,100,0.1,0.63,355,355,0,62,0,159,89,0,0,45,8.358336,0.023544608,396,10,8,244,83.5971831,1.881690141,1,1,0,1,0.03,0,0,0.01487798,0.148779798,3.2037,0.0341679,3.2378679,0.6,25,TT,saed05rvt_base_tt0p60v25c,36,5.874930731,5.874930731,0,4.143134726,0,5.075173815,4.49980967,0,0,3.828641396,2.236267497,5.983936281,2.397895273,2.197224577,2.6149578,0.030684363,2.6456423,18.29060473,18.37694511,10.19534974,Anomal,Anomal,Ok,,,
moving_average_filter,100,0.1,0.9,355,355,0,62,0,159,89,0,0,45,8.358336,0.023544608,396,10,8,244,83.5971831,1.881690141,1,1,0,1,0.03,0,0,0.014389773,0.143897727,3.0344,0.0337645,3.0681645,0.6,25,TT,saed05rvt_base_tt0p60v25c,36,5.874930731,5.874930731,0,4.143134726,0,5.075173815,4.49980967,0,0,3.828641396,2.236267497,5.983936281,2.397895273,2.197224577,2.6479497,0.032645438,2.6805952,12.63196092,12.73564146,3.314315727,Ok,Ok,Ok,,,
moving_average_filter,100,0.37,0.1,355,355,0,62,0,159,89,0,0,45,8.358336,0.023544608,396,10,8,244,83.5971831,1.881690141,1,1,0,1,0.03,0,0,0.026746654,0.072288254,8.6822,0.0349083,8.7171083,0.6,25,TT,saed05rvt_base_tt0p60v25c,36,5.874930731,5.874930731,0,4.143134726,0,5.075173815,4.49980967,0,0,3.828641396,2.236267497,5.983936281,2.397895273,2.197224577,8.50966,0.030447625,8.540108,2.030496431,1.987287011,12.77826585,Ok,Ok,Ok,,,
moving_average_filter,100,0.37,0.37,355,355,0,62,0,159,89,0,0,45,8.358336,0.023544608,396,10,8,244,83.5971831,1.881690141,1,1,0,1,0.03,0,0,0.02902021,0.078432999,8.975,0.0345692,9.0095692,0.6,25,TT,saed05rvt_base_tt0p60v25c,36,5.874930731,5.874930731,0,4.143134726,0,5.075173815,4.49980967,0,0,3.828641396,2.236267497,5.983936281,2.397895273,2.197224577,8.654118,0.030325375,8.6844425,3.608681754,3.575291541,12.27631679,Ok,Ok,Ok,,,
moving_average_filter,100,0.37,0.63,355,355,0,62,0,159,89,0,0,45,8.358336,0.023544608,396,10,8,244,83.5971831,1.881690141,1,1,0,1,0.03,0,0,0.029019434,0.078430904,8.7955,0.0341884,8.8296884,0.6,25,TT,saed05rvt_base_tt0p60v25c,36,5.874930731,5.874930731,0,4.143134726,0,5.075173815,4.49980967,0,0,3.828641396,2.236267497,5.983936281,2.397895273,2.197224577,8.697279,0.030770611,8.728049,1.151106553,1.116719045,9.996925805,Ok,Ok,Ok,,,
moving_average_filter,100,0.37,0.9,355,355,0,62,0,159,89,0,0,45,8.358336,0.023544608,396,10,8,244,83.5971831,1.881690141,1,1,0,1,0.03,0,0,0.026745242,0.072284439,8.3588,0.0337697,8.3925697,0.6,25,TT,saed05rvt_base_tt0p60v25c,36,5.874930731,5.874930731,0,4.143134726,0,5.075173815,4.49980967,0,0,3.828641396,2.236267497,5.983936281,2.397895273,2.197224577,8.611103,0.03275657,8.64386,2.994198109,3.018412426,3.000113336,Ok,Ok,Ok,,,
moving_average_filter,100,0.63,0.1,355,355,0,62,0,159,89,0,0,45,8.358336,0.023544608,396,10,8,244,83.5971831,1.881690141,1,1,0,1,0.03,0,0,0.038564836,0.061214025,13.8343,0.0349083,13.8692083,0.6,25,TT,saed05rvt_base_tt0p60v25c,36,5.874930731,5.874930731,0,4.143134726,0,5.075173815,4.49980967,0,0,3.828641396,2.236267497,5.983936281,2.397895273,2.197224577,13.253958,0.03029647,13.284254,4.217646842,4.194952051,13.21127323,Ok,Ok,Ok,,,
moving_average_filter,100,0.63,0.37,355,355,0,62,0,159,89,0,0,45,8.358336,0.023544608,396,10,8,244,83.5971831,1.881690141,1,1,0,1,0.03,0,0,0.040838391,0.064822844,14.1207,0.0345692,14.1552692,0.6,25,TT,saed05rvt_base_tt0p60v25c,36,5.874930731,5.874930731,0,4.143134726,0,5.075173815,4.49980967,0,0,3.828641396,2.236267497,5.983936281,2.397895273,2.197224577,13.309105,0.030320188,13.339425,5.763536542,5.747555578,12.29132282,Ok,Ok,Ok,,,
moving_average_filter,100,0.63,0.63,355,355,0,62,0,159,89,0,0,45,8.358336,0.023544608,396,10,8,244,83.5971831,1.881690141,1,1,0,1,0.03,0,0,0.040837616,0.064821613,13.9354,0.0341884,13.9695884,0.6,25,TT,saed05rvt_base_tt0p60v25c,36,5.874930731,5.874930731,0,4.143134726,0,5.075173815,4.49980967,0,0,3.828641396,2.236267497,5.983936281,2.397895273,2.197224577,13.343792,0.030730419,13.374522,4.259726012,4.245361011,10.11448661,Ok,Ok,Ok,,,
moving_average_filter,100,0.63,0.9,355,355,0,62,0,159,89,0,0,45,8.358336,0.023544608,396,10,8,244,83.5971831,1.881690141,1,1,0,1,0.03,0,0,0.038563424,0.061211785,13.4931,0.0337697,13.5268697,0.6,25,TT,saed05rvt_base_tt0p60v25c,36,5.874930731,5.874930731,0,4.143134726,0,5.075173815,4.49980967,0,0,3.828641396,2.236267497,5.983936281,2.397895273,2.197224577,13.32185,0.032670673,13.354521,1.274122588,1.269168516,3.254476697,Ok,Ok,Ok,,,
moving_average_filter,100,0.9,0.1,355,355,0,62,0,159,89,0,0,45,8.358336,0.023544608,396,10,8,244,83.5971831,1.881690141,1,1,0,1,0.03,0,0,0.050837563,0.056486181,19.1842,0.0349083,19.2191083,0.6,25,TT,saed05rvt_base_tt0p60v25c,36,5.874930731,5.874930731,0,4.143134726,0,5.075173815,4.49980967,0,0,3.828641396,2.236267497,5.983936281,2.397895273,2.197224577,18.914145,0.030255083,18.944399,1.4293557,1.407697397,13.32982988,Ok,Ok,Ok,,,
moving_average_filter,100,0.9,0.37,355,355,0,62,0,159,89,0,0,45,8.358336,0.023544608,396,10,8,244,83.5971831,1.881690141,1,1,0,1,0.03,0,0,0.053111119,0.059012354,19.464,0.0345692,19.4985692,0.6,25,TT,saed05rvt_base_tt0p60v25c,36,5.874930731,5.874930731,0,4.143134726,0,5.075173815,4.49980967,0,0,3.828641396,2.236267497,5.983936281,2.397895273,2.197224577,19.038021,0.03032128,19.068342,2.206454159,2.188547638,12.28816536,Ok,Ok,Ok,,,
moving_average_filter,100,0.9,0.63,355,355,0,62,0,159,89,0,0,45,8.358336,0.023544608,396,10,8,244,83.5971831,1.881690141,1,1,0,1,0.03,0,0,0.053110343,0.059011493,19.2727,0.0341884,19.3068884,0.6,25,TT,saed05rvt_base_tt0p60v25c,36,5.874930731,5.874930731,0,4.143134726,0,5.075173815,4.49980967,0,0,3.828641396,2.236267497,5.983936281,2.397895273,2.197224577,19.08401,0.030839035,19.11485,0.99466732,0.979057576,9.796786958,Ok,Ok,Ok,,,
moving_average_filter,100,0.9,0.9,355,355,0,62,0,159,89,0,0,45,8.358336,0.023544608,396,10,8,244,83.5971831,1.881690141,1,1,0,1,0.03,0,0,0.050836152,0.056484613,18.8247,0.0337697,18.8584697,0.6,25,TT,saed05rvt_base_tt0p60v25c,36,5.874930731,5.874930731,0,4.143134726,0,5.075173815,4.49980967,0,0,3.828641396,2.236267497,5.983936281,2.397895273,2.197224577,19.080471,0.032763742,19.113235,1.350935562,1.35869915,2.97887778,Ok,Ok,Ok,,,
moving_average_filter,200,0.1,0.1,355,355,0,62,0,159,89,0,0,45,8.358336,0.023544608,396,10,8,244,83.5971831,1.881690141,1,1,0,1,0.03,0,0,0.013378331,0.133783308,3.3068,0.0349961,3.3417961,0.6,25,TT,saed05rvt_base_tt0p60v25c,72,5.874930731,5.874930731,0,4.143134726,0,5.075173815,4.49980967,0,0,3.828641396,2.236267497,5.983936281,2.397895273,2.197224577,2.6255689,0.030845655,2.6564145,20.50937791,20.6009173,11.85973543,Anomal,Anomal,Ok,,,
moving_average_filter,200,0.1,0.37,355,355,0,62,0,159,89,0,0,45,8.358336,0.023544608,396,10,8,244,83.5971831,1.881690141,1,1,0,1,0.03,0,0,0.01373427,0.137342702,3.2082,0.0346133,3.2428133,0.6,25,TT,saed05rvt_base_tt0p60v25c,72,5.874930731,5.874930731,0,4.143134726,0,5.075173815,4.49980967,0,0,3.828641396,2.236267497,5.983936281,2.397895273,2.197224577,2.645736,0.030595567,2.6763315,17.46883732,17.53207471,11.60748303,Anomal,Anomal,Ok,,,
moving_average_filter,200,0.1,0.63,355,355,0,62,0,159,89,0,0,45,8.358336,0.023544608,396,10,8,244,83.5971831,1.881690141,1,1,0,1,0.03,0,0,0.013497109,0.134971086,3.0619,0.0342163,3.0961163,0.6,25,TT,saed05rvt_base_tt0p60v25c,72,5.874930731,5.874930731,0,4.143134726,0,5.075173815,4.49980967,0,0,3.828641396,2.236267497,5.983936281,2.397895273,2.197224577,2.641758,0.030866731,2.6726246,13.67815905,13.7216119,9.789395819,Ok,Ok,Ok,,,
moving_average_filter,200,0.1,0.9,355,355,0,62,0,159,89,0,0,45,8.358336,0.023544608,396,10,8,244,83.5971831,1.881690141,1,1,0,1,0.03,0,0,0.013181003,0.131810025,2.9106,0.0338078,2.9444078,0.6,25,TT,saed05rvt_base_tt0p60v25c,72,5.874930731,5.874930731,0,4.143134726,0,5.075173815,4.49980967,0,0,3.828641396,2.236267497,5.983936281,2.397895273,2.197224577,2.6926308,0.032386426,2.7250173,7.451090532,7.488807537,4.20427865,Ok,Ok,Ok,,,
moving_average_filter,200,0.37,0.1,355,355,0,62,0,159,89,0,0,45,8.358336,0.023544608,396,10,8,244,83.5971831,1.881690141,1,1,0,1,0.03,0,0,0.02976579,0.080448082,9.4778,0.0350095,9.5128095,0.6,25,TT,saed05rvt_base_tt0p60v25c,72,5.874930731,5.874930731,0,4.143134726,0,5.075173815,4.49980967,0,0,3.828641396,2.236267497,5.983936281,2.397895273,2.197224577,9.199951,0.030628415,9.230579,2.966843011,2.931575135,12.51398956,Ok,Ok,Ok,,,
moving_average_filter,200,0.37,0.37,355,355,0,62,0,159,89,0,0,45,8.358336,0.023544608,396,10,8,244,83.5971831,1.881690141,1,1,0,1,0.03,0,0,0.030668129,0.082886835,9.3951,0.0346095,9.4297095,0.6,25,TT,saed05rvt_base_tt0p60v25c,72,5.874930731,5.874930731,0,4.143134726,0,5.075173815,4.49980967,0,0,3.828641396,2.236267497,5.983936281,2.397895273,2.197224577,9.274741,0.030451111,9.305192,1.32048083,1.281080853,12.01516492,Ok,Ok,Ok,,,
moving_average_filter,200,0.37,0.63,355,355,0,62,0,159,89,0,0,45,8.358336,0.023544608,396,10,8,244,83.5971831,1.881690141,1,1,0,1,0.03,0,0,0.03052326,0.082495298,9.1069,0.0342212,9.1411212,0.6,25,TT,saed05rvt_base_tt0p60v25c,72,5.874930731,5.874930731,0,4.143134726,0,5.075173815,4.49980967,0,0,3.828641396,2.236267497,5.983936281,2.397895273,2.197224577,9.285432,0.030846676,9.316278,1.916146322,1.960402133,9.86091704,Ok,Ok,Ok,,,
moving_average_filter,200,0.37,0.9,355,355,0,62,0,159,89,0,0,45,8.358336,0.023544608,396,10,8,244,83.5971831,1.881690141,1,1,0,1,0.03,0,0,0.029458871,0.079618571,8.7157,0.0338286,8.7495286,0.6,25,TT,saed05rvt_base_tt0p60v25c,72,5.874930731,5.874930731,0,4.143134726,0,5.075173815,4.49980967,0,0,3.828641396,2.236267497,5.983936281,2.397895273,2.197224577,9.263725,0.03237285,9.296098,6.246841178,6.287794219,4.303308666,Ok,Ok,Ok,,,
moving_average_filter,200,0.63,0.1,355,355,0,62,0,159,89,0,0,45,8.358336,0.023544608,396,10,8,244,83.5971831,1.881690141,1,1,0,1,0.03,0,0,0.038712909,0.061449062,14.0252,0.0349475,14.0601475,0.6,25,TT,saed05rvt_base_tt0p60v25c,72,5.874930731,5.874930731,0,4.143134726,0,5.075173815,4.49980967,0,0,3.828641396,2.236267497,5.983936281,2.397895273,2.197224577,13.698691,0.030490696,13.729182,2.353924499,2.328014088,12.75285377,Ok,Ok,Ok,,,
moving_average_filter,200,0.63,0.37,355,355,0,62,0,159,89,0,0,45,8.358336,0.023544608,396,10,8,244,83.5971831,1.881690141,1,1,0,1,0.03,0,0,0.043258207,0.068663821,14.6606,0.0346116,14.6952116,0.6,25,TT,saed05rvt_base_tt0p60v25c,72,5.874930731,5.874930731,0,4.143134726,0,5.075173815,4.49980967,0,0,3.828641396,2.236267497,5.983936281,2.397895273,2.197224577,13.854297,0.030452745,13.884749,5.515144726,5.499797524,12.01578362,Ok,Ok,Ok,,,
moving_average_filter,200,0.63,0.63,355,355,0,62,0,159,89,0,0,45,8.358336,0.023544608,396,10,8,244,83.5971831,1.881690141,1,1,0,1,0.03,0,0,0.043255747,0.068659917,14.3493,0.0342339,14.3835339,0.6,25,TT,saed05rvt_base_tt0p60v25c,72,5.874930731,5.874930731,0,4.143134726,0,5.075173815,4.49980967,0,0,3.828641396,2.236267497,5.983936281,2.397895273,2.197224577,13.8877735,0.03086444,13.918638,3.23213804,3.216369343,9.842466372,Ok,Ok,Ok,,,
moving_average_filter,200,0.63,0.9,355,355,0,62,0,159,89,0,0,45,8.358336,0.023544608,396,10,8,244,83.5971831,1.881690141,1,1,0,1,0.03,0,0,0.038711167,0.061446296,13.526,0.0338183,13.5598183,0.6,25,TT,saed05rvt_base_tt0p60v25c,72,5.874930731,5.874930731,0,4.143134726,0,5.075173815,4.49980967,0,0,3.828641396,2.236267497,5.983936281,2.397895273,2.197224577,13.761994,0.03231665,13.794311,1.729317197,1.744746132,4.440343851,Ok,Ok,Ok,,,
moving_average_filter,200,0.9,0.1,355,355,0,62,0,159,89,0,0,45,8.358336,0.023544608,396,10,8,244,83.5971831,1.881690141,1,1,0,1,0.03,0,0,0.050985636,0.056650707,19.3781,0.0349475,19.4130475,0.6,25,TT,saed05rvt_base_tt0p60v25c,72,5.874930731,5.874930731,0,4.143134726,0,5.075173815,4.49980967,0,0,3.828641396,2.236267497,5.983936281,2.397895273,2.197224577,19.511904,0.030433867,19.542337,0.665994958,0.690489588,12.91546712,Ok,Ok,Ok,,,
moving_average_filter,200,0.9,0.37,355,355,0,62,0,159,89,0,0,45,8.358336,0.023544608,396,10,8,244,83.5971831,1.881690141,1,1,0,1,0.03,0,0,0.055530934,0.061701038,20.0069,0.0346116,20.0415116,0.6,25,TT,saed05rvt_base_tt0p60v25c,72,5.874930731,5.874930731,0,4.143134726,0,5.075173815,4.49980967,0,0,3.828641396,2.236267497,5.983936281,2.397895273,2.197224577,19.759165,0.030500464,19.789665,1.256623666,1.238248753,11.87791335,Ok,Ok,Ok,,,
moving_average_filter,200,0.9,0.63,355,355,0,62,0,159,89,0,0,45,8.358336,0.023544608,396,10,8,244,83.5971831,1.881690141,1,1,0,1,0.03,0,0,0.055528475,0.061698305,19.6896,0.0342339,19.7238339,0.6,25,TT,saed05rvt_base_tt0p60v25c,72,5.874930731,5.874930731,0,4.143134726,0,5.075173815,4.49980967,0,0,3.828641396,2.236267497,5.983936281,2.397895273,2.197224577,19.800127,0.03098004,19.831106,0.543871371,0.561347257,9.5047909,Ok,Ok,Ok,,,
moving_average_filter,200,0.9,0.9,355,355,0,62,0,159,89,0,0,45,8.358336,0.023544608,396,10,8,244,83.5971831,1.881690141,1,1,0,1,0.03,0,0,0.050983894,0.056648771,18.8605,0.0338183,18.8943183,0.6,25,TT,saed05rvt_base_tt0p60v25c,72,5.874930731,5.874930731,0,4.143134726,0,5.075173815,4.49980967,0,0,3.828641396,2.236267497,5.983936281,2.397895273,2.197224577,19.654661,0.03243492,19.687096,4.195850464,4.210711161,4.090620428,Ok,Ok,Ok,,,
moving_average_filter,300,0.1,0.1,355,355,0,62,0,159,89,0,0,45,8.358336,0.023544608,396,10,8,244,83.5971831,1.881690141,1,1,0,1,0.03,0,0,0.012771391,0.127713914,3.2421,0.0350153,3.2771153,0.6,25,TT,saed05rvt_base_tt0p60v25c,108,5.874930731,5.874930731,0,4.143134726,0,5.075173815,4.49980967,0,0,3.828641396,2.236267497,5.983936281,2.397895273,2.197224577,2.633171,0.031034619,2.6642058,18.70271426,18.78192895,11.36840577,Anomal,Anomal,Ok,,,
moving_average_filter,300,0.1,0.37,355,355,0,62,0,159,89,0,0,45,8.358336,0.023544608,396,10,8,244,83.5971831,1.881690141,1,1,0,1,0.03,0,0,0.013018427,0.130184268,3.127,0.0346435,3.1616435,0.6,25,TT,saed05rvt_base_tt0p60v25c,108,5.874930731,5.874930731,0,4.143134726,0,5.075173815,4.49980967,0,0,3.828641396,2.236267497,5.983936281,2.397895273,2.197224577,2.6489682,0.030758455,2.6797266,15.24260719,15.28723314,11.21435364,Anomal,Anomal,Ok,,,
moving_average_filter,300,0.1,0.63,355,355,0,62,0,159,89,0,0,45,8.358336,0.023544608,396,10,8,244,83.5971831,1.881690141,1,1,0,1,0.03,0,0,0.012837409,0.128374091,2.9912,0.0342514,3.0254514,0.6,25,TT,saed05rvt_base_tt0p60v25c,108,5.874930731,5.874930731,0,4.143134726,0,5.075173815,4.49980967,0,0,3.828641396,2.236267497,5.983936281,2.397895273,2.197224577,2.6459594,0.03103768,2.676997,11.51743682,11.54187693,9.38273821,Ok,Ok,Ok,,,
moving_average_filter,300,0.1,0.9,355,355,0,62,0,159,89,0,0,45,8.358336,0.023544608,396,10,8,244,83.5971831,1.881690141,1,1,0,1,0.03,0,0,0.012530422,0.125304217,2.8422,0.0338417,2.8760417,0.6,25,TT,saed05rvt_base_tt0p60v25c,108,5.874930731,5.874930731,0,4.143134726,0,5.075173815,4.49980967,0,0,3.828641396,2.236267497,5.983936281,2.397895273,2.197224577,2.693295,0.032538697,2.7258337,5.222735317,5.239075294,3.850287889,Ok,Ok,Ok,,,
moving_average_filter,300,0.37,0.1,355,355,0,62,0,159,89,0,0,45,8.358336,0.023544608,396,10,8,244,83.5971831,1.881690141,1,1,0,1,0.03,0,0,0.030182672,0.081574788,9.6351,0.0350391,9.6701391,0.6,25,TT,saed05rvt_base_tt0p60v25c,108,5.874930731,5.874930731,0,4.143134726,0,5.075173815,4.49980967,0,0,3.828641396,2.236267497,5.983936281,2.397895273,2.197224577,9.3576975,0.030808404,9.388506,2.912400343,2.879082865,12.07421398,Ok,Ok,Ok,,,
moving_average_filter,300,0.37,0.37,355,355,0,62,0,159,89,0,0,45,8.358336,0.023544608,396,10,8,244,83.5971831,1.881690141,1,1,0,1,0.03,0,0,0.031347535,0.084723069,9.5681,0.0346434,9.6027434,0.6,25,TT,saed05rvt_base_tt0p60v25c,108,5.874930731,5.874930731,0,4.143134726,0,5.075173815,4.49980967,0,0,3.828641396,2.236267497,5.983936281,2.397895273,2.197224577,9.437557,0.030577445,9.468135,1.401771497,1.364354256,11.73659224,Ok,Ok,Ok,,,
moving_average_filter,300,0.37,0.63,355,355,0,62,0,159,89,0,0,45,8.358336,0.023544608,396,10,8,244,83.5971831,1.881690141,1,1,0,1,0.03,0,0,0.031087371,0.084019922,9.2216,0.0342504,9.2558504,0.6,25,TT,saed05rvt_base_tt0p60v25c,108,5.874930731,5.874930731,0,4.143134726,0,5.075173815,4.49980967,0,0,3.828641396,2.236267497,5.983936281,2.397895273,2.197224577,9.504355,0.03099067,9.535346,3.019664527,3.06622962,9.517350151,Ok,Ok,Ok,,,
moving_average_filter,300,0.37,0.9,355,355,0,62,0,159,89,0,0,45,8.358336,0.023544608,396,10,8,244,83.5971831,1.881690141,1,1,0,1,0.03,0,0,0.029765078,0.080446158,8.7504,0.0338573,8.7842573,0.6,25,TT,saed05rvt_base_tt0p60v25c,108,5.874930731,5.874930731,0,4.143134726,0,5.075173815,4.49980967,0,0,3.828641396,2.236267497,5.983936281,2.397895273,2.197224577,9.560303,0.032446325,9.592749,9.203866808,9.255608136,4.167417882,Ok,Ok,Ok,,,
moving_average_filter,300,0.63,0.1,355,355,0,62,0,159,89,0,0,45,8.358336,0.023544608,396,10,8,244,83.5971831,1.881690141,1,1,0,1,0.03,0,0,0.039382351,0.062511668,14.2389,0.0349706,14.2738706,0.6,25,TT,saed05rvt_base_tt0p60v25c,108,5.874930731,5.874930731,0,4.143134726,0,5.075173815,4.49980967,0,0,3.828641396,2.236267497,5.983936281,2.397895273,2.197224577,13.966075,0.030657457,13.996733,1.941574896,1.916054305,12.33362542,Ok,Ok,Ok,,,
moving_average_filter,300,0.63,0.37,355,355,0,62,0,159,89,0,0,45,8.358336,0.023544608,396,10,8,244,83.5971831,1.881690141,1,1,0,1,0.03,0,0,0.046199245,0.073332135,15.2301,0.0346359,15.2647359,0.6,25,TT,saed05rvt_base_tt0p60v25c,108,5.874930731,5.874930731,0,4.143134726,0,5.075173815,4.49980967,0,0,3.828641396,2.236267497,5.983936281,2.397895273,2.197224577,14.17059,0.03059254,14.201183,6.967382783,6.956681829,11.67389824,Ok,Ok,Ok,,,
moving_average_filter,300,0.63,0.63,355,355,0,62,0,159,89,0,0,45,8.358336,0.023544608,396,10,8,244,83.5971831,1.881690141,1,1,0,1,0.03,0,0,0.046199058,0.073331838,14.8,0.0342593,14.8342593,0.6,25,TT,saed05rvt_base_tt0p60v25c,108,5.874930731,5.874930731,0,4.143134726,0,5.075173815,4.49980967,0,0,3.828641396,2.236267497,5.983936281,2.397895273,2.197224577,14.185919,0.031069748,14.216989,4.161115995,4.149197243,9.310032302,Ok,Ok,Ok,,,
moving_average_filter,300,0.63,0.9,355,355,0,62,0,159,89,0,0,45,8.358336,0.023544608,396,10,8,244,83.5971831,1.881690141,1,1,0,1,0.03,0,0,0.039383525,0.062513532,13.6022,0.033845,13.636045,0.6,25,TT,saed05rvt_base_tt0p60v25c,108,5.874930731,5.874930731,0,4.143134726,0,5.075173815,4.49980967,0,0,3.828641396,2.236267497,5.983936281,2.397895273,2.197224577,14.00942,0.032401573,14.041822,2.975770713,2.993783321,4.264816331,Ok,Ok,Ok,,,
moving_average_filter,300,0.9,0.1,355,355,0,62,0,159,89,0,0,45,8.358336,0.023544608,396,10,8,244,83.5971831,1.881690141,1,1,0,1,0.03,0,0,0.051655078,0.057394531,19.5929,0.0349706,19.6278706,0.6,25,TT,saed05rvt_base_tt0p60v25c,108,5.874930731,5.874930731,0,4.143134726,0,5.075173815,4.49980967,0,0,3.828641396,2.236267497,5.983936281,2.397895273,2.197224577,19.950768,0.030591402,19.98136,1.800953802,1.826516325,12.52251262,Ok,Ok,Ok,,,
moving_average_filter,300,0.9,0.37,355,355,0,62,0,159,89,0,0,45,8.358336,0.023544608,396,10,8,244,83.5971831,1.881690141,1,1,0,1,0.03,0,0,0.058471972,0.064968858,20.5774,0.0346359,20.6120359,0.6,25,TT,saed05rvt_base_tt0p60v25c,108,5.874930731,5.874930731,0,4.143134726,0,5.075173815,4.49980967,0,0,3.828641396,2.236267497,5.983936281,2.397895273,2.197224577,20.301146,0.030680567,20.331825,1.35945156,1.342513857,11.41974938,Ok,Ok,Ok,,,
moving_average_filter,300,0.9,0.63,355,355,0,62,0,159,89,0,0,45,8.358336,0.023544608,396,10,8,244,83.5971831,1.881690141,1,1,0,1,0.03,0,0,0.058471785,0.06496865,20.1413,0.0342593,20.1755593,0.6,25,TT,saed05rvt_base_tt0p60v25c,108,5.874930731,5.874930731,0,4.143134726,0,5.075173815,4.49980967,0,0,3.828641396,2.236267497,5.983936281,2.397895273,2.197224577,20.348352,0.031204062,20.379557,1.01111128,1.027999346,8.917982613,Ok,Ok,Ok,,,
moving_average_filter,300,0.9,0.9,355,355,0,62,0,159,89,0,0,45,8.358336,0.023544608,396,10,8,244,83.5971831,1.881690141,1,1,0,1,0.03,0,0,0.051656253,0.057395836,18.9376,0.033845,18.971445,0.6,25,TT,saed05rvt_base_tt0p60v25c,108,5.874930731,5.874930731,0,4.143134726,0,5.075173815,4.49980967,0,0,3.828641396,2.236267497,5.983936281,2.397895273,2.197224577,20.132528,0.032509662,20.165037,6.291519466,6.309819117,3.945450699,Ok,Ok,Ok,,,
moving_average_filter,450,0.1,0.1,355,355,0,62,0,159,89,0,0,45,8.358336,0.023544608,396,10,8,244,83.5971831,1.881690141,1,1,0,1,0.03,0,0,0.013194646,0.131946465,3.3062,0.0349954,3.3411954,0.6,25,TT,saed05rvt_base_tt0p60v25c,162,5.874930731,5.874930731,0,4.143134726,0,5.075173815,4.49980967,0,0,3.828641396,2.236267497,5.983936281,2.397895273,2.197224577,2.661644,0.03126931,2.6929133,19.40269959,19.49537288,10.647376,Anomal,Anomal,Ok,,,
moving_average_filter,450,0.1,0.37,355,355,0,62,0,159,89,0,0,45,8.358336,0.023544608,396,10,8,244,83.5971831,1.881690141,1,1,0,1,0.03,0,0,0.013463924,0.134639242,3.1847,0.0346283,3.2193283,0.6,25,TT,saed05rvt_base_tt0p60v25c,162,5.874930731,5.874930731,0,4.143134726,0,5.075173815,4.49980967,0,0,3.828641396,2.236267497,5.983936281,2.397895273,2.197224577,2.657096,0.03098601,2.688082,16.50177524,16.56683803,10.51824905,Anomal,Anomal,Ok,,,
moving_average_filter,450,0.1,0.63,355,355,0,62,0,159,89,0,0,45,8.358336,0.023544608,396,10,8,244,83.5971831,1.881690141,1,1,0,1,0.03,0,0,0.013225164,0.132251641,3.035,0.0342318,3.0692318,0.6,25,TT,saed05rvt_base_tt0p60v25c,162,5.874930731,5.874930731,0,4.143134726,0,5.075173815,4.49980967,0,0,3.828641396,2.236267497,5.983936281,2.397895273,2.197224577,2.650907,0.031201648,2.6821086,12.61303103,12.65545174,8.851864072,Ok,Ok,Ok,,,
moving_average_filter,450,0.1,0.9,355,355,0,62,0,159,89,0,0,45,8.358336,0.023544608,396,10,8,244,83.5971831,1.881690141,1,1,0,1,0.03,0,0,0.012973662,0.129736616,2.8874,0.033822,2.921222,0.6,25,TT,saed05rvt_base_tt0p60v25c,162,5.874930731,5.874930731,0,4.143134726,0,5.075173815,4.49980967,0,0,3.828641396,2.236267497,5.983936281,2.397895273,2.197224577,2.6852648,0.032699082,2.717964,6.957980806,7.000594797,3.320081465,Ok,Ok,Ok,,,
moving_average_filter,450,0.37,0.1,355,355,0,62,0,159,89,0,0,45,8.358336,0.023544608,396,10,8,244,83.5971831,1.881690141,1,1,0,1,0.03,0,0,0.031998679,0.086482917,9.9901,0.0350238,10.0251238,0.6,25,TT,saed05rvt_base_tt0p60v25c,162,5.874930731,5.874930731,0,4.143134726,0,5.075173815,4.49980967,0,0,3.828641396,2.236267497,5.983936281,2.397895273,2.197224577,9.401559,0.031011473,9.43257,5.910683542,5.891243571,11.45600024,Ok,Ok,Ok,,,
moving_average_filter,450,0.37,0.37,355,355,0,62,0,159,89,0,0,45,8.358336,0.023544608,396,10,8,244,83.5971831,1.881690141,1,1,0,1,0.03,0,0,0.03277851,0.088590568,9.8031,0.0346267,9.8377267,0.6,25,TT,saed05rvt_base_tt0p60v25c,162,5.874930731,5.874930731,0,4.143134726,0,5.075173815,4.49980967,0,0,3.828641396,2.236267497,5.983936281,2.397895273,2.197224577,9.456487,0.03077936,9.487266,3.562419691,3.535751936,11.11090614,Ok,Ok,Ok,,,
moving_average_filter,450,0.37,0.63,355,355,0,62,0,159,89,0,0,45,8.358336,0.023544608,396,10,8,244,83.5971831,1.881690141,1,1,0,1,0.03,0,0,0.032545442,0.087960654,9.4229,0.0342323,9.4571323,0.6,25,TT,saed05rvt_base_tt0p60v25c,162,5.874930731,5.874930731,0,4.143134726,0,5.075173815,4.49980967,0,0,3.828641396,2.236267497,5.983936281,2.397895273,2.197224577,9.512312,0.031169789,9.543482,0.913062481,0.948879171,8.946261537,Ok,Ok,Ok,,,
moving_average_filter,450,0.37,0.9,355,355,0,62,0,159,89,0,0,45,8.358336,0.023544608,396,10,8,244,83.5971831,1.881690141,1,1,0,1,0.03,0,0,0.031450904,0.085002443,8.928,0.0338314,8.9618314,0.6,25,TT,saed05rvt_base_tt0p60v25c,162,5.874930731,5.874930731,0,4.143134726,0,5.075173815,4.49980967,0,0,3.828641396,2.236267497,5.983936281,2.397895273,2.197224577,9.574381,0.032512836,9.606894,7.197883007,7.239929151,3.897455741,Ok,Ok,Ok,,,
moving_average_filter,450,0.63,0.1,355,355,0,62,0,159,89,0,0,45,8.358336,0.023544608,396,10,8,244,83.5971831,1.881690141,1,1,0,1,0.03,0,0,0.047466422,0.075343527,15.9258,0.0350245,15.9608245,0.6,25,TT,saed05rvt_base_tt0p60v25c,162,5.874930731,5.874930731,0,4.143134726,0,5.075173815,4.49980967,0,0,3.828641396,2.236267497,5.983936281,2.397895273,2.197224577,14.399113,0.030877773,14.429991,9.591194562,9.586251859,11.83950458,Ok,Ok,Ok,,,
moving_average_filter,450,0.63,0.37,355,355,0,62,0,159,89,0,0,45,8.358336,0.023544608,396,10,8,244,83.5971831,1.881690141,1,1,0,1,0.03,0,0,0.04977099,0.079001571,15.8859,0.034627,15.920527,0.6,25,TT,saed05rvt_base_tt0p60v25c,162,5.874930731,5.874930731,0,4.143134726,0,5.075173815,4.49980967,0,0,3.828641396,2.236267497,5.983936281,2.397895273,2.197224577,14.408993,0.03085874,14.439852,9.300415992,9.296969216,10.88243218,Ok,Ok,Ok,,,
moving_average_filter,450,0.63,0.63,355,355,0,62,0,159,89,0,0,45,8.358336,0.023544608,396,10,8,244,83.5971831,1.881690141,1,1,0,1,0.03,0,0,0.04948974,0.078555143,15.3265,0.034232,15.360732,0.6,25,TT,saed05rvt_base_tt0p60v25c,162,5.874930731,5.874930731,0,4.143134726,0,5.075173815,4.49980967,0,0,3.828641396,2.236267497,5.983936281,2.397895273,2.197224577,14.415382,0.031262845,14.446645,5.950805059,5.944720678,8.673624676,Ok,Ok,Ok,,,
moving_average_filter,450,0.63,0.9,355,355,0,62,0,159,89,0,0,45,8.358336,0.023544608,396,10,8,244,83.5971831,1.881690141,1,1,0,1,0.03,0,0,0.047028361,0.074648192,14.5078,0.0338401,14.5416401,0.6,25,TT,saed05rvt_base_tt0p60v25c,162,5.874930731,5.874930731,0,4.143134726,0,5.075173815,4.49980967,0,0,3.828641396,2.236267497,5.983936281,2.397895273,2.197224577,14.398158,0.032399885,14.430558,0.763888355,0.755744679,4.255940862,Ok,Ok,Ok,,,
moving_average_filter,450,0.9,0.1,355,355,0,62,0,159,89,0,0,45,8.358336,0.023544608,396,10,8,244,83.5971831,1.881690141,1,1,0,1,0.03,0,0,0.055486146,0.061651274,20.3822,0.0349517,20.4171517,0.6,25,TT,saed05rvt_base_tt0p60v25c,162,5.874930731,5.874930731,0,4.143134726,0,5.075173815,4.49980967,0,0,3.828641396,2.236267497,5.983936281,2.397895273,2.197224577,20.503534,0.030877542,20.534412,0.5743244,0.595295488,11.65653816,Ok,Ok,Ok,,,
moving_average_filter,450,0.9,0.37,355,355,0,62,0,159,89,0,0,45,8.358336,0.023544608,396,10,8,244,83.5971831,1.881690141,1,1,0,1,0.03,0,0,0.065710053,0.07301117,21.8413,0.0346162,21.8759162,0.6,25,TT,saed05rvt_base_tt0p60v25c,162,5.874930731,5.874930731,0,4.143134726,0,5.075173815,4.49980967,0,0,3.828641396,2.236267497,5.983936281,2.397895273,2.197224577,20.994394,0.030940497,21.025335,3.888206923,3.877542535,10.61844658,Ok,Ok,Ok,,,
moving_average_filter,450,0.9,0.63,355,355,0,62,0,159,89,0,0,45,8.358336,0.023544608,396,10,8,244,83.5971831,1.881690141,1,1,0,1,0.03,0,0,0.065710644,0.073011827,21.1699,0.0342389,21.2041389,0.6,25,TT,saed05rvt_base_tt0p60v25c,162,5.874930731,5.874930731,0,4.143134726,0,5.075173815,4.49980967,0,0,3.828641396,2.236267497,5.983936281,2.397895273,2.197224577,21.085207,0.03129948,21.116507,0.413279331,0.400063366,8.585032505,Ok,Ok,Ok,,,
moving_average_filter,450,0.9,0.9,355,355,0,62,0,159,89,0,0,45,8.358336,0.023544608,396,10,8,244,83.5971831,1.881690141,1,1,0,1,0.03,0,0,0.055486318,0.061651465,19.3454,0.0338237,19.3792237,0.6,25,TT,saed05rvt_base_tt0p60v25c,162,5.874930731,5.874930731,0,4.143134726,0,5.075173815,4.49980967,0,0,3.828641396,2.236267497,5.983936281,2.397895273,2.197224577,20.784266,0.03258972,20.816854,7.418412622,7.437765661,3.648274141,Ok,Ok,Ok,,,
moving_average_filter,600,0.1,0.1,355,355,0,62,0,159,89,0,0,45,8.358336,0.023544608,396,10,8,244,83.5971831,1.881690141,1,1,0,1,0.03,0,0,0.013412609,0.134126086,3.334,0.0349901,3.3689901,0.6,25,TT,saed05rvt_base_tt0p60v25c,216,5.874930731,5.874930731,0,4.143134726,0,5.075173815,4.49980967,0,0,3.828641396,2.236267497,5.983936281,2.397895273,2.197224577,2.6524873,0.03154008,2.6840274,20.33139446,20.4412934,9.859986382,Anomal,Anomal,Ok,,,
moving_average_filter,600,0.1,0.37,355,355,0,62,0,159,89,0,0,45,8.358336,0.023544608,396,10,8,244,83.5971831,1.881690141,1,1,0,1,0.03,0,0,0.013736995,0.137369949,3.2182,0.0346269,3.2528269,0.6,25,TT,saed05rvt_base_tt0p60v25c,216,5.874930731,5.874930731,0,4.143134726,0,5.075173815,4.49980967,0,0,3.828641396,2.236267497,5.983936281,2.397895273,2.197224577,2.6713836,0.03121074,2.7025943,16.91552107,16.99137346,9.865627112,Anomal,Anomal,Ok,,,
moving_average_filter,600,0.1,0.63,355,355,0,62,0,159,89,0,0,45,8.358336,0.023544608,396,10,8,244,83.5971831,1.881690141,1,1,0,1,0.03,0,0,0.01349998,0.134999798,3.0655,0.0342305,3.0997305,0.6,25,TT,saed05rvt_base_tt0p60v25c,216,5.874930731,5.874930731,0,4.143134726,0,5.075173815,4.49980967,0,0,3.828641396,2.236267497,5.983936281,2.397895273,2.197224577,2.676638,0.031305905,2.7079437,12.63938339,12.68511212,8.543826612,Ok,Ok,Ok,,,
moving_average_filter,600,0.1,0.9,355,355,0,62,0,159,89,0,0,45,8.358336,0.023544608,396,10,8,244,83.5971831,1.881690141,1,1,0,1,0.03,0,0,0.013260601,0.13260601,2.9162,0.0338196,2.9500196,0.6,25,TT,saed05rvt_base_tt0p60v25c,216,5.874930731,5.874930731,0,4.143134726,0,5.075173815,4.49980967,0,0,3.828641396,2.236267497,5.983936281,2.397895273,2.197224577,2.7135055,0.03282473,2.7463303,6.904677473,6.950637593,2.941700558,Ok,Ok,Ok,,,
moving_average_filter,600,0.37,0.1,355,355,0,62,0,159,89,0,0,45,8.358336,0.023544608,396,10,8,244,83.5971831,1.881690141,1,1,0,1,0.03,0,0,0.033079679,0.089404539,10.1976,0.0350232,10.2326232,0.6,25,TT,saed05rvt_base_tt0p60v25c,216,5.874930731,5.874930731,0,4.143134726,0,5.075173815,4.49980967,0,0,3.828641396,2.236267497,5.983936281,2.397895273,2.197224577,9.40447,0.031267423,9.435738,7.787696024,7.777609989,10.72368264,Ok,Ok,Ok,,,
moving_average_filter,600,0.37,0.37,355,355,0,62,0,159,89,0,0,45,8.358336,0.023544608,396,10,8,244,83.5971831,1.881690141,1,1,0,1,0.03,0,0,0.033488202,0.090508654,9.9129,0.0346261,9.9475261,0.6,25,TT,saed05rvt_base_tt0p60v25c,216,5.874930731,5.874930731,0,4.143134726,0,5.075173815,4.49980967,0,0,3.828641396,2.236267497,5.983936281,2.397895273,2.197224577,9.447736,0.031097492,9.478833,4.711652895,4.692513932,10.1906013,Ok,Ok,Ok,,,
moving_average_filter,600,0.37,0.63,355,355,0,62,0,159,89,0,0,45,8.358336,0.023544608,396,10,8,244,83.5971831,1.881690141,1,1,0,1,0.03,0,0,0.033309806,0.090026502,9.523,0.0342305,9.5572305,0.6,25,TT,saed05rvt_base_tt0p60v25c,216,5.874930731,5.874930731,0,4.143134726,0,5.075173815,4.49980967,0,0,3.828641396,2.236267497,5.983936281,2.397895273,2.197224577,9.536602,0.03129056,9.567893,0.111565042,0.142833354,8.588653509,Ok,Ok,Ok,,,
moving_average_filter,600,0.37,0.9,355,355,0,62,0,159,89,0,0,45,8.358336,0.023544608,396,10,8,244,83.5971831,1.881690141,1,1,0,1,0.03,0,0,0.032445098,0.087689455,9.0301,0.0338246,9.0639246,0.6,25,TT,saed05rvt_base_tt0p60v25c,216,5.874930731,5.874930731,0,4.143134726,0,5.075173815,4.49980967,0,0,3.828641396,2.236267497,5.983936281,2.397895273,2.197224577,9.651919,0.032610066,9.684529,6.846975586,6.886073963,3.590681826,Ok,Ok,Ok,,,
moving_average_filter,600,0.63,0.1,355,355,0,62,0,159,89,0,0,45,8.358336,0.023544608,396,10,8,244,83.5971831,1.881690141,1,1,0,1,0.03,0,0,0.049471008,0.078525409,16.3289,0.035025,16.363925,0.6,25,TT,saed05rvt_base_tt0p60v25c,216,5.874930731,5.874930731,0,4.143134726,0,5.075173815,4.49980967,0,0,3.828641396,2.236267497,5.983936281,2.397895273,2.197224577,14.41019,0.031231781,14.4414215,11.74842522,11.75039575,10.8300315,Ok,Ok,Ok,,,
moving_average_filter,600,0.63,0.37,355,355,0,62,0,159,89,0,0,45,8.358336,0.023544608,396,10,8,244,83.5971831,1.881690141,1,1,0,1,0.03,0,0,0.051410866,0.081604549,16.1653,0.0346262,16.1999262,0.6,25,TT,saed05rvt_base_tt0p60v25c,216,5.874930731,5.874930731,0,4.143134726,0,5.075173815,4.49980967,0,0,3.828641396,2.236267497,5.983936281,2.397895273,2.197224577,14.429638,0.031141102,14.460779,10.73552428,10.73696183,10.06491525,Ok,Ok,Ok,,,
moving_average_filter,600,0.63,0.63,355,355,0,62,0,159,89,0,0,45,8.358336,0.023544608,396,10,8,244,83.5971831,1.881690141,1,1,0,1,0.03,0,0,0.051103237,0.08111625,15.5568,0.0342302,15.5910302,0.6,25,TT,saed05rvt_base_tt0p60v25c,216,5.874930731,5.874930731,0,4.143134726,0,5.075173815,4.49980967,0,0,3.828641396,2.236267497,5.983936281,2.397895273,2.197224577,14.43967,0.03134423,14.471014,7.183721427,7.180978035,8.431060239,Ok,Ok,Ok,,,
moving_average_filter,600,0.63,0.9,355,355,0,62,0,159,89,0,0,45,8.358336,0.023544608,396,10,8,244,83.5971831,1.881690141,1,1,0,1,0.03,0,0,0.048948429,0.07769592,14.7131,0.0338328,14.7469328,0.6,25,TT,saed05rvt_base_tt0p60v25c,216,5.874930731,5.874930731,0,4.143134726,0,5.075173815,4.49980967,0,0,3.828641396,2.236267497,5.983936281,2.397895273,2.197224577,14.391192,0.032471277,14.423664,2.19210809,2.187897614,4.024269881,Ok,Ok,Ok,,,
moving_average_filter,600,0.9,0.1,355,355,0,62,0,159,89,0,0,45,8.358336,0.023544608,396,10,8,244,83.5971831,1.881690141,1,1,0,1,0.03,0,0,0.065206232,0.072451369,22.4225,0.0350246,22.4575246,0.6,25,TT,saed05rvt_base_tt0p60v25c,216,5.874930731,5.874930731,0,4.143134726,0,5.075173815,4.49980967,0,0,3.828641396,2.236267497,5.983936281,2.397895273,2.197224577,21.216957,0.03122111,21.248178,5.385037485,5.376487491,10.85948055,Ok,Ok,Ok,,,
moving_average_filter,600,0.9,0.37,355,355,0,62,0,159,89,0,0,45,8.358336,0.023544608,396,10,8,244,83.5971831,1.881690141,1,1,0,1,0.03,0,0,0.068565154,0.076183504,22.3891,0.034626,22.423726,0.6,25,TT,saed05rvt_base_tt0p60v25c,216,5.874930731,5.874930731,0,4.143134726,0,5.075173815,4.49980967,0,0,3.828641396,2.236267497,5.983936281,2.397895273,2.197224577,21.387642,0.031204132,21.418846,4.481324244,4.472971639,9.882364803,Ok,Ok,Ok,,,
moving_average_filter,600,0.9,0.63,355,355,0,62,0,159,89,0,0,45,8.358336,0.023544608,396,10,8,244,83.5971831,1.881690141,1,1,0,1,0.03,0,0,0.068300995,0.075889994,21.622,0.0342304,21.6562304,0.6,25,TT,saed05rvt_base_tt0p60v25c,216,5.874930731,5.874930731,0,4.143134726,0,5.075173815,4.49980967,0,0,3.828641396,2.236267497,5.983936281,2.397895273,2.197224577,21.424774,0.031395856,21.45617,0.923804688,0.912153501,8.280778808,Ok,Ok,Ok,,,
moving_average_filter,600,0.9,0.9,355,355,0,62,0,159,89,0,0,45,8.358336,0.023544608,396,10,8,244,83.5971831,1.881690141,1,1,0,1,0.03,0,0,0.064752212,0.071946902,20.4637,0.0338389,20.4975389,0.6,25,TT,saed05rvt_base_tt0p60v25c,216,5.874930731,5.874930731,0,4.143134726,0,5.075173815,4.49980967,0,0,3.828641396,2.236267497,5.983936281,2.397895273,2.197224577,21.411133,0.032639135,21.443771,4.616322315,4.629821648,3.545521056,Ok,Ok,Ok,,,
moving_average_filter,750,0.1,0.1,355,355,0,62,0,159,89,0,0,45,8.358336,0.023544608,396,10,8,244,83.5971831,1.881690141,1,1,0,1,0.03,0,0,0.013519414,0.135194141,3.3557,0.0349829,3.3906829,0.6,25,TT,saed05rvt_base_tt0p60v25c,270,5.874930731,5.874930731,0,4.143134726,0,5.075173815,4.49980967,0,0,3.828641396,2.236267497,5.983936281,2.397895273,2.197224577,2.698061,0.031832594,2.7298937,19.4883814,19.59766995,9.005272792,Anomal,Anomal,Ok,,,
moving_average_filter,750,0.1,0.37,355,355,0,62,0,159,89,0,0,45,8.358336,0.023544608,396,10,8,244,83.5971831,1.881690141,1,1,0,1,0.03,0,0,0.013897662,0.138976616,3.2415,0.0346166,3.2761166,0.6,25,TT,saed05rvt_base_tt0p60v25c,270,5.874930731,5.874930731,0,4.143134726,0,5.075173815,4.49980967,0,0,3.828641396,2.236267497,5.983936281,2.397895273,2.197224577,2.7257318,0.03141026,2.757142,15.84114964,15.91140368,9.262439802,Anomal,Anomal,Ok,,,
moving_average_filter,750,0.1,0.63,355,355,0,62,0,159,89,0,0,45,8.358336,0.023544608,396,10,8,244,83.5971831,1.881690141,1,1,0,1,0.03,0,0,0.013667043,0.136670429,3.086,0.0342182,3.1202182,0.6,25,TT,saed05rvt_base_tt0p60v25c,270,5.874930731,5.874930731,0,4.143134726,0,5.075173815,4.49980967,0,0,3.828641396,2.236267497,5.983936281,2.397895273,2.197224577,2.7307317,0.031460326,2.762192,11.4743959,11.51225775,8.059669518,Ok,Ok,Ok,,,
moving_average_filter,750,0.1,0.9,355,355,0,62,0,159,89,0,0,45,8.358336,0.023544608,396,10,8,244,83.5971831,1.881690141,1,1,0,1,0.03,0,0,0.013417705,0.134177045,2.9322,0.0338062,2.9660062,0.6,25,TT,saed05rvt_base_tt0p60v25c,270,5.874930731,5.874930731,0,4.143134726,0,5.075173815,4.49980967,0,0,3.828641396,2.236267497,5.983936281,2.397895273,2.197224577,2.7666097,0.032894574,2.7995043,5.613674034,5.647306844,2.696623383,Ok,Ok,Ok,,,
moving_average_filter,750,0.37,0.1,355,355,0,62,0,159,89,0,0,45,8.358336,0.023544608,396,10,8,244,83.5971831,1.881690141,1,1,0,1,0.03,0,0,0.033862662,0.091520707,10.3549,0.0350137,10.3899137,0.6,25,TT,saed05rvt_base_tt0p60v25c,270,5.874930731,5.874930731,0,4.143134726,0,5.075173815,4.49980967,0,0,3.828641396,2.236267497,5.983936281,2.397895273,2.197224577,9.481008,0.031658377,9.512666,8.443265043,8.439409594,9.582884704,Ok,Ok,Ok,,,
moving_average_filter,750,0.37,0.37,355,355,0,62,0,159,89,0,0,45,8.358336,0.023544608,396,10,8,244,83.5971831,1.881690141,1,1,0,1,0.03,0,0,0.034113856,0.092199611,10.0187,0.0346162,10.0533162,0.6,25,TT,saed05rvt_base_tt0p60v25c,270,5.874930731,5.874930731,0,4.143134726,0,5.075173815,4.49980967,0,0,3.828641396,2.236267497,5.983936281,2.397895273,2.197224577,9.515641,0.031313553,9.546955,5.03675684,5.021198235,9.540754177,Ok,Ok,Ok,,,
moving_average_filter,750,0.37,0.63,355,355,0,62,0,159,89,0,0,45,8.358336,0.023544608,396,10,8,244,83.5971831,1.881690141,1,1,0,1,0.03,0,0,0.033799369,0.091349645,9.5907,0.0342175,9.6249175,0.6,25,TT,saed05rvt_base_tt0p60v25c,270,5.874930731,5.874930731,0,4.143134726,0,5.075173815,4.49980967,0,0,3.828641396,2.236267497,5.983936281,2.397895273,2.197224577,9.610889,0.03140308,9.642293,0.180525977,0.210510545,8.225090585,Ok,Ok,Ok,,,
moving_average_filter,750,0.37,0.9,355,355,0,62,0,159,89,0,0,45,8.358336,0.023544608,396,10,8,244,83.5971831,1.881690141,1,1,0,1,0.03,0,0,0.033154457,0.089606641,9.1023,0.0338084,9.1361084,0.6,25,TT,saed05rvt_base_tt0p60v25c,270,5.874930731,5.874930731,0,4.143134726,0,5.075173815,4.49980967,0,0,3.828641396,2.236267497,5.983936281,2.397895273,2.197224577,9.707697,0.032673284,9.74037,6.613991103,6.651032318,3.357495736,Ok,Ok,Ok,,,
moving_average_filter,750,0.63,0.1,355,355,0,62,0,159,89,0,0,45,8.358336,0.023544608,396,10,8,244,83.5971831,1.881690141,1,1,0,1,0.03,0,0,0.051024427,0.080991154,16.6515,0.0350154,16.6865154,0.6,25,TT,saed05rvt_base_tt0p60v25c,270,5.874930731,5.874930731,0,4.143134726,0,5.075173815,4.49980967,0,0,3.828641396,2.236267497,5.983936281,2.397895273,2.197224577,14.509466,0.031572443,14.5410385,12.85754896,12.86390913,9.832695038,Ok,Ok,Ok,,,
moving_average_filter,750,0.63,0.37,355,355,0,62,0,159,89,0,0,45,8.358336,0.023544608,396,10,8,244,83.5971831,1.881690141,1,1,0,1,0.03,0,0,0.052607705,0.083504293,16.3729,0.0346155,16.4075155,0.6,25,TT,saed05rvt_base_tt0p60v25c,270,5.874930731,5.874930731,0,4.143134726,0,5.075173815,4.49980967,0,0,3.828641396,2.236267497,5.983936281,2.397895273,2.197224577,14.534876,0.031273525,14.56615,11.22269724,11.22601451,9.654561661,Ok,Ok,Ok,,,
moving_average_filter,750,0.63,0.63,355,355,0,62,0,159,89,0,0,45,8.358336,0.023544608,396,10,8,244,83.5971831,1.881690141,1,1,0,1,0.03,0,0,0.052343624,0.083085117,15.7338,0.0342179,15.7680179,0.6,25,TT,saed05rvt_base_tt0p60v25c,270,5.874930731,5.874930731,0,4.143134726,0,5.075173815,4.49980967,0,0,3.828641396,2.236267497,5.983936281,2.397895273,2.197224577,14.572983,0.031457055,14.60444,7.379355934,7.377856665,8.0684222,Ok,Ok,Ok,,,
moving_average_filter,750,0.63,0.9,355,355,0,62,0,159,89,0,0,45,8.358336,0.023544608,396,10,8,244,83.5971831,1.881690141,1,1,0,1,0.03,0,0,0.050452389,0.080083157,14.8719,0.0338162,14.9057162,0.6,25,TT,saed05rvt_base_tt0p60v25c,270,5.874930731,5.874930731,0,4.143134726,0,5.075173815,4.49980967,0,0,3.828641396,2.236267497,5.983936281,2.397895273,2.197224577,14.485766,0.03252524,14.518291,2.599168812,2.59639716,3.817574491,Ok,Ok,Ok,,,
moving_average_filter,750,0.9,0.1,355,355,0,62,0,159,89,0,0,45,8.358336,0.023544608,396,10,8,244,83.5971831,1.881690141,1,1,0,1,0.03,0,0,0.067557427,0.075063808,22.9143,0.0350156,22.9493156,0.6,25,TT,saed05rvt_base_tt0p60v25c,270,5.874930731,5.874930731,0,4.143134726,0,5.075173815,4.49980967,0,0,3.828641396,2.236267497,5.983936281,2.397895273,2.197224577,21.397272,0.03152504,21.428797,6.62555197,6.620441777,9.96859062,Ok,Ok,Ok,,,
moving_average_filter,750,0.9,0.37,355,355,0,62,0,159,89,0,0,45,8.358336,0.023544608,396,10,8,244,83.5971831,1.881690141,1,1,0,1,0.03,0,0,0.070880199,0.078755777,22.804,0.0346159,22.8386159,0.6,25,TT,saed05rvt_base_tt0p60v25c,270,5.874930731,5.874930731,0,4.143134726,0,5.075173815,4.49980967,0,0,3.828641396,2.236267497,5.983936281,2.397895273,2.197224577,21.579224,0.031298347,21.610521,5.377272374,5.370883912,9.583899834,Ok,Ok,Ok,,,
moving_average_filter,750,0.9,0.63,355,355,0,62,0,159,89,0,0,45,8.358336,0.023544608,396,10,8,244,83.5971831,1.881690141,1,1,0,1,0.03,0,0,0.070537449,0.078374944,21.9578,0.0342178,21.9920178,0.6,25,TT,saed05rvt_base_tt0p60v25c,270,5.874930731,5.874930731,0,4.143134726,0,5.075173815,4.49980967,0,0,3.828641396,2.236267497,5.983936281,2.397895273,2.197224577,21.606102,0.031524625,21.637627,1.611453552,1.601699671,7.870685212,Ok,Ok,Ok,,,
moving_average_filter,750,0.9,0.9,355,355,0,62,0,159,89,0,0,45,8.358336,0.023544608,396,10,8,244,83.5971831,1.881690141,1,1,0,1,0.03,0,0,0.067066472,0.074518302,20.7166,0.0338222,20.7504222,0.6,25,TT,saed05rvt_base_tt0p60v25c,270,5.874930731,5.874930731,0,4.143134726,0,5.075173815,4.49980967,0,0,3.828641396,2.236267497,5.983936281,2.397895273,2.197224577,21.568453,0.032715913,21.60117,4.099903983,4.111933595,3.270890396,Ok,Ok,Ok,,,
moving_average_filter,900,0.1,0.1,355,355,0,62,0,159,89,0,0,45,8.358336,0.023544608,396,10,8,244,83.5971831,1.881690141,1,1,0,1,0.03,0,0,0.013878152,0.138781515,3.4043,0.034958,3.439258,0.6,25,TT,saed05rvt_base_tt0p60v25c,324,5.874930731,5.874930731,0,4.143134726,0,5.075173815,4.49980967,0,0,3.828641396,2.236267497,5.983936281,2.397895273,2.197224577,2.7631693,0.032182503,2.7953517,18.72224347,18.83296746,7.939517445,Anomal,Anomal,Ok,,,
moving_average_filter,900,0.1,0.37,355,355,0,62,0,159,89,0,0,45,8.358336,0.023544608,396,10,8,244,83.5971831,1.881690141,1,1,0,1,0.03,0,0,0.014304975,0.143049747,3.29,0.0346,3.3246,0.6,25,TT,saed05rvt_base_tt0p60v25c,324,5.874930731,5.874930731,0,4.143134726,0,5.075173815,4.49980967,0,0,3.828641396,2.236267497,5.983936281,2.397895273,2.197224577,2.7937758,0.031488966,2.8252647,15.01941009,15.08280253,8.991427177,Anomal,Anomal,Ok,,,
moving_average_filter,900,0.1,0.63,355,355,0,62,0,159,89,0,0,45,8.358336,0.023544608,396,10,8,244,83.5971831,1.881690141,1,1,0,1,0.03,0,0,0.014045795,0.140457955,3.1273,0.0342,3.1615,0.6,25,TT,saed05rvt_base_tt0p60v25c,324,5.874930731,5.874930731,0,4.143134726,0,5.075173815,4.49980967,0,0,3.828641396,2.236267497,5.983936281,2.397895273,2.197224577,2.7920065,0.031614333,2.8236208,10.68730678,10.72150121,7.560428681,Ok,Ok,Ok,,,
moving_average_filter,900,0.1,0.9,355,355,0,62,0,159,89,0,0,45,8.358336,0.023544608,396,10,8,244,83.5971831,1.881690141,1,1,0,1,0.03,0,0,0.013798045,0.137980455,2.9706,0.0337874,3.0043874,0.6,25,TT,saed05rvt_base_tt0p60v25c,324,5.874930731,5.874930731,0,4.143134726,0,5.075173815,4.49980967,0,0,3.828641396,2.236267497,5.983936281,2.397895273,2.197224577,2.8204138,0.03292135,2.8533351,5.027722386,5.055752107,2.563229214,Ok,Ok,Ok,,,
moving_average_filter,900,0.37,0.1,355,355,0,62,0,159,89,0,0,45,8.358336,0.023544608,396,10,8,244,83.5971831,1.881690141,1,1,0,1,0.03,0,0,0.034688321,0.093752218,10.4953,0.0349973,10.5302973,0.6,25,TT,saed05rvt_base_tt0p60v25c,324,5.874930731,5.874930731,0,4.143134726,0,5.075173815,4.49980967,0,0,3.828641396,2.236267497,5.983936281,2.397895273,2.197224577,9.574351,0.032000672,9.606352,8.774162982,8.774867696,8.562454612,Ok,Ok,Ok,,,
moving_average_filter,900,0.37,0.37,355,355,0,62,0,159,89,0,0,45,8.358336,0.023544608,396,10,8,244,83.5971831,1.881690141,1,1,0,1,0.03,0,0,0.034765992,0.093962142,10.1106,0.0345978,10.1451978,0.6,25,TT,saed05rvt_base_tt0p60v25c,324,5.874930731,5.874930731,0,4.143134726,0,5.075173815,4.49980967,0,0,3.828641396,2.236267497,5.983936281,2.397895273,2.197224577,9.613283,0.03143202,9.644715,4.933195988,4.918766865,9.150230913,Ok,Ok,Ok,,,
moving_average_filter,900,0.37,0.63,355,355,0,62,0,159,89,0,0,45,8.358336,0.023544608,396,10,8,244,83.5971831,1.881690141,1,1,0,1,0.03,0,0,0.034609051,0.093537974,9.6945,0.0342003,9.7287003,0.6,25,TT,saed05rvt_base_tt0p60v25c,324,5.874930731,5.874930731,0,4.143134726,0,5.075173815,4.49980967,0,0,3.828641396,2.236267497,5.983936281,2.397895273,2.197224577,9.709921,0.031562097,9.741483,0.131388924,0.159068371,7.71397511,Ok,Ok,Ok,,,
moving_average_filter,900,0.37,0.9,355,355,0,62,0,159,89,0,0,45,8.358336,0.023544608,396,10,8,244,83.5971831,1.881690141,1,1,0,1,0.03,0,0,0.033866902,0.091532166,9.1752,0.0337871,9.2089871,0.6,25,TT,saed05rvt_base_tt0p60v25c,324,5.874930731,5.874930731,0,4.143134726,0,5.075173815,4.49980967,0,0,3.828641396,2.236267497,5.983936281,2.397895273,2.197224577,9.698072,0.032741774,9.730814,5.66649594,5.698757885,3.093861641,Ok,Ok,Ok,,,
moving_average_filter,900,0.63,0.1,355,355,0,62,0,159,89,0,0,45,8.358336,0.023544608,396,10,8,244,83.5971831,1.881690141,1,1,0,1,0.03,0,0,0.052458045,0.083266739,16.9199,0.034999,16.954899,0.6,25,TT,saed05rvt_base_tt0p60v25c,324,5.874930731,5.874930731,0,4.143134726,0,5.075173815,4.49980967,0,0,3.828641396,2.236267497,5.983936281,2.397895273,2.197224577,14.724101,0.03188969,14.755991,12.96916023,12.97761177,8.884001761,Ok,Ok,Ok,,,
moving_average_filter,900,0.63,0.37,355,355,0,62,0,159,89,0,0,45,8.358336,0.023544608,396,10,8,244,83.5971831,1.881690141,1,1,0,1,0.03,0,0,0.053666679,0.085185205,16.5377,0.0345981,16.5722981,0.6,25,TT,saed05rvt_base_tt0p60v25c,324,5.874930731,5.874930731,0,4.143134726,0,5.075173815,4.49980967,0,0,3.828641396,2.236267497,5.983936281,2.397895273,2.197224577,14.721553,0.031402327,14.752955,10.97821589,10.98186054,9.236845028,Ok,Ok,Ok,,,
moving_average_filter,900,0.63,0.63,355,355,0,62,0,159,89,0,0,45,8.358336,0.023544608,396,10,8,244,83.5971831,1.881690141,1,1,0,1,0.03,0,0,0.053466237,0.084867043,15.8831,0.0341998,15.9172998,0.6,25,TT,saed05rvt_base_tt0p60v25c,324,5.874930731,5.874930731,0,4.143134726,0,5.075173815,4.49980967,0,0,3.828641396,2.236267497,5.983936281,2.397895273,2.197224577,14.763375,0.03162526,14.795,7.050817273,7.049786992,7.527939732,Ok,Ok,Ok,,,
moving_average_filter,900,0.63,0.9,355,355,0,62,0,159,89,0,0,45,8.358336,0.023544608,396,10,8,244,83.5971831,1.881690141,1,1,0,1,0.03,0,0,0.051853106,0.082306518,15.0189,0.0337945,15.0526945,0.6,25,TT,saed05rvt_base_tt0p60v25c,324,5.874930731,5.874930731,0,4.143134726,0,5.075173815,4.49980967,0,0,3.828641396,2.236267497,5.983936281,2.397895273,2.197224577,14.616517,0.032588214,14.649105,2.6811773,2.679177124,3.569475263,Ok,Ok,Ok,,,
moving_average_filter,900,0.9,0.1,355,355,0,62,0,159,89,0,0,45,8.358336,0.023544608,396,10,8,244,83.5971831,1.881690141,1,1,0,1,0.03,0,0,0.069662558,0.077402842,23.3263,0.0349996,23.3612996,0.6,25,TT,saed05rvt_base_tt0p60v25c,324,5.874930731,5.874930731,0,4.143134726,0,5.075173815,4.49980967,0,0,3.828641396,2.236267497,5.983936281,2.397895273,2.197224577,21.596558,0.03180633,21.628365,7.4179736,7.415416859,9.12372962,Ok,Ok,Ok,,,
moving_average_filter,900,0.9,0.37,355,355,0,62,0,159,89,0,0,45,8.358336,0.023544608,396,10,8,244,83.5971831,1.881690141,1,1,0,1,0.03,0,0,0.072555346,0.080617051,23.0787,0.0345983,23.1132983,0.6,25,TT,saed05rvt_base_tt0p60v25c,324,5.874930731,5.874930731,0,4.143134726,0,5.075173815,4.49980967,0,0,3.828641396,2.236267497,5.983936281,2.397895273,2.197224577,21.764677,0.03139647,21.796074,5.698989254,5.693661048,9.254295835,Ok,Ok,Ok,,,
moving_average_filter,900,0.9,0.63,355,355,0,62,0,159,89,0,0,45,8.358336,0.023544608,396,10,8,244,83.5971831,1.881690141,1,1,0,1,0.03,0,0,0.072224434,0.080249371,22.1915,0.0341995,22.2256995,0.6,25,TT,saed05rvt_base_tt0p60v25c,324,5.874930731,5.874930731,0,4.143134726,0,5.075173815,4.49980967,0,0,3.828641396,2.236267497,5.983936281,2.397895273,2.197224577,21.827162,0.03169872,21.85886,1.650519409,1.641791727,7.312333025,Ok,Ok,Ok,,,
moving_average_filter,900,0.9,0.9,355,355,0,62,0,159,89,0,0,45,8.358336,0.023544608,396,10,8,244,83.5971831,1.881690141,1,1,0,1,0.03,0,0,0.069128851,0.076809834,20.9383,0.0338002,20.9721002,0.6,25,TT,saed05rvt_base_tt0p60v25c,324,5.874930731,5.874930731,0,4.143134726,0,5.075173815,4.49980967,0,0,3.828641396,2.236267497,5.983936281,2.397895273,2.197224577,21.784864,0.03275468,21.81762,4.031637822,4.043138295,3.093241226,Ok,Ok,Ok,,,
moving_average_filter,1000,0.1,0.1,355,355,0,62,0,159,89,0,0,45,8.358336,0.023544608,396,10,8,244,83.5971831,1.881690141,1,1,0,1,0.03,0,0,0.01393849,0.139384899,3.4118,0.0349535,3.4467535,0.6,25,TT,saed05rvt_base_tt0p60v25c,360,5.874930731,5.874930731,0,4.143134726,0,5.075173815,4.49980967,0,0,3.828641396,2.236267497,5.983936281,2.397895273,2.197224577,2.8017545,0.032412786,2.8341672,17.77284793,17.88045974,7.268839925,Anomal,Anomal,Ok,,,
moving_average_filter,1000,0.1,0.37,355,355,0,62,0,159,89,0,0,45,8.358336,0.023544608,396,10,8,244,83.5971831,1.881690141,1,1,0,1,0.03,0,0,0.014345843,0.143458434,3.2939,0.0345923,3.3284923,0.6,25,TT,saed05rvt_base_tt0p60v25c,360,5.874930731,5.874930731,0,4.143134726,0,5.075173815,4.49980967,0,0,3.828641396,2.236267497,5.983936281,2.397895273,2.197224577,2.8349235,0.0315575,2.866481,13.88049581,13.93413565,8.773049602,Ok,Ok,Ok,,,
moving_average_filter,1000,0.1,0.63,355,355,0,62,0,159,89,0,0,45,8.358336,0.023544608,396,10,8,244,83.5971831,1.881690141,1,1,0,1,0.03,0,0,0.014098242,0.140982424,3.133,0.0341939,3.1671939,0.6,25,TT,saed05rvt_base_tt0p60v25c,360,5.874930731,5.874930731,0,4.143134726,0,5.075173815,4.49980967,0,0,3.828641396,2.236267497,5.983936281,2.397895273,2.197224577,2.8275537,0.031666614,2.8592203,9.723864196,9.749321766,7.391043095,Ok,Ok,Ok,,,
moving_average_filter,1000,0.1,0.9,355,355,0,62,0,159,89,0,0,45,8.358336,0.023544608,396,10,8,244,83.5971831,1.881690141,1,1,0,1,0.03,0,0,0.013831838,0.138318384,2.9738,0.0337802,3.0075802,0.6,25,TT,saed05rvt_base_tt0p60v25c,360,5.874930731,5.874930731,0,4.143134726,0,5.075173815,4.49980967,0,0,3.828641396,2.236267497,5.983936281,2.397895273,2.197224577,2.8509555,0.03296561,2.8839211,4.111579588,4.130893594,2.411437273,Ok,Ok,Ok,,,
moving_average_filter,1000,0.37,0.1,355,355,0,62,0,159,89,0,0,45,8.358336,0.023544608,396,10,8,244,83.5971831,1.881690141,1,1,0,1,0.03,0,0,0.034866492,0.094233763,10.529,0.0349912,10.5639912,0.6,25,TT,saed05rvt_base_tt0p60v25c,360,5.874930731,5.874930731,0,4.143134726,0,5.075173815,4.49980967,0,0,3.828641396,2.236267497,5.983936281,2.397895273,2.197224577,9.6517515,0.03221307,9.683965,8.330435477,8.331735984,7.939511939,Ok,Ok,Ok,,,
moving_average_filter,1000,0.37,0.37,355,355,0,62,0,159,89,0,0,45,8.358336,0.023544608,396,10,8,244,83.5971831,1.881690141,1,1,0,1,0.03,0,0,0.034913058,0.094359616,10.1342,0.0345912,10.1687912,0.6,25,TT,saed05rvt_base_tt0p60v25c,360,5.874930731,5.874930731,0,4.143134726,0,5.075173815,4.49980967,0,0,3.828641396,2.236267497,5.983936281,2.397895273,2.197224577,9.682891,0.031558625,9.71445,4.467997312,4.453327426,8.766896205,Ok,Ok,Ok,,,
moving_average_filter,1000,0.37,0.63,355,355,0,62,0,159,89,0,0,45,8.358336,0.023544608,396,10,8,244,83.5971831,1.881690141,1,1,0,1,0.03,0,0,0.034748356,0.093914476,9.7124,0.0341937,9.7465937,0.6,25,TT,saed05rvt_base_tt0p60v25c,360,5.874930731,5.874930731,0,4.143134726,0,5.075173815,4.49980967,0,0,3.828641396,2.236267497,5.983936281,2.397895273,2.197224577,9.781351,0.031615864,9.812967,0.68099279,0.709928437,7.538919492,Ok,Ok,Ok,,,
moving_average_filter,1000,0.37,0.9,355,355,0,62,0,159,89,0,0,45,8.358336,0.023544608,396,10,8,244,83.5971831,1.881690141,1,1,0,1,0.03,0,0,0.034009078,0.091916428,9.1893,0.0337795,9.2230795,0.6,25,TT,saed05rvt_base_tt0p60v25c,360,5.874930731,5.874930731,0,4.143134726,0,5.075173815,4.49980967,0,0,3.828641396,2.236267497,5.983936281,2.397895273,2.197224577,9.684252,0.03279959,9.7170515,5.355825091,5.386175065,2.900900312,Ok,Ok,Ok,,,
moving_average_filter,1000,0.63,0.1,355,355,0,62,0,159,89,0,0,45,8.358336,0.023544608,396,10,8,244,83.5971831,1.881690141,1,1,0,1,0.03,0,0,0.052985182,0.084103463,17.0287,0.0349927,17.0636927,0.6,25,TT,saed05rvt_base_tt0p60v25c,360,5.874930731,5.874930731,0,4.143134726,0,5.075173815,4.49980967,0,0,3.828641396,2.236267497,5.983936281,2.397895273,2.197224577,14.863444,0.03205469,14.895499,12.70647279,12.7153316,8.396068947,Ok,Ok,Ok,,,
moving_average_filter,1000,0.63,0.37,355,355,0,62,0,159,89,0,0,45,8.358336,0.023544608,396,10,8,244,83.5971831,1.881690141,1,1,0,1,0.03,0,0,0.053979076,0.085681073,16.5899,0.0345916,16.6244916,0.6,25,TT,saed05rvt_base_tt0p60v25c,360,5.874930731,5.874930731,0,4.143134726,0,5.075173815,4.49980967,0,0,3.828641396,2.236267497,5.983936281,2.397895273,2.197224577,14.839,0.031516038,14.870516,10.55055288,10.5540133,8.891066382,Ok,Ok,Ok,,,
moving_average_filter,1000,0.63,0.63,355,355,0,62,0,159,89,0,0,45,8.358336,0.023544608,396,10,8,244,83.5971831,1.881690141,1,1,0,1,0.03,0,0,0.053786879,0.085375998,15.9276,0.0341931,15.9617931,0.6,25,TT,saed05rvt_base_tt0p60v25c,360,5.874930731,5.874930731,0,4.143134726,0,5.075173815,4.49980967,0,0,3.828641396,2.236267497,5.983936281,2.397895273,2.197224577,14.856687,0.031680115,14.888367,6.72497378,6.72363324,7.349393394,Ok,Ok,Ok,,,
moving_average_filter,1000,0.63,0.9,355,355,0,62,0,159,89,0,0,45,8.358336,0.023544608,396,10,8,244,83.5971831,1.881690141,1,1,0,1,0.03,0,0,0.052347995,0.083092055,15.069,0.0337856,15.1027856,0.6,25,TT,saed05rvt_base_tt0p60v25c,360,5.874930731,5.874930731,0,4.143134726,0,5.075173815,4.49980967,0,0,3.828641396,2.236267497,5.983936281,2.397895273,2.197224577,14.711832,0.03264908,14.744481,2.372439911,2.370216693,3.363914803,Ok,Ok,Ok,,,
moving_average_filter,1000,0.9,0.1,355,355,0,62,0,159,89,0,0,45,8.358336,0.023544608,396,10,8,244,83.5971831,1.881690141,1,1,0,1,0.03,0,0,0.070518338,0.078353709,23.505,0.0349934,23.5399934,0.6,25,TT,saed05rvt_base_tt0p60v25c,360,5.874930731,5.874930731,0,4.143134726,0,5.075173815,4.49980967,0,0,3.828641396,2.236267497,5.983936281,2.397895273,2.197224577,21.70711,0.03190898,21.739017,7.65070696,7.648970639,8.814286402,Ok,Ok,Ok,,,
moving_average_filter,1000,0.9,0.37,355,355,0,62,0,159,89,0,0,45,8.358336,0.023544608,396,10,8,244,83.5971831,1.881690141,1,1,0,1,0.03,0,0,0.073091899,0.081213221,23.1731,0.0345917,23.2076917,0.6,25,TT,saed05rvt_base_tt0p60v25c,360,5.874930731,5.874930731,0,4.143134726,0,5.075173815,4.49980967,0,0,3.828641396,2.236267497,5.983936281,2.397895273,2.197224577,21.860891,0.031473994,21.892365,5.667634744,5.662637532,9.012872293,Ok,Ok,Ok,,,
moving_average_filter,1000,0.9,0.63,355,355,0,62,0,159,89,0,0,45,8.358336,0.023544608,396,10,8,244,83.5971831,1.881690141,1,1,0,1,0.03,0,0,0.07278226,0.080869178,22.2683,0.0341926,22.3024926,0.6,25,TT,saed05rvt_base_tt0p60v25c,360,5.874930731,5.874930731,0,4.143134726,0,5.075173815,4.49980967,0,0,3.828641396,2.236267497,5.983936281,2.397895273,2.197224577,21.997938,0.031776004,22.029715,1.22308309,1.214110839,7.067600769,Ok,Ok,Ok,,,
moving_average_filter,1000,0.9,0.9,355,355,0,62,0,159,89,0,0,45,8.358336,0.023544608,396,10,8,244,83.5971831,1.881690141,1,1,0,1,0.03,0,0,0.069965384,0.077739315,21.0243,0.0337912,21.0580912,0.6,25,TT,saed05rvt_base_tt0p60v25c,360,5.874930731,5.874930731,0,4.143134726,0,5.075173815,4.49980967,0,0,3.828641396,2.236267497,5.983936281,2.397895273,2.197224577,21.90711,0.032791954,21.939901,4.187512266,4.198999321,2.957120393,Ok,Ok,Ok,,,
moving_average_filter,10,0.1,0.1,348,348,0,55,0,180,47,0,0,66,8.475264,0.024354207,386,10,8,244,85.02011494,1.902298851,1,1,0,1,0.02,0,0,0.002853005,0.028530052,2.0795,3.7451,5.8246,0.6,125,TT,saed05rvt_base_tt0p60v125c,3.6,5.855071922,5.855071922,0,4.025351691,0,5.198497031,3.871201011,0,0,4.204692619,2.248684613,5.958424693,2.397895273,2.197224577,2.0614645,3.722477,5.7839413,0.698051902,0.867297518,0.604070406,Ok,Ok,Ok,,,
moving_average_filter,10,0.1,0.37,348,348,0,55,0,180,47,0,0,66,8.475264,0.024354207,386,10,8,244,85.02011494,1.902298851,1,1,0,1,0.02,0,0,0.002853246,0.028532461,2.0789,3.6616,5.7405,0.6,125,TT,saed05rvt_base_tt0p60v125c,3.6,5.855071922,5.855071922,0,4.025351691,0,5.198497031,3.871201011,0,0,4.204692619,2.248684613,5.958424693,2.397895273,2.197224577,2.0562913,3.631517,5.687808,0.917898497,1.087529858,0.821582547,Ok,Ok,Ok,,,
moving_average_filter,10,0.1,0.63,348,348,0,55,0,180,47,0,0,66,8.475264,0.024354207,386,10,8,244,85.02011494,1.902298851,1,1,0,1,0.02,0,0,0.002853254,0.028532539,2.0782,3.574,5.6522,0.6,125,TT,saed05rvt_base_tt0p60v125c,3.6,5.855071922,5.855071922,0,4.025351691,0,5.198497031,3.871201011,0,0,4.204692619,2.248684613,5.958424693,2.397895273,2.197224577,2.0576615,3.572423,5.6300845,0.391272166,0.988281525,0.044124755,Ok,Ok,Ok,,,
moving_average_filter,10,0.1,0.9,348,348,0,55,0,180,47,0,0,66,8.475264,0.024354207,386,10,8,244,85.02011494,1.902298851,1,1,0,1,0.02,0,0,0.002853267,0.028532668,2.0775,3.4757,5.5532,0.6,125,TT,saed05rvt_base_tt0p60v125c,3.6,5.855071922,5.855071922,0,4.025351691,0,5.198497031,3.871201011,0,0,4.204692619,2.248684613,5.958424693,2.397895273,2.197224577,2.0634465,3.5436988,5.6071453,0.971427455,0.676461046,1.95640555,Ok,Ok,Ok,,,
moving_average_filter,10,0.37,0.1,348,348,0,55,0,180,47,0,0,66,8.475264,0.024354207,386,10,8,244,85.02011494,1.902298851,1,1,0,1,0.02,0,0,0.010547539,0.028506862,7.6931,3.7452,11.4383,0.6,125,TT,saed05rvt_base_tt0p60v125c,3.6,5.855071922,5.855071922,0,4.025351691,0,5.198497031,3.871201011,0,0,4.204692619,2.248684613,5.958424693,2.397895273,2.197224577,8.220951,3.7051358,11.926086,4.264501069,6.861357324,1.069747349,Ok,Ok,Ok,,,
moving_average_filter,10,0.37,0.37,348,348,0,55,0,180,47,0,0,66,8.475264,0.024354207,386,10,8,244,85.02011494,1.902298851,1,1,0,1,0.02,0,0,0.010547547,0.028506883,7.6905,3.6616,11.3521,0.6,125,TT,saed05rvt_base_tt0p60v125c,3.6,5.855071922,5.855071922,0,4.025351691,0,5.198497031,3.871201011,0,0,4.204692619,2.248684613,5.958424693,2.397895273,2.197224577,8.109957,3.6254487,11.735405,3.376511555,5.454219379,0.987308724,Ok,Ok,Ok,,,
moving_average_filter,10,0.37,0.63,348,348,0,55,0,180,47,0,0,66,8.475264,0.024354207,386,10,8,244,85.02011494,1.902298851,1,1,0,1,0.02,0,0,0.010547554,0.028506904,7.688,3.574,11.262,0.6,125,TT,saed05rvt_base_tt0p60v125c,3.6,5.855071922,5.855071922,0,4.025351691,0,5.198497031,3.871201011,0,0,4.204692619,2.248684613,5.958424693,2.397895273,2.197224577,8.054759,3.5673118,11.62207,3.197214638,4.770538834,0.187135877,Ok,Ok,Ok,,,
moving_average_filter,10,0.37,0.9,348,348,0,55,0,180,47,0,0,66,8.475264,0.024354207,386,10,8,244,85.02011494,1.902298851,1,1,0,1,0.02,0,0,0.010547567,0.028506939,7.6855,3.4757,11.1612,0.6,125,TT,saed05rvt_base_tt0p60v125c,3.6,5.855071922,5.855071922,0,4.025351691,0,5.198497031,3.871201011,0,0,4.204692619,2.248684613,5.958424693,2.397895273,2.197224577,8.063149,3.5391803,11.602329,3.952346111,4.913791584,1.826402704,Ok,Ok,Ok,,,
moving_average_filter,10,0.63,0.1,348,348,0,55,0,180,47,0,0,66,8.475264,0.024354207,386,10,8,244,85.02011494,1.902298851,1,1,0,1,0.02,0,0,0.017956865,0.028502961,13.0986,3.7452,16.8438,0.6,125,TT,saed05rvt_base_tt0p60v125c,3.6,5.855071922,5.855071922,0,4.025351691,0,5.198497031,3.871201011,0,0,4.204692619,2.248684613,5.958424693,2.397895273,2.197224577,14.075845,3.6950135,17.770859,5.503857589,7.460681025,1.340021278,Ok,Ok,Ok,,,
moving_average_filter,10,0.63,0.37,348,348,0,55,0,180,47,0,0,66,8.475264,0.024354207,386,10,8,244,85.02011494,1.902298851,1,1,0,1,0.02,0,0,0.017956873,0.028502973,13.0943,3.6616,16.7559,0.6,125,TT,saed05rvt_base_tt0p60v125c,3.6,5.855071922,5.855071922,0,4.025351691,0,5.198497031,3.871201011,0,0,4.204692619,2.248684613,5.958424693,2.397895273,2.197224577,14.133233,3.6254754,17.758709,5.984811045,7.934239099,0.986579456,Ok,Ok,Ok,,,
moving_average_filter,10,0.63,0.63,348,348,0,55,0,180,47,0,0,66,8.475264,0.024354207,386,10,8,244,85.02011494,1.902298851,1,1,0,1,0.02,0,0,0.017956881,0.028502985,13.0901,3.574,16.6641,0.6,125,TT,saed05rvt_base_tt0p60v125c,3.6,5.855071922,5.855071922,0,4.025351691,0,5.198497031,3.871201011,0,0,4.204692619,2.248684613,5.958424693,2.397895273,2.197224577,14.124515,3.576486,17.701,6.222359525,7.902266444,0.069561015,Ok,Ok,Ok,,,
moving_average_filter,10,0.63,0.9,348,348,0,55,0,180,47,0,0,66,8.475264,0.024354207,386,10,8,244,85.02011494,1.902298851,1,1,0,1,0.02,0,0,0.017956894,0.028503006,13.0857,3.4757,16.5614,0.6,125,TT,saed05rvt_base_tt0p60v125c,3.6,5.855071922,5.855071922,0,4.025351691,0,5.198497031,3.871201011,0,0,4.204692619,2.248684613,5.958424693,2.397895273,2.197224577,14.153412,3.548284,17.701696,6.885265713,8.159379057,2.088329079,Ok,Ok,Ok,,,
moving_average_filter,10,0.9,0.1,348,348,0,55,0,180,47,0,0,66,8.475264,0.024354207,386,10,8,244,85.02011494,1.902298851,1,1,0,1,0.02,0,0,0.025651166,0.028501295,18.7121,3.7452,22.4573,0.6,125,TT,saed05rvt_base_tt0p60v125c,3.6,5.855071922,5.855071922,0,4.025351691,0,5.198497031,3.871201011,0,0,4.204692619,2.248684613,5.958424693,2.397895273,2.197224577,18.788221,3.6800938,22.468315,0.049049193,0.406802867,1.738391401,Ok,Ok,Ok,,,
moving_average_filter,10,0.9,0.37,348,348,0,55,0,180,47,0,0,66,8.475264,0.024354207,386,10,8,244,85.02011494,1.902298851,1,1,0,1,0.02,0,0,0.025651174,0.028501304,18.7059,3.6616,22.3675,0.6,125,TT,saed05rvt_base_tt0p60v125c,3.6,5.855071922,5.855071922,0,4.025351691,0,5.198497031,3.871201011,0,0,4.204692619,2.248684613,5.958424693,2.397895273,2.197224577,18.754852,3.6199055,22.374758,0.032447823,0.261694412,1.138696968,Ok,Ok,Ok,,,
moving_average_filter,10,0.9,0.63,348,348,0,55,0,180,47,0,0,66,8.475264,0.024354207,386,10,8,244,85.02011494,1.902298851,1,1,0,1,0.02,0,0,0.025651181,0.028501313,18.6999,3.574,22.2739,0.6,125,TT,saed05rvt_base_tt0p60v125c,3.6,5.855071922,5.855071922,0,4.025351691,0,5.198497031,3.871201011,0,0,4.204692619,2.248684613,5.958424693,2.397895273,2.197224577,18.8432,3.5928445,22.436045,0.727958252,0.766317914,0.527265983,Ok,Ok,Ok,,,
moving_average_filter,10,0.9,0.9,348,348,0,55,0,180,47,0,0,66,8.475264,0.024354207,386,10,8,244,85.02011494,1.902298851,1,1,0,1,0.02,0,0,0.025651194,0.028501327,18.6936,3.4757,22.1693,0.6,125,TT,saed05rvt_base_tt0p60v125c,3.6,5.855071922,5.855071922,0,4.025351691,0,5.198497031,3.871201011,0,0,4.204692619,2.248684613,5.958424693,2.397895273,2.197224577,19.00787,3.556919,22.564789,1.783948155,1.681162111,2.336769511,Ok,Ok,Ok,,,
moving_average_filter,50,0.1,0.1,348,348,0,55,0,180,47,0,0,66,8.475264,0.024354207,386,10,8,244,85.02011494,1.902298851,1,1,0,1,0.02,0,0,0.002865736,0.028657358,2.0813,3.7451,5.8264,0.6,125,TT,saed05rvt_base_tt0p60v125c,18,5.855071922,5.855071922,0,4.025351691,0,5.198497031,3.871201011,0,0,4.204692619,2.248684613,5.958424693,2.397895273,2.197224577,2.1784682,3.7253551,5.9038234,1.328837287,4.668631499,0.527218277,Ok,Ok,Ok,,,
moving_average_filter,50,0.1,0.37,348,348,0,55,0,180,47,0,0,66,8.475264,0.024354207,386,10,8,244,85.02011494,1.902298851,1,1,0,1,0.02,0,0,0.002867018,0.028670181,2.081,3.6616,5.7426,0.6,125,TT,saed05rvt_base_tt0p60v125c,18,5.855071922,5.855071922,0,4.025351691,0,5.198497031,3.871201011,0,0,4.204692619,2.248684613,5.958424693,2.397895273,2.197224577,2.177032,3.634769,5.811801,1.205045741,4.614704174,0.732768111,Ok,Ok,Ok,,,
moving_average_filter,50,0.1,0.63,348,348,0,55,0,180,47,0,0,66,8.475264,0.024354207,386,10,8,244,85.02011494,1.902298851,1,1,0,1,0.02,0,0,0.002867065,0.028670648,2.0803,3.574,5.6543,0.6,125,TT,saed05rvt_base_tt0p60v125c,18,5.855071922,5.855071922,0,4.025351691,0,5.198497031,3.871201011,0,0,4.204692619,2.248684613,5.958424693,2.397895273,2.197224577,2.1801236,3.5765991,5.7567225,1.811408136,4.798517886,0.07272303,Ok,Ok,Ok,,,
moving_average_filter,50,0.1,0.9,348,348,0,55,0,180,47,0,0,66,8.475264,0.024354207,386,10,8,244,85.02011494,1.902298851,1,1,0,1,0.02,0,0,0.002867119,0.028671192,2.0796,3.4757,5.5553,0.6,125,TT,saed05rvt_base_tt0p60v125c,18,5.855071922,5.855071922,0,4.025351691,0,5.198497031,3.871201011,0,0,4.204692619,2.248684613,5.958424693,2.397895273,2.197224577,2.1804826,3.5478292,5.7283115,3.114350957,4.851059144,2.075240992,Ok,Ok,Ok,,,
moving_average_filter,50,0.37,0.1,348,348,0,55,0,180,47,0,0,66,8.475264,0.024354207,386,10,8,244,85.02011494,1.902298851,1,1,0,1,0.02,0,0,0.010561285,0.028544013,7.6952,3.7452,11.4404,0.6,125,TT,saed05rvt_base_tt0p60v125c,18,5.855071922,5.855071922,0,4.025351691,0,5.198497031,3.871201011,0,0,4.204692619,2.248684613,5.958424693,2.397895273,2.197224577,8.764395,3.707747,12.472141,9.01840203,13.89430762,1.000027166,Ok,Ok,Ok,,,
moving_average_filter,50,0.37,0.37,348,348,0,55,0,180,47,0,0,66,8.475264,0.024354207,386,10,8,244,85.02011494,1.902298851,1,1,0,1,0.02,0,0,0.010561319,0.028544104,7.6926,3.6616,11.3542,0.6,125,TT,saed05rvt_base_tt0p60v125c,18,5.855071922,5.855071922,0,4.025351691,0,5.198497031,3.871201011,0,0,4.204692619,2.248684613,5.958424693,2.397895273,2.197224577,8.645221,3.6286354,12.273856,8.099700226,12.38359926,0.900278389,Ok,Ok,Ok,,,
moving_average_filter,50,0.37,0.63,348,348,0,55,0,180,47,0,0,66,8.475264,0.024354207,386,10,8,244,85.02011494,1.902298851,1,1,0,1,0.02,0,0,0.010561365,0.02854423,7.6901,3.574,11.2641,0.6,125,TT,saed05rvt_base_tt0p60v125c,18,5.855071922,5.855071922,0,4.025351691,0,5.198497031,3.871201011,0,0,4.204692619,2.248684613,5.958424693,2.397895273,2.197224577,8.57845,3.571629,12.15008,7.865517238,11.55186802,0.066338909,Ok,Ok,Ok,,,
moving_average_filter,50,0.37,0.9,348,348,0,55,0,180,47,0,0,66,8.475264,0.024354207,386,10,8,244,85.02011494,1.902298851,1,1,0,1,0.02,0,0,0.01056142,0.028544378,7.6875,3.4757,11.1632,0.6,125,TT,saed05rvt_base_tt0p60v125c,18,5.855071922,5.855071922,0,4.025351691,0,5.198497031,3.871201011,0,0,4.204692619,2.248684613,5.958424693,2.397895273,2.197224577,8.578699,3.5438757,12.122575,8.594084189,11.59283398,1.961495361,Ok,Ok,Ok,,,
moving_average_filter,50,0.63,0.1,348,348,0,55,0,180,47,0,0,66,8.475264,0.024354207,386,10,8,244,85.02011494,1.902298851,1,1,0,1,0.02,0,0,0.017970611,0.02852478,13.1007,3.7452,16.8459,0.6,125,TT,saed05rvt_base_tt0p60v125c,18,5.855071922,5.855071922,0,4.025351691,0,5.198497031,3.871201011,0,0,4.204692619,2.248684613,5.958424693,2.397895273,2.197224577,14.180033,3.6967115,17.876743,6.119253448,8.238740908,1.294682788,Ok,Ok,Ok,,,
moving_average_filter,50,0.63,0.37,348,348,0,55,0,180,47,0,0,66,8.475264,0.024354207,386,10,8,244,85.02011494,1.902298851,1,1,0,1,0.02,0,0,0.017970645,0.028524833,13.0964,3.6616,16.758,0.6,125,TT,saed05rvt_base_tt0p60v125c,18,5.855071922,5.855071922,0,4.025351691,0,5.198497031,3.871201011,0,0,4.204692619,2.248684613,5.958424693,2.397895273,2.197224577,14.140165,3.627761,17.767925,6.026526211,7.969864459,0.92416192,Ok,Ok,Ok,,,
moving_average_filter,50,0.63,0.63,348,348,0,55,0,180,47,0,0,66,8.475264,0.024354207,386,10,8,244,85.02011494,1.902298851,1,1,0,1,0.02,0,0,0.017970692,0.028524907,13.0921,3.574,16.6661,0.6,125,TT,saed05rvt_base_tt0p60v125c,18,5.855071922,5.855071922,0,4.025351691,0,5.198497031,3.871201011,0,0,4.204692619,2.248684613,5.958424693,2.397895273,2.197224577,14.121475,3.5810142,17.70249,6.218550548,7.862567653,0.196255074,Ok,Ok,Ok,,,
moving_average_filter,50,0.63,0.9,348,348,0,55,0,180,47,0,0,66,8.475264,0.024354207,386,10,8,244,85.02011494,1.902298851,1,1,0,1,0.02,0,0,0.017970746,0.028524994,13.0877,3.4757,16.5634,0.6,125,TT,saed05rvt_base_tt0p60v125c,18,5.855071922,5.855071922,0,4.025351691,0,5.198497031,3.871201011,0,0,4.204692619,2.248684613,5.958424693,2.397895273,2.197224577,14.162519,3.5529423,17.715462,6.955466456,8.21243958,2.222351641,Ok,Ok,Ok,,,
moving_average_filter,50,0.9,0.1,348,348,0,55,0,180,47,0,0,66,8.475264,0.024354207,386,10,8,244,85.02011494,1.902298851,1,1,0,1,0.02,0,0,0.025664912,0.028516569,18.7142,3.7452,22.4594,0.6,125,TT,saed05rvt_base_tt0p60v125c,18,5.855071922,5.855071922,0,4.025351691,0,5.198497031,3.871201011,0,0,4.204692619,2.248684613,5.958424693,2.397895273,2.197224577,18.900215,3.6825714,22.582787,0.54937603,0.993978631,1.672236165,Ok,Ok,Ok,,,
moving_average_filter,50,0.9,0.37,348,348,0,55,0,180,47,0,0,66,8.475264,0.024354207,386,10,8,244,85.02011494,1.902298851,1,1,0,1,0.02,0,0,0.025664946,0.028516606,18.708,3.6616,22.3696,0.6,125,TT,saed05rvt_base_tt0p60v125c,18,5.855071922,5.855071922,0,4.025351691,0,5.198497031,3.871201011,0,0,4.204692619,2.248684613,5.958424693,2.397895273,2.197224577,18.864714,3.621282,22.485996,0.520332265,0.837682643,1.101100593,Ok,Ok,Ok,,,
moving_average_filter,50,0.9,0.63,348,348,0,55,0,180,47,0,0,66,8.475264,0.024354207,386,10,8,244,85.02011494,1.902298851,1,1,0,1,0.02,0,0,0.025664992,0.028516658,18.7019,3.574,22.2759,0.6,125,TT,saed05rvt_base_tt0p60v125c,18,5.855071922,5.855071922,0,4.025351691,0,5.198497031,3.871201011,0,0,4.204692619,2.248684613,5.958424693,2.397895273,2.197224577,18.974949,3.5970316,22.57198,1.329147297,1.460006112,0.64442063,Ok,Ok,Ok,,,
moving_average_filter,50,0.9,0.9,348,348,0,55,0,180,47,0,0,66,8.475264,0.024354207,386,10,8,244,85.02011494,1.902298851,1,1,0,1,0.02,0,0,0.025665047,0.028516718,18.6957,3.4757,22.1714,0.6,125,TT,saed05rvt_base_tt0p60v125c,18,5.855071922,5.855071922,0,4.025351691,0,5.198497031,3.871201011,0,0,4.204692619,2.248684613,5.958424693,2.397895273,2.197224577,19.121658,3.561696,22.683353,2.309071254,2.278375911,2.474208147,Ok,Ok,Ok,,,
moving_average_filter,100,0.1,0.1,348,348,0,55,0,180,47,0,0,66,8.475264,0.024354207,386,10,8,244,85.02011494,1.902298851,1,1,0,1,0.02,0,0,0.011982593,0.119825933,3.5625,3.8038,7.3663,0.6,125,TT,saed05rvt_base_tt0p60v125c,36,5.855071922,5.855071922,0,4.025351691,0,5.198497031,3.871201011,0,0,4.204692619,2.248684613,5.958424693,2.397895273,2.197224577,2.809269,3.6951551,6.504424,11.70025528,21.14332768,2.856218946,Ok,Anomal,Ok,,,
moving_average_filter,100,0.1,0.37,348,348,0,55,0,180,47,0,0,66,8.475264,0.024354207,386,10,8,244,85.02011494,1.902298851,1,1,0,1,0.02,0,0,0.012695161,0.126951606,3.5581,3.744,7.3021,0.6,125,TT,saed05rvt_base_tt0p60v125c,36,5.855071922,5.855071922,0,4.025351691,0,5.198497031,3.871201011,0,0,4.204692619,2.248684613,5.958424693,2.397895273,2.197224577,2.8462548,3.6005325,6.4467874,11.71324198,20.0063285,3.831930242,Ok,Anomal,Ok,,,
moving_average_filter,100,0.1,0.63,348,348,0,55,0,180,47,0,0,66,8.475264,0.024354207,386,10,8,244,85.02011494,1.902298851,1,1,0,1,0.02,0,0,0.012329728,0.12329728,3.3781,3.6625,7.0406,0.6,125,TT,saed05rvt_base_tt0p60v125c,36,5.855071922,5.855071922,0,4.025351691,0,5.198497031,3.871201011,0,0,4.204692619,2.248684613,5.958424693,2.397895273,2.197224577,2.840583,3.5293946,6.369978,9.525069581,15.91181179,3.634276406,Ok,Anomal,Ok,,,
moving_average_filter,100,0.1,0.9,348,348,0,55,0,180,47,0,0,66,8.475264,0.024354207,386,10,8,244,85.02011494,1.902298851,1,1,0,1,0.02,0,0,0.011715425,0.117154249,3.174,3.5656,6.7396,0.6,125,TT,saed05rvt_base_tt0p60v125c,36,5.855071922,5.855071922,0,4.025351691,0,5.198497031,3.871201011,0,0,4.204692619,2.248684613,5.958424693,2.397895273,2.197224577,2.842353,3.5047812,6.3471346,5.823274524,10.44886246,1.705708824,Ok,Ok,Ok,,,
moving_average_filter,100,0.37,0.1,348,348,0,55,0,180,47,0,0,66,8.475264,0.024354207,386,10,8,244,85.02011494,1.902298851,1,1,0,1,0.02,0,0,0.019248622,0.052023302,8.9589,3.8004,12.7593,0.6,125,TT,saed05rvt_base_tt0p60v125c,36,5.855071922,5.855071922,0,4.025351691,0,5.198497031,3.871201011,0,0,4.204692619,2.248684613,5.958424693,2.397895273,2.197224577,9.778287,3.7060256,13.484312,5.682224397,9.146066302,2.483275433,Ok,Ok,Ok,,,
moving_average_filter,100,0.37,0.37,348,348,0,55,0,180,47,0,0,66,8.475264,0.024354207,386,10,8,244,85.02011494,1.902298851,1,1,0,1,0.02,0,0,0.019248977,0.052024261,8.8619,3.7278,12.5897,0.6,125,TT,saed05rvt_base_tt0p60v125c,36,5.855071922,5.855071922,0,4.025351691,0,5.198497031,3.871201011,0,0,4.204692619,2.248684613,5.958424693,2.397895273,2.197224577,9.706275,3.6204042,13.326679,5.853826777,9.528148436,2.880942018,Ok,Ok,Ok,,,
moving_average_filter,100,0.37,0.63,348,348,0,55,0,180,47,0,0,66,8.475264,0.024354207,386,10,8,244,85.02011494,1.902298851,1,1,0,1,0.02,0,0,0.019245777,0.052015614,8.768,3.6509,12.4189,0.6,125,TT,saed05rvt_base_tt0p60v125c,36,5.855071922,5.855071922,0,4.025351691,0,5.198497031,3.871201011,0,0,4.204692619,2.248684613,5.958424693,2.397895273,2.197224577,9.696595,3.5629225,13.259518,6.768857706,10.59072984,2.409748891,Ok,Ok,Ok,,,
moving_average_filter,100,0.37,0.9,348,348,0,55,0,180,47,0,0,66,8.475264,0.024354207,386,10,8,244,85.02011494,1.902298851,1,1,0,1,0.02,0,0,0.019243174,0.052008577,8.6708,3.5637,12.2345,0.6,125,TT,saed05rvt_base_tt0p60v125c,36,5.855071922,5.855071922,0,4.025351691,0,5.198497031,3.871201011,0,0,4.204692619,2.248684613,5.958424693,2.397895273,2.197224577,9.790436,3.5340004,13.324436,8.908710513,12.91271614,0.833392353,Ok,Ok,Ok,,,
moving_average_filter,100,0.63,0.1,348,348,0,55,0,180,47,0,0,66,8.475264,0.024354207,386,10,8,244,85.02011494,1.902298851,1,1,0,1,0.02,0,0,0.026657948,0.042314203,14.3589,3.8004,18.1593,0.6,125,TT,saed05rvt_base_tt0p60v125c,36,5.855071922,5.855071922,0,4.025351691,0,5.198497031,3.871201011,0,0,4.204692619,2.248684613,5.958424693,2.397895273,2.197224577,14.97354,3.69566,18.6692,2.807932559,4.28055287,2.756022674,Ok,Ok,Ok,,,
moving_average_filter,100,0.63,0.37,348,348,0,55,0,180,47,0,0,66,8.475264,0.024354207,386,10,8,244,85.02011494,1.902298851,1,1,0,1,0.02,0,0,0.026658303,0.042314767,14.26,3.7278,17.9878,0.6,125,TT,saed05rvt_base_tt0p60v125c,36,5.855071922,5.855071922,0,4.025351691,0,5.198497031,3.871201011,0,0,4.204692619,2.248684613,5.958424693,2.397895273,2.197224577,14.907511,3.6235914,18.531101,3.0203873,4.54074865,2.795444417,Ok,Ok,Ok,,,
moving_average_filter,100,0.63,0.63,348,348,0,55,0,180,47,0,0,66,8.475264,0.024354207,386,10,8,244,85.02011494,1.902298851,1,1,0,1,0.02,0,0,0.026655104,0.042309688,14.1642,3.6509,17.8151,0.6,125,TT,saed05rvt_base_tt0p60v125c,36,5.855071922,5.855071922,0,4.025351691,0,5.198497031,3.871201011,0,0,4.204692619,2.248684613,5.958424693,2.397895273,2.197224577,14.800724,3.5778432,18.378567,3.162860393,4.493893263,2.001063046,Ok,Ok,Ok,,,
moving_average_filter,100,0.63,0.9,348,348,0,55,0,180,47,0,0,66,8.475264,0.024354207,386,10,8,244,85.02011494,1.902298851,1,1,0,1,0.02,0,0,0.0266525,0.042305556,14.0651,3.5637,17.6288,0.6,125,TT,saed05rvt_base_tt0p60v125c,36,5.855071922,5.855071922,0,4.025351691,0,5.198497031,3.871201011,0,0,4.204692619,2.248684613,5.958424693,2.397895273,2.197224577,14.794841,3.5478067,18.342648,4.049325833,5.188308741,0.445976378,Ok,Ok,Ok,,,
moving_average_filter,100,0.9,0.1,348,348,0,55,0,180,47,0,0,66,8.475264,0.024354207,386,10,8,244,85.02011494,1.902298851,1,1,0,1,0.02,0,0,0.034352249,0.038169165,19.9663,3.8004,23.7667,0.6,125,TT,saed05rvt_base_tt0p60v125c,36,5.855071922,5.855071922,0,4.025351691,0,5.198497031,3.871201011,0,0,4.204692619,2.248684613,5.958424693,2.397895273,2.197224577,20.07768,3.6822324,23.759912,0.028558904,0.557842904,3.109346913,Ok,Ok,Ok,,,
moving_average_filter,100,0.9,0.37,348,348,0,55,0,180,47,0,0,66,8.475264,0.024354207,386,10,8,244,85.02011494,1.902298851,1,1,0,1,0.02,0,0,0.034352604,0.03816956,19.8655,3.7278,23.5933,0.6,125,TT,saed05rvt_base_tt0p60v125c,36,5.855071922,5.855071922,0,4.025351691,0,5.198497031,3.871201011,0,0,4.204692619,2.248684613,5.958424693,2.397895273,2.197224577,20.033363,3.619763,23.653126,0.253570984,0.844999332,2.898146427,Ok,Ok,Ok,,,
moving_average_filter,100,0.9,0.63,348,348,0,55,0,180,47,0,0,66,8.475264,0.024354207,386,10,8,244,85.02011494,1.902298851,1,1,0,1,0.02,0,0,0.034349404,0.038166005,19.7678,3.6509,23.4187,0.6,125,TT,saed05rvt_base_tt0p60v125c,36,5.855071922,5.855071922,0,4.025351691,0,5.198497031,3.871201011,0,0,4.204692619,2.248684613,5.958424693,2.397895273,2.197224577,20.10976,3.5951562,23.704916,1.22216861,1.729885392,1.526851111,Ok,Ok,Ok,,,
moving_average_filter,100,0.9,0.9,348,348,0,55,0,180,47,0,0,66,8.475264,0.024354207,386,10,8,244,85.02011494,1.902298851,1,1,0,1,0.02,0,0,0.034346801,0.038163112,19.6668,3.5637,23.2305,0.6,125,TT,saed05rvt_base_tt0p60v125c,36,5.855071922,5.855071922,0,4.025351691,0,5.198497031,3.871201011,0,0,4.204692619,2.248684613,5.958424693,2.397895273,2.197224577,20.221611,3.5594907,23.781101,2.3701652,2.821053872,0.118116545,Ok,Ok,Ok,,,
moving_average_filter,200,0.1,0.1,348,348,0,55,0,180,47,0,0,66,8.475264,0.024354207,386,10,8,244,85.02011494,1.902298851,1,1,0,1,0.02,0,0,0.011184526,0.111845259,3.5226,3.7949,7.3175,0.6,125,TT,saed05rvt_base_tt0p60v125c,72,5.855071922,5.855071922,0,4.025351691,0,5.198497031,3.871201011,0,0,4.204692619,2.248684613,5.958424693,2.397895273,2.197224577,2.8347306,3.7103562,6.545087,10.55569716,19.52732001,2.227825885,Ok,Anomal,Ok,,,
moving_average_filter,200,0.1,0.37,348,348,0,55,0,180,47,0,0,66,8.475264,0.024354207,386,10,8,244,85.02011494,1.902298851,1,1,0,1,0.02,0,0,0.011519554,0.115195544,3.4412,3.7291,7.1703,0.6,125,TT,saed05rvt_base_tt0p60v125c,72,5.855071922,5.855071922,0,4.025351691,0,5.198497031,3.871201011,0,0,4.204692619,2.248684613,5.958424693,2.397895273,2.197224577,2.8470724,3.6129017,6.4599743,9.906499185,17.26512952,3.115988104,Ok,Anomal,Ok,,,
moving_average_filter,200,0.1,0.63,348,348,0,55,0,180,47,0,0,66,8.475264,0.024354207,386,10,8,244,85.02011494,1.902298851,1,1,0,1,0.02,0,0,0.011210119,0.112101192,3.2715,3.6465,6.918,0.6,125,TT,saed05rvt_base_tt0p60v125c,72,5.855071922,5.855071922,0,4.025351691,0,5.198497031,3.871201011,0,0,4.204692619,2.248684613,5.958424693,2.397895273,2.197224577,2.8565538,3.546502,6.403056,7.443536503,12.68366826,2.742297728,Ok,Ok,Ok,,,
moving_average_filter,200,0.1,0.9,348,348,0,55,0,180,47,0,0,66,8.475264,0.024354207,386,10,8,244,85.02011494,1.902298851,1,1,0,1,0.02,0,0,0.010666041,0.106660415,3.0734,3.5405,6.6139,0.6,125,TT,saed05rvt_base_tt0p60v125c,72,5.855071922,5.855071922,0,4.025351691,0,5.198497031,3.871201011,0,0,4.204692619,2.248684613,5.958424693,2.397895273,2.197224577,2.864223,3.5225172,6.38674,3.434581598,6.806045312,0.50791684,Ok,Ok,Ok,,,
moving_average_filter,200,0.37,0.1,348,348,0,55,0,180,47,0,0,66,8.475264,0.024354207,386,10,8,244,85.02011494,1.902298851,1,1,0,1,0.02,0,0,0.023552249,0.063654726,10.219,3.7992,14.0182,0.6,125,TT,saed05rvt_base_tt0p60v125c,72,5.855071922,5.855071922,0,4.025351691,0,5.198497031,3.871201011,0,0,4.204692619,2.248684613,5.958424693,2.397895273,2.197224577,9.984012,3.7102127,13.694224,2.311107292,2.299523925,2.342263963,Ok,Ok,Ok,,,
moving_average_filter,200,0.37,0.37,348,348,0,55,0,180,47,0,0,66,8.475264,0.024354207,386,10,8,244,85.02011494,1.902298851,1,1,0,1,0.02,0,0,0.024587433,0.066452521,10.1749,3.7291,13.904,0.6,125,TT,saed05rvt_base_tt0p60v125c,72,5.855071922,5.855071922,0,4.025351691,0,5.198497031,3.871201011,0,0,4.204692619,2.248684613,5.958424693,2.397895273,2.197224577,9.967746,3.6207995,13.588545,2.268808648,2.03593371,2.904198293,Ok,Ok,Ok,,,
moving_average_filter,200,0.37,0.63,348,348,0,55,0,180,47,0,0,66,8.475264,0.024354207,386,10,8,244,85.02011494,1.902298851,1,1,0,1,0.02,0,0,0.024268653,0.065590954,9.8389,3.6494,13.4883,0.6,125,TT,saed05rvt_base_tt0p60v125c,72,5.855071922,5.855071922,0,4.025351691,0,5.198497031,3.871201011,0,0,4.204692619,2.248684613,5.958424693,2.397895273,2.197224577,9.951075,3.5671692,13.518244,0.221998248,1.140113226,2.25326932,Ok,Ok,Ok,,,
moving_average_filter,200,0.37,0.9,348,348,0,55,0,180,47,0,0,66,8.475264,0.024354207,386,10,8,244,85.02011494,1.902298851,1,1,0,1,0.02,0,0,0.022875003,0.061824331,9.3628,3.5575,12.9203,0.6,125,TT,saed05rvt_base_tt0p60v125c,72,5.855071922,5.855071922,0,4.025351691,0,5.198497031,3.871201011,0,0,4.204692619,2.248684613,5.958424693,2.397895273,2.197224577,10.018605,3.5397205,13.558326,4.938165271,7.004370832,0.499774131,Ok,Ok,Ok,,,
moving_average_filter,200,0.63,0.1,348,348,0,55,0,180,47,0,0,66,8.475264,0.024354207,386,10,8,244,85.02011494,1.902298851,1,1,0,1,0.02,0,0,0.026927573,0.042742179,14.5616,3.7909,18.3525,0.6,125,TT,saed05rvt_base_tt0p60v125c,72,5.855071922,5.855071922,0,4.025351691,0,5.198497031,3.871201011,0,0,4.204692619,2.248684613,5.958424693,2.397895273,2.197224577,15.262251,3.7021866,18.964437,3.334354909,4.811634026,2.340167652,Ok,Ok,Ok,,,
moving_average_filter,200,0.63,0.37,348,348,0,55,0,180,47,0,0,66,8.475264,0.024354207,386,10,8,244,85.02011494,1.902298851,1,1,0,1,0.02,0,0,0.026930197,0.042746344,14.4123,3.7157,18.128,0.6,125,TT,saed05rvt_base_tt0p60v125c,72,5.855071922,5.855071922,0,4.025351691,0,5.198497031,3.871201011,0,0,4.204692619,2.248684613,5.958424693,2.397895273,2.197224577,15.196135,3.6253867,18.821522,3.825693728,5.438650092,2.430586029,Ok,Ok,Ok,,,
moving_average_filter,200,0.63,0.63,348,348,0,55,0,180,47,0,0,66,8.475264,0.024354207,386,10,8,244,85.02011494,1.902298851,1,1,0,1,0.02,0,0,0.02692972,0.042745588,14.2679,3.6363,17.9042,0.6,125,TT,saed05rvt_base_tt0p60v125c,72,5.855071922,5.855071922,0,4.025351691,0,5.198497031,3.871201011,0,0,4.204692619,2.248684613,5.958424693,2.397895273,2.197224577,15.145336,3.5865192,18.731855,4.622688489,6.149721761,1.368994821,Ok,Ok,Ok,,,
moving_average_filter,200,0.63,0.9,348,348,0,55,0,180,47,0,0,66,8.475264,0.024354207,386,10,8,244,85.02011494,1.902298851,1,1,0,1,0.02,0,0,0.026928249,0.042743252,14.1178,3.5465,17.6643,0.6,125,TT,saed05rvt_base_tt0p60v125c,72,5.855071922,5.855071922,0,4.025351691,0,5.198497031,3.871201011,0,0,4.204692619,2.248684613,5.958424693,2.397895273,2.197224577,15.151411,3.5591521,18.710564,5.923040594,7.321332336,0.356749649,Ok,Ok,Ok,,,
moving_average_filter,200,0.9,0.1,348,348,0,55,0,180,47,0,0,66,8.475264,0.024354207,386,10,8,244,85.02011494,1.902298851,1,1,0,1,0.02,0,0,0.034621873,0.038468748,20.1709,3.7909,23.9618,0.6,125,TT,saed05rvt_base_tt0p60v125c,72,5.855071922,5.855071922,0,4.025351691,0,5.198497031,3.871201011,0,0,4.204692619,2.248684613,5.958424693,2.397895273,2.197224577,20.720715,3.6905894,24.411304,1.875921149,2.725781046,2.646088582,Ok,Ok,Ok,,,
moving_average_filter,200,0.9,0.37,348,348,0,55,0,180,47,0,0,66,8.475264,0.024354207,386,10,8,244,85.02011494,1.902298851,1,1,0,1,0.02,0,0,0.034624497,0.038471664,20.0196,3.7157,23.7353,0.6,125,TT,saed05rvt_base_tt0p60v125c,72,5.855071922,5.855071922,0,4.025351691,0,5.198497031,3.871201011,0,0,4.204692619,2.248684613,5.958424693,2.397895273,2.197224577,20.68213,3.6244445,24.306576,2.406861405,3.309410845,2.45594411,Ok,Ok,Ok,,,
moving_average_filter,200,0.9,0.63,348,348,0,55,0,180,47,0,0,66,8.475264,0.024354207,386,10,8,244,85.02011494,1.902298851,1,1,0,1,0.02,0,0,0.034624021,0.038471134,19.8733,3.6363,23.5096,0.6,125,TT,saed05rvt_base_tt0p60v125c,72,5.855071922,5.855071922,0,4.025351691,0,5.198497031,3.871201011,0,0,4.204692619,2.248684613,5.958424693,2.397895273,2.197224577,20.725925,3.6013975,24.327324,3.478255324,4.290306318,0.959835153,Ok,Ok,Ok,,,
moving_average_filter,200,0.9,0.9,348,348,0,55,0,180,47,0,0,66,8.475264,0.024354207,386,10,8,244,85.02011494,1.902298851,1,1,0,1,0.02,0,0,0.034622549,0.038469499,19.7212,3.5465,23.2677,0.6,125,TT,saed05rvt_base_tt0p60v125c,72,5.855071922,5.855071922,0,4.025351691,0,5.198497031,3.871201011,0,0,4.204692619,2.248684613,5.958424693,2.397895273,2.197224577,20.802233,3.571279,24.373512,4.752563717,5.481576893,0.698690228,Ok,Ok,Ok,,,
moving_average_filter,300,0.1,0.1,348,348,0,55,0,180,47,0,0,66,8.475264,0.024354207,386,10,8,244,85.02011494,1.902298851,1,1,0,1,0.02,0,0,0.010665142,0.106651425,3.4666,3.7895,7.2561,0.6,125,TT,saed05rvt_base_tt0p60v125c,108,5.855071922,5.855071922,0,4.025351691,0,5.198497031,3.871201011,0,0,4.204692619,2.248684613,5.958424693,2.397895273,2.197224577,2.841928,3.7236881,6.565616,9.515908948,18.019731,1.73669018,Ok,Anomal,Ok,,,
moving_average_filter,300,0.1,0.37,348,348,0,55,0,180,47,0,0,66,8.475264,0.024354207,386,10,8,244,85.02011494,1.902298851,1,1,0,1,0.02,0,0,0.010941174,0.109411736,3.3782,3.7245,7.1027,0.6,125,TT,saed05rvt_base_tt0p60v125c,108,5.855071922,5.855071922,0,4.025351691,0,5.198497031,3.871201011,0,0,4.204692619,2.248684613,5.958424693,2.397895273,2.197224577,2.8490922,3.6232753,6.4723673,8.874550711,15.66241652,2.717806954,Ok,Anomal,Ok,,,
moving_average_filter,300,0.1,0.63,348,348,0,55,0,180,47,0,0,66,8.475264,0.024354207,386,10,8,244,85.02011494,1.902298851,1,1,0,1,0.02,0,0,0.010610598,0.106105984,3.2048,3.6408,6.8456,0.6,125,TT,saed05rvt_base_tt0p60v125c,108,5.855071922,5.855071922,0,4.025351691,0,5.198497031,3.871201011,0,0,4.204692619,2.248684613,5.958424693,2.397895273,2.197224577,2.8698914,3.562263,6.4321547,6.039577897,10.45021826,2.157135467,Ok,Ok,Ok,,,
moving_average_filter,300,0.1,0.9,348,348,0,55,0,180,47,0,0,66,8.475264,0.024354207,386,10,8,244,85.02011494,1.902298851,1,1,0,1,0.02,0,0,0.01011271,0.101127098,3.0149,3.533,6.5479,0.6,125,TT,saed05rvt_base_tt0p60v125c,108,5.855071922,5.855071922,0,4.025351691,0,5.198497031,3.871201011,0,0,4.204692619,2.248684613,5.958424693,2.397895273,2.197224577,2.8955445,3.5360665,6.431611,1.775973043,3.958853396,0.086796834,Ok,Ok,Ok,,,
moving_average_filter,300,0.37,0.1,348,348,0,55,0,180,47,0,0,66,8.475264,0.024354207,386,10,8,244,85.02011494,1.902298851,1,1,0,1,0.02,0,0,0.02422308,0.065467785,10.4765,3.795,14.2715,0.6,125,TT,saed05rvt_base_tt0p60v125c,108,5.855071922,5.855071922,0,4.025351691,0,5.198497031,3.871201011,0,0,4.204692619,2.248684613,5.958424693,2.397895273,2.197224577,10.060305,3.7168846,13.777189,3.46362152,3.972656501,2.058376468,Ok,Ok,Ok,,,
moving_average_filter,300,0.37,0.37,348,348,0,55,0,180,47,0,0,66,8.475264,0.024354207,386,10,8,244,85.02011494,1.902298851,1,1,0,1,0.02,0,0,0.025650604,0.069325956,10.4877,3.724,14.2117,0.6,125,TT,saed05rvt_base_tt0p60v125c,108,5.855071922,5.855071922,0,4.025351691,0,5.198497031,3.871201011,0,0,4.204692619,2.248684613,5.958424693,2.397895273,2.197224577,10.060829,3.6263466,13.687176,3.690791737,4.070204501,2.622272069,Ok,Ok,Ok,,,
moving_average_filter,300,0.37,0.63,348,348,0,55,0,180,47,0,0,66,8.475264,0.024354207,386,10,8,244,85.02011494,1.902298851,1,1,0,1,0.02,0,0,0.025006114,0.067584092,10.043,3.6409,13.6839,0.6,125,TT,saed05rvt_base_tt0p60v125c,108,5.855071922,5.855071922,0,4.025351691,0,5.198497031,3.871201011,0,0,4.204692619,2.248684613,5.958424693,2.397895273,2.197224577,10.030202,3.578672,13.608873,0.548283988,0.127432919,1.709139712,Ok,Ok,Ok,,,
moving_average_filter,300,0.37,0.9,348,348,0,55,0,180,47,0,0,66,8.475264,0.024354207,386,10,8,244,85.02011494,1.902298851,1,1,0,1,0.02,0,0,0.023266868,0.062883427,9.4536,3.5456,12.9992,0.6,125,TT,saed05rvt_base_tt0p60v125c,108,5.855071922,5.855071922,0,4.025351691,0,5.198497031,3.871201011,0,0,4.204692619,2.248684613,5.958424693,2.397895273,2.197224577,10.100067,3.5511885,13.651256,5.016121051,6.838317029,0.157617016,Ok,Ok,Ok,,,
moving_average_filter,300,0.63,0.1,348,348,0,55,0,180,47,0,0,66,8.475264,0.024354207,386,10,8,244,85.02011494,1.902298851,1,1,0,1,0.02,0,0,0.027906565,0.044296135,14.842,3.7875,18.6295,0.6,125,TT,saed05rvt_base_tt0p60v125c,108,5.855071922,5.855071922,0,4.025351691,0,5.198497031,3.871201011,0,0,4.204692619,2.248684613,5.958424693,2.397895273,2.197224577,15.583912,3.7095146,19.293427,3.56384505,4.998732622,2.059019989,Ok,Ok,Ok,,,
moving_average_filter,300,0.63,0.37,348,348,0,55,0,180,47,0,0,66,8.475264,0.024354207,386,10,8,244,85.02011494,1.902298851,1,1,0,1,0.02,0,0,0.027910578,0.044302504,14.639,3.7115,18.3505,0.6,125,TT,saed05rvt_base_tt0p60v125c,108,5.855071922,5.855071922,0,4.025351691,0,5.198497031,3.871201011,0,0,4.204692619,2.248684613,5.958424693,2.397895273,2.197224577,15.55265,3.628677,19.181328,4.527548676,6.241208086,2.231526571,Ok,Ok,Ok,,,
moving_average_filter,300,0.63,0.63,348,348,0,55,0,180,47,0,0,66,8.475264,0.024354207,386,10,8,244,85.02011494,1.902298851,1,1,0,1,0.02,0,0,0.027909604,0.044300958,14.4425,3.6314,18.0739,0.6,125,TT,saed05rvt_base_tt0p60v125c,108,5.855071922,5.855071922,0,4.025351691,0,5.198497031,3.871201011,0,0,4.204692619,2.248684613,5.958424693,2.397895273,2.197224577,15.513771,3.5967607,19.11053,5.735512829,7.417490442,0.953881428,Ok,Ok,Ok,,,
moving_average_filter,300,0.63,0.9,348,348,0,55,0,180,47,0,0,66,8.475264,0.024354207,386,10,8,244,85.02011494,1.902298851,1,1,0,1,0.02,0,0,0.027910806,0.044302866,14.2388,3.5408,17.7796,0.6,125,TT,saed05rvt_base_tt0p60v125c,108,5.855071922,5.855071922,0,4.025351691,0,5.198497031,3.871201011,0,0,4.204692619,2.248684613,5.958424693,2.397895273,2.197224577,15.520226,3.5696282,19.089853,7.369419372,8.999533141,0.814173031,Ok,Ok,Ok,,,
moving_average_filter,300,0.9,0.1,348,348,0,55,0,180,47,0,0,66,8.475264,0.024354207,386,10,8,244,85.02011494,1.902298851,1,1,0,1,0.02,0,0,0.035600865,0.039556517,20.4519,3.7875,24.2394,0.6,125,TT,saed05rvt_base_tt0p60v125c,108,5.855071922,5.855071922,0,4.025351691,0,5.198497031,3.871201011,0,0,4.204692619,2.248684613,5.958424693,2.397895273,2.197224577,21.219118,3.6995316,24.91865,2.802254484,3.751329306,2.322599203,Ok,Ok,Ok,,,
moving_average_filter,300,0.9,0.37,348,348,0,55,0,180,47,0,0,66,8.475264,0.024354207,386,10,8,244,85.02011494,1.902298851,1,1,0,1,0.02,0,0,0.035604878,0.039560976,20.247,3.7115,23.9585,0.6,125,TT,saed05rvt_base_tt0p60v125c,108,5.855071922,5.855071922,0,4.025351691,0,5.198497031,3.871201011,0,0,4.204692619,2.248684613,5.958424693,2.397895273,2.197224577,21.213833,3.6292,24.843033,3.691937462,4.775190671,2.217432798,Ok,Ok,Ok,,,
moving_average_filter,300,0.9,0.63,348,348,0,55,0,180,47,0,0,66,8.475264,0.024354207,386,10,8,244,85.02011494,1.902298851,1,1,0,1,0.02,0,0,0.035603904,0.039559893,20.0485,3.6314,23.6799,0.6,125,TT,saed05rvt_base_tt0p60v125c,108,5.855071922,5.855071922,0,4.025351691,0,5.198497031,3.871201011,0,0,4.204692619,2.248684613,5.958424693,2.397895273,2.197224577,21.251875,3.60638,24.858255,4.976183963,6.002318995,0.688990863,Ok,Ok,Ok,,,
moving_average_filter,300,0.9,0.9,348,348,0,55,0,180,47,0,0,66,8.475264,0.024354207,386,10,8,244,85.02011494,1.902298851,1,1,0,1,0.02,0,0,0.035605106,0.039561229,19.8428,3.5408,23.3836,0.6,125,TT,saed05rvt_base_tt0p60v125c,108,5.855071922,5.855071922,0,4.025351691,0,5.198497031,3.871201011,0,0,4.204692619,2.248684613,5.958424693,2.397895273,2.197224577,21.326971,3.5821548,24.909126,6.523915401,7.479645282,1.167949357,Ok,Ok,Ok,,,
moving_average_filter,450,0.1,0.1,348,348,0,55,0,180,47,0,0,66,8.475264,0.024354207,386,10,8,244,85.02011494,1.902298851,1,1,0,1,0.02,0,0,0.010861409,0.108614093,3.5005,3.7903,7.2908,0.6,125,TT,saed05rvt_base_tt0p60v125c,162,5.855071922,5.855071922,0,4.025351691,0,5.198497031,3.871201011,0,0,4.204692619,2.248684613,5.958424693,2.397895273,2.197224577,2.9136636,3.7366,6.650264,8.785540869,16.76435864,1.416776451,Ok,Anomal,Ok,,,
moving_average_filter,450,0.1,0.37,348,348,0,55,0,180,47,0,0,66,8.475264,0.024354207,386,10,8,244,85.02011494,1.902298851,1,1,0,1,0.02,0,0,0.011061003,0.110610026,3.3937,3.725,7.1187,0.6,125,TT,saed05rvt_base_tt0p60v125c,162,5.855071922,5.855071922,0,4.025351691,0,5.198497031,3.871201011,0,0,4.204692619,2.248684613,5.958424693,2.397895273,2.197224577,2.9104173,3.6383734,6.548791,8.005802581,14.24058348,2.325546982,Ok,Ok,Ok,,,
moving_average_filter,450,0.1,0.63,348,348,0,55,0,180,47,0,0,66,8.475264,0.024354207,386,10,8,244,85.02011494,1.902298851,1,1,0,1,0.02,0,0,0.01071544,0.107154404,3.2153,3.6413,6.8566,0.6,125,TT,saed05rvt_base_tt0p60v125c,162,5.855071922,5.855071922,0,4.025351691,0,5.198497031,3.871201011,0,0,4.204692619,2.248684613,5.958424693,2.397895273,2.197224577,2.926535,3.580123,6.5066576,5.103730706,8.980969392,1.680088219,Ok,Ok,Ok,,,
moving_average_filter,450,0.1,0.9,348,348,0,55,0,180,47,0,0,66,8.475264,0.024354207,386,10,8,244,85.02011494,1.902298851,1,1,0,1,0.02,0,0,0.01030206,0.103020596,3.038,3.5337,6.5717,0.6,125,TT,saed05rvt_base_tt0p60v125c,162,5.855071922,5.855071922,0,4.025351691,0,5.198497031,3.871201011,0,0,4.204692619,2.248684613,5.958424693,2.397895273,2.197224577,2.9454062,3.5508914,6.496298,1.147376839,3.047853901,0.486498553,Ok,Ok,Ok,,,
moving_average_filter,450,0.37,0.1,348,348,0,55,0,180,47,0,0,66,8.475264,0.024354207,386,10,8,244,85.02011494,1.902298851,1,1,0,1,0.02,0,0,0.025579101,0.069132706,10.8078,3.7949,14.6027,0.6,125,TT,saed05rvt_base_tt0p60v125c,162,5.855071922,5.855071922,0,4.025351691,0,5.198497031,3.871201011,0,0,4.204692619,2.248684613,5.958424693,2.397895273,2.197224577,10.149491,3.7262073,13.875698,4.97854445,6.091051739,1.81013317,Ok,Ok,Ok,,,
moving_average_filter,450,0.37,0.37,348,348,0,55,0,180,47,0,0,66,8.475264,0.024354207,386,10,8,244,85.02011494,1.902298851,1,1,0,1,0.02,0,0,0.026614674,0.07193155,10.6956,3.7247,14.4203,0.6,125,TT,saed05rvt_base_tt0p60v125c,162,5.855071922,5.855071922,0,4.025351691,0,5.198497031,3.871201011,0,0,4.204692619,2.248684613,5.958424693,2.397895273,2.197224577,10.135167,3.6408772,13.776045,4.467695918,5.239845152,2.250456497,Ok,Ok,Ok,,,
moving_average_filter,450,0.37,0.63,348,348,0,55,0,180,47,0,0,66,8.475264,0.024354207,386,10,8,244,85.02011494,1.902298851,1,1,0,1,0.02,0,0,0.026057378,0.070425347,10.2373,3.6418,13.8791,0.6,125,TT,saed05rvt_base_tt0p60v125c,162,5.855071922,5.855071922,0,4.025351691,0,5.198497031,3.871201011,0,0,4.204692619,2.248684613,5.958424693,2.397895273,2.197224577,10.108608,3.5930986,13.701707,1.278131246,1.25708687,1.337288142,Ok,Ok,Ok,,,
moving_average_filter,450,0.37,0.9,348,348,0,55,0,180,47,0,0,66,8.475264,0.024354207,386,10,8,244,85.02011494,1.902298851,1,1,0,1,0.02,0,0,0.02446794,0.066129569,9.6248,3.5413,13.1661,0.6,125,TT,saed05rvt_base_tt0p60v125c,162,5.855071922,5.855071922,0,4.025351691,0,5.198497031,3.871201011,0,0,4.204692619,2.248684613,5.958424693,2.397895273,2.197224577,10.1588335,3.5674257,13.726259,4.254557018,5.548515333,0.737743988,Ok,Ok,Ok,,,
moving_average_filter,450,0.63,0.1,348,348,0,55,0,180,47,0,0,66,8.475264,0.024354207,386,10,8,244,85.02011494,1.902298851,1,1,0,1,0.02,0,0,0.037235917,0.05910463,17.2401,3.7957,21.0358,0.6,125,TT,saed05rvt_base_tt0p60v125c,162,5.855071922,5.855071922,0,4.025351691,0,5.198497031,3.871201011,0,0,4.204692619,2.248684613,5.958424693,2.397895273,2.197224577,16.07275,3.713429,19.786179,5.940451094,6.771131887,2.16747967,Ok,Ok,Ok,,,
moving_average_filter,450,0.63,0.37,348,348,0,55,0,180,47,0,0,66,8.475264,0.024354207,386,10,8,244,85.02011494,1.902298851,1,1,0,1,0.02,0,0,0.039861573,0.063272337,17.3236,3.725,21.0486,0.6,125,TT,saed05rvt_base_tt0p60v125c,162,5.855071922,5.855071922,0,4.025351691,0,5.198497031,3.871201011,0,0,4.204692619,2.248684613,5.958424693,2.397895273,2.197224577,16.141586,3.6326485,19.774235,6.054394251,6.823141243,2.479235758,Ok,Ok,Ok,,,
moving_average_filter,450,0.63,0.63,348,348,0,55,0,180,47,0,0,66,8.475264,0.024354207,386,10,8,244,85.02011494,1.902298851,1,1,0,1,0.02,0,0,0.038919396,0.06177682,16.6156,3.6417,20.2573,0.6,125,TT,saed05rvt_base_tt0p60v125c,162,5.855071922,5.855071922,0,4.025351691,0,5.198497031,3.871201011,0,0,4.204692619,2.248684613,5.958424693,2.397895273,2.197224577,16.109211,3.6020937,19.711304,2.695306329,3.04767226,1.087577324,Ok,Ok,Ok,,,
moving_average_filter,450,0.63,0.9,348,348,0,55,0,180,47,0,0,66,8.475264,0.024354207,386,10,8,244,85.02011494,1.902298851,1,1,0,1,0.02,0,0,0.036017593,0.057170783,15.6558,3.5482,19.204,0.6,125,TT,saed05rvt_base_tt0p60v125c,162,5.855071922,5.855071922,0,4.025351691,0,5.198497031,3.871201011,0,0,4.204692619,2.248684613,5.958424693,2.397895273,2.197224577,16.063753,3.5756235,19.639378,2.267119319,2.605763538,0.772885189,Ok,Ok,Ok,,,
moving_average_filter,450,0.9,0.1,348,348,0,55,0,180,47,0,0,66,8.475264,0.024354207,386,10,8,244,85.02011494,1.902298851,1,1,0,1,0.02,0,0,0.038525422,0.042806025,21.1008,3.7859,24.8867,0.6,125,TT,saed05rvt_base_tt0p60v125c,162,5.855071922,5.855071922,0,4.025351691,0,5.198497031,3.871201011,0,0,4.204692619,2.248684613,5.958424693,2.397895273,2.197224577,21.914276,3.7093425,25.62362,2.961096005,3.855190908,2.02217492,Ok,Ok,Ok,,,
moving_average_filter,450,0.9,0.37,348,348,0,55,0,180,47,0,0,66,8.475264,0.024354207,386,10,8,244,85.02011494,1.902298851,1,1,0,1,0.02,0,0,0.03852635,0.042807055,20.7932,3.7099,24.5031,0.6,125,TT,saed05rvt_base_tt0p60v125c,162,5.855071922,5.855071922,0,4.025351691,0,5.198497031,3.871201011,0,0,4.204692619,2.248684613,5.958424693,2.397895273,2.197224577,21.901447,3.6389432,25.54039,4.233301152,5.329854453,1.912633889,Ok,Ok,Ok,,,
moving_average_filter,450,0.9,0.63,348,348,0,55,0,180,47,0,0,66,8.475264,0.024354207,386,10,8,244,85.02011494,1.902298851,1,1,0,1,0.02,0,0,0.03852728,0.042808089,20.4969,3.6297,24.1266,0.6,125,TT,saed05rvt_base_tt0p60v125c,162,5.855071922,5.855071922,0,4.025351691,0,5.198497031,3.871201011,0,0,4.204692619,2.248684613,5.958424693,2.397895273,2.197224577,21.93089,3.6133375,25.544228,5.875786891,6.996126876,0.450794369,Ok,Ok,Ok,,,
moving_average_filter,450,0.9,0.9,348,348,0,55,0,180,47,0,0,66,8.475264,0.024354207,386,10,8,244,85.02011494,1.902298851,1,1,0,1,0.02,0,0,0.03852678,0.042807533,20.1891,3.539,23.7281,0.6,125,TT,saed05rvt_base_tt0p60v125c,162,5.855071922,5.855071922,0,4.025351691,0,5.198497031,3.871201011,0,0,4.204692619,2.248684613,5.958424693,2.397895273,2.197224577,21.97594,3.5970206,25.572962,7.775008565,8.850521838,1.639463862,Ok,Ok,Ok,,,
moving_average_filter,600,0.1,0.1,348,348,0,55,0,180,47,0,0,66,8.475264,0.024354207,386,10,8,244,85.02011494,1.902298851,1,1,0,1,0.02,0,0,0.011133873,0.111338731,3.5387,3.7911,7.3298,0.6,125,TT,saed05rvt_base_tt0p60v125c,216,5.855071922,5.855071922,0,4.025351691,0,5.198497031,3.871201011,0,0,4.204692619,2.248684613,5.958424693,2.397895273,2.197224577,2.9918702,3.7461514,6.738022,8.073592041,15.45284526,1.185633529,Ok,Anomal,Ok,,,
moving_average_filter,600,0.1,0.37,348,348,0,55,0,180,47,0,0,66,8.475264,0.024354207,386,10,8,244,85.02011494,1.902298851,1,1,0,1,0.02,0,0,0.011369155,0.113691554,3.4359,3.7272,7.1631,0.6,125,TT,saed05rvt_base_tt0p60v125c,216,5.855071922,5.855071922,0,4.025351691,0,5.198497031,3.871201011,0,0,4.204692619,2.248684613,5.958424693,2.397895273,2.197224577,2.9774826,3.6520252,6.629508,7.449176774,13.34199024,2.016923622,Ok,Ok,Ok,,,
moving_average_filter,600,0.1,0.63,348,348,0,55,0,180,47,0,0,66,8.475264,0.024354207,386,10,8,244,85.02011494,1.902298851,1,1,0,1,0.02,0,0,0.011106876,0.111068756,3.2713,3.6445,6.9158,0.6,125,TT,saed05rvt_base_tt0p60v125c,216,5.855071922,5.855071922,0,4.025351691,0,5.198497031,3.871201011,0,0,4.204692619,2.248684613,5.958424693,2.397895273,2.197224577,2.9923337,3.5980268,6.5903606,4.705736987,8.527690808,1.275161134,Ok,Ok,Ok,,,
moving_average_filter,600,0.1,0.9,348,348,0,55,0,180,47,0,0,66,8.475264,0.024354207,386,10,8,244,85.02011494,1.902298851,1,1,0,1,0.02,0,0,0.010626637,0.106266373,3.0771,3.5358,6.6129,0.6,125,TT,saed05rvt_base_tt0p60v125c,216,5.855071922,5.855071922,0,4.025351691,0,5.198497031,3.871201011,0,0,4.204692619,2.248684613,5.958424693,2.397895273,2.197224577,2.9844463,3.566783,6.5512295,0.932579096,3.011072531,0.87626425,Ok,Ok,Ok,,,
moving_average_filter,600,0.37,0.1,348,348,0,55,0,180,47,0,0,66,8.475264,0.024354207,386,10,8,244,85.02011494,1.902298851,1,1,0,1,0.02,0,0,0.026647155,0.072019339,11.0462,3.7962,14.8424,0.6,125,TT,saed05rvt_base_tt0p60v125c,216,5.855071922,5.855071922,0,4.025351691,0,5.198497031,3.871201011,0,0,4.204692619,2.248684613,5.958424693,2.397895273,2.197224577,10.157046,3.7352657,13.892312,6.401174676,8.049407778,1.605138512,Ok,Ok,Ok,,,
moving_average_filter,600,0.37,0.37,348,348,0,55,0,180,47,0,0,66,8.475264,0.024354207,386,10,8,244,85.02011494,1.902298851,1,1,0,1,0.02,0,0,0.027433946,0.074145799,10.8513,3.727,14.5783,0.6,125,TT,saed05rvt_base_tt0p60v125c,216,5.855071922,5.855071922,0,4.025351691,0,5.198497031,3.871201011,0,0,4.204692619,2.248684613,5.958424693,2.397895273,2.197224577,10.163752,3.6588821,13.822634,5.183500523,6.33609243,1.827686045,Ok,Ok,Ok,,,
moving_average_filter,600,0.37,0.63,348,348,0,55,0,180,47,0,0,66,8.475264,0.024354207,386,10,8,244,85.02011494,1.902298851,1,1,0,1,0.02,0,0,0.026900907,0.072705153,10.3777,3.6441,14.0218,0.6,125,TT,saed05rvt_base_tt0p60v125c,216,5.855071922,5.855071922,0,4.025351691,0,5.198497031,3.871201011,0,0,4.204692619,2.248684613,5.958424693,2.397895273,2.197224577,10.169672,3.6064186,13.776091,1.752338345,2.004567367,1.034038319,Ok,Ok,Ok,,,
moving_average_filter,600,0.37,0.9,348,348,0,55,0,180,47,0,0,66,8.475264,0.024354207,386,10,8,244,85.02011494,1.902298851,1,1,0,1,0.02,0,0,0.025372021,0.068573029,9.7456,3.5398,13.2854,0.6,125,TT,saed05rvt_base_tt0p60v125c,216,5.855071922,5.855071922,0,4.025351691,0,5.198497031,3.871201011,0,0,4.204692619,2.248684613,5.958424693,2.397895273,2.197224577,10.27365,3.5842805,13.857931,4.309476095,5.418344375,1.256582035,Ok,Ok,Ok,,,
moving_average_filter,600,0.63,0.1,348,348,0,55,0,180,47,0,0,66,8.475264,0.024354207,386,10,8,244,85.02011494,1.902298851,1,1,0,1,0.02,0,0,0.039384241,0.062514668,17.7477,3.7974,21.5451,0.6,125,TT,saed05rvt_base_tt0p60v125c,216,5.855071922,5.855071922,0,4.025351691,0,5.198497031,3.871201011,0,0,4.204692619,2.248684613,5.958424693,2.397895273,2.197224577,16.09452,3.7233205,19.81784,8.016947816,9.314893936,1.950795698,Ok,Ok,Ok,,,
moving_average_filter,600,0.63,0.37,348,348,0,55,0,180,47,0,0,66,8.475264,0.024354207,386,10,8,244,85.02011494,1.902298851,1,1,0,1,0.02,0,0,0.041657635,0.06612323,17.7064,3.7268,21.4332,0.6,125,TT,saed05rvt_base_tt0p60v125c,216,5.855071922,5.855071922,0,4.025351691,0,5.198497031,3.871201011,0,0,4.204692619,2.248684613,5.958424693,2.397895273,2.197224577,16.16344,3.6476846,19.811125,7.56804956,8.714133283,2.12287823,Ok,Ok,Ok,,,
moving_average_filter,600,0.63,0.63,348,348,0,55,0,180,47,0,0,66,8.475264,0.024354207,386,10,8,244,85.02011494,1.902298851,1,1,0,1,0.02,0,0,0.0407025,0.064607143,16.9445,3.6436,20.5881,0.6,125,TT,saed05rvt_base_tt0p60v125c,216,5.855071922,5.855071922,0,4.025351691,0,5.198497031,3.871201011,0,0,4.204692619,2.248684613,5.958424693,2.397895273,2.197224577,16.160973,3.6130219,19.773994,3.954252963,4.624080998,0.839229043,Ok,Ok,Ok,,,
moving_average_filter,600,0.63,0.9,348,348,0,55,0,180,47,0,0,66,8.475264,0.024354207,386,10,8,244,85.02011494,1.902298851,1,1,0,1,0.02,0,0,0.0379015,0.060161111,15.9241,3.5463,19.4704,0.6,125,TT,saed05rvt_base_tt0p60v125c,216,5.855071922,5.855071922,0,4.025351691,0,5.198497031,3.871201011,0,0,4.204692619,2.248684613,5.958424693,2.397895273,2.197224577,16.11585,3.5898342,19.705685,1.208422333,1.204152502,1.227595332,Ok,Ok,Ok,,,
moving_average_filter,600,0.9,0.1,348,348,0,55,0,180,47,0,0,66,8.475264,0.024354207,386,10,8,244,85.02011494,1.902298851,1,1,0,1,0.02,0,0,0.0510295,0.056699444,24.311,3.7978,28.1088,0.6,125,TT,saed05rvt_base_tt0p60v125c,216,5.855071922,5.855071922,0,4.025351691,0,5.198497031,3.871201011,0,0,4.204692619,2.248684613,5.958424693,2.397895273,2.197224577,22.53824,3.7160554,26.254295,6.597594529,7.292005953,2.152420001,Ok,Ok,Ok,,,
moving_average_filter,600,0.9,0.37,348,348,0,55,0,180,47,0,0,66,8.475264,0.024354207,386,10,8,244,85.02011494,1.902298851,1,1,0,1,0.02,0,0,0.054841648,0.060935164,24.4491,3.7272,28.1763,0.6,125,TT,saed05rvt_base_tt0p60v125c,216,5.855071922,5.855071922,0,4.025351691,0,5.198497031,3.871201011,0,0,4.204692619,2.248684613,5.958424693,2.397895273,2.197224577,22.772886,3.6489239,26.42181,6.226828398,6.855932217,2.100132166,Ok,Ok,Ok,,,
moving_average_filter,600,0.9,0.63,348,348,0,55,0,180,47,0,0,66,8.475264,0.024354207,386,10,8,244,85.02011494,1.902298851,1,1,0,1,0.02,0,0,0.053673795,0.05963755,23.4814,3.6441,27.1255,0.6,125,TT,saed05rvt_base_tt0p60v125c,216,5.855071922,5.855071922,0,4.025351691,0,5.198497031,3.871201011,0,0,4.204692619,2.248684613,5.958424693,2.397895273,2.197224577,22.863491,3.6155882,26.47908,2.383070542,2.631482542,0.782410247,Ok,Ok,Ok,,,
moving_average_filter,600,0.9,0.9,348,348,0,55,0,180,47,0,0,66,8.475264,0.024354207,386,10,8,244,85.02011494,1.902298851,1,1,0,1,0.02,0,0,0.04948993,0.054988811,22.1237,3.5512,25.6749,0.6,125,TT,saed05rvt_base_tt0p60v125c,216,5.855071922,5.855071922,0,4.025351691,0,5.198497031,3.871201011,0,0,4.204692619,2.248684613,5.958424693,2.397895273,2.197224577,22.89147,3.6020417,26.493511,3.188371522,3.470350599,1.431677217,Ok,Ok,Ok,,,
moving_average_filter,750,0.1,0.1,348,348,0,55,0,180,47,0,0,66,8.475264,0.024354207,386,10,8,244,85.02011494,1.902298851,1,1,0,1,0.02,0,0,0.011116199,0.111161995,3.5427,3.7934,7.3361,0.6,125,TT,saed05rvt_base_tt0p60v125c,270,5.855071922,5.855071922,0,4.025351691,0,5.198497031,3.871201011,0,0,4.204692619,2.248684613,5.958424693,2.397895273,2.197224577,3.0445027,3.7571473,6.80165,7.285205391,14.06264332,0.955677963,Ok,Ok,Ok,,,
moving_average_filter,750,0.1,0.37,348,348,0,55,0,180,47,0,0,66,8.475264,0.024354207,386,10,8,244,85.02011494,1.902298851,1,1,0,1,0.02,0,0,0.011394316,0.113943161,3.4426,3.729,7.1716,0.6,125,TT,saed05rvt_base_tt0p60v125c,270,5.855071922,5.855071922,0,4.025351691,0,5.198497031,3.871201011,0,0,4.204692619,2.248684613,5.958424693,2.397895273,2.197224577,3.0227904,3.673788,6.6965785,6.623647406,12.1945497,1.480609529,Ok,Ok,Ok,,,
moving_average_filter,750,0.1,0.63,348,348,0,55,0,180,47,0,0,66,8.475264,0.024354207,386,10,8,244,85.02011494,1.902298851,1,1,0,1,0.02,0,0,0.011170293,0.111702927,3.2842,3.6474,6.9316,0.6,125,TT,saed05rvt_base_tt0p60v125c,270,5.855071922,5.855071922,0,4.025351691,0,5.198497031,3.871201011,0,0,4.204692619,2.248684613,5.958424693,2.397895273,2.197224577,3.0171123,3.615652,6.6327643,4.311207521,8.132505478,0.870425938,Ok,Ok,Ok,,,
moving_average_filter,750,0.1,0.9,348,348,0,55,0,180,47,0,0,66,8.475264,0.024354207,386,10,8,244,85.02011494,1.902298851,1,1,0,1,0.02,0,0,0.010640598,0.106405984,3.0794,3.5382,6.6176,0.6,125,TT,saed05rvt_base_tt0p60v125c,270,5.855071922,5.855071922,0,4.025351691,0,5.198497031,3.871201011,0,0,4.204692619,2.248684613,5.958424693,2.397895273,2.197224577,3.0029254,3.5859947,6.58892,0.433387989,2.483425474,1.350820204,Ok,Ok,Ok,,,
moving_average_filter,750,0.37,0.1,348,348,0,55,0,180,47,0,0,66,8.475264,0.024354207,386,10,8,244,85.02011494,1.902298851,1,1,0,1,0.02,0,0,0.027148868,0.073375319,11.1792,3.7975,14.9767,0.6,125,TT,saed05rvt_base_tt0p60v125c,270,5.855071922,5.855071922,0,4.025351691,0,5.198497031,3.871201011,0,0,4.204692619,2.248684613,5.958424693,2.397895273,2.197224577,10.185572,3.7479353,13.933507,6.965439879,8.888188148,1.305193019,Ok,Ok,Ok,,,
moving_average_filter,750,0.37,0.37,348,348,0,55,0,180,47,0,0,66,8.475264,0.024354207,386,10,8,244,85.02011494,1.902298851,1,1,0,1,0.02,0,0,0.02791906,0.075456918,10.9576,3.7294,14.687,0.6,125,TT,saed05rvt_base_tt0p60v125c,270,5.855071922,5.855071922,0,4.025351691,0,5.198497031,3.871201011,0,0,4.204692619,2.248684613,5.958424693,2.397895273,2.197224577,10.217831,3.676498,13.894329,5.397092183,6.751198639,1.418514071,Ok,Ok,Ok,,,
moving_average_filter,750,0.37,0.63,348,348,0,55,0,180,47,0,0,66,8.475264,0.024354207,386,10,8,244,85.02011494,1.902298851,1,1,0,1,0.02,0,0,0.027254772,0.073661546,10.4429,3.6462,14.0891,0.6,125,TT,saed05rvt_base_tt0p60v125c,270,5.855071922,5.855071922,0,4.025351691,0,5.198497031,3.871201011,0,0,4.204692619,2.248684613,5.958424693,2.397895273,2.197224577,10.265026,3.6267715,13.891798,1.400387396,1.703299921,0.532843781,Ok,Ok,Ok,,,
moving_average_filter,750,0.37,0.9,348,348,0,55,0,180,47,0,0,66,8.475264,0.024354207,386,10,8,244,85.02011494,1.902298851,1,1,0,1,0.02,0,0,0.025808433,0.069752521,9.8054,3.54,13.3454,0.6,125,TT,saed05rvt_base_tt0p60v125c,270,5.855071922,5.855071922,0,4.025351691,0,5.198497031,3.871201011,0,0,4.204692619,2.248684613,5.958424693,2.397895273,2.197224577,10.393299,3.5996509,13.99295,4.852237021,5.995666702,1.685052538,Ok,Ok,Ok,,,
moving_average_filter,750,0.63,0.1,348,348,0,55,0,180,47,0,0,66,8.475264,0.024354207,386,10,8,244,85.02011494,1.902298851,1,1,0,1,0.02,0,0,0.040680197,0.064571741,18.0772,3.7988,21.876,0.6,125,TT,saed05rvt_base_tt0p60v125c,270,5.855071922,5.855071922,0,4.025351691,0,5.198497031,3.871201011,0,0,4.204692619,2.248684613,5.958424693,2.397895273,2.197224577,16.170218,3.734857,19.905075,9.009530658,10.54910321,1.683239908,Ok,Ok,Ok,,,
moving_average_filter,750,0.63,0.37,348,348,0,55,0,180,47,0,0,66,8.475264,0.024354207,386,10,8,244,85.02011494,1.902298851,1,1,0,1,0.02,0,0,0.042636829,0.067677506,17.9221,3.7291,21.6512,0.6,125,TT,saed05rvt_base_tt0p60v125c,270,5.855071922,5.855071922,0,4.025351691,0,5.198497031,3.871201011,0,0,4.204692619,2.248684613,5.958424693,2.397895273,2.197224577,16.25357,3.664042,19.917612,8.006890723,9.309899194,1.744603363,Ok,Ok,Ok,,,
moving_average_filter,750,0.63,0.63,348,348,0,55,0,180,47,0,0,66,8.475264,0.024354207,386,10,8,244,85.02011494,1.902298851,1,1,0,1,0.02,0,0,0.041791212,0.066335258,17.1492,3.6463,20.7955,0.6,125,TT,saed05rvt_base_tt0p60v125c,270,5.855071922,5.855071922,0,4.025351691,0,5.198497031,3.871201011,0,0,4.204692619,2.248684613,5.958424693,2.397895273,2.197224577,16.279976,3.6262612,19.906237,4.27622972,5.068598587,0.549564373,Ok,Ok,Ok,,,
moving_average_filter,750,0.63,0.9,348,348,0,55,0,180,47,0,0,66,8.475264,0.024354207,386,10,8,244,85.02011494,1.902298851,1,1,0,1,0.02,0,0,0.039046236,0.061978152,16.0858,3.546,19.6318,0.6,125,TT,saed05rvt_base_tt0p60v125c,270,5.855071922,5.855071922,0,4.025351691,0,5.198497031,3.871201011,0,0,4.204692619,2.248684613,5.958424693,2.397895273,2.197224577,16.151516,3.6073456,19.758862,0.647223086,0.408533991,1.729993826,Ok,Ok,Ok,,,
moving_average_filter,750,0.9,0.1,348,348,0,55,0,180,47,0,0,66,8.475264,0.024354207,386,10,8,244,85.02011494,1.902298851,1,1,0,1,0.02,0,0,0.053306596,0.059229551,24.8832,3.7995,28.6827,0.6,125,TT,saed05rvt_base_tt0p60v125c,270,5.855071922,5.855071922,0,4.025351691,0,5.198497031,3.871201011,0,0,4.204692619,2.248684613,5.958424693,2.397895273,2.197224577,22.500782,3.7254424,26.226225,8.56430915,9.574403562,1.949140426,Ok,Ok,Ok,,,
moving_average_filter,750,0.9,0.37,348,348,0,55,0,180,47,0,0,66,8.475264,0.024354207,386,10,8,244,85.02011494,1.902298851,1,1,0,1,0.02,0,0,0.057095484,0.063439427,24.9557,3.7293,28.685,0.6,125,TT,saed05rvt_base_tt0p60v125c,270,5.855071922,5.855071922,0,4.025351691,0,5.198497031,3.871201011,0,0,4.204692619,2.248684613,5.958424693,2.397895273,2.197224577,22.799978,3.666206,26.466185,7.735106794,8.638193855,1.691848791,Ok,Ok,Ok,,,
moving_average_filter,750,0.9,0.63,348,348,0,55,0,180,47,0,0,66,8.475264,0.024354207,386,10,8,244,85.02011494,1.902298851,1,1,0,1,0.02,0,0,0.055802293,0.062002547,23.8971,3.6462,27.5433,0.6,125,TT,saed05rvt_base_tt0p60v125c,270,5.855071922,5.855071922,0,4.025351691,0,5.198497031,3.871201011,0,0,4.204692619,2.248684613,5.958424693,2.397895273,2.197224577,22.985962,3.627205,26.613167,3.376985296,3.812755882,0.5209562,Ok,Ok,Ok,,,
moving_average_filter,750,0.9,0.9,348,348,0,55,0,180,47,0,0,66,8.475264,0.024354207,386,10,8,244,85.02011494,1.902298851,1,1,0,1,0.02,0,0,0.051467842,0.057186491,22.4093,3.5508,25.9601,0.6,125,TT,saed05rvt_base_tt0p60v125c,270,5.855071922,5.855071922,0,4.025351691,0,5.198497031,3.871201011,0,0,4.204692619,2.248684613,5.958424693,2.397895273,2.197224577,23.030151,3.61266,26.64281,2.629846655,2.770507634,1.742140678,Ok,Ok,Ok,,,
moving_average_filter,900,0.1,0.1,348,348,0,55,0,180,47,0,0,66,8.475264,0.024354207,386,10,8,244,85.02011494,1.902298851,1,1,0,1,0.02,0,0,0.011539482,0.115394819,3.6029,3.7939,7.3968,0.6,125,TT,saed05rvt_base_tt0p60v125c,324,5.855071922,5.855071922,0,4.025351691,0,5.198497031,3.871201011,0,0,4.204692619,2.248684613,5.958424693,2.397895273,2.197224577,3.0763679,3.7668233,6.843191,7.484437232,14.61412043,0.713690614,Ok,Ok,Ok,,,
moving_average_filter,900,0.1,0.37,348,348,0,55,0,180,47,0,0,66,8.475264,0.024354207,386,10,8,244,85.02011494,1.902298851,1,1,0,1,0.02,0,0,0.011786795,0.117867953,3.491,3.7301,7.2211,0.6,125,TT,saed05rvt_base_tt0p60v125c,324,5.855071922,5.855071922,0,4.025351691,0,5.198497031,3.871201011,0,0,4.204692619,2.248684613,5.958424693,2.397895273,2.197224577,3.0696058,3.6951947,6.7648005,6.318974276,12.07087289,0.935773271,Ok,Ok,Ok,,,
moving_average_filter,900,0.1,0.63,348,348,0,55,0,180,47,0,0,66,8.475264,0.024354207,386,10,8,244,85.02011494,1.902298851,1,1,0,1,0.02,0,0,0.011568352,0.115683523,3.3318,3.6486,6.9804,0.6,125,TT,saed05rvt_base_tt0p60v125c,324,5.855071922,5.855071922,0,4.025351691,0,5.198497031,3.871201011,0,0,4.204692619,2.248684613,5.958424693,2.397895273,2.197224577,3.046585,3.633153,6.679738,4.307231036,8.560385287,0.423368916,Ok,Ok,Ok,,,
moving_average_filter,900,0.1,0.9,348,348,0,55,0,180,47,0,0,66,8.475264,0.024354207,386,10,8,244,85.02011494,1.902298851,1,1,0,1,0.02,0,0,0.011012415,0.110124145,3.1203,3.5392,6.6595,0.6,125,TT,saed05rvt_base_tt0p60v125c,324,5.855071922,5.855071922,0,4.025351691,0,5.198497031,3.871201011,0,0,4.204692619,2.248684613,5.958424693,2.397895273,2.197224577,3.033379,3.6084137,6.641793,0.265894223,2.785659138,1.955631111,Ok,Ok,Ok,,,
moving_average_filter,900,0.37,0.1,348,348,0,55,0,180,47,0,0,66,8.475264,0.024354207,386,10,8,244,85.02011494,1.902298851,1,1,0,1,0.02,0,0,0.027932448,0.075493103,11.3302,3.798,15.1282,0.6,125,TT,saed05rvt_base_tt0p60v125c,324,5.855071922,5.855071922,0,4.025351691,0,5.198497031,3.871201011,0,0,4.204692619,2.248684613,5.958424693,2.397895273,2.197224577,10.29571,3.757588,14.053297,7.105293142,9.130380664,1.06403608,Ok,Ok,Ok,,,
moving_average_filter,900,0.37,0.37,348,348,0,55,0,180,47,0,0,66,8.475264,0.024354207,386,10,8,244,85.02011494,1.902298851,1,1,0,1,0.02,0,0,0.02866878,0.077483189,11.0798,3.7311,14.8109,0.6,125,TT,saed05rvt_base_tt0p60v125c,324,5.855071922,5.855071922,0,4.025351691,0,5.198497031,3.871201011,0,0,4.204692619,2.248684613,5.958424693,2.397895273,2.197224577,10.320775,3.6936803,14.014456,5.377419365,6.850529504,1.002913714,Ok,Ok,Ok,,,
moving_average_filter,900,0.37,0.63,348,348,0,55,0,180,47,0,0,66,8.475264,0.024354207,386,10,8,244,85.02011494,1.902298851,1,1,0,1,0.02,0,0,0.027850767,0.075272343,10.5231,3.6476,14.1707,0.6,125,TT,saed05rvt_base_tt0p60v125c,324,5.855071922,5.855071922,0,4.025351691,0,5.198497031,3.871201011,0,0,4.204692619,2.248684613,5.958424693,2.397895273,2.197224577,10.379334,3.64599,14.025324,1.025892385,1.366190098,0.044141494,Ok,Ok,Ok,,,
moving_average_filter,900,0.37,0.9,348,348,0,55,0,180,47,0,0,66,8.475264,0.024354207,386,10,8,244,85.02011494,1.902298851,1,1,0,1,0.02,0,0,0.026513487,0.071658073,9.8894,3.5395,13.4289,0.6,125,TT,saed05rvt_base_tt0p60v125c,324,5.855071922,5.855071922,0,4.025351691,0,5.198497031,3.871201011,0,0,4.204692619,2.248684613,5.958424693,2.397895273,2.197224577,10.532619,3.621148,14.153768,5.397818032,6.504130446,2.306769584,Ok,Ok,Ok,,,
moving_average_filter,900,0.63,0.1,348,348,0,55,0,180,47,0,0,66,8.475264,0.024354207,386,10,8,244,85.02011494,1.902298851,1,1,0,1,0.02,0,0,0.042133039,0.066877839,18.3962,3.7995,22.1957,0.6,125,TT,saed05rvt_base_tt0p60v125c,324,5.855071922,5.855071922,0,4.025351691,0,5.198497031,3.871201011,0,0,4.204692619,2.248684613,5.958424693,2.397895273,2.197224577,16.349865,3.7423482,20.092213,9.477003757,11.12368337,1.504192812,Ok,Ok,Ok,,,
moving_average_filter,900,0.63,0.37,348,348,0,55,0,180,47,0,0,66,8.475264,0.024354207,386,10,8,244,85.02011494,1.902298851,1,1,0,1,0.02,0,0,0.043741699,0.069431269,18.1227,3.7304,21.8531,0.6,125,TT,saed05rvt_base_tt0p60v125c,324,5.855071922,5.855071922,0,4.025351691,0,5.198497031,3.871201011,0,0,4.204692619,2.248684613,5.958424693,2.397895273,2.197224577,16.430603,3.6819234,20.112526,7.964883976,9.336892255,1.299501677,Ok,Ok,Ok,,,
moving_average_filter,900,0.63,0.63,348,348,0,55,0,180,47,0,0,66,8.475264,0.024354207,386,10,8,244,85.02011494,1.902298851,1,1,0,1,0.02,0,0,0.043203124,0.068576388,17.3852,3.6484,21.0336,0.6,125,TT,saed05rvt_base_tt0p60v125c,324,5.855071922,5.855071922,0,4.025351691,0,5.198497031,3.871201011,0,0,4.204692619,2.248684613,5.958424693,2.397895273,2.197224577,16.465855,3.6399174,20.105772,4.411170611,5.288091913,0.232502641,Ok,Ok,Ok,,,
moving_average_filter,900,0.63,0.9,348,348,0,55,0,180,47,0,0,66,8.475264,0.024354207,386,10,8,244,85.02011494,1.902298851,1,1,0,1,0.02,0,0,0.040309329,0.063983062,16.251,3.545,19.796,0.6,125,TT,saed05rvt_base_tt0p60v125c,324,5.855071922,5.855071922,0,4.025351691,0,5.198497031,3.871201011,0,0,4.204692619,2.248684613,5.958424693,2.397895273,2.197224577,16.373348,3.6278162,20.001163,1.036388577,0.752865892,2.336141051,Ok,Ok,Ok,,,
moving_average_filter,900,0.9,0.1,348,348,0,55,0,180,47,0,0,66,8.475264,0.024354207,386,10,8,244,85.02011494,1.902298851,1,1,0,1,0.02,0,0,0.055495736,0.061661929,25.3827,3.8002,29.1829,0.6,125,TT,saed05rvt_base_tt0p60v125c,324,5.855071922,5.855071922,0,4.025351691,0,5.198497031,3.871201011,0,0,4.204692619,2.248684613,5.958424693,2.397895273,2.197224577,22.690556,3.732894,26.42345,9.455707041,10.60621773,1.771118789,Ok,Ok,Ok,,,
moving_average_filter,900,0.9,0.37,348,348,0,55,0,180,47,0,0,66,8.475264,0.024354207,386,10,8,244,85.02011494,1.902298851,1,1,0,1,0.02,0,0,0.058872622,0.065414024,25.3135,3.7305,29.044,0.6,125,TT,saed05rvt_base_tt0p60v125c,324,5.855071922,5.855071922,0,4.025351691,0,5.198497031,3.871201011,0,0,4.204692619,2.248684613,5.958424693,2.397895273,2.197224577,23.029242,3.685979,26.715221,8.018105616,9.023874368,1.193435479,Ok,Ok,Ok,,,
moving_average_filter,900,0.9,0.63,348,348,0,55,0,180,47,0,0,66,8.475264,0.024354207,386,10,8,244,85.02011494,1.902298851,1,1,0,1,0.02,0,0,0.057707246,0.064119162,24.2289,3.6477,27.8766,0.6,125,TT,saed05rvt_base_tt0p60v125c,324,5.855071922,5.855071922,0,4.025351691,0,5.198497031,3.871201011,0,0,4.204692619,2.248684613,5.958424693,2.397895273,2.197224577,23.250591,3.6416311,26.892223,3.531193337,4.037776052,0.166375349,Ok,Ok,Ok,,,
moving_average_filter,900,0.9,0.9,348,348,0,55,0,180,47,0,0,66,8.475264,0.024354207,386,10,8,244,85.02011494,1.902298851,1,1,0,1,0.02,0,0,0.053542262,0.059491402,22.6949,3.5498,26.2447,0.6,125,TT,saed05rvt_base_tt0p60v125c,324,5.855071922,5.855071922,0,4.025351691,0,5.198497031,3.871201011,0,0,4.204692619,2.248684613,5.958424693,2.397895273,2.197224577,23.215782,3.6249537,26.840736,2.271073356,2.295150741,2.117126227,Ok,Ok,Ok,,,
moving_average_filter,1000,0.1,0.1,348,348,0,55,0,180,47,0,0,66,8.475264,0.024354207,386,10,8,244,85.02011494,1.902298851,1,1,0,1,0.02,0,0,0.011776508,0.117765078,3.6409,3.7979,7.4388,0.6,125,TT,saed05rvt_base_tt0p60v125c,360,5.855071922,5.855071922,0,4.025351691,0,5.198497031,3.871201011,0,0,4.204692619,2.248684613,5.958424693,2.397895273,2.197224577,3.1072593,3.7694454,6.8767047,7.556263203,14.65683558,0.749218797,Ok,Ok,Ok,,,
moving_average_filter,1000,0.1,0.37,348,348,0,55,0,180,47,0,0,66,8.475264,0.024354207,386,10,8,244,85.02011494,1.902298851,1,1,0,1,0.02,0,0,0.012131202,0.121312021,3.5442,3.735,7.2792,0.6,125,TT,saed05rvt_base_tt0p60v125c,360,5.855071922,5.855071922,0,4.025351691,0,5.198497031,3.871201011,0,0,4.204692619,2.248684613,5.958424693,2.397895273,2.197224577,3.1082344,3.705687,6.8139215,6.391891258,12.30081808,0.784818044,Ok,Ok,Ok,,,
moving_average_filter,1000,0.1,0.63,348,348,0,55,0,180,47,0,0,66,8.475264,0.024354207,386,10,8,244,85.02011494,1.902298851,1,1,0,1,0.02,0,0,0.011837484,0.118374845,3.3649,3.6527,7.0176,0.6,125,TT,saed05rvt_base_tt0p60v125c,360,5.855071922,5.855071922,0,4.025351691,0,5.198497031,3.871201011,0,0,4.204692619,2.248684613,5.958424693,2.397895273,2.197224577,3.0733032,3.6470718,6.720375,4.235421497,8.665837836,0.15408223,Ok,Ok,Ok,,,
moving_average_filter,1000,0.1,0.9,348,348,0,55,0,180,47,0,0,66,8.475264,0.024354207,386,10,8,244,85.02011494,1.902298851,1,1,0,1,0.02,0,0,0.011276311,0.112763109,3.15,3.5436,6.6936,0.6,125,TT,saed05rvt_base_tt0p60v125c,360,5.855071922,5.855071922,0,4.025351691,0,5.198497031,3.871201011,0,0,4.204692619,2.248684613,5.958424693,2.397895273,2.197224577,3.0539818,3.6231947,6.6771765,0.245361606,3.048197428,2.246153474,Ok,Ok,Ok,,,
moving_average_filter,1000,0.37,0.1,348,348,0,55,0,180,47,0,0,66,8.475264,0.024354207,386,10,8,244,85.02011494,1.902298851,1,1,0,1,0.02,0,0,0.028467106,0.076938125,11.4319,3.8014,15.2333,0.6,125,TT,saed05rvt_base_tt0p60v125c,360,5.855071922,5.855071922,0,4.025351691,0,5.198497031,3.871201011,0,0,4.204692619,2.248684613,5.958424693,2.397895273,2.197224577,10.379926,3.761794,14.14172,7.165749916,9.202094771,1.041876933,Ok,Ok,Ok,,,
moving_average_filter,1000,0.37,0.37,348,348,0,55,0,180,47,0,0,66,8.475264,0.024354207,386,10,8,244,85.02011494,1.902298851,1,1,0,1,0.02,0,0,0.02911613,0.078692242,11.155,3.7349,14.8899,0.6,125,TT,saed05rvt_base_tt0p60v125c,360,5.855071922,5.855071922,0,4.025351691,0,5.198497031,3.871201011,0,0,4.204692619,2.248684613,5.958424693,2.397895273,2.197224577,10.399931,3.7067494,14.10668,5.260076183,6.768884321,0.753716586,Ok,Ok,Ok,,,
moving_average_filter,1000,0.37,0.63,348,348,0,55,0,180,47,0,0,66,8.475264,0.024354207,386,10,8,244,85.02011494,1.902298851,1,1,0,1,0.02,0,0,0.028246611,0.076342193,10.5778,3.6515,14.2293,0.6,125,TT,saed05rvt_base_tt0p60v125c,360,5.855071922,5.855071922,0,4.025351691,0,5.198497031,3.871201011,0,0,4.204692619,2.248684613,5.958424693,2.397895273,2.197224577,10.473063,3.6554103,14.128473,0.70858523,0.990154201,0.107087218,Ok,Ok,Ok,,,
moving_average_filter,1000,0.37,0.9,348,348,0,55,0,180,47,0,0,66,8.475264,0.024354207,386,10,8,244,85.02011494,1.902298851,1,1,0,1,0.02,0,0,0.027007951,0.072994462,9.9496,3.5434,13.493,0.6,125,TT,saed05rvt_base_tt0p60v125c,360,5.855071922,5.855071922,0,4.025351691,0,5.198497031,3.871201011,0,0,4.204692619,2.248684613,5.958424693,2.397895273,2.197224577,10.650551,3.637342,14.287893,5.891153156,7.0450153,2.651181807,Ok,Ok,Ok,,,
moving_average_filter,1000,0.63,0.1,348,348,0,55,0,180,47,0,0,66,8.475264,0.024354207,386,10,8,244,85.02011494,1.902298851,1,1,0,1,0.02,0,0,0.043012803,0.068274291,18.5842,3.8025,22.3867,0.6,125,TT,saed05rvt_base_tt0p60v125c,360,5.855071922,5.855071922,0,4.025351691,0,5.198497031,3.871201011,0,0,4.204692619,2.248684613,5.958424693,2.397895273,2.197224577,16.52686,3.7460098,20.27287,9.44235144,11.07037546,1.485606136,Ok,Ok,Ok,,,
moving_average_filter,1000,0.63,0.37,348,348,0,55,0,180,47,0,0,66,8.475264,0.024354207,386,10,8,244,85.02011494,1.902298851,1,1,0,1,0.02,0,0,0.044614746,0.070817057,18.2875,3.7346,22.0221,0.6,125,TT,saed05rvt_base_tt0p60v125c,360,5.855071922,5.855071922,0,4.025351691,0,5.198497031,3.871201011,0,0,4.204692619,2.248684613,5.958424693,2.397895273,2.197224577,16.61878,3.694808,20.313587,7.758173886,9.12492065,1.065495467,Ok,Ok,Ok,,,
moving_average_filter,1000,0.63,0.63,348,348,0,55,0,180,47,0,0,66,8.475264,0.024354207,386,10,8,244,85.02011494,1.902298851,1,1,0,1,0.02,0,0,0.043796301,0.069517937,17.4714,3.652,21.1234,0.6,125,TT,saed05rvt_base_tt0p60v125c,360,5.855071922,5.855071922,0,4.025351691,0,5.198497031,3.871201011,0,0,4.204692619,2.248684613,5.958424693,2.397895273,2.197224577,16.659334,3.649454,20.308788,3.856442147,4.647972213,0.069712026,Ok,Ok,Ok,,,
moving_average_filter,1000,0.63,0.9,348,348,0,55,0,180,47,0,0,66,8.475264,0.024354207,386,10,8,244,85.02011494,1.902298851,1,1,0,1,0.02,0,0,0.041161754,0.065336117,16.3611,3.548,19.9091,0.6,125,TT,saed05rvt_base_tt0p60v125c,360,5.855071922,5.855071922,0,4.025351691,0,5.198497031,3.871201011,0,0,4.204692619,2.248684613,5.958424693,2.397895273,2.197224577,16.569366,3.6403208,20.209686,1.509793408,1.272936753,2.602051237,Ok,Ok,Ok,,,
moving_average_filter,1000,0.9,0.1,348,348,0,55,0,180,47,0,0,66,8.475264,0.024354207,386,10,8,244,85.02011494,1.902298851,1,1,0,1,0.02,0,0,0.056944003,0.063271114,25.7122,3.8035,29.5157,0.6,125,TT,saed05rvt_base_tt0p60v125c,360,5.855071922,5.855071922,0,4.025351691,0,5.198497031,3.871201011,0,0,4.204692619,2.248684613,5.958424693,2.397895273,2.197224577,22.845871,3.7359385,26.58181,9.940099684,11.14773932,1.776296857,Ok,Ok,Ok,,,
moving_average_filter,1000,0.9,0.37,348,348,0,55,0,180,47,0,0,66,8.475264,0.024354207,386,10,8,244,85.02011494,1.902298851,1,1,0,1,0.02,0,0,0.060009192,0.06667688,25.5355,3.7345,29.27,0.6,125,TT,saed05rvt_base_tt0p60v125c,360,5.855071922,5.855071922,0,4.025351691,0,5.198497031,3.871201011,0,0,4.204692619,2.248684613,5.958424693,2.397895273,2.197224577,23.223478,3.6982822,26.92176,8.022683433,9.054146904,0.969815455,Ok,Ok,Ok,,,
moving_average_filter,1000,0.9,0.63,348,348,0,55,0,180,47,0,0,66,8.475264,0.024354207,386,10,8,244,85.02011494,1.902298851,1,1,0,1,0.02,0,0,0.058807003,0.065341114,24.4137,3.6519,28.0656,0.6,125,TT,saed05rvt_base_tt0p60v125c,360,5.855071922,5.855071922,0,4.025351691,0,5.198497031,3.871201011,0,0,4.204692619,2.248684613,5.958424693,2.397895273,2.197224577,23.427359,3.6513753,27.078733,3.516285259,4.04011425,0.014368035,Ok,Ok,Ok,,,
moving_average_filter,1000,0.9,0.9,348,348,0,55,0,180,47,0,0,66,8.475264,0.024354207,386,10,8,244,85.02011494,1.902298851,1,1,0,1,0.02,0,0,0.054773609,0.060859565,22.8587,3.5525,26.4112,0.6,125,TT,saed05rvt_base_tt0p60v125c,360,5.855071922,5.855071922,0,4.025351691,0,5.198497031,3.871201011,0,0,4.204692619,2.248684613,5.958424693,2.397895273,2.197224577,23.321012,3.6367488,26.957762,2.069431773,2.022479393,2.371535278,Ok,Ok,Ok,,,
moving_average_filter,10,0.1,0.1,355,355,0,62,0,161,90,0,0,42,8.334144,0.023476462,396,10,8,244,83.58028169,1.881690141,1,1,0,1,0.02,0,0,0.00455096,0.045509596,3.1392,0.1127751,3.2519751,0.75,25,TT,saed05rvt_base_tt0p75v25c,5.625,5.874930731,5.874930731,0,4.143134726,0,5.087596335,4.510859507,0,0,3.761200116,2.233679075,5.983936281,2.397895273,2.197224577,3.0102568,0.1037677,3.1140244,4.242058904,4.107518881,7.987046349,Ok,Ok,Ok,,,
moving_average_filter,10,0.1,0.37,355,355,0,62,0,161,90,0,0,42,8.334144,0.023476462,396,10,8,244,83.58028169,1.881690141,1,1,0,1,0.02,0,0,0.004778316,0.047783157,3.1998,0.1113838,3.3111838,0.75,25,TT,saed05rvt_base_tt0p75v25c,5.625,5.874930731,5.874930731,0,4.143134726,0,5.087596335,4.510859507,0,0,3.761200116,2.233679075,5.983936281,2.397895273,2.197224577,3.0221453,0.10340041,3.1255457,5.606395509,5.552057275,7.167461317,Ok,Ok,Ok,,,
moving_average_filter,10,0.1,0.63,355,355,0,62,0,161,90,0,0,42,8.334144,0.023476462,396,10,8,244,83.58028169,1.881690141,1,1,0,1,0.02,0,0,0.004778308,0.047783081,3.1851,0.109893,3.294993,0.75,25,TT,saed05rvt_base_tt0p75v25c,5.625,5.874930731,5.874930731,0,4.143134726,0,5.087596335,4.510859507,0,0,3.761200116,2.233679075,5.983936281,2.397895273,2.197224577,3.0559812,0.10271412,3.1586952,4.136511946,4.053839465,6.532607771,Ok,Ok,Ok,,,
moving_average_filter,10,0.1,0.9,355,355,0,62,0,161,90,0,0,42,8.334144,0.023476462,396,10,8,244,83.58028169,1.881690141,1,1,0,1,0.02,0,0,0.004551015,0.045510152,3.1304,0.1082187,3.2386187,0.75,25,TT,saed05rvt_base_tt0p75v25c,5.625,5.874930731,5.874930731,0,4.143134726,0,5.087596335,4.510859507,0,0,3.761200116,2.233679075,5.983936281,2.397895273,2.197224577,3.097516,0.103804536,3.2013206,1.151665425,1.05047087,4.078928906,Ok,Ok,Ok,,,
moving_average_filter,10,0.37,0.1,355,355,0,62,0,161,90,0,0,42,8.334144,0.023476462,396,10,8,244,83.58028169,1.881690141,1,1,0,1,0.02,0,0,0.016823768,0.045469642,11.6124,0.1127776,11.7251776,0.75,25,TT,saed05rvt_base_tt0p75v25c,5.625,5.874930731,5.874930731,0,4.143134726,0,5.087596335,4.510859507,0,0,3.761200116,2.233679075,5.983936281,2.397895273,2.197224577,11.673453,0.101946004,11.775399,0.428322792,0.5257598,9.604386212,Ok,Ok,Ok,,,
moving_average_filter,10,0.37,0.37,355,355,0,62,0,161,90,0,0,42,8.334144,0.023476462,396,10,8,244,83.58028169,1.881690141,1,1,0,1,0.02,0,0,0.017051043,0.0460839,11.6643,0.1113838,11.7756838,0.75,25,TT,saed05rvt_base_tt0p75v25c,5.625,5.874930731,5.874930731,0,4.143134726,0,5.087596335,4.510859507,0,0,3.761200116,2.233679075,5.983936281,2.397895273,2.197224577,11.721873,0.10152257,11.823396,0.405173321,0.493585413,8.853376938,Ok,Ok,Ok,,,
moving_average_filter,10,0.37,0.63,355,355,0,62,0,161,90,0,0,42,8.334144,0.023476462,396,10,8,244,83.58028169,1.881690141,1,1,0,1,0.02,0,0,0.017051035,0.046083879,11.6418,0.109893,11.751693,0.75,25,TT,saed05rvt_base_tt0p75v25c,5.625,5.874930731,5.874930731,0,4.143134726,0,5.087596335,4.510859507,0,0,3.761200116,2.233679075,5.983936281,2.397895273,2.197224577,11.836021,0.10098424,11.937006,1.576904678,1.668310943,8.106760132,Ok,Ok,Ok,,,
moving_average_filter,10,0.37,0.9,355,355,0,62,0,161,90,0,0,42,8.334144,0.023476462,396,10,8,244,83.58028169,1.881690141,1,1,0,1,0.02,0,0,0.016823742,0.045469574,11.5797,0.1082187,11.6879187,0.75,25,TT,saed05rvt_base_tt0p75v25c,5.625,5.874930731,5.874930731,0,4.143134726,0,5.087596335,4.510859507,0,0,3.761200116,2.233679075,5.983936281,2.397895273,2.197224577,11.9058275,0.102268554,12.008096,2.739384569,2.81637281,5.498260217,Ok,Ok,Ok,,,
moving_average_filter,10,0.63,0.1,355,355,0,62,0,161,90,0,0,42,8.334144,0.023476462,396,10,8,244,83.58028169,1.881690141,1,1,0,1,0.02,0,0,0.028641949,0.045463412,19.7718,0.1127776,19.8845776,0.75,25,TT,saed05rvt_base_tt0p75v25c,5.625,5.874930731,5.874930731,0,4.143134726,0,5.087596335,4.510859507,0,0,3.761200116,2.233679075,5.983936281,2.397895273,2.197224577,21.294586,0.100071974,21.394659,7.59423445,7.701808544,11.26608999,Ok,Ok,Ok,,,
moving_average_filter,10,0.63,0.37,355,355,0,62,0,161,90,0,0,42,8.334144,0.023476462,396,10,8,244,83.58028169,1.881690141,1,1,0,1,0.02,0,0,0.028869225,0.045824166,19.8152,0.1113838,19.9265838,0.75,25,TT,saed05rvt_base_tt0p75v25c,5.625,5.874930731,5.874930731,0,4.143134726,0,5.087596335,4.510859507,0,0,3.761200116,2.233679075,5.983936281,2.397895273,2.197224577,21.420294,0.09978223,21.520077,7.996819564,8.100315959,10.41585179,Ok,Ok,Ok,,,
moving_average_filter,10,0.63,0.63,355,355,0,62,0,161,90,0,0,42,8.334144,0.023476462,396,10,8,244,83.58028169,1.881690141,1,1,0,1,0.02,0,0,0.028869217,0.045824154,19.7853,0.109893,19.895193,0.75,25,TT,saed05rvt_base_tt0p75v25c,5.625,5.874930731,5.874930731,0,4.143134726,0,5.087596335,4.510859507,0,0,3.761200116,2.233679075,5.983936281,2.397895273,2.197224577,21.496086,0.09983815,21.595924,8.548453777,8.646753502,9.149670563,Ok,Ok,Ok,,,
moving_average_filter,10,0.63,0.9,355,355,0,62,0,161,90,0,0,42,8.334144,0.023476462,396,10,8,244,83.58028169,1.881690141,1,1,0,1,0.02,0,0,0.028641924,0.045463372,19.716,0.1082187,19.8242187,0.75,25,TT,saed05rvt_base_tt0p75v25c,5.625,5.874930731,5.874930731,0,4.143134726,0,5.087596335,4.510859507,0,0,3.761200116,2.233679075,5.983936281,2.397895273,2.197224577,21.55265,0.10148175,21.654133,9.230699937,9.315532824,6.225309852,Ok,Ok,Ok,,,
moving_average_filter,10,0.9,0.1,355,355,0,62,0,161,90,0,0,42,8.334144,0.023476462,396,10,8,244,83.58028169,1.881690141,1,1,0,1,0.02,0,0,0.040914677,0.045460752,28.2449,0.1127776,28.3576776,0.75,25,TT,saed05rvt_base_tt0p75v25c,5.625,5.874930731,5.874930731,0,4.143134726,0,5.087596335,4.510859507,0,0,3.761200116,2.233679075,5.983936281,2.397895273,2.197224577,29.923529,0.09933008,30.02286,5.872067511,5.943121311,11.92392591,Ok,Ok,Ok,,,
moving_average_filter,10,0.9,0.37,355,355,0,62,0,161,90,0,0,42,8.334144,0.023476462,396,10,8,244,83.58028169,1.881690141,1,1,0,1,0.02,0,0,0.041141952,0.04571328,28.2797,0.1113838,28.3910838,0.75,25,TT,saed05rvt_base_tt0p75v25c,5.625,5.874930731,5.874930731,0,4.143134726,0,5.087596335,4.510859507,0,0,3.761200116,2.233679075,5.983936281,2.397895273,2.197224577,29.954332,0.09861908,30.052952,5.853485638,5.921676509,11.4601216,Ok,Ok,Ok,,,
moving_average_filter,10,0.9,0.63,355,355,0,62,0,161,90,0,0,42,8.334144,0.023476462,396,10,8,244,83.58028169,1.881690141,1,1,0,1,0.02,0,0,0.041141944,0.045713272,28.242,0.109893,28.351893,0.75,25,TT,saed05rvt_base_tt0p75v25c,5.625,5.874930731,5.874930731,0,4.143134726,0,5.087596335,4.510859507,0,0,3.761200116,2.233679075,5.983936281,2.397895273,2.197224577,29.997833,0.09894509,30.096779,6.154389302,6.21709954,9.962337288,Ok,Ok,Ok,,,
moving_average_filter,10,0.9,0.9,355,355,0,62,0,161,90,0,0,42,8.334144,0.023476462,396,10,8,244,83.58028169,1.881690141,1,1,0,1,0.02,0,0,0.040914652,0.045460724,28.1653,0.1082187,28.2735187,0.75,25,TT,saed05rvt_base_tt0p75v25c,5.625,5.874930731,5.874930731,0,4.143134726,0,5.087596335,4.510859507,0,0,3.761200116,2.233679075,5.983936281,2.397895273,2.197224577,29.964712,0.10133583,30.066048,6.339957143,6.388755465,6.360147566,Ok,Ok,Ok,,,
moving_average_filter,50,0.1,0.1,355,355,0,62,0,161,90,0,0,42,8.334144,0.023476462,396,10,8,244,83.58028169,1.881690141,1,1,0,1,0.02,0,0,0.004572429,0.045724293,3.1431,0.1127751,3.2558751,0.75,25,TT,saed05rvt_base_tt0p75v25c,28.125,5.874930731,5.874930731,0,4.143134726,0,5.087596335,4.510859507,0,0,3.761200116,2.233679075,5.983936281,2.397895273,2.197224577,3.105317,0.103741065,3.2090583,1.437918034,1.202089791,8.010664883,Ok,Ok,Ok,,,
moving_average_filter,50,0.1,0.37,355,355,0,62,0,161,90,0,0,42,8.334144,0.023476462,396,10,8,244,83.58028169,1.881690141,1,1,0,1,0.02,0,0,0.005709434,0.057094343,3.4588,0.1113838,3.5701838,0.75,25,TT,saed05rvt_base_tt0p75v25c,28.125,5.874930731,5.874930731,0,4.143134726,0,5.087596335,4.510859507,0,0,3.761200116,2.233679075,5.983936281,2.397895273,2.197224577,3.207467,0.10319508,3.3106623,7.269136407,7.266477415,7.351806393,Ok,Ok,Ok,,,
moving_average_filter,50,0.1,0.63,355,355,0,62,0,161,90,0,0,42,8.334144,0.023476462,396,10,8,244,83.58028169,1.881690141,1,1,0,1,0.02,0,0,0.005709374,0.057093737,3.3968,0.109893,3.506693,0.75,25,TT,saed05rvt_base_tt0p75v25c,28.125,5.874930731,5.874930731,0,4.143134726,0,5.087596335,4.510859507,0,0,3.761200116,2.233679075,5.983936281,2.397895273,2.197224577,3.2574615,0.10261174,3.3600733,4.181137955,4.102050523,6.625769691,Ok,Ok,Ok,,,
moving_average_filter,50,0.1,0.9,355,355,0,62,0,161,90,0,0,42,8.334144,0.023476462,396,10,8,244,83.58028169,1.881690141,1,1,0,1,0.02,0,0,0.004572922,0.045729217,3.1345,0.1082187,3.2427187,0.75,25,TT,saed05rvt_base_tt0p75v25c,28.125,5.874930731,5.874930731,0,4.143134726,0,5.087596335,4.510859507,0,0,3.761200116,2.233679075,5.983936281,2.397895273,2.197224577,3.2267623,0.1037211,3.3304834,2.706517114,2.943445359,4.156031156,Ok,Ok,Ok,,,
moving_average_filter,50,0.37,0.1,355,355,0,62,0,161,90,0,0,42,8.334144,0.023476462,396,10,8,244,83.58028169,1.881690141,1,1,0,1,0.02,0,0,0.01684576,0.045529081,11.6168,0.1127776,11.7295776,0.75,25,TT,saed05rvt_base_tt0p75v25c,28.125,5.874930731,5.874930731,0,4.143134726,0,5.087596335,4.510859507,0,0,3.761200116,2.233679075,5.983936281,2.397895273,2.197224577,12.168162,0.10193937,12.270102,4.608213234,4.746249792,9.610265941,Ok,Ok,Ok,,,
moving_average_filter,50,0.37,0.37,355,355,0,62,0,161,90,0,0,42,8.334144,0.023476462,396,10,8,244,83.58028169,1.881690141,1,1,0,1,0.02,0,0,0.017982162,0.048600437,11.9233,0.1113838,12.0346838,0.75,25,TT,saed05rvt_base_tt0p75v25c,28.125,5.874930731,5.874930731,0,4.143134726,0,5.087596335,4.510859507,0,0,3.761200116,2.233679075,5.983936281,2.397895273,2.197224577,12.37194,0.101528205,12.473468,3.645995476,3.762713839,8.848319973,Ok,Ok,Ok,,,
moving_average_filter,50,0.37,0.63,355,355,0,62,0,161,90,0,0,42,8.334144,0.023476462,396,10,8,244,83.58028169,1.881690141,1,1,0,1,0.02,0,0,0.017982101,0.048600273,11.8535,0.109893,11.963393,0.75,25,TT,saed05rvt_base_tt0p75v25c,28.125,5.874930731,5.874930731,0,4.143134726,0,5.087596335,4.510859507,0,0,3.761200116,2.233679075,5.983936281,2.397895273,2.197224577,12.497037,0.10102311,12.59806,5.305072351,5.429087897,8.071389654,Ok,Ok,Ok,,,
moving_average_filter,50,0.37,0.9,355,355,0,62,0,161,90,0,0,42,8.334144,0.023476462,396,10,8,244,83.58028169,1.881690141,1,1,0,1,0.02,0,0,0.016845649,0.045528781,11.5838,0.1082187,11.6920187,0.75,25,TT,saed05rvt_base_tt0p75v25c,28.125,5.874930731,5.874930731,0,4.143134726,0,5.087596335,4.510859507,0,0,3.761200116,2.233679075,5.983936281,2.397895273,2.197224577,12.493735,0.10215765,12.595893,7.730694155,7.855240192,5.600739634,Ok,Ok,Ok,,,
moving_average_filter,50,0.63,0.1,355,355,0,62,0,161,90,0,0,42,8.334144,0.023476462,396,10,8,244,83.58028169,1.881690141,1,1,0,1,0.02,0,0,0.028663942,0.045498321,19.7761,0.1127776,19.8888776,0.75,25,TT,saed05rvt_base_tt0p75v25c,28.125,5.874930731,5.874930731,0,4.143134726,0,5.087596335,4.510859507,0,0,3.761200116,2.233679075,5.983936281,2.397895273,2.197224577,21.702568,0.10009931,21.802668,9.622413372,9.74139519,11.24185097,Ok,Ok,Ok,,,
moving_average_filter,50,0.63,0.37,355,355,0,62,0,161,90,0,0,42,8.334144,0.023476462,396,10,8,244,83.58028169,1.881690141,1,1,0,1,0.02,0,0,0.029800343,0.047302132,20.0743,0.1113838,20.1856838,0.75,25,TT,saed05rvt_base_tt0p75v25c,28.125,5.874930731,5.874930731,0,4.143134726,0,5.087596335,4.510859507,0,0,3.761200116,2.233679075,5.983936281,2.397895273,2.197224577,21.84929,0.09987314,21.949163,8.736288819,8.842105816,10.33423132,Ok,Ok,Ok,,,
moving_average_filter,50,0.63,0.63,355,355,0,62,0,161,90,0,0,42,8.334144,0.023476462,396,10,8,244,83.58028169,1.881690141,1,1,0,1,0.02,0,0,0.029800283,0.047302036,19.9971,0.109893,20.106993,0.75,25,TT,saed05rvt_base_tt0p75v25c,28.125,5.874930731,5.874930731,0,4.143134726,0,5.087596335,4.510859507,0,0,3.761200116,2.233679075,5.983936281,2.397895273,2.197224577,21.920374,0.09985751,22.020231,9.515287775,9.617764159,9.132056513,Ok,Ok,Ok,,,
moving_average_filter,50,0.63,0.9,355,355,0,62,0,161,90,0,0,42,8.334144,0.023476462,396,10,8,244,83.58028169,1.881690141,1,1,0,1,0.02,0,0,0.028663831,0.045498144,19.7201,0.1082187,19.8283187,0.75,25,TT,saed05rvt_base_tt0p75v25c,28.125,5.874930731,5.874930731,0,4.143134726,0,5.087596335,4.510859507,0,0,3.761200116,2.233679075,5.983936281,2.397895273,2.197224577,21.94871,0.10129728,22.050007,11.20462204,11.30120784,6.395769232,Ok,Ok,Ok,,,
moving_average_filter,50,0.9,0.1,355,355,0,62,0,161,90,0,0,42,8.334144,0.023476462,396,10,8,244,83.58028169,1.881690141,1,1,0,1,0.02,0,0,0.040936669,0.045485188,28.2493,0.1127776,28.3620776,0.75,25,TT,saed05rvt_base_tt0p75v25c,28.125,5.874930731,5.874930731,0,4.143134726,0,5.087596335,4.510859507,0,0,3.761200116,2.233679075,5.983936281,2.397895273,2.197224577,30.641293,0.09943171,30.740725,8.386716224,8.467440156,11.83381411,Ok,Ok,Ok,,,
moving_average_filter,50,0.9,0.37,355,355,0,62,0,161,90,0,0,42,8.334144,0.023476462,396,10,8,244,83.58028169,1.881690141,1,1,0,1,0.02,0,0,0.042073071,0.046747856,28.5388,0.1113838,28.6501838,0.75,25,TT,saed05rvt_base_tt0p75v25c,28.125,5.874930731,5.874930731,0,4.143134726,0,5.087596335,4.510859507,0,0,3.761200116,2.233679075,5.983936281,2.397895273,2.197224577,30.703432,0.09870221,30.802134,7.511120261,7.584874217,11.38549124,Ok,Ok,Ok,,,
moving_average_filter,50,0.9,0.63,355,355,0,62,0,161,90,0,0,42,8.334144,0.023476462,396,10,8,244,83.58028169,1.881690141,1,1,0,1,0.02,0,0,0.04207301,0.046747789,28.4538,0.109893,28.563693,0.75,25,TT,saed05rvt_base_tt0p75v25c,28.125,5.874930731,5.874930731,0,4.143134726,0,5.087596335,4.510859507,0,0,3.761200116,2.233679075,5.983936281,2.397895273,2.197224577,30.792515,0.09897795,30.891493,8.149505891,8.21934083,9.932431369,Ok,Ok,Ok,,,
moving_average_filter,50,0.9,0.9,355,355,0,62,0,161,90,0,0,42,8.334144,0.023476462,396,10,8,244,83.58028169,1.881690141,1,1,0,1,0.02,0,0,0.040936558,0.045485065,28.1694,0.1082187,28.2776187,0.75,25,TT,saed05rvt_base_tt0p75v25c,28.125,5.874930731,5.874930731,0,4.143134726,0,5.087596335,4.510859507,0,0,3.761200116,2.233679075,5.983936281,2.397895273,2.197224577,30.687502,0.10109683,30.788599,8.879744581,8.939139305,6.580996388,Ok,Ok,Ok,,,
moving_average_filter,100,0.1,0.1,355,355,0,62,0,161,90,0,0,42,8.334144,0.023476462,396,10,8,244,83.58028169,1.881690141,1,1,0,1,0.02,0,0,0.014394212,0.143942121,5.3354,0.1114751,5.4468751,0.75,25,TT,saed05rvt_base_tt0p75v25c,56.25,5.874930731,5.874930731,0,4.143134726,0,5.087596335,4.510859507,0,0,3.761200116,2.233679075,5.983936281,2.397895273,2.197224577,4.1529202,0.102948345,4.2558684,21.86587067,22.16290726,7.64902185,Anomal,Anomal,Ok,,,
moving_average_filter,100,0.1,0.37,355,355,0,62,0,161,90,0,0,42,8.334144,0.023476462,396,10,8,244,83.58028169,1.881690141,1,1,0,1,0.02,0,0,0.015181801,0.151818005,5.3074,0.1100015,5.4174015,0.75,25,TT,saed05rvt_base_tt0p75v25c,56.25,5.874930731,5.874930731,0,4.143134726,0,5.087596335,4.510859507,0,0,3.761200116,2.233679075,5.983936281,2.397895273,2.197224577,4.2322283,0.10261031,4.3348384,19.98306955,20.25797417,6.719169827,Anomal,Anomal,Ok,,,
moving_average_filter,100,0.1,0.63,355,355,0,62,0,161,90,0,0,42,8.334144,0.023476462,396,10,8,244,83.58028169,1.881690141,1,1,0,1,0.02,0,0,0.014881444,0.148814444,5.0572,0.1084166,5.1656166,0.75,25,TT,saed05rvt_base_tt0p75v25c,56.25,5.874930731,5.874930731,0,4.143134726,0,5.087596335,4.510859507,0,0,3.761200116,2.233679075,5.983936281,2.397895273,2.197224577,4.269698,0.102352284,4.3720503,15.36247027,15.57189466,5.593530977,Anomal,Anomal,Ok,,,
moving_average_filter,100,0.1,0.9,355,355,0,62,0,161,90,0,0,42,8.334144,0.023476462,396,10,8,244,83.58028169,1.881690141,1,1,0,1,0.02,0,0,0.014390571,0.143905707,4.7914,0.1068089,4.8982089,0.75,25,TT,saed05rvt_base_tt0p75v25c,56.25,5.874930731,5.874930731,0,4.143134726,0,5.087596335,4.510859507,0,0,3.761200116,2.233679075,5.983936281,2.397895273,2.197224577,4.2920666,0.10329576,4.3953624,10.26592645,10.42145147,3.28918436,Ok,Ok,Ok,,,
moving_average_filter,100,0.37,0.1,355,355,0,62,0,161,90,0,0,42,8.334144,0.023476462,396,10,8,244,83.58028169,1.881690141,1,1,0,1,0.02,0,0,0.026752008,0.072302723,13.7273,0.1113611,13.8386611,0.75,25,TT,saed05rvt_base_tt0p75v25c,56.25,5.874930731,5.874930731,0,4.143134726,0,5.087596335,4.510859507,0,0,3.761200116,2.233679075,5.983936281,2.397895273,2.197224577,13.627653,0.10167143,13.729324,0.790081919,0.725902967,8.701128591,Ok,Ok,Ok,,,
moving_average_filter,100,0.37,0.37,355,355,0,62,0,161,90,0,0,42,8.334144,0.023476462,396,10,8,244,83.58028169,1.881690141,1,1,0,1,0.02,0,0,0.029026081,0.078448867,14.1927,0.1099734,14.3026734,0.75,25,TT,saed05rvt_base_tt0p75v25c,56.25,5.874930731,5.874930731,0,4.143134726,0,5.087596335,4.510859507,0,0,3.761200116,2.233679075,5.983936281,2.397895273,2.197224577,14.030803,0.101124026,14.131927,1.193810826,1.140708063,8.046831433,Ok,Ok,Ok,,,
moving_average_filter,100,0.37,0.63,355,355,0,62,0,161,90,0,0,42,8.334144,0.023476462,396,10,8,244,83.58028169,1.881690141,1,1,0,1,0.02,0,0,0.029024917,0.078445721,13.9096,0.1084882,14.0180882,0.75,25,TT,saed05rvt_base_tt0p75v25c,56.25,5.874930731,5.874930731,0,4.143134726,0,5.087596335,4.510859507,0,0,3.761200116,2.233679075,5.983936281,2.397895273,2.197224577,14.131649,0.100992486,14.232641,1.530544087,1.596372414,6.909243696,Ok,Ok,Ok,,,
moving_average_filter,100,0.37,0.9,355,355,0,62,0,161,90,0,0,42,8.334144,0.023476462,396,10,8,244,83.58028169,1.881690141,1,1,0,1,0.02,0,0,0.026751914,0.072302471,13.2207,0.10682,13.32752,0.75,25,TT,saed05rvt_base_tt0p75v25c,56.25,5.874930731,5.874930731,0,4.143134726,0,5.087596335,4.510859507,0,0,3.761200116,2.233679075,5.983936281,2.397895273,2.197224577,13.954251,0.10199652,14.056248,5.467841813,5.548505672,4.515522682,Ok,Ok,Ok,,,
moving_average_filter,100,0.63,0.1,355,355,0,62,0,161,90,0,0,42,8.334144,0.023476462,396,10,8,244,83.58028169,1.881690141,1,1,0,1,0.02,0,0,0.038570189,0.061222523,21.8731,0.1113611,21.9844611,0.75,25,TT,saed05rvt_base_tt0p75v25c,56.25,5.874930731,5.874930731,0,4.143134726,0,5.087596335,4.510859507,0,0,3.761200116,2.233679075,5.983936281,2.397895273,2.197224577,22.756008,0.099978514,22.855988,3.964283886,4.036502134,10.22133041,Ok,Ok,Ok,,,
moving_average_filter,100,0.63,0.37,355,355,0,62,0,161,90,0,0,42,8.334144,0.023476462,396,10,8,244,83.58028169,1.881690141,1,1,0,1,0.02,0,0,0.040844263,0.064832163,22.3298,0.1099734,22.4397734,0.75,25,TT,saed05rvt_base_tt0p75v25c,56.25,5.874930731,5.874930731,0,4.143134726,0,5.087596335,4.510859507,0,0,3.761200116,2.233679075,5.983936281,2.397895273,2.197224577,23.064741,0.09980205,23.164543,3.229844344,3.291301913,9.24892109,Ok,Ok,Ok,,,
moving_average_filter,100,0.63,0.63,355,355,0,62,0,161,90,0,0,42,8.334144,0.023476462,396,10,8,244,83.58028169,1.881690141,1,1,0,1,0.02,0,0,0.040843098,0.064830315,22.0388,0.1084882,22.1472882,0.75,25,TT,saed05rvt_base_tt0p75v25c,56.25,5.874930731,5.874930731,0,4.143134726,0,5.087596335,4.510859507,0,0,3.761200116,2.233679075,5.983936281,2.397895273,2.197224577,23.159792,0.09987824,23.25967,5.02265581,5.086447295,7.936313211,Ok,Ok,Ok,,,
moving_average_filter,100,0.63,0.9,355,355,0,62,0,161,90,0,0,42,8.334144,0.023476462,396,10,8,244,83.58028169,1.881690141,1,1,0,1,0.02,0,0,0.038570096,0.061222375,21.3422,0.10682,21.44902,0.75,25,TT,saed05rvt_base_tt0p75v25c,56.25,5.874930731,5.874930731,0,4.143134726,0,5.087596335,4.510859507,0,0,3.761200116,2.233679075,5.983936281,2.397895273,2.197224577,23.013628,0.1011889,23.114817,7.766306645,7.831563784,5.271580147,Ok,Ok,Ok,,,
moving_average_filter,100,0.9,0.1,355,355,0,62,0,161,90,0,0,42,8.334144,0.023476462,396,10,8,244,83.58028169,1.881690141,1,1,0,1,0.02,0,0,0.050842917,0.05649213,30.3313,0.1113611,30.4426611,0.75,25,TT,saed05rvt_base_tt0p75v25c,56.25,5.874930731,5.874930731,0,4.143134726,0,5.087596335,4.510859507,0,0,3.761200116,2.233679075,5.983936281,2.397895273,2.197224577,32.18433,0.09934159,32.283672,6.047471431,6.10929959,10.7932719,Ok,Ok,Ok,,,
moving_average_filter,100,0.9,0.37,355,355,0,62,0,161,90,0,0,42,8.334144,0.023476462,396,10,8,244,83.58028169,1.881690141,1,1,0,1,0.02,0,0,0.05311699,0.059018878,30.7791,0.1099734,30.8890734,0.75,25,TT,saed05rvt_base_tt0p75v25c,56.25,5.874930731,5.874930731,0,4.143134726,0,5.087596335,4.510859507,0,0,3.761200116,2.233679075,5.983936281,2.397895273,2.197224577,32.412273,0.098839775,32.511112,5.251173423,5.306111637,10.12392567,Ok,Ok,Ok,,,
moving_average_filter,100,0.9,0.63,355,355,0,62,0,161,90,0,0,42,8.334144,0.023476462,396,10,8,244,83.58028169,1.881690141,1,1,0,1,0.02,0,0,0.053115826,0.059017584,30.4802,0.1084882,30.5886882,0.75,25,TT,saed05rvt_base_tt0p75v25c,56.25,5.874930731,5.874930731,0,4.143134726,0,5.087596335,4.510859507,0,0,3.761200116,2.233679075,5.983936281,2.397895273,2.197224577,32.540287,0.09911993,32.63941,6.704177368,6.758771326,8.635288023,Ok,Ok,Ok,,,
moving_average_filter,100,0.9,0.9,355,355,0,62,0,161,90,0,0,42,8.334144,0.023476462,396,10,8,244,83.58028169,1.881690141,1,1,0,1,0.02,0,0,0.050842823,0.056492026,29.7759,0.10682,29.88272,0.75,25,TT,saed05rvt_base_tt0p75v25c,56.25,5.874930731,5.874930731,0,4.143134726,0,5.087596335,4.510859507,0,0,3.761200116,2.233679075,5.983936281,2.397895273,2.197224577,32.512756,0.10088213,32.61364,9.138792692,9.19151511,5.558764388,Ok,Ok,Ok,,,
moving_average_filter,200,0.1,0.1,355,355,0,62,0,161,90,0,0,42,8.334144,0.023476462,396,10,8,244,83.58028169,1.881690141,1,1,0,1,0.02,0,0,0.013378331,0.133783308,5.2176,0.1117034,5.3293034,0.75,25,TT,saed05rvt_base_tt0p75v25c,112.5,5.874930731,5.874930731,0,4.143134726,0,5.087596335,4.510859507,0,0,3.761200116,2.233679075,5.983936281,2.397895273,2.197224577,4.148642,0.102574706,4.251217,20.22940769,20.48754095,8.172261473,Anomal,Anomal,Ok,,,
moving_average_filter,200,0.1,0.37,355,355,0,62,0,161,90,0,0,42,8.334144,0.023476462,396,10,8,244,83.58028169,1.881690141,1,1,0,1,0.02,0,0,0.013744788,0.137447879,5.0654,0.1101688,5.1755688,0.75,25,TT,saed05rvt_base_tt0p75v25c,112.5,5.874930731,5.874930731,0,4.143134726,0,5.087596335,4.510859507,0,0,3.761200116,2.233679075,5.983936281,2.397895273,2.197224577,4.2233286,0.10217283,4.3255014,16.4246171,16.62398645,7.257926735,Anomal,Anomal,Ok,,,
moving_average_filter,200,0.1,0.63,355,355,0,62,0,161,90,0,0,42,8.334144,0.023476462,396,10,8,244,83.58028169,1.881690141,1,1,0,1,0.02,0,0,0.013503836,0.135038359,4.834,0.108605,4.942605,0.75,25,TT,saed05rvt_base_tt0p75v25c,112.5,5.874930731,5.874930731,0,4.143134726,0,5.087596335,4.510859507,0,0,3.761200116,2.233679075,5.983936281,2.397895273,2.197224577,4.2708826,0.10214974,4.3730326,11.52372949,11.64909792,5.943796454,Ok,Ok,Ok,,,
moving_average_filter,200,0.1,0.9,355,355,0,62,0,161,90,0,0,42,8.334144,0.023476462,396,10,8,244,83.58028169,1.881690141,1,1,0,1,0.02,0,0,0.013188225,0.131882247,4.598,0.1069531,4.7049531,0.75,25,TT,saed05rvt_base_tt0p75v25c,112.5,5.874930731,5.874930731,0,4.143134726,0,5.087596335,4.510859507,0,0,3.761200116,2.233679075,5.983936281,2.397895273,2.197224577,4.3162155,0.10274248,4.418958,6.078592216,6.128414199,3.93688612,Ok,Ok,Ok,,,
moving_average_filter,200,0.37,0.1,355,355,0,62,0,161,90,0,0,42,8.334144,0.023476462,396,10,8,244,83.58028169,1.881690141,1,1,0,1,0.02,0,0,0.029789391,0.080511869,14.9792,0.1117309,15.0909309,0.75,25,TT,saed05rvt_base_tt0p75v25c,112.5,5.874930731,5.874930731,0,4.143134726,0,5.087596335,4.510859507,0,0,3.761200116,2.233679075,5.983936281,2.397895273,2.197224577,14.856729,0.101466574,14.958195,0.879575741,0.817610061,9.186649553,Ok,Ok,Ok,,,
moving_average_filter,200,0.37,0.37,355,355,0,62,0,161,90,0,0,42,8.334144,0.023476462,396,10,8,244,83.58028169,1.881690141,1,1,0,1,0.02,0,0,0.030694538,0.08295821,14.85,0.1101558,14.9601558,0.75,25,TT,saed05rvt_base_tt0p75v25c,112.5,5.874930731,5.874930731,0,4.143134726,0,5.087596335,4.510859507,0,0,3.761200116,2.233679075,5.983936281,2.397895273,2.197224577,14.981765,0.10099561,15.082761,0.819543676,0.887305006,8.315669557,Ok,Ok,Ok,,,
moving_average_filter,200,0.37,0.63,355,355,0,62,0,161,90,0,0,42,8.334144,0.023476462,396,10,8,244,83.58028169,1.881690141,1,1,0,1,0.02,0,0,0.030549202,0.082565411,14.3947,0.1086259,14.5033259,0.75,25,TT,saed05rvt_base_tt0p75v25c,112.5,5.874930731,5.874930731,0,4.143134726,0,5.087596335,4.510859507,0,0,3.761200116,2.233679075,5.983936281,2.397895273,2.197224577,15.043802,0.100801,15.144604,4.421591528,4.509314271,7.203532022,Ok,Ok,Ok,,,
moving_average_filter,200,0.37,0.9,355,355,0,62,0,161,90,0,0,42,8.334144,0.023476462,396,10,8,244,83.58028169,1.881690141,1,1,0,1,0.02,0,0,0.029479654,0.079674741,13.7748,0.1070704,13.8818704,0.75,25,TT,saed05rvt_base_tt0p75v25c,112.5,5.874930731,5.874930731,0,4.143134726,0,5.087596335,4.510859507,0,0,3.761200116,2.233679075,5.983936281,2.397895273,2.197224577,15.037516,0.10153366,15.13905,9.05626615,9.166852806,5.171122175,Ok,Ok,Ok,,,
moving_average_filter,200,0.63,0.1,355,355,0,62,0,161,90,0,0,42,8.334144,0.023476462,396,10,8,244,83.58028169,1.881690141,1,1,0,1,0.02,0,0,0.038712581,0.061448541,22.1742,0.111554,22.285754,0.75,25,TT,saed05rvt_base_tt0p75v25c,112.5,5.874930731,5.874930731,0,4.143134726,0,5.087596335,4.510859507,0,0,3.761200116,2.233679075,5.983936281,2.397895273,2.197224577,23.30849,0.10024375,23.408735,5.039009563,5.115362688,10.13881418,Ok,Ok,Ok,,,
moving_average_filter,200,0.63,0.37,355,355,0,62,0,161,90,0,0,42,8.334144,0.023476462,396,10,8,244,83.58028169,1.881690141,1,1,0,1,0.02,0,0,0.04325725,0.068662302,23.1833,0.1101657,23.2934657,0.75,25,TT,saed05rvt_base_tt0p75v25c,112.5,5.874930731,5.874930731,0,4.143134726,0,5.087596335,4.510859507,0,0,3.761200116,2.233679075,5.983936281,2.397895273,2.197224577,23.763466,0.09996119,23.863426,2.446868645,2.502516386,9.262872731,Ok,Ok,Ok,,,
moving_average_filter,200,0.63,0.63,355,355,0,62,0,161,90,0,0,42,8.334144,0.023476462,396,10,8,244,83.58028169,1.881690141,1,1,0,1,0.02,0,0,0.043253432,0.068656241,22.6928,0.1086801,22.8014801,0.75,25,TT,saed05rvt_base_tt0p75v25c,112.5,5.874930731,5.874930731,0,4.143134726,0,5.087596335,4.510859507,0,0,3.761200116,2.233679075,5.983936281,2.397895273,2.197224577,23.774687,0.09978384,23.87447,4.705789503,4.767533373,8.185732443,Ok,Ok,Ok,,,
moving_average_filter,200,0.63,0.9,355,355,0,62,0,161,90,0,0,42,8.334144,0.023476462,396,10,8,244,83.58028169,1.881690141,1,1,0,1,0.02,0,0,0.038709452,0.061443575,21.3941,0.1070116,21.5011116,0.75,25,TT,saed05rvt_base_tt0p75v25c,112.5,5.874930731,5.874930731,0,4.143134726,0,5.087596335,4.510859507,0,0,3.761200116,2.233679075,5.983936281,2.397895273,2.197224577,23.463388,0.10079276,23.56418,9.595172624,9.672238809,5.811371695,Ok,Ok,Ok,,,
moving_average_filter,200,0.9,0.1,355,355,0,62,0,161,90,0,0,42,8.334144,0.023476462,396,10,8,244,83.58028169,1.881690141,1,1,0,1,0.02,0,0,0.050985308,0.056650342,30.6368,0.111554,30.748354,0.75,25,TT,saed05rvt_base_tt0p75v25c,112.5,5.874930731,5.874930731,0,4.143134726,0,5.087596335,4.510859507,0,0,3.761200116,2.233679075,5.983936281,2.397895273,2.197224577,32.839222,0.099665426,32.93889,7.124070933,7.188811998,10.65723711,Ok,Ok,Ok,,,
moving_average_filter,200,0.9,0.37,355,355,0,62,0,161,90,0,0,42,8.334144,0.023476462,396,10,8,244,83.58028169,1.881690141,1,1,0,1,0.02,0,0,0.055529977,0.061699975,31.6369,0.1101657,31.7470657,0.75,25,TT,saed05rvt_base_tt0p75v25c,112.5,5.874930731,5.874930731,0,4.143134726,0,5.087596335,4.510859507,0,0,3.761200116,2.233679075,5.983936281,2.397895273,2.197224577,33.226883,0.09909923,33.32598,4.973421654,5.02572292,10.04529877,Ok,Ok,Ok,,,
moving_average_filter,200,0.9,0.63,355,355,0,62,0,161,90,0,0,42,8.334144,0.023476462,396,10,8,244,83.58028169,1.881690141,1,1,0,1,0.02,0,0,0.055526159,0.061695732,31.1384,0.1086801,31.2470801,0.75,25,TT,saed05rvt_base_tt0p75v25c,112.5,5.874930731,5.874930731,0,4.143134726,0,5.087596335,4.510859507,0,0,3.761200116,2.233679075,5.983936281,2.397895273,2.197224577,33.388077,0.09918067,33.48726,7.169242067,7.22476679,8.740727518,Ok,Ok,Ok,,,
moving_average_filter,200,0.9,0.9,355,355,0,62,0,161,90,0,0,42,8.334144,0.023476462,396,10,8,244,83.58028169,1.881690141,1,1,0,1,0.02,0,0,0.050982179,0.056646866,29.8318,0.1070116,29.9388116,0.75,25,TT,saed05rvt_base_tt0p75v25c,112.5,5.874930731,5.874930731,0,4.143134726,0,5.087596335,4.510859507,0,0,3.761200116,2.233679075,5.983936281,2.397895273,2.197224577,33.198467,0.10059387,33.29906,11.22372279,11.28549821,5.997226125,Ok,Ok,Ok,,,
moving_average_filter,300,0.1,0.1,355,355,0,62,0,161,90,0,0,42,8.334144,0.023476462,396,10,8,244,83.58028169,1.881690141,1,1,0,1,0.02,0,0,0.012771391,0.127713914,5.1162,0.1118045,5.2280045,0.75,25,TT,saed05rvt_base_tt0p75v25c,168.75,5.874930731,5.874930731,0,4.143134726,0,5.087596335,4.510859507,0,0,3.761200116,2.233679075,5.983936281,2.397895273,2.197224577,4.2005215,0.10215043,4.302672,17.699537,17.8976297,8.634775196,Anomal,Anomal,Ok,,,
moving_average_filter,300,0.1,0.37,355,355,0,62,0,161,90,0,0,42,8.334144,0.023476462,396,10,8,244,83.58028169,1.881690141,1,1,0,1,0.02,0,0,0.01303323,0.130332298,4.9377,0.1102975,5.0479975,0.75,25,TT,saed05rvt_base_tt0p75v25c,168.75,5.874930731,5.874930731,0,4.143134726,0,5.087596335,4.510859507,0,0,3.761200116,2.233679075,5.983936281,2.397895273,2.197224577,4.2717657,0.101712555,4.3734784,13.36211215,13.48673048,7.783445052,Ok,Ok,Ok,,,
moving_average_filter,300,0.1,0.63,355,355,0,62,0,161,90,0,0,42,8.334144,0.023476462,396,10,8,244,83.58028169,1.881690141,1,1,0,1,0.02,0,0,0.012854253,0.128542525,4.7245,0.1087482,4.8332482,0.75,25,TT,saed05rvt_base_tt0p75v25c,168.75,5.874930731,5.874930731,0,4.143134726,0,5.087596335,4.510859507,0,0,3.761200116,2.233679075,5.983936281,2.397895273,2.197224577,4.338575,0.10180633,4.440381,8.128429032,8.168591675,6.383436507,Ok,Ok,Ok,,,
moving_average_filter,300,0.1,0.9,355,355,0,62,0,161,90,0,0,42,8.334144,0.023476462,396,10,8,244,83.58028169,1.881690141,1,1,0,1,0.02,0,0,0.012542942,0.125429419,4.4903,0.1070855,4.5973855,0.75,25,TT,saed05rvt_base_tt0p75v25c,168.75,5.874930731,5.874930731,0,4.143134726,0,5.087596335,4.510859507,0,0,3.761200116,2.233679075,5.983936281,2.397895273,2.197224577,4.3933487,0.10223494,4.4955835,2.214344778,2.15912759,4.529616754,Ok,Ok,Ok,,,
moving_average_filter,300,0.37,0.1,355,355,0,62,0,161,90,0,0,42,8.334144,0.023476462,396,10,8,244,83.58028169,1.881690141,1,1,0,1,0.02,0,0,0.030201614,0.081625983,15.2255,0.111863,15.337363,0.75,25,TT,saed05rvt_base_tt0p75v25c,168.75,5.874930731,5.874930731,0,4.143134726,0,5.087596335,4.510859507,0,0,3.761200116,2.233679075,5.983936281,2.397895273,2.197224577,14.959394,0.101376444,15.060771,1.803387007,1.747762274,9.374463316,Ok,Ok,Ok,,,
moving_average_filter,300,0.37,0.37,355,355,0,62,0,161,90,0,0,42,8.334144,0.023476462,396,10,8,244,83.58028169,1.881690141,1,1,0,1,0.02,0,0,0.031378758,0.084807453,15.1204,0.1102973,15.2306973,0.75,25,TT,saed05rvt_base_tt0p75v25c,168.75,5.874930731,5.874930731,0,4.143134726,0,5.087596335,4.510859507,0,0,3.761200116,2.233679075,5.983936281,2.397895273,2.197224577,15.108294,0.10079986,15.209093,0.141846468,0.080067106,8.610765114,Ok,Ok,Ok,,,
moving_average_filter,300,0.37,0.63,355,355,0,62,0,161,90,0,0,42,8.334144,0.023476462,396,10,8,244,83.58028169,1.881690141,1,1,0,1,0.02,0,0,0.031118149,0.084103105,14.5734,0.1087442,14.6821442,0.75,25,TT,saed05rvt_base_tt0p75v25c,168.75,5.874930731,5.874930731,0,4.143134726,0,5.087596335,4.510859507,0,0,3.761200116,2.233679075,5.983936281,2.397895273,2.197224577,15.18256,0.100458056,15.283018,4.092548772,4.179944056,7.619849395,Ok,Ok,Ok,,,
moving_average_filter,300,0.37,0.9,355,355,0,62,0,161,90,0,0,42,8.334144,0.023476462,396,10,8,244,83.58028169,1.881690141,1,1,0,1,0.02,0,0,0.029784947,0.080499857,13.8304,0.1071731,13.9375731,0.75,25,TT,saed05rvt_base_tt0p75v25c,168.75,5.874930731,5.874930731,0,4.143134726,0,5.087596335,4.510859507,0,0,3.761200116,2.233679075,5.983936281,2.397895273,2.197224577,15.146217,0.10116192,15.247379,9.397663378,9.513950039,5.608851909,Ok,Ok,Ok,,,
moving_average_filter,300,0.63,0.1,355,355,0,62,0,161,90,0,0,42,8.334144,0.023476462,396,10,8,244,83.58028169,1.881690141,1,1,0,1,0.02,0,0,0.039378866,0.062506137,22.5171,0.111651,22.628751,0.75,25,TT,saed05rvt_base_tt0p75v25c,168.75,5.874930731,5.874930731,0,4.143134726,0,5.087596335,4.510859507,0,0,3.761200116,2.233679075,5.983936281,2.397895273,2.197224577,23.529308,0.10041586,23.629725,4.423458911,4.495287222,10.06272842,Ok,Ok,Ok,,,
moving_average_filter,300,0.63,0.37,355,355,0,62,0,161,90,0,0,42,8.334144,0.023476462,396,10,8,244,83.58028169,1.881690141,1,1,0,1,0.02,0,0,0.046195783,0.073326639,24.0886,0.1102622,24.1988622,0.75,25,TT,saed05rvt_base_tt0p75v25c,168.75,5.874930731,5.874930731,0,4.143134726,0,5.087596335,4.510859507,0,0,3.761200116,2.233679075,5.983936281,2.397895273,2.197224577,24.04806,0.10012458,24.148184,0.209424629,0.168297603,9.194100382,Ok,Ok,Ok,,,
moving_average_filter,300,0.63,0.63,355,355,0,62,0,161,90,0,0,42,8.334144,0.023476462,396,10,8,244,83.58028169,1.881690141,1,1,0,1,0.02,0,0,0.046193997,0.073323806,23.4091,0.1087762,23.5178762,0.75,25,TT,saed05rvt_base_tt0p75v25c,168.75,5.874930731,5.874930731,0,4.143134726,0,5.087596335,4.510859507,0,0,3.761200116,2.233679075,5.983936281,2.397895273,2.197224577,24.032244,0.09959192,24.131836,2.610608765,2.661972176,8.443282364,Ok,Ok,Ok,,,
moving_average_filter,300,0.63,0.9,355,355,0,62,0,161,90,0,0,42,8.334144,0.023476462,396,10,8,244,83.58028169,1.881690141,1,1,0,1,0.02,0,0,0.039377548,0.062504044,21.5172,0.1071071,21.6243071,0.75,25,TT,saed05rvt_base_tt0p75v25c,168.75,5.874930731,5.874930731,0,4.143134726,0,5.087596335,4.510859507,0,0,3.761200116,2.233679075,5.983936281,2.397895273,2.197224577,23.60614,0.10052048,23.706661,9.629691785,9.708234049,6.149567397,Ok,Ok,Ok,,,
moving_average_filter,300,0.9,0.1,355,355,0,62,0,161,90,0,0,42,8.334144,0.023476462,396,10,8,244,83.58028169,1.881690141,1,1,0,1,0.02,0,0,0.051651593,0.057390659,30.9815,0.111651,31.093151,0.75,25,TT,saed05rvt_base_tt0p75v25c,168.75,5.874930731,5.874930731,0,4.143134726,0,5.087596335,4.510859507,0,0,3.761200116,2.233679075,5.983936281,2.397895273,2.197224577,33.14362,0.0999883,33.243607,6.916171241,6.978743887,10.44567749,Ok,Ok,Ok,,,
moving_average_filter,300,0.9,0.37,355,355,0,62,0,161,90,0,0,42,8.334144,0.023476462,396,10,8,244,83.58028169,1.881690141,1,1,0,1,0.02,0,0,0.05846851,0.064965011,32.544,0.1102622,32.6542622,0.75,25,TT,saed05rvt_base_tt0p75v25c,168.75,5.874930731,5.874930731,0,4.143134726,0,5.087596335,4.510859507,0,0,3.761200116,2.233679075,5.983936281,2.397895273,2.197224577,33.700268,0.09943464,33.7997,3.507779424,3.552936922,9.819832605,Ok,Ok,Ok,,,
moving_average_filter,300,0.9,0.63,355,355,0,62,0,161,90,0,0,42,8.334144,0.023476462,396,10,8,244,83.58028169,1.881690141,1,1,0,1,0.02,0,0,0.058466725,0.064963027,31.8562,0.1087762,31.9649762,0.75,25,TT,saed05rvt_base_tt0p75v25c,168.75,5.874930731,5.874930731,0,4.143134726,0,5.087596335,4.510859507,0,0,3.761200116,2.233679075,5.983936281,2.397895273,2.197224577,33.864582,0.09910899,33.96369,6.252829656,6.304524902,8.88725056,Ok,Ok,Ok,,,
moving_average_filter,300,0.9,0.9,355,355,0,62,0,161,90,0,0,42,8.334144,0.023476462,396,10,8,244,83.58028169,1.881690141,1,1,0,1,0.02,0,0,0.051650275,0.057389195,29.9564,0.1071071,30.0635071,0.75,25,TT,saed05rvt_base_tt0p75v25c,168.75,5.874930731,5.874930731,0,4.143134726,0,5.087596335,4.510859507,0,0,3.761200116,2.233679075,5.983936281,2.397895273,2.197224577,33.527847,0.10042254,33.62827,11.85743927,11.92215116,6.241006603,Ok,Ok,Ok,,,
moving_average_filter,450,0.1,0.1,355,355,0,62,0,161,90,0,0,42,8.334144,0.023476462,396,10,8,244,83.58028169,1.881690141,1,1,0,1,0.02,0,0,0.013194646,0.131946465,5.2172,0.1117196,5.3289196,0.75,25,TT,saed05rvt_base_tt0p75v25c,253.125,5.874930731,5.874930731,0,4.143134726,0,5.087596335,4.510859507,0,0,3.761200116,2.233679075,5.983936281,2.397895273,2.197224577,4.3271346,0.101708606,4.428843,16.89041393,17.0602122,8.960821659,Anomal,Anomal,Ok,,,
moving_average_filter,450,0.1,0.37,355,355,0,62,0,161,90,0,0,42,8.334144,0.023476462,396,10,8,244,83.58028169,1.881690141,1,1,0,1,0.02,0,0,0.013467391,0.134673914,5.0274,0.110224,5.137624,0.75,25,TT,saed05rvt_base_tt0p75v25c,253.125,5.874930731,5.874930731,0,4.143134726,0,5.087596335,4.510859507,0,0,3.761200116,2.233679075,5.983936281,2.397895273,2.197224577,4.4262624,0.10097091,4.527233,11.88080086,11.95722682,8.394806032,Ok,Ok,Ok,,,
moving_average_filter,450,0.1,0.63,355,355,0,62,0,161,90,0,0,42,8.334144,0.023476462,396,10,8,244,83.58028169,1.881690141,1,1,0,1,0.02,0,0,0.013220687,0.132206869,4.7898,0.1086606,4.8984606,0.75,25,TT,saed05rvt_base_tt0p75v25c,253.125,5.874930731,5.874930731,0,4.143134726,0,5.087596335,4.510859507,0,0,3.761200116,2.233679075,5.983936281,2.397895273,2.197224577,4.4821424,0.10097718,4.5831194,6.437557293,6.423181585,7.071024467,Ok,Ok,Ok,,,
moving_average_filter,450,0.1,0.9,355,355,0,62,0,161,90,0,0,42,8.334144,0.023476462,396,10,8,244,83.58028169,1.881690141,1,1,0,1,0.02,0,0,0.012968563,0.129685631,4.5596,0.1070003,4.6666003,0.75,25,TT,saed05rvt_base_tt0p75v25c,253.125,5.874930731,5.874930731,0,4.143134726,0,5.087596335,4.510859507,0,0,3.761200116,2.233679075,5.983936281,2.397895273,2.197224577,4.5457554,0.10162766,4.647383,0.411800577,0.303636583,5.021142204,Ok,Ok,Ok,,,
moving_average_filter,450,0.37,0.1,355,355,0,62,0,161,90,0,0,42,8.334144,0.023476462,396,10,8,244,83.58028169,1.881690141,1,1,0,1,0.02,0,0,0.031993439,0.086468755,15.7807,0.111785,15.892485,0.75,25,TT,saed05rvt_base_tt0p75v25c,253.125,5.874930731,5.874930731,0,4.143134726,0,5.087596335,4.510859507,0,0,3.761200116,2.233679075,5.983936281,2.397895273,2.197224577,15.089571,0.101315126,15.1908865,4.414655748,4.379583928,9.366081475,Ok,Ok,Ok,,,
moving_average_filter,450,0.37,0.37,355,355,0,62,0,161,90,0,0,42,8.334144,0.023476462,396,10,8,244,83.58028169,1.881690141,1,1,0,1,0.02,0,0,0.032766586,0.08855834,15.4798,0.1102182,15.5900182,0.75,25,TT,saed05rvt_base_tt0p75v25c,253.125,5.874930731,5.874930731,0,4.143134726,0,5.087596335,4.510859507,0,0,3.761200116,2.233679075,5.983936281,2.397895273,2.197224577,15.236647,0.100436024,15.337083,1.622418485,1.570778355,8.875281607,Ok,Ok,Ok,,,
moving_average_filter,450,0.37,0.63,355,355,0,62,0,161,90,0,0,42,8.334144,0.023476462,396,10,8,244,83.58028169,1.881690141,1,1,0,1,0.02,0,0,0.032531636,0.087923342,14.8809,0.1086632,14.9895632,0.75,25,TT,saed05rvt_base_tt0p75v25c,253.125,5.874930731,5.874930731,0,4.143134726,0,5.087596335,4.510859507,0,0,3.761200116,2.233679075,5.983936281,2.397895273,2.197224577,15.310902,0.10005106,15.410953,2.811218462,2.889621205,7.925534754,Ok,Ok,Ok,,,
moving_average_filter,450,0.37,0.9,355,355,0,62,0,161,90,0,0,42,8.334144,0.023476462,396,10,8,244,83.58028169,1.881690141,1,1,0,1,0.02,0,0,0.031453679,0.085009944,14.1112,0.1070528,14.2182528,0.75,25,TT,saed05rvt_base_tt0p75v25c,253.125,5.874930731,5.874930731,0,4.143134726,0,5.087596335,4.510859507,0,0,3.761200116,2.233679075,5.983936281,2.397895273,2.197224577,15.314436,0.10068954,15.415126,8.417863036,8.526815288,5.944040863,Ok,Ok,Ok,,,
moving_average_filter,450,0.63,0.1,355,355,0,62,0,161,90,0,0,42,8.334144,0.023476462,396,10,8,244,83.58028169,1.881690141,1,1,0,1,0.02,0,0,0.047454636,0.07532482,25.1586,0.1117872,25.2703872,0.75,25,TT,saed05rvt_base_tt0p75v25c,253.125,5.874930731,5.874930731,0,4.143134726,0,5.087596335,4.510859507,0,0,3.761200116,2.233679075,5.983936281,2.397895273,2.197224577,24.053404,0.10053302,24.153936,4.418020211,4.392915924,10.06750015,Ok,Ok,Ok,,,
moving_average_filter,450,0.63,0.37,355,355,0,62,0,161,90,0,0,42,8.334144,0.023476462,396,10,8,244,83.58028169,1.881690141,1,1,0,1,0.02,0,0,0.049754485,0.078975373,25.0926,0.1102194,25.2028194,0.75,25,TT,saed05rvt_base_tt0p75v25c,253.125,5.874930731,5.874930731,0,4.143134726,0,5.087596335,4.510859507,0,0,3.761200116,2.233679075,5.983936281,2.397895273,2.197224577,24.249756,0.09982996,24.349586,3.385466124,3.358935067,9.426147403,Ok,Ok,Ok,,,
moving_average_filter,450,0.63,0.63,355,355,0,62,0,161,90,0,0,42,8.334144,0.023476462,396,10,8,244,83.58028169,1.881690141,1,1,0,1,0.02,0,0,0.049470258,0.078524218,24.2111,0.1086621,24.3197621,0.75,25,TT,saed05rvt_base_tt0p75v25c,253.125,5.874930731,5.874930731,0,4.143134726,0,5.087596335,4.510859507,0,0,3.761200116,2.233679075,5.983936281,2.397895273,2.197224577,24.215292,0.099329054,24.314621,0.021139715,0.017314277,8.589053262,Ok,Ok,Ok,,,
moving_average_filter,450,0.63,0.9,355,355,0,62,0,161,90,0,0,42,8.334144,0.023476462,396,10,8,244,83.58028169,1.881690141,1,1,0,1,0.02,0,0,0.047018823,0.074633053,22.9264,0.1071012,23.0335012,0.75,25,TT,saed05rvt_base_tt0p75v25c,253.125,5.874930731,5.874930731,0,4.143134726,0,5.087596335,4.510859507,0,0,3.761200116,2.233679075,5.983936281,2.397895273,2.197224577,24.108932,0.10018001,24.209112,5.103917798,5.157951074,6.46229219,Ok,Ok,Ok,,,
moving_average_filter,450,0.9,0.1,355,355,0,62,0,161,90,0,0,42,8.334144,0.023476462,396,10,8,244,83.58028169,1.881690141,1,1,0,1,0.02,0,0,0.055352826,0.06150314,32.1931,0.1115436,32.3046436,0.75,25,TT,saed05rvt_base_tt0p75v25c,253.125,5.874930731,5.874930731,0,4.143134726,0,5.087596335,4.510859507,0,0,3.761200116,2.233679075,5.983936281,2.397895273,2.197224577,33.465076,0.10031436,33.56539,3.90268333,3.951084072,10.06713394,Ok,Ok,Ok,,,
moving_average_filter,450,0.9,0.37,355,355,0,62,0,161,90,0,0,42,8.334144,0.023476462,396,10,8,244,83.58028169,1.881690141,1,1,0,1,0.02,0,0,0.065578434,0.072864927,34.5141,0.110155,34.624255,0.75,25,TT,saed05rvt_base_tt0p75v25c,253.125,5.874930731,5.874930731,0,4.143134726,0,5.087596335,4.510859507,0,0,3.761200116,2.233679075,5.983936281,2.397895273,2.197224577,34.329556,0.09924789,34.428802,0.564495929,0.534693034,9.901604348,Ok,Ok,Ok,,,
moving_average_filter,450,0.9,0.63,355,355,0,62,0,161,90,0,0,42,8.334144,0.023476462,396,10,8,244,83.58028169,1.881690141,1,1,0,1,0.02,0,0,0.065576944,0.072863272,33.4598,0.1086691,33.5684691,0.75,25,TT,saed05rvt_base_tt0p75v25c,253.125,5.874930731,5.874930731,0,4.143134726,0,5.087596335,4.510859507,0,0,3.761200116,2.233679075,5.983936281,2.397895273,2.197224577,34.47798,0.09888297,34.576866,3.004000709,3.042999562,9.005436509,Ok,Ok,Ok,,,
moving_average_filter,450,0.9,0.9,355,355,0,62,0,161,90,0,0,42,8.334144,0.023476462,396,10,8,244,83.58028169,1.881690141,1,1,0,1,0.02,0,0,0.055351194,0.061501327,30.585,0.107,30.692,0.75,25,TT,saed05rvt_base_tt0p75v25c,253.125,5.874930731,5.874930731,0,4.143134726,0,5.087596335,4.510859507,0,0,3.761200116,2.233679075,5.983936281,2.397895273,2.197224577,33.916332,0.10007779,34.01641,10.83152231,10.89204592,6.469352334,Ok,Ok,Ok,,,
moving_average_filter,600,0.1,0.1,355,355,0,62,0,161,90,0,0,42,8.334144,0.023476462,396,10,8,244,83.58028169,1.881690141,1,1,0,1,0.02,0,0,0.013412609,0.134126086,5.2609,0.1117046,5.3726046,0.75,25,TT,saed05rvt_base_tt0p75v25c,337.5,5.874930731,5.874930731,0,4.143134726,0,5.087596335,4.510859507,0,0,3.761200116,2.233679075,5.983936281,2.397895273,2.197224577,4.448584,0.1015771,4.5501614,15.30809169,15.44062651,9.066320332,Anomal,Anomal,Ok,,,
moving_average_filter,600,0.1,0.37,355,355,0,62,0,161,90,0,0,42,8.334144,0.023476462,396,10,8,244,83.58028169,1.881690141,1,1,0,1,0.02,0,0,0.013720631,0.137206313,5.0748,0.1101926,5.1849926,0.75,25,TT,saed05rvt_base_tt0p75v25c,337.5,5.874930731,5.874930731,0,4.143134726,0,5.087596335,4.510859507,0,0,3.761200116,2.233679075,5.983936281,2.397895273,2.197224577,4.5741124,0.09988573,4.6739984,9.855255032,9.866154029,9.353502925,Ok,Ok,Ok,,,
moving_average_filter,600,0.1,0.63,355,355,0,62,0,161,90,0,0,42,8.334144,0.023476462,396,10,8,244,83.58028169,1.881690141,1,1,0,1,0.02,0,0,0.013486391,0.134863914,4.8366,0.1086313,4.9452313,0.75,25,TT,saed05rvt_base_tt0p75v25c,337.5,5.874930731,5.874930731,0,4.143134726,0,5.087596335,4.510859507,0,0,3.761200116,2.233679075,5.983936281,2.397895273,2.197224577,4.662953,0.100426815,4.7633796,3.677314875,3.590272093,7.552597225,Ok,Ok,Ok,,,
moving_average_filter,600,0.1,0.9,355,355,0,62,0,161,90,0,0,42,8.334144,0.023476462,396,10,8,244,83.58028169,1.881690141,1,1,0,1,0.02,0,0,0.013247798,0.13247798,4.6047,0.1069678,4.7116678,0.75,25,TT,saed05rvt_base_tt0p75v25c,337.5,5.874930731,5.874930731,0,4.143134726,0,5.087596335,4.510859507,0,0,3.761200116,2.233679075,5.983936281,2.397895273,2.197224577,4.70066,0.10110035,4.8017607,1.912122784,2.083962663,5.485250761,Ok,Ok,Ok,,,
moving_average_filter,600,0.37,0.1,355,355,0,62,0,161,90,0,0,42,8.334144,0.023476462,396,10,8,244,83.58028169,1.881690141,1,1,0,1,0.02,0,0,0.033027846,0.089264449,16.0951,0.1117546,16.2068546,0.75,25,TT,saed05rvt_base_tt0p75v25c,337.5,5.874930731,5.874930731,0,4.143134726,0,5.087596335,4.510859507,0,0,3.761200116,2.233679075,5.983936281,2.397895273,2.197224577,15.279497,0.10108425,15.380582,5.098291832,5.067398484,9.548021082,Ok,Ok,Ok,,,
moving_average_filter,600,0.37,0.37,355,355,0,62,0,161,90,0,0,42,8.334144,0.023476462,396,10,8,244,83.58028169,1.881690141,1,1,0,1,0.02,0,0,0.033451816,0.090410313,15.6476,0.1101893,15.7577893,0.75,25,TT,saed05rvt_base_tt0p75v25c,337.5,5.874930731,5.874930731,0,4.143134726,0,5.087596335,4.510859507,0,0,3.761200116,2.233679075,5.983936281,2.397895273,2.197224577,15.439373,0.09988983,15.539263,1.386784175,1.33072793,9.347069312,Ok,Ok,Ok,,,
moving_average_filter,600,0.37,0.63,355,355,0,62,0,161,90,0,0,42,8.334144,0.023476462,396,10,8,244,83.58028169,1.881690141,1,1,0,1,0.02,0,0,0.033270505,0.089920284,15.0336,0.1086324,15.1422324,0.75,25,TT,saed05rvt_base_tt0p75v25c,337.5,5.874930731,5.874930731,0,4.143134726,0,5.087596335,4.510859507,0,0,3.761200116,2.233679075,5.983936281,2.397895273,2.197224577,15.544088,0.099760324,15.643848,3.312695288,3.395649503,8.167062715,Ok,Ok,Ok,,,
moving_average_filter,600,0.37,0.9,355,355,0,62,0,161,90,0,0,42,8.334144,0.023476462,396,10,8,244,83.58028169,1.881690141,1,1,0,1,0.02,0,0,0.032392061,0.08754611,14.2619,0.1069957,14.3688957,0.75,25,TT,saed05rvt_base_tt0p75v25c,337.5,5.874930731,5.874930731,0,4.143134726,0,5.087596335,4.510859507,0,0,3.761200116,2.233679075,5.983936281,2.397895273,2.197224577,15.577354,0.100262485,15.677617,9.108016374,9.223556687,6.292976779,Ok,Ok,Ok,,,
moving_average_filter,600,0.63,0.1,355,355,0,62,0,161,90,0,0,42,8.334144,0.023476462,396,10,8,244,83.58028169,1.881690141,1,1,0,1,0.02,0,0,0.049405169,0.078420903,25.7803,0.1117601,25.8920601,0.75,25,TT,saed05rvt_base_tt0p75v25c,337.5,5.874930731,5.874930731,0,4.143134726,0,5.087596335,4.510859507,0,0,3.761200116,2.233679075,5.983936281,2.397895273,2.197224577,24.214365,0.10063209,24.314997,6.090915032,6.074153499,9.957054086,Ok,Ok,Ok,,,
moving_average_filter,600,0.63,0.37,355,355,0,62,0,161,90,0,0,42,8.334144,0.023476462,396,10,8,244,83.58028169,1.881690141,1,1,0,1,0.02,0,0,0.051334576,0.081483454,25.5149,0.1101898,25.6250898,0.75,25,TT,saed05rvt_base_tt0p75v25c,337.5,5.874930731,5.874930731,0,4.143134726,0,5.087596335,4.510859507,0,0,3.761200116,2.233679075,5.983936281,2.397895273,2.197224577,24.399223,0.09935129,24.498575,4.39613909,4.372647639,9.836221784,Ok,Ok,Ok,,,
moving_average_filter,600,0.63,0.63,355,355,0,62,0,161,90,0,0,42,8.334144,0.023476462,396,10,8,244,83.58028169,1.881690141,1,1,0,1,0.02,0,0,0.051021404,0.080986356,24.5571,0.108631,24.665731,0.75,25,TT,saed05rvt_base_tt0p75v25c,337.5,5.874930731,5.874930731,0,4.143134726,0,5.087596335,4.510859507,0,0,3.761200116,2.233679075,5.983936281,2.397895273,2.197224577,24.424414,0.098907694,24.523321,0.577359123,0.540317541,8.950765232,Ok,Ok,Ok,,,
moving_average_filter,600,0.63,0.9,355,355,0,62,0,161,90,0,0,42,8.334144,0.023476462,396,10,8,244,83.58028169,1.881690141,1,1,0,1,0.02,0,0,0.048884162,0.077593907,23.2414,0.1070413,23.3484413,0.75,25,TT,saed05rvt_base_tt0p75v25c,337.5,5.874930731,5.874930731,0,4.143134726,0,5.087596335,4.510859507,0,0,3.761200116,2.233679075,5.983936281,2.397895273,2.197224577,24.347427,0.09981657,24.447245,4.706110057,4.758867229,6.749480625,Ok,Ok,Ok,,,
moving_average_filter,600,0.9,0.1,355,355,0,62,0,161,90,0,0,42,8.334144,0.023476462,396,10,8,244,83.58028169,1.881690141,1,1,0,1,0.02,0,0,0.065119124,0.072354582,35.4028,0.1117588,35.5145588,0.75,25,TT,saed05rvt_base_tt0p75v25c,337.5,5.874930731,5.874930731,0,4.143134726,0,5.087596335,4.510859507,0,0,3.761200116,2.233679075,5.983936281,2.397895273,2.197224577,34.1553,0.10031782,34.25562,3.544855387,3.52373219,10.23720646,Ok,Ok,Ok,,,
moving_average_filter,600,0.9,0.37,355,355,0,62,0,161,90,0,0,42,8.334144,0.023476462,396,10,8,244,83.58028169,1.881690141,1,1,0,1,0.02,0,0,0.068455434,0.076061594,35.3463,0.1101892,35.4564892,0.75,25,TT,saed05rvt_base_tt0p75v25c,337.5,5.874930731,5.874930731,0,4.143134726,0,5.087596335,4.510859507,0,0,3.761200116,2.233679075,5.983936281,2.397895273,2.197224577,34.43915,0.09893818,34.53809,2.590215412,2.566458826,10.21063589,Ok,Ok,Ok,,,
moving_average_filter,600,0.9,0.63,355,355,0,62,0,161,90,0,0,42,8.334144,0.023476462,396,10,8,244,83.58028169,1.881690141,1,1,0,1,0.02,0,0,0.068189472,0.07576608,34.1398,0.1086319,34.2484319,0.75,25,TT,saed05rvt_base_tt0p75v25c,337.5,5.874930731,5.874930731,0,4.143134726,0,5.087596335,4.510859507,0,0,3.761200116,2.233679075,5.983936281,2.397895273,2.197224577,34.55213,0.09853959,34.650673,1.174480086,1.207774073,9.290373421,Ok,Ok,Ok,,,
moving_average_filter,600,0.9,0.9,355,355,0,62,0,161,90,0,0,42,8.334144,0.023476462,396,10,8,244,83.58028169,1.881690141,1,1,0,1,0.02,0,0,0.064661263,0.071845847,32.3238,0.1070751,32.4308751,0.75,25,TT,saed05rvt_base_tt0p75v25c,337.5,5.874930731,5.874930731,0,4.143134726,0,5.087596335,4.510859507,0,0,3.761200116,2.233679075,5.983936281,2.397895273,2.197224577,34.537937,0.099753745,34.63769,6.804677305,6.849866551,6.837588851,Ok,Ok,Ok,,,
moving_average_filter,750,0.1,0.1,355,355,0,62,0,161,90,0,0,42,8.334144,0.023476462,396,10,8,244,83.58028169,1.881690141,1,1,0,1,0.02,0,0,0.013519414,0.135194141,5.2951,0.1116629,5.4067629,0.75,25,TT,saed05rvt_base_tt0p75v25c,421.875,5.874930731,5.874930731,0,4.143134726,0,5.087596335,4.510859507,0,0,3.761200116,2.233679075,5.983936281,2.397895273,2.197224577,4.573677,0.10113857,4.6748157,13.53762425,13.62434963,9.42509158,Ok,Ok,Ok,,,
moving_average_filter,750,0.1,0.37,355,355,0,62,0,161,90,0,0,42,8.334144,0.023476462,396,10,8,244,83.58028169,1.881690141,1,1,0,1,0.02,0,0,0.013882399,0.13882399,5.1123,0.1101771,5.2224771,0.75,25,TT,saed05rvt_base_tt0p75v25c,421.875,5.874930731,5.874930731,0,4.143134726,0,5.087596335,4.510859507,0,0,3.761200116,2.233679075,5.983936281,2.397895273,2.197224577,4.7001476,0.09919061,4.7993383,8.10226165,8.061975456,9.971665921,Ok,Ok,Ok,,,
moving_average_filter,750,0.1,0.63,355,355,0,62,0,161,90,0,0,42,8.334144,0.023476462,396,10,8,244,83.58028169,1.881690141,1,1,0,1,0.02,0,0,0.013652598,0.136525985,4.8695,0.1086108,4.9781108,0.75,25,TT,saed05rvt_base_tt0p75v25c,421.875,5.874930731,5.874930731,0,4.143134726,0,5.087596335,4.510859507,0,0,3.761200116,2.233679075,5.983936281,2.397895273,2.197224577,4.7766805,0.09982738,4.8765078,2.040995972,1.906140887,8.087060414,Ok,Ok,Ok,,,
moving_average_filter,750,0.1,0.9,355,355,0,62,0,161,90,0,0,42,8.334144,0.023476462,396,10,8,244,83.58028169,1.881690141,1,1,0,1,0.02,0,0,0.013408747,0.134087475,4.6305,0.106942,4.737442,0.75,25,TT,saed05rvt_base_tt0p75v25c,421.875,5.874930731,5.874930731,0,4.143134726,0,5.087596335,4.510859507,0,0,3.761200116,2.233679075,5.983936281,2.397895273,2.197224577,4.775545,0.1006425,4.876188,2.928707124,3.132385709,5.890574042,Ok,Ok,Ok,,,
moving_average_filter,750,0.37,0.1,355,355,0,62,0,161,90,0,0,42,8.334144,0.023476462,396,10,8,244,83.58028169,1.881690141,1,1,0,1,0.02,0,0,0.033848907,0.091483531,16.3585,0.1117408,16.4702408,0.75,25,TT,saed05rvt_base_tt0p75v25c,421.875,5.874930731,5.874930731,0,4.143134726,0,5.087596335,4.510859507,0,0,3.761200116,2.233679075,5.983936281,2.397895273,2.197224577,15.479231,0.10070113,15.579932,5.40555902,5.374998437,9.879711863,Ok,Ok,Ok,,,
moving_average_filter,750,0.37,0.37,355,355,0,62,0,161,90,0,0,42,8.334144,0.023476462,396,10,8,244,83.58028169,1.881690141,1,1,0,1,0.02,0,0,0.034111667,0.092193694,15.8246,0.1101754,15.9347754,0.75,25,TT,saed05rvt_base_tt0p75v25c,421.875,5.874930731,5.874930731,0,4.143134726,0,5.087596335,4.510859507,0,0,3.761200116,2.233679075,5.983936281,2.397895273,2.197224577,15.656351,0.09943111,15.755782,1.123287076,1.063211143,9.751984192,Ok,Ok,Ok,,,
moving_average_filter,750,0.37,0.63,355,355,0,62,0,161,90,0,0,42,8.334144,0.023476462,396,10,8,244,83.58028169,1.881690141,1,1,0,1,0.02,0,0,0.033798162,0.091346383,15.1508,0.1086081,15.2594081,0.75,25,TT,saed05rvt_base_tt0p75v25c,421.875,5.874930731,5.874930731,0,4.143134726,0,5.087596335,4.510859507,0,0,3.761200116,2.233679075,5.983936281,2.397895273,2.197224577,15.784035,0.099342585,15.883377,4.089077185,4.179546486,8.531145826,Ok,Ok,Ok,,,
moving_average_filter,750,0.37,0.9,355,355,0,62,0,161,90,0,0,42,8.334144,0.023476462,396,10,8,244,83.58028169,1.881690141,1,1,0,1,0.02,0,0,0.033150876,0.089596963,14.3872,0.1069542,14.4941542,0.75,25,TT,saed05rvt_base_tt0p75v25c,421.875,5.874930731,5.874930731,0,4.143134726,0,5.087596335,4.510859507,0,0,3.761200116,2.233679075,5.983936281,2.397895273,2.197224577,15.654865,0.09974891,15.754614,8.696331355,8.811063062,6.736799982,Ok,Ok,Ok,,,
moving_average_filter,750,0.63,0.1,355,355,0,62,0,161,90,0,0,42,8.334144,0.023476462,396,10,8,244,83.58028169,1.881690141,1,1,0,1,0.02,0,0,0.05102154,0.080986572,26.3129,0.1117454,26.4246454,0.75,25,TT,saed05rvt_base_tt0p75v25c,421.875,5.874930731,5.874930731,0,4.143134726,0,5.087596335,4.510859507,0,0,3.761200116,2.233679075,5.983936281,2.397895273,2.197224577,24.511847,0.100492395,24.612339,6.858394324,6.844754693,10.07021724,Ok,Ok,Ok,,,
moving_average_filter,750,0.63,0.37,355,355,0,62,0,161,90,0,0,42,8.334144,0.023476462,396,10,8,244,83.58028169,1.881690141,1,1,0,1,0.02,0,0,0.052607015,0.083503199,25.8661,0.1101732,25.9762732,0.75,25,TT,saed05rvt_base_tt0p75v25c,421.875,5.874930731,5.874930731,0,4.143134726,0,5.087596335,4.510859507,0,0,3.761200116,2.233679075,5.983936281,2.397895273,2.197224577,24.68128,0.09889502,24.780174,4.604582557,4.580589512,10.23677193,Ok,Ok,Ok,,,
moving_average_filter,750,0.63,0.63,355,355,0,62,0,161,90,0,0,42,8.334144,0.023476462,396,10,8,244,83.58028169,1.881690141,1,1,0,1,0.02,0,0,0.052342528,0.083083377,24.8574,0.1086101,24.9660101,0.75,25,TT,saed05rvt_base_tt0p75v25c,421.875,5.874930731,5.874930731,0,4.143134726,0,5.087596335,4.510859507,0,0,3.761200116,2.233679075,5.983936281,2.397895273,2.197224577,24.679432,0.09852203,24.777954,0.753248107,0.715956153,9.288335231,Ok,Ok,Ok,,,
moving_average_filter,750,0.63,0.9,355,355,0,62,0,161,90,0,0,42,8.334144,0.023476462,396,10,8,244,83.58028169,1.881690141,1,1,0,1,0.02,0,0,0.050458985,0.080093627,23.5074,0.1069976,23.6143976,0.75,25,TT,saed05rvt_base_tt0p75v25c,421.875,5.874930731,5.874930731,0,4.143134726,0,5.087596335,4.510859507,0,0,3.761200116,2.233679075,5.983936281,2.397895273,2.197224577,24.609982,0.09951751,24.7095,4.637432543,4.690359363,6.990895739,Ok,Ok,Ok,,,
moving_average_filter,750,0.9,0.1,355,355,0,62,0,161,90,0,0,42,8.334144,0.023476462,396,10,8,244,83.58028169,1.881690141,1,1,0,1,0.02,0,0,0.067547485,0.075052761,36.2073,0.1117461,36.3190461,0.75,25,TT,saed05rvt_base_tt0p75v25c,421.875,5.874930731,5.874930731,0,4.143134726,0,5.087596335,4.510859507,0,0,3.761200116,2.233679075,5.983936281,2.397895273,2.197224577,34.380108,0.10017186,34.480278,5.062820427,5.046474386,10.35762628,Ok,Ok,Ok,,,
moving_average_filter,750,0.9,0.37,355,355,0,62,0,161,90,0,0,42,8.334144,0.023476462,396,10,8,244,83.58028169,1.881690141,1,1,0,1,0.02,0,0,0.070867485,0.07874165,36.0236,0.1101746,36.1337746,0.75,25,TT,saed05rvt_base_tt0p75v25c,421.875,5.874930731,5.874930731,0,4.143134726,0,5.087596335,4.510859507,0,0,3.761200116,2.233679075,5.983936281,2.397895273,2.197224577,34.657257,0.098659515,34.755917,3.813213593,3.792910536,10.4516691,Ok,Ok,Ok,,,
moving_average_filter,750,0.9,0.63,355,355,0,62,0,161,90,0,0,42,8.334144,0.023476462,396,10,8,244,83.58028169,1.881690141,1,1,0,1,0.02,0,0,0.070539417,0.07837713,34.6923,0.1086093,34.8009093,0.75,25,TT,saed05rvt_base_tt0p75v25c,421.875,5.874930731,5.874930731,0,4.143134726,0,5.087596335,4.510859507,0,0,3.761200116,2.233679075,5.983936281,2.397895273,2.197224577,34.774384,0.09809202,34.872475,0.205642243,0.236604506,9.683591039,Ok,Ok,Ok,,,
moving_average_filter,750,0.9,0.9,355,355,0,62,0,161,90,0,0,42,8.334144,0.023476462,396,10,8,244,83.58028169,1.881690141,1,1,0,1,0.02,0,0,0.067068437,0.074520485,32.7424,0.107031,32.849431,0.75,25,TT,saed05rvt_base_tt0p75v25c,421.875,5.874930731,5.874930731,0,4.143134726,0,5.087596335,4.510859507,0,0,3.761200116,2.233679075,5.983936281,2.397895273,2.197224577,34.87009,0.09952582,34.969616,6.454251632,6.498272835,7.012158404,Ok,Ok,Ok,,,
moving_average_filter,900,0.1,0.1,355,355,0,62,0,161,90,0,0,42,8.334144,0.023476462,396,10,8,244,83.58028169,1.881690141,1,1,0,1,0.02,0,0,0.013878152,0.138781515,5.3711,0.1115689,5.4826689,0.75,25,TT,saed05rvt_base_tt0p75v25c,506.25,5.874930731,5.874930731,0,4.143134726,0,5.087596335,4.510859507,0,0,3.761200116,2.233679075,5.983936281,2.397895273,2.197224577,4.677477,0.10049721,4.777974,12.85313383,12.91398628,9.923635945,Ok,Ok,Ok,,,
moving_average_filter,900,0.1,0.37,355,355,0,62,0,161,90,0,0,42,8.334144,0.023476462,396,10,8,244,83.58028169,1.881690141,1,1,0,1,0.02,0,0,0.014292773,0.142927727,5.1879,0.1101002,5.2980002,0.75,25,TT,saed05rvt_base_tt0p75v25c,506.25,5.874930731,5.874930731,0,4.143134726,0,5.087596335,4.510859507,0,0,3.761200116,2.233679075,5.983936281,2.397895273,2.197224577,4.8068566,0.09872536,4.905582,7.406912685,7.344847969,10.33134943,Ok,Ok,Ok,,,
moving_average_filter,900,0.1,0.63,355,355,0,62,0,161,90,0,0,42,8.334144,0.023476462,396,10,8,244,83.58028169,1.881690141,1,1,0,1,0.02,0,0,0.014041283,0.140412828,4.9357,0.1085301,5.0442301,0.75,25,TT,saed05rvt_base_tt0p75v25c,506.25,5.874930731,5.874930731,0,4.143134726,0,5.087596335,4.510859507,0,0,3.761200116,2.233679075,5.983936281,2.397895273,2.197224577,4.850387,0.099073425,4.9494605,1.878772215,1.728486407,8.713412283,Ok,Ok,Ok,,,
moving_average_filter,900,0.1,0.9,355,355,0,62,0,161,90,0,0,42,8.334144,0.023476462,396,10,8,244,83.58028169,1.881690141,1,1,0,1,0.02,0,0,0.013791879,0.137918788,4.6908,0.1068596,4.7976596,0.75,25,TT,saed05rvt_base_tt0p75v25c,506.25,5.874930731,5.874930731,0,4.143134726,0,5.087596335,4.510859507,0,0,3.761200116,2.233679075,5.983936281,2.397895273,2.197224577,4.836848,0.100321375,4.937169,2.907865223,3.113494119,6.118519222,Ok,Ok,Ok,,,
moving_average_filter,900,0.37,0.1,355,355,0,62,0,161,90,0,0,42,8.334144,0.023476462,396,10,8,244,83.58028169,1.881690141,1,1,0,1,0.02,0,0,0.034663768,0.093685859,16.5764,0.1116629,16.6880629,0.75,25,TT,saed05rvt_base_tt0p75v25c,506.25,5.874930731,5.874930731,0,4.143134726,0,5.087596335,4.510859507,0,0,3.761200116,2.233679075,5.983936281,2.397895273,2.197224577,15.724823,0.10032745,15.8251505,5.170836276,5.13728555,10.15149431,Ok,Ok,Ok,,,
moving_average_filter,900,0.37,0.37,355,355,0,62,0,161,90,0,0,42,8.334144,0.023476462,396,10,8,244,83.58028169,1.881690141,1,1,0,1,0.02,0,0,0.034756846,0.093937422,15.9665,0.1100925,16.0765925,0.75,25,TT,saed05rvt_base_tt0p75v25c,506.25,5.874930731,5.874930731,0,4.143134726,0,5.087596335,4.510859507,0,0,3.761200116,2.233679075,5.983936281,2.397895273,2.197224577,15.908012,0.09881725,16.00683,0.433937008,0.366314533,10.24161353,Ok,Ok,Ok,,,
moving_average_filter,900,0.37,0.63,355,355,0,62,0,161,90,0,0,42,8.334144,0.023476462,396,10,8,244,83.58028169,1.881690141,1,1,0,1,0.02,0,0,0.034597606,0.093507043,15.3104,0.1085316,15.4189316,0.75,25,TT,saed05rvt_base_tt0p75v25c,506.25,5.874930731,5.874930731,0,4.143134726,0,5.087596335,4.510859507,0,0,3.761200116,2.233679075,5.983936281,2.397895273,2.197224577,16.029434,0.09894431,16.128378,4.601137957,4.696377652,8.833642576,Ok,Ok,Ok,,,
moving_average_filter,900,0.37,0.9,355,355,0,62,0,161,90,0,0,42,8.334144,0.023476462,396,10,8,244,83.58028169,1.881690141,1,1,0,1,0.02,0,0,0.033848452,0.091482303,14.4995,0.1068574,14.6063574,0.75,25,TT,saed05rvt_base_tt0p75v25c,506.25,5.874930731,5.874930731,0,4.143134726,0,5.087596335,4.510859507,0,0,3.761200116,2.233679075,5.983936281,2.397895273,2.197224577,15.5302925,0.09945044,15.629743,7.006436953,7.109159012,6.931631113,Ok,Ok,Ok,,,
moving_average_filter,900,0.63,0.1,355,355,0,62,0,161,90,0,0,42,8.334144,0.023476462,396,10,8,244,83.58028169,1.881690141,1,1,0,1,0.02,0,0,0.052437525,0.083234167,26.7318,0.1116677,26.8434677,0.75,25,TT,saed05rvt_base_tt0p75v25c,506.25,5.874930731,5.874930731,0,4.143134726,0,5.087596335,4.510859507,0,0,3.761200116,2.233679075,5.983936281,2.397895273,2.197224577,24.857517,0.1001449,24.957663,7.025191897,7.011434911,10.31882954,Ok,Ok,Ok,,,
moving_average_filter,900,0.63,0.37,355,355,0,62,0,161,90,0,0,42,8.334144,0.023476462,396,10,8,244,83.58028169,1.881690141,1,1,0,1,0.02,0,0,0.053649758,0.085158345,26.1185,0.1100937,26.2285937,0.75,25,TT,saed05rvt_base_tt0p75v25c,506.25,5.874930731,5.874930731,0,4.143134726,0,5.087596335,4.510859507,0,0,3.761200116,2.233679075,5.983936281,2.397895273,2.197224577,25.01292,0.098571606,25.111492,4.259098127,4.232936885,10.46571604,Ok,Ok,Ok,,,
moving_average_filter,900,0.63,0.63,355,355,0,62,0,161,90,0,0,42,8.334144,0.023476462,396,10,8,244,83.58028169,1.881690141,1,1,0,1,0.02,0,0,0.05345875,0.084855159,25.0891,0.1085291,25.1976291,0.75,25,TT,saed05rvt_base_tt0p75v25c,506.25,5.874930731,5.874930731,0,4.143134726,0,5.087596335,4.510859507,0,0,3.761200116,2.233679075,5.983936281,2.397895273,2.197224577,24.971964,0.09819097,25.070154,0.505900414,0.466880508,9.52567494,Ok,Ok,Ok,,,
moving_average_filter,900,0.63,0.9,355,355,0,62,0,161,90,0,0,42,8.334144,0.023476462,396,10,8,244,83.58028169,1.881690141,1,1,0,1,0.02,0,0,0.051834657,0.082277233,23.735,0.1068984,23.8418984,0.75,25,TT,saed05rvt_base_tt0p75v25c,506.25,5.874930731,5.874930731,0,4.143134726,0,5.087596335,4.510859507,0,0,3.761200116,2.233679075,5.983936281,2.397895273,2.197224577,24.779545,0.09921012,24.878756,4.348886788,4.400862989,7.192136891,Ok,Ok,Ok,,,
moving_average_filter,900,0.9,0.1,355,355,0,62,0,161,90,0,0,42,8.334144,0.023476462,396,10,8,244,83.58028169,1.881690141,1,1,0,1,0.02,0,0,0.069637316,0.077374795,36.8533,0.1116693,36.9649693,0.75,25,TT,saed05rvt_base_tt0p75v25c,506.25,5.874930731,5.874930731,0,4.143134726,0,5.087596335,4.510859507,0,0,3.761200116,2.233679075,5.983936281,2.397895273,2.197224577,34.66814,0.10002521,34.768166,5.942933954,5.929345781,10.42730025,Ok,Ok,Ok,,,
moving_average_filter,900,0.9,0.37,355,355,0,62,0,161,90,0,0,42,8.334144,0.023476462,396,10,8,244,83.58028169,1.881690141,1,1,0,1,0.02,0,0,0.07252351,0.080581678,36.4503,0.1100945,36.5603945,0.75,25,TT,saed05rvt_base_tt0p75v25c,506.25,5.874930731,5.874930731,0,4.143134726,0,5.087596335,4.510859507,0,0,3.761200116,2.233679075,5.983936281,2.397895273,2.197224577,34.912434,0.09848196,35.010914,4.238139857,4.219077417,10.54779249,Ok,Ok,Ok,,,
moving_average_filter,900,0.9,0.63,355,355,0,62,0,161,90,0,0,42,8.334144,0.023476462,396,10,8,244,83.58028169,1.881690141,1,1,0,1,0.02,0,0,0.072191288,0.080212542,35.0505,0.1085281,35.1590281,0.75,25,TT,saed05rvt_base_tt0p75v25c,506.25,5.874930731,5.874930731,0,4.143134726,0,5.087596335,4.510859507,0,0,3.761200116,2.233679075,5.983936281,2.397895273,2.197224577,35.185875,0.09778219,35.283657,0.354472182,0.386228268,9.901502778,Ok,Ok,Ok,,,
moving_average_filter,900,0.9,0.9,355,355,0,62,0,161,90,0,0,42,8.334144,0.023476462,396,10,8,244,83.58028169,1.881690141,1,1,0,1,0.02,0,0,0.069119487,0.07679943,33.0905,0.1069306,33.1974306,0.75,25,TT,saed05rvt_base_tt0p75v25c,506.25,5.874930731,5.874930731,0,4.143134726,0,5.087596335,4.510859507,0,0,3.761200116,2.233679075,5.983936281,2.397895273,2.197224577,35.153965,0.099430025,35.253395,6.193143395,6.235822959,7.014433077,Ok,Ok,Ok,,,
moving_average_filter,1000,0.1,0.1,355,355,0,62,0,161,90,0,0,42,8.334144,0.023476462,396,10,8,244,83.58028169,1.881690141,1,1,0,1,0.02,0,0,0.01393849,0.139384899,5.383,0.1115502,5.4945502,0.75,25,TT,saed05rvt_base_tt0p75v25c,562.5,5.874930731,5.874930731,0,4.143134726,0,5.087596335,4.510859507,0,0,3.761200116,2.233679075,5.983936281,2.397895273,2.197224577,4.712706,0.10028688,4.812993,12.40423921,12.4520511,10.09708755,Ok,Ok,Ok,,,
moving_average_filter,1000,0.1,0.37,355,355,0,62,0,161,90,0,0,42,8.334144,0.023476462,396,10,8,244,83.58028169,1.881690141,1,1,0,1,0.02,0,0,0.014323821,0.143238207,5.1929,0.1100268,5.3029268,0.75,25,TT,saed05rvt_base_tt0p75v25c,562.5,5.874930731,5.874930731,0,4.143134726,0,5.087596335,4.510859507,0,0,3.761200116,2.233679075,5.983936281,2.397895273,2.197224577,4.8255963,0.09849327,4.9240894,7.143929806,7.073189691,10.48247284,Ok,Ok,Ok,,,
moving_average_filter,1000,0.1,0.63,355,355,0,62,0,161,90,0,0,42,8.334144,0.023476462,396,10,8,244,83.58028169,1.881690141,1,1,0,1,0.02,0,0,0.014077449,0.140774495,4.9412,0.1084613,5.0496613,0.75,25,TT,saed05rvt_base_tt0p75v25c,562.5,5.874930731,5.874930731,0,4.143134726,0,5.087596335,4.510859507,0,0,3.761200116,2.233679075,5.983936281,2.397895273,2.197224577,4.842121,0.09868518,4.9408064,2.155687375,2.005158175,9.013461363,Ok,Ok,Ok,,,
moving_average_filter,1000,0.1,0.9,355,355,0,62,0,161,90,0,0,42,8.334144,0.023476462,396,10,8,244,83.58028169,1.881690141,1,1,0,1,0.02,0,0,0.013822765,0.138227652,4.696,0.1067873,4.8027873,0.75,25,TT,saed05rvt_base_tt0p75v25c,562.5,5.874930731,5.874930731,0,4.143134726,0,5.087596335,4.510859507,0,0,3.761200116,2.233679075,5.983936281,2.397895273,2.197224577,4.822287,0.10011823,4.9224052,2.490594221,2.689247927,6.245192731,Ok,Ok,Ok,,,
moving_average_filter,1000,0.37,0.1,355,355,0,62,0,161,90,0,0,42,8.334144,0.023476462,396,10,8,244,83.58028169,1.881690141,1,1,0,1,0.02,0,0,0.034845005,0.094175689,16.6329,0.1115935,16.7444935,0.75,25,TT,saed05rvt_base_tt0p75v25c,562.5,5.874930731,5.874930731,0,4.143134726,0,5.087596335,4.510859507,0,0,3.761200116,2.233679075,5.983936281,2.397895273,2.197224577,15.854595,0.10021102,15.954806,4.716100682,4.679309174,10.19995176,Ok,Ok,Ok,,,
moving_average_filter,1000,0.37,0.37,355,355,0,62,0,161,90,0,0,42,8.334144,0.023476462,396,10,8,244,83.58028169,1.881690141,1,1,0,1,0.02,0,0,0.034893725,0.094307364,16.0025,0.1100222,16.1125222,0.75,25,TT,saed05rvt_base_tt0p75v25c,562.5,5.874930731,5.874930731,0,4.143134726,0,5.087596335,4.510859507,0,0,3.761200116,2.233679075,5.983936281,2.397895273,2.197224577,16.033056,0.09850737,16.131563,0.118175084,0.190946784,10.46591772,Ok,Ok,Ok,,,
moving_average_filter,1000,0.37,0.63,355,355,0,62,0,161,90,0,0,42,8.334144,0.023476462,396,10,8,244,83.58028169,1.881690141,1,1,0,1,0.02,0,0,0.034724869,0.093850996,15.3371,0.1084617,15.4455617,0.75,25,TT,saed05rvt_base_tt0p75v25c,562.5,5.874930731,5.874930731,0,4.143134726,0,5.087596335,4.510859507,0,0,3.761200116,2.233679075,5.983936281,2.397895273,2.197224577,16.027416,0.098824196,16.12624,4.406949322,4.500956695,8.885629154,Ok,Ok,Ok,,,
moving_average_filter,1000,0.37,0.9,355,355,0,62,0,161,90,0,0,42,8.334144,0.023476462,396,10,8,244,83.58028169,1.881690141,1,1,0,1,0.02,0,0,0.033982119,0.091843564,14.5212,0.1067837,14.6279837,0.75,25,TT,saed05rvt_base_tt0p75v25c,562.5,5.874930731,5.874930731,0,4.143134726,0,5.087596335,4.510859507,0,0,3.761200116,2.233679075,5.983936281,2.397895273,2.197224577,15.457943,0.099491514,15.557434,6.353920001,6.450864685,6.828931508,Ok,Ok,Ok,,,
moving_average_filter,1000,0.63,0.1,355,355,0,62,0,161,90,0,0,42,8.334144,0.023476462,396,10,8,244,83.58028169,1.881690141,1,1,0,1,0.02,0,0,0.052949591,0.08404697,26.9016,0.1115975,27.0131975,0.75,25,TT,saed05rvt_base_tt0p75v25c,562.5,5.874930731,5.874930731,0,4.143134726,0,5.087596335,4.510859507,0,0,3.761200116,2.233679075,5.983936281,2.397895273,2.197224577,24.974495,0.09998912,25.074484,7.176912798,7.163533269,10.40200395,Ok,Ok,Ok,,,
moving_average_filter,1000,0.63,0.37,355,355,0,62,0,161,90,0,0,42,8.334144,0.023476462,396,10,8,244,83.58028169,1.881690141,1,1,0,1,0.02,0,0,0.053936551,0.085613572,26.1957,0.110024,26.305724,0.75,25,TT,saed05rvt_base_tt0p75v25c,562.5,5.874930731,5.874930731,0,4.143134726,0,5.087596335,4.510859507,0,0,3.761200116,2.233679075,5.983936281,2.397895273,2.197224577,25.089664,0.098476745,25.18814,4.248440875,4.222202655,10.49521451,Ok,Ok,Ok,,,
moving_average_filter,1000,0.63,0.63,355,355,0,62,0,161,90,0,0,42,8.334144,0.023476462,396,10,8,244,83.58028169,1.881690141,1,1,0,1,0.02,0,0,0.053758927,0.08533163,25.1565,0.1084589,25.2649589,0.75,25,TT,saed05rvt_base_tt0p75v25c,562.5,5.874930731,5.874930731,0,4.143134726,0,5.087596335,4.510859507,0,0,3.761200116,2.233679075,5.983936281,2.397895273,2.197224577,25.034555,0.09809389,25.132648,0.523691459,0.484743763,9.556624995,Ok,Ok,Ok,,,
moving_average_filter,1000,0.63,0.9,355,355,0,62,0,161,90,0,0,42,8.334144,0.023476462,396,10,8,244,83.58028169,1.881690141,1,1,0,1,0.02,0,0,0.05230879,0.083029826,23.8123,0.1068181,23.9191181,0.75,25,TT,saed05rvt_base_tt0p75v25c,562.5,5.874930731,5.874930731,0,4.143134726,0,5.087596335,4.510859507,0,0,3.761200116,2.233679075,5.983936281,2.397895273,2.197224577,24.8411,0.09918922,24.94029,4.269272583,4.320459144,7.141933943,Ok,Ok,Ok,,,
moving_average_filter,1000,0.9,0.1,355,355,0,62,0,161,90,0,0,42,8.334144,0.023476462,396,10,8,244,83.58028169,1.881690141,1,1,0,1,0.02,0,0,0.070463944,0.078293272,37.1297,0.1115997,37.2412997,0.75,25,TT,saed05rvt_base_tt0p75v25c,562.5,5.874930731,5.874930731,0,4.143134726,0,5.087596335,4.510859507,0,0,3.761200116,2.233679075,5.983936281,2.397895273,2.197224577,34.750996,0.09998351,34.85098,6.418467851,6.406473427,10.40879738,Ok,Ok,Ok,,,
moving_average_filter,1000,0.9,0.37,355,355,0,62,0,161,90,0,0,42,8.334144,0.023476462,396,10,8,244,83.58028169,1.881690141,1,1,0,1,0.02,0,0,0.073047682,0.081164091,36.5966,0.1100246,36.7066246,0.75,25,TT,saed05rvt_base_tt0p75v25c,562.5,5.874930731,5.874930731,0,4.143134726,0,5.087596335,4.510859507,0,0,3.761200116,2.233679075,5.983936281,2.397895273,2.197224577,35.106823,0.09850672,35.20533,4.089982997,4.070807213,10.4684599,Ok,Ok,Ok,,,
moving_average_filter,1000,0.9,0.63,355,355,0,62,0,161,90,0,0,42,8.334144,0.023476462,396,10,8,244,83.58028169,1.881690141,1,1,0,1,0.02,0,0,0.072743126,0.080825696,35.1726,0.1084571,35.2810571,0.75,25,TT,saed05rvt_base_tt0p75v25c,562.5,5.874930731,5.874930731,0,4.143134726,0,5.087596335,4.510859507,0,0,3.761200116,2.233679075,5.983936281,2.397895273,2.197224577,35.362995,0.09785915,35.460854,0.509611932,0.541316672,9.771557914,Ok,Ok,Ok,,,
moving_average_filter,1000,0.9,0.9,355,355,0,62,0,161,90,0,0,42,8.334144,0.023476462,396,10,8,244,83.58028169,1.881690141,1,1,0,1,0.02,0,0,0.069914538,0.07768282,33.2208,0.1068494,33.3276494,0.75,25,TT,saed05rvt_base_tt0p75v25c,562.5,5.874930731,5.874930731,0,4.143134726,0,5.087596335,4.510859507,0,0,3.761200116,2.233679075,5.983936281,2.397895273,2.197224577,35.241165,0.099406205,35.340572,6.039798766,6.081627056,6.966061468,Ok,Ok,Ok,,,
moving_average_filter,10,0.1,0.1,355,355,0,62,0,155,95,0,0,43,8.342208,0.023499177,396,10,8,244,83.92957746,1.881690141,1,1,0,1,0.02,0,0,0.004550783,0.045507828,3.1938,9.9446,13.1384,0.75,125,TT,saed05rvt_base_tt0p75v125c,5.625,5.874930731,5.874930731,0,4.143134726,0,5.049856007,4.564348191,0,0,3.784189634,2.234542627,5.983936281,2.397895273,2.197224577,3.0214572,8.448732,11.47019,12.69720782,5.396167722,15.04200897,Ok,Ok,Anomal,,,
moving_average_filter,10,0.1,0.37,355,355,0,62,0,155,95,0,0,43,8.342208,0.023499177,396,10,8,244,83.92957746,1.881690141,1,1,0,1,0.02,0,0,0.004778301,0.047783005,3.2611,9.6797,12.9408,0.75,125,TT,saed05rvt_base_tt0p75v125c,5.625,5.874930731,5.874930731,0,4.143134726,0,5.049856007,4.564348191,0,0,3.784189634,2.234542627,5.983936281,2.397895273,2.197224577,3.0642104,8.452662,11.516872,11.00339696,6.037520625,12.67640043,Ok,Ok,Ok,,,
moving_average_filter,10,0.1,0.63,355,355,0,62,0,155,95,0,0,43,8.342208,0.023499177,396,10,8,244,83.92957746,1.881690141,1,1,0,1,0.02,0,0,0.004778298,0.04778298,3.2461,9.4332,12.6793,0.75,125,TT,saed05rvt_base_tt0p75v125c,5.625,5.874930731,5.874930731,0,4.143134726,0,5.049856007,4.564348191,0,0,3.784189634,2.234542627,5.983936281,2.397895273,2.197224577,3.117118,8.415509,11.532627,9.043660883,3.973448699,10.78839393,Ok,Ok,Ok,,,
moving_average_filter,10,0.1,0.9,355,355,0,62,0,155,95,0,0,43,8.342208,0.023499177,396,10,8,244,83.92957746,1.881690141,1,1,0,1,0.02,0,0,0.004551013,0.045510126,3.1862,9.1446,12.3308,0.75,125,TT,saed05rvt_base_tt0p75v125c,5.625,5.874930731,5.874930731,0,4.143134726,0,5.049856007,4.564348191,0,0,3.784189634,2.234542627,5.983936281,2.397895273,2.197224577,3.173801,8.343574,11.517374,6.59670063,0.389148664,8.759556785,Ok,Ok,Ok,,,
moving_average_filter,10,0.37,0.1,355,355,0,62,0,155,95,0,0,43,8.342208,0.023499177,396,10,8,244,83.92957746,1.881690141,1,1,0,1,0.02,0,0,0.016823753,0.045469601,11.8142,9.9447,21.7589,0.75,125,TT,saed05rvt_base_tt0p75v125c,5.625,5.874930731,5.874930731,0,4.143134726,0,5.049856007,4.564348191,0,0,3.784189634,2.234542627,5.983936281,2.397895273,2.197224577,11.785,8.426238,20.211239,7.112772883,0.247161489,15.26905729,Ok,Ok,Anomal,,,
moving_average_filter,10,0.37,0.37,355,355,0,62,0,155,95,0,0,43,8.342208,0.023499177,396,10,8,244,83.92957746,1.881690141,1,1,0,1,0.02,0,0,0.017051028,0.046083859,11.8741,9.6797,21.5538,0.75,125,TT,saed05rvt_base_tt0p75v125c,5.625,5.874930731,5.874930731,0,4.143134726,0,5.049856007,4.564348191,0,0,3.784189634,2.234542627,5.983936281,2.397895273,2.197224577,11.872666,8.461726,20.334393,5.657505648,0.012073682,12.58276405,Ok,Ok,Ok,,,
moving_average_filter,10,0.37,0.63,355,355,0,62,0,155,95,0,0,43,8.342208,0.023499177,396,10,8,244,83.92957746,1.881690141,1,1,0,1,0.02,0,0,0.017051025,0.046083852,11.8523,9.4332,21.2855,0.75,125,TT,saed05rvt_base_tt0p75v125c,5.625,5.874930731,5.874930731,0,4.143134726,0,5.049856007,4.564348191,0,0,3.784189634,2.234542627,5.983936281,2.397895273,2.197224577,11.96812,8.4257555,20.393875,4.188883878,0.977191104,10.67977462,Ok,Ok,Ok,,,
moving_average_filter,10,0.37,0.9,355,355,0,62,0,155,95,0,0,43,8.342208,0.023499177,396,10,8,244,83.92957746,1.881690141,1,1,0,1,0.02,0,0,0.01682374,0.045469567,11.7857,9.1446,20.9303,0.75,125,TT,saed05rvt_base_tt0p75v125c,5.625,5.874930731,5.874930731,0,4.143134726,0,5.049856007,4.564348191,0,0,3.784189634,2.234542627,5.983936281,2.397895273,2.197224577,11.991432,8.336082,20.327515,2.879965178,1.745608576,8.841475204,Ok,Ok,Ok,,,
moving_average_filter,10,0.63,0.1,355,355,0,62,0,155,95,0,0,43,8.342208,0.023499177,396,10,8,244,83.92957746,1.881690141,1,1,0,1,0.02,0,0,0.028641934,0.045463388,20.1152,9.9447,30.0599,0.75,125,TT,saed05rvt_base_tt0p75v125c,5.625,5.874930731,5.874930731,0,4.143134726,0,5.049856007,4.564348191,0,0,3.784189634,2.234542627,5.983936281,2.397895273,2.197224577,21.716515,8.419137,30.13565,0.251998958,7.960719194,15.34046275,Ok,Ok,Anomal,,,
moving_average_filter,10,0.63,0.37,355,355,0,62,0,155,95,0,0,43,8.342208,0.023499177,396,10,8,244,83.92957746,1.881690141,1,1,0,1,0.02,0,0,0.02886921,0.045824142,20.1681,9.6797,29.8478,0.75,125,TT,saed05rvt_base_tt0p75v125c,5.625,5.874930731,5.874930731,0,4.143134726,0,5.049856007,4.564348191,0,0,3.784189634,2.234542627,5.983936281,2.397895273,2.197224577,21.966137,8.469961,30.436098,1.970993168,8.915251969,12.49768933,Ok,Ok,Ok,,,
moving_average_filter,10,0.63,0.63,355,355,0,62,0,155,95,0,0,43,8.342208,0.023499177,396,10,8,244,83.92957746,1.881690141,1,1,0,1,0.02,0,0,0.028869207,0.045824138,20.1398,9.4332,29.573,0.75,125,TT,saed05rvt_base_tt0p75v125c,5.625,5.874930731,5.874930731,0,4.143134726,0,5.049856007,4.564348191,0,0,3.784189634,2.234542627,5.983936281,2.397895273,2.197224577,22.093801,8.437583,30.531384,3.240738222,9.70218919,10.55439332,Ok,Ok,Ok,,,
moving_average_filter,10,0.63,0.9,355,355,0,62,0,155,95,0,0,43,8.342208,0.023499177,396,10,8,244,83.92957746,1.881690141,1,1,0,1,0.02,0,0,0.028641922,0.045463368,20.0668,9.1446,29.2114,0.75,125,TT,saed05rvt_base_tt0p75v125c,5.625,5.874930731,5.874930731,0,4.143134726,0,5.049856007,4.564348191,0,0,3.784189634,2.234542627,5.983936281,2.397895273,2.197224577,22.183813,8.324386,30.508198,4.43935513,10.54982905,8.969384741,Ok,Ok,Ok,,,
moving_average_filter,10,0.9,0.1,355,355,0,62,0,155,95,0,0,43,8.342208,0.023499177,396,10,8,244,83.92957746,1.881690141,1,1,0,1,0.02,0,0,0.040914662,0.045460735,28.7355,9.9447,38.6802,0.75,125,TT,saed05rvt_base_tt0p75v125c,5.625,5.874930731,5.874930731,0,4.143134726,0,5.049856007,4.564348191,0,0,3.784189634,2.234542627,5.983936281,2.397895273,2.197224577,30.665745,8.408422,39.074165,1.018519408,6.717282739,15.44820387,Ok,Ok,Anomal,,,
moving_average_filter,10,0.9,0.37,355,355,0,62,0,155,95,0,0,43,8.342208,0.023499177,396,10,8,244,83.92957746,1.881690141,1,1,0,1,0.02,0,0,0.041141937,0.045713263,28.781,9.6797,38.4607,0.75,125,TT,saed05rvt_base_tt0p75v125c,5.625,5.874930731,5.874930731,0,4.143134726,0,5.049856007,4.564348191,0,0,3.784189634,2.234542627,5.983936281,2.397895273,2.197224577,30.753624,8.476891,39.230515,2.001561403,6.853910435,12.42610242,Ok,Ok,Ok,,,
moving_average_filter,10,0.9,0.63,355,355,0,62,0,155,95,0,0,43,8.342208,0.023499177,396,10,8,244,83.92957746,1.881690141,1,1,0,1,0.02,0,0,0.041141934,0.04571326,28.746,9.4332,38.1792,0.75,125,TT,saed05rvt_base_tt0p75v125c,5.625,5.874930731,5.874930731,0,4.143134726,0,5.049856007,4.564348191,0,0,3.784189634,2.234542627,5.983936281,2.397895273,2.197224577,30.914497,8.436699,39.351196,3.069724586,7.543649118,10.56376507,Ok,Ok,Ok,,,
moving_average_filter,10,0.9,0.9,355,355,0,62,0,155,95,0,0,43,8.342208,0.023499177,396,10,8,244,83.92957746,1.881690141,1,1,0,1,0.02,0,0,0.040914649,0.045460721,28.6663,9.1446,37.8109,0.75,125,TT,saed05rvt_base_tt0p75v125c,5.625,5.874930731,5.874930731,0,4.143134726,0,5.049856007,4.564348191,0,0,3.784189634,2.234542627,5.983936281,2.397895273,2.197224577,30.904295,8.305715,39.21001,3.700283592,7.807059047,9.173560273,Ok,Ok,Ok,,,
moving_average_filter,50,0.1,0.1,355,355,0,62,0,155,95,0,0,43,8.342208,0.023499177,396,10,8,244,83.92957746,1.881690141,1,1,0,1,0.02,0,0,0.004571563,0.045715631,3.198,9.9446,13.1426,0.75,125,TT,saed05rvt_base_tt0p75v125c,28.125,5.874930731,5.874930731,0,4.143134726,0,5.049856007,4.564348191,0,0,3.784189634,2.234542627,5.983936281,2.397895273,2.197224577,3.1185918,8.451596,11.5701885,11.96423446,2.483058617,15.01321059,Ok,Ok,Anomal,,,
moving_average_filter,50,0.1,0.37,355,355,0,62,0,155,95,0,0,43,8.342208,0.023499177,396,10,8,244,83.92957746,1.881690141,1,1,0,1,0.02,0,0,0.005709364,0.057093636,3.5457,9.6797,13.2254,0.75,125,TT,saed05rvt_base_tt0p75v125c,28.125,5.874930731,5.874930731,0,4.143134726,0,5.049856007,4.564348191,0,0,3.784189634,2.234542627,5.983936281,2.397895273,2.197224577,3.2525716,8.44764,11.7002125,11.53226006,8.267152247,12.7282827,Ok,Ok,Ok,,,
moving_average_filter,50,0.1,0.63,355,355,0,62,0,155,95,0,0,43,8.342208,0.023499177,396,10,8,244,83.92957746,1.881690141,1,1,0,1,0.02,0,0,0.005709331,0.057093308,3.4805,9.4332,12.9137,0.75,125,TT,saed05rvt_base_tt0p75v125c,28.125,5.874930731,5.874930731,0,4.143134726,0,5.049856007,4.564348191,0,0,3.784189634,2.234542627,5.983936281,2.397895273,2.197224577,3.3111148,8.410738,11.721853,9.229320363,4.86669191,10.83897308,Ok,Ok,Ok,,,
moving_average_filter,50,0.1,0.9,355,355,0,62,0,155,95,0,0,43,8.342208,0.023499177,396,10,8,244,83.92957746,1.881690141,1,1,0,1,0.02,0,0,0.004572912,0.045729116,3.1908,9.1446,12.3354,0.75,125,TT,saed05rvt_base_tt0p75v125c,28.125,5.874930731,5.874930731,0,4.143134726,0,5.049856007,4.564348191,0,0,3.784189634,2.234542627,5.983936281,2.397895273,2.197224577,3.290248,8.349521,11.639769,5.639309625,3.116707947,8.694522633,Ok,Ok,Ok,,,
moving_average_filter,50,0.37,0.1,355,355,0,62,0,155,95,0,0,43,8.342208,0.023499177,396,10,8,244,83.92957746,1.881690141,1,1,0,1,0.02,0,0,0.016845689,0.04552889,11.8191,9.9447,21.7638,0.75,125,TT,saed05rvt_base_tt0p75v125c,28.125,5.874930731,5.874930731,0,4.143134726,0,5.049856007,4.564348191,0,0,3.784189634,2.234542627,5.983936281,2.397895273,2.197224577,12.378953,8.426241,20.805195,4.404585345,4.736849507,15.26902852,Ok,Ok,Anomal,,,
moving_average_filter,50,0.37,0.37,355,355,0,62,0,155,95,0,0,43,8.342208,0.023499177,396,10,8,244,83.92957746,1.881690141,1,1,0,1,0.02,0,0,0.017982091,0.048600246,12.1586,9.6797,21.8383,0.75,125,TT,saed05rvt_base_tt0p75v125c,28.125,5.874930731,5.874930731,0,4.143134726,0,5.049856007,4.564348191,0,0,3.784189634,2.234542627,5.983936281,2.397895273,2.197224577,12.531419,8.462273,20.99369,3.867560704,3.066297109,12.57711867,Ok,Ok,Ok,,,
moving_average_filter,50,0.37,0.63,355,355,0,62,0,155,95,0,0,43,8.342208,0.023499177,396,10,8,244,83.92957746,1.881690141,1,1,0,1,0.02,0,0,0.017982058,0.048600157,12.0867,9.4332,21.5199,0.75,125,TT,saed05rvt_base_tt0p75v125c,28.125,5.874930731,5.874930731,0,4.143134726,0,5.049856007,4.564348191,0,0,3.784189634,2.234542627,5.983936281,2.397895273,2.197224577,12.645805,8.426562,21.072369,2.07961644,4.625789991,10.67122176,Ok,Ok,Ok,,,
moving_average_filter,50,0.37,0.9,355,355,0,62,0,155,95,0,0,43,8.342208,0.023499177,396,10,8,244,83.92957746,1.881690141,1,1,0,1,0.02,0,0,0.016845639,0.045528754,11.7904,9.1446,20.935,0.75,125,TT,saed05rvt_base_tt0p75v125c,28.125,5.874930731,5.874930731,0,4.143134726,0,5.049856007,4.564348191,0,0,3.784189634,2.234542627,5.983936281,2.397895273,2.197224577,12.605403,8.342235,20.947638,0.060365694,6.912428302,8.774198855,Ok,Ok,Ok,,,
moving_average_filter,50,0.63,0.1,355,355,0,62,0,155,95,0,0,43,8.342208,0.023499177,396,10,8,244,83.92957746,1.881690141,1,1,0,1,0.02,0,0,0.028663871,0.045498208,20.1201,9.9447,30.0648,0.75,125,TT,saed05rvt_base_tt0p75v125c,28.125,5.874930731,5.874930731,0,4.143134726,0,5.049856007,4.564348191,0,0,3.784189634,2.234542627,5.983936281,2.397895273,2.197224577,22.145739,8.420372,30.56611,1.667433713,10.06773625,15.32804399,Ok,Ok,Anomal,,,
moving_average_filter,50,0.63,0.37,355,355,0,62,0,155,95,0,0,43,8.342208,0.023499177,396,10,8,244,83.92957746,1.881690141,1,1,0,1,0.02,0,0,0.029800273,0.04730202,20.4526,9.6797,30.1323,0.75,125,TT,saed05rvt_base_tt0p75v125c,28.125,5.874930731,5.874930731,0,4.143134726,0,5.049856007,4.564348191,0,0,3.784189634,2.234542627,5.983936281,2.397895273,2.197224577,22.431976,8.469566,30.901543,2.552883994,9.677871363,12.50176818,Ok,Ok,Ok,,,
moving_average_filter,50,0.63,0.63,355,355,0,62,0,155,95,0,0,43,8.342208,0.023499177,396,10,8,244,83.92957746,1.881690141,1,1,0,1,0.02,0,0,0.02980024,0.047301968,20.3742,9.4332,29.8074,0.75,125,TT,saed05rvt_base_tt0p75v125c,28.125,5.874930731,5.874930731,0,4.143134726,0,5.049856007,4.564348191,0,0,3.784189634,2.234542627,5.983936281,2.397895273,2.197224577,22.488962,8.437667,30.926628,3.75486662,10.37960839,10.55350366,Ok,Ok,Ok,,,
moving_average_filter,50,0.63,0.9,355,355,0,62,0,155,95,0,0,43,8.342208,0.023499177,396,10,8,244,83.92957746,1.881690141,1,1,0,1,0.02,0,0,0.028663821,0.045498128,20.0714,9.1446,29.216,0.75,125,TT,saed05rvt_base_tt0p75v125c,28.125,5.874930731,5.874930731,0,4.143134726,0,5.049856007,4.564348191,0,0,3.784189634,2.234542627,5.983936281,2.397895273,2.197224577,22.464111,8.326667,30.79078,5.390125663,11.92099868,8.944438992,Ok,Ok,Ok,,,
moving_average_filter,50,0.9,0.1,355,355,0,62,0,155,95,0,0,43,8.342208,0.023499177,396,10,8,244,83.92957746,1.881690141,1,1,0,1,0.02,0,0,0.040936598,0.045485109,28.7404,9.9447,38.6851,0.75,125,TT,saed05rvt_base_tt0p75v125c,28.125,5.874930731,5.874930731,0,4.143134726,0,5.049856007,4.564348191,0,0,3.784189634,2.234542627,5.983936281,2.397895273,2.197224577,31.303963,8.409674,39.71364,2.658745371,8.919718263,15.43562208,Ok,Ok,Anomal,,,
moving_average_filter,50,0.9,0.37,355,355,0,62,0,155,95,0,0,43,8.342208,0.023499177,396,10,8,244,83.92957746,1.881690141,1,1,0,1,0.02,0,0,0.042073,0.046747778,29.0656,9.6797,38.7453,0.75,125,TT,saed05rvt_base_tt0p75v125c,28.125,5.874930731,5.874930731,0,4.143134726,0,5.049856007,4.564348191,0,0,3.784189634,2.234542627,5.983936281,2.397895273,2.197224577,31.440567,8.475529,39.916096,3.021774857,8.17105794,12.44017152,Ok,Ok,Ok,,,
moving_average_filter,50,0.9,0.63,355,355,0,62,0,155,95,0,0,43,8.342208,0.023499177,396,10,8,244,83.92957746,1.881690141,1,1,0,1,0.02,0,0,0.042072967,0.046747741,28.9804,9.4332,38.4136,0.75,125,TT,saed05rvt_base_tt0p75v125c,28.125,5.874930731,5.874930731,0,4.143134726,0,5.049856007,4.564348191,0,0,3.784189634,2.234542627,5.983936281,2.397895273,2.197224577,31.582626,8.438686,40.021313,4.185269575,8.979263029,10.54269632,Ok,Ok,Ok,,,
moving_average_filter,50,0.9,0.9,355,355,0,62,0,155,95,0,0,43,8.342208,0.023499177,396,10,8,244,83.92957746,1.881690141,1,1,0,1,0.02,0,0,0.040936548,0.045485053,28.671,9.1446,37.8156,0.75,125,TT,saed05rvt_base_tt0p75v125c,28.125,5.874930731,5.874930731,0,4.143134726,0,5.049856007,4.564348191,0,0,3.784189634,2.234542627,5.983936281,2.397895273,2.197224577,31.56477,8.307945,39.872715,5.439858144,10.09301993,9.149167252,Ok,Ok,Ok,,,
moving_average_filter,100,0.1,0.1,355,355,0,62,0,155,95,0,0,43,8.342208,0.023499177,396,10,8,244,83.92957746,1.881690141,1,1,0,1,0.02,0,0,0.014391808,0.143918081,5.6376,9.7135,15.3511,0.75,125,TT,saed05rvt_base_tt0p75v125c,56.25,5.874930731,5.874930731,0,4.143134726,0,5.049856007,4.564348191,0,0,3.784189634,2.234542627,5.983936281,2.397895273,2.197224577,4.321492,8.34062,12.662112,17.51658034,23.34517889,14.13373098,Anomal,Anomal,Ok,,,
moving_average_filter,100,0.1,0.37,355,355,0,62,0,155,95,0,0,43,8.342208,0.023499177,396,10,8,244,83.92957746,1.881690141,1,1,0,1,0.02,0,0,0.015178609,0.151786086,5.6154,9.4881,15.1035,0.75,125,TT,saed05rvt_base_tt0p75v125c,56.25,5.874930731,5.874930731,0,4.143134726,0,5.049856007,4.564348191,0,0,3.784189634,2.234542627,5.983936281,2.397895273,2.197224577,4.4095907,8.363653,12.773244,15.42858341,21.47325709,11.85112738,Anomal,Anomal,Ok,,,
moving_average_filter,100,0.1,0.63,355,355,0,62,0,155,95,0,0,43,8.342208,0.023499177,396,10,8,244,83.92957746,1.881690141,1,1,0,1,0.02,0,0,0.014878646,0.148786465,5.3418,9.2572,14.599,0.75,125,TT,saed05rvt_base_tt0p75v125c,56.25,5.874930731,5.874930731,0,4.143134726,0,5.049856007,4.564348191,0,0,3.784189634,2.234542627,5.983936281,2.397895273,2.197224577,4.4348946,8.339456,12.77435,12.49845766,16.97752515,9.91384431,Ok,Anomal,Ok,,,
moving_average_filter,100,0.1,0.9,355,355,0,62,0,155,95,0,0,43,8.342208,0.023499177,396,10,8,244,83.92957746,1.881690141,1,1,0,1,0.02,0,0,0.014387467,0.143874672,5.0472,9.0175,14.0647,0.75,125,TT,saed05rvt_base_tt0p75v125c,56.25,5.874930731,5.874930731,0,4.143134726,0,5.049856007,4.564348191,0,0,3.784189634,2.234542627,5.983936281,2.397895273,2.197224577,4.503599,8.289655,12.793254,9.039980244,10.77034461,8.071475112,Ok,Ok,Ok,,,
moving_average_filter,100,0.37,0.1,355,355,0,62,0,155,95,0,0,43,8.342208,0.023499177,396,10,8,244,83.92957746,1.881690141,1,1,0,1,0.02,0,0,0.02674754,0.07229065,14.1495,9.7122,23.8617,0.75,125,TT,saed05rvt_base_tt0p75v125c,56.25,5.874930731,5.874930731,0,4.143134726,0,5.049856007,4.564348191,0,0,3.784189634,2.234542627,5.983936281,2.397895273,2.197224577,13.819637,8.401861,22.221498,6.873783136,2.331267546,13.4916786,Ok,Ok,Ok,,,
moving_average_filter,100,0.37,0.37,355,355,0,62,0,155,95,0,0,43,8.342208,0.023499177,396,10,8,244,83.92957746,1.881690141,1,1,0,1,0.02,0,0,0.029021497,0.07843648,14.6708,9.484,24.1548,0.75,125,TT,saed05rvt_base_tt0p75v125c,56.25,5.874930731,5.874930731,0,4.143134726,0,5.049856007,4.564348191,0,0,3.784189634,2.234542627,5.983936281,2.397895273,2.197224577,14.173567,8.436902,22.61047,6.393471202,3.389271081,11.04067855,Ok,Ok,Ok,,,
moving_average_filter,100,0.37,0.63,355,355,0,62,0,155,95,0,0,43,8.342208,0.023499177,396,10,8,244,83.92957746,1.881690141,1,1,0,1,0.02,0,0,0.029020558,0.078433941,14.3739,9.2728,23.6467,0.75,125,TT,saed05rvt_base_tt0p75v125c,56.25,5.874930731,5.874930731,0,4.143134726,0,5.049856007,4.564348191,0,0,3.784189634,2.234542627,5.983936281,2.397895273,2.197224577,14.308389,8.402059,22.710447,3.959337618,0.455765589,9.390274767,Ok,Ok,Ok,,,
moving_average_filter,100,0.37,0.9,355,355,0,62,0,155,95,0,0,43,8.342208,0.023499177,396,10,8,244,83.92957746,1.881690141,1,1,0,1,0.02,0,0,0.026747677,0.072291018,13.6223,9.0209,22.6432,0.75,125,TT,saed05rvt_base_tt0p75v125c,56.25,5.874930731,5.874930731,0,4.143134726,0,5.049856007,4.564348191,0,0,3.784189634,2.234542627,5.983936281,2.397895273,2.197224577,14.101188,8.329056,22.430244,0.940483475,3.515468797,7.669348001,Ok,Ok,Ok,,,
moving_average_filter,100,0.63,0.1,355,355,0,62,0,155,95,0,0,43,8.342208,0.023499177,396,10,8,244,83.92957746,1.881690141,1,1,0,1,0.02,0,0,0.038565722,0.061215432,22.4386,9.7122,32.1508,0.75,125,TT,saed05rvt_base_tt0p75v125c,56.25,5.874930731,5.874930731,0,4.143134726,0,5.049856007,4.564348191,0,0,3.784189634,2.234542627,5.983936281,2.397895273,2.197224577,23.474169,8.406274,31.880444,0.840901088,4.615122055,13.4462445,Ok,Ok,Ok,,,
moving_average_filter,100,0.63,0.37,355,355,0,62,0,155,95,0,0,43,8.342208,0.023499177,396,10,8,244,83.92957746,1.881690141,1,1,0,1,0.02,0,0,0.040839679,0.064824888,22.9526,9.484,32.4366,0.75,125,TT,saed05rvt_base_tt0p75v125c,56.25,5.874930731,5.874930731,0,4.143134726,0,5.049856007,4.564348191,0,0,3.784189634,2.234542627,5.983936281,2.397895273,2.197224577,23.781782,8.453079,32.234863,0.62194163,3.61258485,10.87010519,Ok,Ok,Ok,,,
moving_average_filter,100,0.63,0.63,355,355,0,62,0,155,95,0,0,43,8.342208,0.023499177,396,10,8,244,83.92957746,1.881690141,1,1,0,1,0.02,0,0,0.04083874,0.064823397,22.649,9.2728,31.9218,0.75,125,TT,saed05rvt_base_tt0p75v125c,56.25,5.874930731,5.874930731,0,4.143134726,0,5.049856007,4.564348191,0,0,3.784189634,2.234542627,5.983936281,2.397895273,2.197224577,23.758904,8.425724,32.184628,0.823348097,4.900452574,9.135061367,Ok,Ok,Ok,,,
moving_average_filter,100,0.63,0.9,355,355,0,62,0,155,95,0,0,43,8.342208,0.023499177,396,10,8,244,83.92957746,1.881690141,1,1,0,1,0.02,0,0,0.038565859,0.061215649,21.8906,9.0209,30.9115,0.75,125,TT,saed05rvt_base_tt0p75v125c,56.25,5.874930731,5.874930731,0,4.143134726,0,5.049856007,4.564348191,0,0,3.784189634,2.234542627,5.983936281,2.397895273,2.197224577,23.566872,8.319634,31.886505,3.154182511,7.657495195,7.773787121,Ok,Ok,Ok,,,
moving_average_filter,100,0.9,0.1,355,355,0,62,0,155,95,0,0,43,8.342208,0.023499177,396,10,8,244,83.92957746,1.881690141,1,1,0,1,0.02,0,0,0.050838449,0.056487166,31.046,9.7122,40.7582,0.75,125,TT,saed05rvt_base_tt0p75v125c,56.25,5.874930731,5.874930731,0,4.143134726,0,5.049856007,4.564348191,0,0,3.784189634,2.234542627,5.983936281,2.397895273,2.197224577,32.694847,8.400438,41.095284,0.827032372,5.310980825,13.50632906,Ok,Ok,Ok,,,
moving_average_filter,100,0.9,0.37,355,355,0,62,0,155,95,0,0,43,8.342208,0.023499177,396,10,8,244,83.92957746,1.881690141,1,1,0,1,0.02,0,0,0.053112407,0.059013785,31.5524,9.484,41.0364,0.75,125,TT,saed05rvt_base_tt0p75v125c,56.25,5.874930731,5.874930731,0,4.143134726,0,5.049856007,4.564348191,0,0,3.784189634,2.234542627,5.983936281,2.397895273,2.197224577,32.968815,8.464151,41.43297,0.966381407,4.489087517,10.75335953,Ok,Ok,Ok,,,
moving_average_filter,100,0.9,0.63,355,355,0,62,0,155,95,0,0,43,8.342208,0.023499177,396,10,8,244,83.92957746,1.881690141,1,1,0,1,0.02,0,0,0.053111467,0.059012741,31.242,9.2728,40.5148,0.75,125,TT,saed05rvt_base_tt0p75v125c,56.25,5.874930731,5.874930731,0,4.143134726,0,5.049856007,4.564348191,0,0,3.784189634,2.234542627,5.983936281,2.397895273,2.197224577,33.16321,8.431607,41.59482,2.66573725,6.149452092,9.071615409,Ok,Ok,Ok,,,
moving_average_filter,100,0.9,0.9,355,355,0,62,0,155,95,0,0,43,8.342208,0.023499177,396,10,8,244,83.92957746,1.881690141,1,1,0,1,0.02,0,0,0.050838586,0.056487318,30.4768,9.0209,39.4977,0.75,125,TT,saed05rvt_base_tt0p75v125c,56.25,5.874930731,5.874930731,0,4.143134726,0,5.049856007,4.564348191,0,0,3.784189634,2.234542627,5.983936281,2.397895273,2.197224577,33.25469,8.303774,41.558464,5.217427978,9.114763567,7.949607245,Ok,Ok,Ok,,,
moving_average_filter,200,0.1,0.1,355,355,0,62,0,155,95,0,0,43,8.342208,0.023499177,396,10,8,244,83.92957746,1.881690141,1,1,0,1,0.02,0,0,0.013373429,0.133734293,5.504,9.7626,15.2666,0.75,125,TT,saed05rvt_base_tt0p75v125c,112.5,5.874930731,5.874930731,0,4.143134726,0,5.049856007,4.564348191,0,0,3.784189634,2.234542627,5.983936281,2.397895273,2.197224577,4.3627043,8.367083,12.729787,16.61675243,20.73575078,14.29452609,Anomal,Anomal,Ok,,,
moving_average_filter,200,0.1,0.37,355,355,0,62,0,155,95,0,0,43,8.342208,0.023499177,396,10,8,244,83.92957746,1.881690141,1,1,0,1,0.02,0,0,0.013752078,0.137520783,5.3454,9.5215,14.8669,0.75,125,TT,saed05rvt_base_tt0p75v125c,112.5,5.874930731,5.874930731,0,4.143134726,0,5.049856007,4.564348191,0,0,3.784189634,2.234542627,5.983936281,2.397895273,2.197224577,4.436504,8.384574,12.821077,13.76092294,17.00333208,11.94061927,Ok,Anomal,Ok,,,
moving_average_filter,200,0.1,0.63,355,355,0,62,0,155,95,0,0,43,8.342208,0.023499177,396,10,8,244,83.92957746,1.881690141,1,1,0,1,0.02,0,0,0.013511727,0.135117273,5.0935,9.286,14.3795,0.75,125,TT,saed05rvt_base_tt0p75v125c,112.5,5.874930731,5.874930731,0,4.143134726,0,5.049856007,4.564348191,0,0,3.784189634,2.234542627,5.983936281,2.397895273,2.197224577,4.4856334,8.357982,12.843615,10.68107668,11.93416367,9.993735927,Ok,Ok,Ok,,,
moving_average_filter,200,0.1,0.9,355,355,0,62,0,155,95,0,0,43,8.342208,0.023499177,396,10,8,244,83.92957746,1.881690141,1,1,0,1,0.02,0,0,0.013194328,0.131943283,4.831,9.024,13.855,0.75,125,TT,saed05rvt_base_tt0p75v125c,112.5,5.874930731,5.874930731,0,4.143134726,0,5.049856007,4.564348191,0,0,3.784189634,2.234542627,5.983936281,2.397895273,2.197224577,4.562121,8.313326,12.875446,7.07003739,5.565702454,7.875378081,Ok,Ok,Ok,,,
moving_average_filter,200,0.37,0.1,355,355,0,62,0,155,95,0,0,43,8.342208,0.023499177,396,10,8,244,83.92957746,1.881690141,1,1,0,1,0.02,0,0,0.02980026,0.080541244,15.5557,9.7636,25.3193,0.75,125,TT,saed05rvt_base_tt0p75v125c,112.5,5.874930731,5.874930731,0,4.143134726,0,5.049856007,4.564348191,0,0,3.784189634,2.234542627,5.983936281,2.397895273,2.197224577,15.10924,8.406926,23.516167,7.121576477,2.870076061,13.89522149,Ok,Ok,Ok,,,
moving_average_filter,200,0.37,0.37,355,355,0,62,0,155,95,0,0,43,8.342208,0.023499177,396,10,8,244,83.92957746,1.881690141,1,1,0,1,0.02,0,0,0.030705972,0.082989114,15.4323,9.52,24.9523,0.75,125,TT,saed05rvt_base_tt0p75v125c,112.5,5.874930731,5.874930731,0,4.143134726,0,5.049856007,4.564348191,0,0,3.784189634,2.234542627,5.983936281,2.397895273,2.197224577,15.28447,8.44054,23.72501,4.918544911,0.957928472,11.33886225,Ok,Ok,Ok,,,
moving_average_filter,200,0.37,0.63,355,355,0,62,0,155,95,0,0,43,8.342208,0.023499177,396,10,8,244,83.92957746,1.881690141,1,1,0,1,0.02,0,0,0.030561101,0.08259757,14.9482,9.2909,24.2391,0.75,125,TT,saed05rvt_base_tt0p75v125c,112.5,5.874930731,5.874930731,0,4.143134726,0,5.049856007,4.564348191,0,0,3.784189634,2.234542627,5.983936281,2.397895273,2.197224577,15.36517,8.40748,23.77265,1.924371099,2.789429665,9.508441164,Ok,Ok,Ok,,,
moving_average_filter,200,0.37,0.9,355,355,0,62,0,155,95,0,0,43,8.342208,0.023499177,396,10,8,244,83.92957746,1.881690141,1,1,0,1,0.02,0,0,0.029491076,0.07970561,14.2775,9.0635,23.341,0.75,125,TT,saed05rvt_base_tt0p75v125c,112.5,5.874930731,5.874930731,0,4.143134726,0,5.049856007,4.564348191,0,0,3.784189634,2.234542627,5.983936281,2.397895273,2.197224577,15.268625,8.338558,23.607183,1.140411535,6.94186839,7.998475236,Ok,Ok,Ok,,,
moving_average_filter,200,0.63,0.1,355,355,0,62,0,155,95,0,0,43,8.342208,0.023499177,396,10,8,244,83.92957746,1.881690141,1,1,0,1,0.02,0,0,0.038694192,0.061419352,22.7621,9.7557,32.5178,0.75,125,TT,saed05rvt_base_tt0p75v125c,112.5,5.874930731,5.874930731,0,4.143134726,0,5.049856007,4.564348191,0,0,3.784189634,2.234542627,5.983936281,2.397895273,2.197224577,24.017973,8.415579,32.43355,0.259083369,5.517386121,13.73680164,Ok,Ok,Ok,,,
moving_average_filter,200,0.63,0.37,355,355,0,62,0,155,95,0,0,43,8.342208,0.023499177,396,10,8,244,83.92957746,1.881690141,1,1,0,1,0.02,0,0,0.04323854,0.068632604,23.8863,9.5189,33.4052,0.75,125,TT,saed05rvt_base_tt0p75v125c,112.5,5.874930731,5.874930731,0,4.143134726,0,5.049856007,4.564348191,0,0,3.784189634,2.234542627,5.983936281,2.397895273,2.197224577,24.39912,8.458747,32.85787,1.63846289,2.146922423,11.13734875,Ok,Ok,Ok,,,
moving_average_filter,200,0.63,0.63,355,355,0,62,0,155,95,0,0,43,8.342208,0.023499177,396,10,8,244,83.92957746,1.881690141,1,1,0,1,0.02,0,0,0.043235045,0.068627056,23.3721,9.2995,32.6716,0.75,125,TT,saed05rvt_base_tt0p75v125c,112.5,5.874930731,5.874930731,0,4.143134726,0,5.049856007,4.564348191,0,0,3.784189634,2.234542627,5.983936281,2.397895273,2.197224577,24.364668,8.427243,32.791912,0.368246669,4.24680663,9.379609305,Ok,Ok,Ok,,,
moving_average_filter,200,0.63,0.9,355,355,0,62,0,155,95,0,0,43,8.342208,0.023499177,396,10,8,244,83.92957746,1.881690141,1,1,0,1,0.02,0,0,0.038691126,0.061414486,21.9521,9.039,30.9911,0.75,125,TT,saed05rvt_base_tt0p75v125c,112.5,5.874930731,5.874930731,0,4.143134726,0,5.049856007,4.564348191,0,0,3.784189634,2.234542627,5.983936281,2.397895273,2.197224577,24.117645,8.331004,32.44865,4.703125607,9.864866066,7.832679027,Ok,Ok,Ok,,,
moving_average_filter,200,0.9,0.1,355,355,0,62,0,155,95,0,0,43,8.342208,0.023499177,396,10,8,244,83.92957746,1.881690141,1,1,0,1,0.02,0,0,0.050966919,0.05662991,31.3731,9.7557,41.1288,0.75,125,TT,saed05rvt_base_tt0p75v125c,112.5,5.874930731,5.874930731,0,4.143134726,0,5.049856007,4.564348191,0,0,3.784189634,2.234542627,5.983936281,2.397895273,2.197224577,33.419388,8.411453,41.83084,1.706933012,6.522427868,13.77909072,Ok,Ok,Ok,,,
moving_average_filter,200,0.9,0.37,355,355,0,62,0,155,95,0,0,43,8.342208,0.023499177,396,10,8,244,83.92957746,1.881690141,1,1,0,1,0.02,0,0,0.055511268,0.061679186,32.4898,9.5189,42.0087,0.75,125,TT,saed05rvt_base_tt0p75v125c,112.5,5.874930731,5.874930731,0,4.143134726,0,5.049856007,4.564348191,0,0,3.784189634,2.234542627,5.983936281,2.397895273,2.197224577,33.830566,8.462182,42.292747,0.676163503,4.126730255,11.10126123,Ok,Ok,Ok,,,
moving_average_filter,200,0.9,0.63,355,355,0,62,0,155,95,0,0,43,8.342208,0.023499177,396,10,8,244,83.92957746,1.881690141,1,1,0,1,0.02,0,0,0.055507773,0.061675303,31.9687,9.2995,41.2682,0.75,125,TT,saed05rvt_base_tt0p75v125c,112.5,5.874930731,5.874930731,0,4.143134726,0,5.049856007,4.564348191,0,0,3.784189634,2.234542627,5.983936281,2.397895273,2.197224577,34.01168,8.4283285,42.44001,2.839498865,6.390565156,9.367938985,Ok,Ok,Ok,,,
moving_average_filter,200,0.9,0.9,355,355,0,62,0,155,95,0,0,43,8.342208,0.023499177,396,10,8,244,83.92957746,1.881690141,1,1,0,1,0.02,0,0,0.050963854,0.056626504,30.5416,9.039,39.5806,0.75,125,TT,saed05rvt_base_tt0p75v125c,112.5,5.874930731,5.874930731,0,4.143134726,0,5.049856007,4.564348191,0,0,3.784189634,2.234542627,5.983936281,2.397895273,2.197224577,33.877277,8.31183,42.189106,6.590364945,10.92175058,8.044810632,Ok,Ok,Ok,,,
moving_average_filter,300,0.1,0.1,355,355,0,62,0,155,95,0,0,43,8.342208,0.023499177,396,10,8,244,83.92957746,1.881690141,1,1,0,1,0.02,0,0,0.012764177,0.127641768,5.3893,9.7831,15.1724,0.75,125,TT,saed05rvt_base_tt0p75v125c,168.75,5.874930731,5.874930731,0,4.143134726,0,5.049856007,4.564348191,0,0,3.784189634,2.234542627,5.983936281,2.397895273,2.197224577,4.43613,8.400824,12.836954,15.3927255,17.68634059,14.129227,Anomal,Anomal,Ok,,,
moving_average_filter,300,0.1,0.37,355,355,0,62,0,155,95,0,0,43,8.342208,0.023499177,396,10,8,244,83.92957746,1.881690141,1,1,0,1,0.02,0,0,0.013021043,0.130210429,5.1994,9.539,14.7384,0.75,125,TT,saed05rvt_base_tt0p75v125c,168.75,5.874930731,5.874930731,0,4.143134726,0,5.049856007,4.564348191,0,0,3.784189634,2.234542627,5.983936281,2.397895273,2.197224577,4.5214005,8.400102,12.921502,12.32764674,13.03995746,11.93938923,Ok,Ok,Ok,,,
moving_average_filter,300,0.1,0.63,355,355,0,62,0,155,95,0,0,43,8.342208,0.023499177,396,10,8,244,83.92957746,1.881690141,1,1,0,1,0.02,0,0,0.012842758,0.128427576,4.9682,9.3029,14.2711,0.75,125,TT,saed05rvt_base_tt0p75v125c,168.75,5.874930731,5.874930731,0,4.143134726,0,5.049856007,4.564348191,0,0,3.784189634,2.234542627,5.983936281,2.397895273,2.197224577,4.58138,8.368842,12.950222,9.255614386,7.785920646,10.04050216,Ok,Ok,Ok,,,
moving_average_filter,300,0.1,0.9,355,355,0,62,0,155,95,0,0,43,8.342208,0.023499177,396,10,8,244,83.92957746,1.881690141,1,1,0,1,0.02,0,0,0.012530078,0.125300783,4.7082,9.0351,13.7433,0.75,125,TT,saed05rvt_base_tt0p75v125c,168.75,5.874930731,5.874930731,0,4.143134726,0,5.049856007,4.564348191,0,0,3.784189634,2.234542627,5.983936281,2.397895273,2.197224577,4.6646714,8.333658,12.998329,5.420611042,0.924526973,7.763519846,Ok,Ok,Ok,,,
moving_average_filter,300,0.37,0.1,355,355,0,62,0,155,95,0,0,43,8.342208,0.023499177,396,10,8,244,83.92957746,1.881690141,1,1,0,1,0.02,0,0,0.030196518,0.08161221,15.8204,9.7849,25.6053,0.75,125,TT,saed05rvt_base_tt0p75v125c,168.75,5.874930731,5.874930731,0,4.143134726,0,5.049856007,4.564348191,0,0,3.784189634,2.234542627,5.983936281,2.397895273,2.197224577,15.25597,8.427724,23.683693,7.504723897,3.567735321,13.87010716,Ok,Ok,Ok,,,
moving_average_filter,300,0.37,0.37,355,355,0,62,0,155,95,0,0,43,8.342208,0.023499177,396,10,8,244,83.92957746,1.881690141,1,1,0,1,0.02,0,0,0.031376023,0.084800061,15.7356,9.5391,25.2747,0.75,125,TT,saed05rvt_base_tt0p75v125c,168.75,5.874930731,5.874930731,0,4.143134726,0,5.049856007,4.564348191,0,0,3.784189634,2.234542627,5.983936281,2.397895273,2.197224577,15.405813,8.448448,23.854261,5.620001827,2.095800496,11.43348763,Ok,Ok,Ok,,,
moving_average_filter,300,0.37,0.63,355,355,0,62,0,155,95,0,0,43,8.342208,0.023499177,396,10,8,244,83.92957746,1.881690141,1,1,0,1,0.02,0,0,0.031114376,0.084092909,15.1504,9.3022,24.4526,0.75,125,TT,saed05rvt_base_tt0p75v125c,168.75,5.874930731,5.874930731,0,4.143134726,0,5.049856007,4.564348191,0,0,3.784189634,2.234542627,5.983936281,2.397895273,2.197224577,15.502087,8.414095,23.916182,2.193707155,2.321302668,9.547258445,Ok,Ok,Ok,,,
moving_average_filter,300,0.37,0.9,355,355,0,62,0,155,95,0,0,43,8.342208,0.023499177,396,10,8,244,83.92957746,1.881690141,1,1,0,1,0.02,0,0,0.029779646,0.080485531,14.3359,9.0647,23.4006,0.75,125,TT,saed05rvt_base_tt0p75v125c,168.75,5.874930731,5.874930731,0,4.143134726,0,5.049856007,4.564348191,0,0,3.784189634,2.234542627,5.983936281,2.397895273,2.197224577,15.492514,8.351097,23.84361,1.893159849,8.067952878,7.872327745,Ok,Ok,Ok,,,
moving_average_filter,300,0.63,0.1,355,355,0,62,0,155,95,0,0,43,8.342208,0.023499177,396,10,8,244,83.92957746,1.881690141,1,1,0,1,0.02,0,0,0.039350962,0.062461845,23.1311,9.7753,32.9064,0.75,125,TT,saed05rvt_base_tt0p75v125c,168.75,5.874930731,5.874930731,0,4.143134726,0,5.049856007,4.564348191,0,0,3.784189634,2.234542627,5.983936281,2.397895273,2.197224577,24.170734,8.431182,32.601917,0.925299435,4.494530764,13.75014672,Ok,Ok,Ok,,,
moving_average_filter,300,0.63,0.37,355,355,0,62,0,155,95,0,0,43,8.342208,0.023499177,396,10,8,244,83.92957746,1.881690141,1,1,0,1,0.02,0,0,0.046167556,0.073281834,24.8768,9.5349,34.4117,0.75,125,TT,saed05rvt_base_tt0p75v125c,168.75,5.874930731,5.874930731,0,4.143134726,0,5.049856007,4.564348191,0,0,3.784189634,2.234542627,5.983936281,2.397895273,2.197224577,24.641825,8.464016,33.105843,3.794806446,0.944555882,11.23120368,Ok,Ok,Ok,,,
moving_average_filter,300,0.63,0.63,355,355,0,62,0,155,95,0,0,43,8.342208,0.023499177,396,10,8,244,83.92957746,1.881690141,1,1,0,1,0.02,0,0,0.046166303,0.073279846,24.1634,9.3121,33.4755,0.75,125,TT,saed05rvt_base_tt0p75v125c,168.75,5.874930731,5.874930731,0,4.143134726,0,5.049856007,4.564348191,0,0,3.784189634,2.234542627,5.983936281,2.397895273,2.197224577,24.640835,8.427506,33.06834,1.216291612,1.975859392,9.499399203,Ok,Ok,Ok,,,
moving_average_filter,300,0.63,0.9,355,355,0,62,0,155,95,0,0,43,8.342208,0.023499177,396,10,8,244,83.92957746,1.881690141,1,1,0,1,0.02,0,0,0.039350616,0.062461295,22.0916,9.0481,31.1397,0.75,125,TT,saed05rvt_base_tt0p75v125c,168.75,5.874930731,5.874930731,0,4.143134726,0,5.049856007,4.564348191,0,0,3.784189634,2.234542627,5.983936281,2.397895273,2.197224577,24.280802,8.341596,32.6224,4.761440786,9.909656942,7.808317219,Ok,Ok,Ok,,,
moving_average_filter,300,0.9,0.1,355,355,0,62,0,155,95,0,0,43,8.342208,0.023499177,396,10,8,244,83.92957746,1.881690141,1,1,0,1,0.02,0,0,0.051623689,0.057359655,31.7435,9.7753,41.5188,0.75,125,TT,saed05rvt_base_tt0p75v125c,168.75,5.874930731,5.874930731,0,4.143134726,0,5.049856007,4.564348191,0,0,3.784189634,2.234542627,5.983936281,2.397895273,2.197224577,33.871426,8.422057,42.293484,1.865862535,6.703500334,13.84349174,Ok,Ok,Ok,,,
moving_average_filter,300,0.9,0.37,355,355,0,62,0,155,95,0,0,43,8.342208,0.023499177,396,10,8,244,83.92957746,1.881690141,1,1,0,1,0.02,0,0,0.058440283,0.064933648,33.4817,9.5349,43.0166,0.75,125,TT,saed05rvt_base_tt0p75v125c,168.75,5.874930731,5.874930731,0,4.143134726,0,5.049856007,4.564348191,0,0,3.784189634,2.234542627,5.983936281,2.397895273,2.197224577,34.420933,8.4648485,42.88578,0.304114378,2.805212309,11.22247199,Ok,Ok,Ok,,,
moving_average_filter,300,0.9,0.63,355,355,0,62,0,155,95,0,0,43,8.342208,0.023499177,396,10,8,244,83.92957746,1.881690141,1,1,0,1,0.02,0,0,0.05843903,0.064932256,32.7612,9.3121,42.0733,0.75,125,TT,saed05rvt_base_tt0p75v125c,168.75,5.874930731,5.874930731,0,4.143134726,0,5.049856007,4.564348191,0,0,3.784189634,2.234542627,5.983936281,2.397895273,2.197224577,34.626816,8.425661,43.052475,2.327307284,5.694589319,9.519215998,Ok,Ok,Ok,,,
moving_average_filter,300,0.9,0.9,355,355,0,62,0,155,95,0,0,43,8.342208,0.023499177,396,10,8,244,83.92957746,1.881690141,1,1,0,1,0.02,0,0,0.051623343,0.05735927,30.6825,9.0481,39.7306,0.75,125,TT,saed05rvt_base_tt0p75v125c,168.75,5.874930731,5.874930731,0,4.143134726,0,5.049856007,4.564348191,0,0,3.784189634,2.234542627,5.983936281,2.397895273,2.197224577,34.366047,8.322321,42.68837,7.444563513,12.00536757,8.021342181,Ok,Ok,Ok,,,
moving_average_filter,450,0.1,0.1,355,355,0,62,0,155,95,0,0,43,8.342208,0.023499177,396,10,8,244,83.92957746,1.881690141,1,1,0,1,0.02,0,0,0.013184806,0.131848056,5.5004,9.7696,15.27,0.75,125,TT,saed05rvt_base_tt0p75v125c,253.125,5.874930731,5.874930731,0,4.143134726,0,5.049856007,4.564348191,0,0,3.784189634,2.234542627,5.983936281,2.397895273,2.197224577,4.6063485,8.43384,13.040188,14.6025682,16.25429942,13.67261917,Ok,Anomal,Ok,,,
moving_average_filter,450,0.1,0.37,355,355,0,62,0,155,95,0,0,43,8.342208,0.023499177,396,10,8,244,83.92957746,1.881690141,1,1,0,1,0.02,0,0,0.013468215,0.134682146,5.3005,9.5256,14.8261,0.75,125,TT,saed05rvt_base_tt0p75v125c,253.125,5.874930731,5.874930731,0,4.143134726,0,5.049856007,4.564348191,0,0,3.784189634,2.234542627,5.983936281,2.397895273,2.197224577,4.709865,8.417028,13.126894,11.46091017,11.14300362,11.63781361,Ok,Ok,Ok,,,
moving_average_filter,450,0.1,0.63,355,355,0,62,0,155,95,0,0,43,8.342208,0.023499177,396,10,8,244,83.92957746,1.881690141,1,1,0,1,0.02,0,0,0.01322279,0.132227904,5.0424,9.2888,14.3312,0.75,125,TT,saed05rvt_base_tt0p75v125c,253.125,5.874930731,5.874930731,0,4.143134726,0,5.049856007,4.564348191,0,0,3.784189634,2.234542627,5.983936281,2.397895273,2.197224577,4.776865,8.376639,13.153504,8.217704228,5.266043838,9.820005101,Ok,Ok,Ok,,,
moving_average_filter,450,0.1,0.9,355,355,0,62,0,155,95,0,0,43,8.342208,0.023499177,396,10,8,244,83.92957746,1.881690141,1,1,0,1,0.02,0,0,0.012970876,0.129708763,4.7872,9.0226,13.8098,0.75,125,TT,saed05rvt_base_tt0p75v125c,253.125,5.874930731,5.874930731,0,4.143134726,0,5.049856007,4.564348191,0,0,3.784189634,2.234542627,5.983936281,2.397895273,2.197224577,4.8669143,8.347154,13.214067,4.313839019,1.665154418,7.486160712,Ok,Ok,Ok,,,
moving_average_filter,450,0.37,0.1,355,355,0,62,0,155,95,0,0,43,8.342208,0.023499177,396,10,8,244,83.92957746,1.881690141,1,1,0,1,0.02,0,0,0.032001235,0.086489824,16.4316,9.7688,26.2004,0.75,125,TT,saed05rvt_base_tt0p75v125c,253.125,5.874930731,5.874930731,0,4.143134726,0,5.049856007,4.564348191,0,0,3.784189634,2.234542627,5.983936281,2.397895273,2.197224577,15.4467945,8.448985,23.895779,8.79613038,5.993363337,13.51051204,Ok,Ok,Ok,,,
moving_average_filter,450,0.37,0.37,355,355,0,62,0,155,95,0,0,43,8.342208,0.023499177,396,10,8,244,83.92957746,1.881690141,1,1,0,1,0.02,0,0,0.032779061,0.088592056,16.1384,9.5249,25.6633,0.75,125,TT,saed05rvt_base_tt0p75v125c,253.125,5.874930731,5.874930731,0,4.143134726,0,5.049856007,4.564348191,0,0,3.784189634,2.234542627,5.983936281,2.397895273,2.197224577,15.582405,8.462671,24.045076,6.305594486,3.445167487,11.15212464,Ok,Ok,Ok,,,
moving_average_filter,450,0.37,0.63,355,355,0,62,0,155,95,0,0,43,8.342208,0.023499177,396,10,8,244,83.92957746,1.881690141,1,1,0,1,0.02,0,0,0.032542967,0.087953965,15.4974,9.2896,24.787,0.75,125,TT,saed05rvt_base_tt0p75v125c,253.125,5.874930731,5.874930731,0,4.143134726,0,5.049856007,4.564348191,0,0,3.784189634,2.234542627,5.983936281,2.397895273,2.197224577,15.676096,8.422399,24.098495,2.777683934,1.153070596,9.335185937,Ok,Ok,Ok,,,
moving_average_filter,450,0.37,0.9,355,355,0,62,0,155,95,0,0,43,8.342208,0.023499177,396,10,8,244,83.92957746,1.881690141,1,1,0,1,0.02,0,0,0.031461157,0.085030153,14.6509,9.0404,23.6913,0.75,125,TT,saed05rvt_base_tt0p75v125c,253.125,5.874930731,5.874930731,0,4.143134726,0,5.049856007,4.564348191,0,0,3.784189634,2.234542627,5.983936281,2.397895273,2.197224577,15.648756,8.365073,24.013828,1.361378555,6.810885524,7.470098624,Ok,Ok,Ok,,,
moving_average_filter,450,0.63,0.1,355,355,0,62,0,155,95,0,0,43,8.342208,0.023499177,396,10,8,244,83.92957746,1.881690141,1,1,0,1,0.02,0,0,0.04746746,0.075345174,26.0894,9.7688,35.8582,0.75,125,TT,saed05rvt_base_tt0p75v125c,253.125,5.874930731,5.874930731,0,4.143134726,0,5.049856007,4.564348191,0,0,3.784189634,2.234542627,5.983936281,2.397895273,2.197224577,24.648256,8.442377,33.090633,7.718085703,5.523866774,13.57815606,Ok,Ok,Ok,,,
moving_average_filter,450,0.63,0.37,355,355,0,62,0,155,95,0,0,43,8.342208,0.023499177,396,10,8,244,83.92957746,1.881690141,1,1,0,1,0.02,0,0,0.04977199,0.079003159,26.0666,9.5251,35.5917,0.75,125,TT,saed05rvt_base_tt0p75v125c,253.125,5.874930731,5.874930731,0,4.143134726,0,5.049856007,4.564348191,0,0,3.784189634,2.234542627,5.983936281,2.397895273,2.197224577,24.876179,8.47247,33.348648,6.302176993,4.566845153,11.0511146,Ok,Ok,Ok,,,
moving_average_filter,450,0.63,0.63,355,355,0,62,0,155,95,0,0,43,8.342208,0.023499177,396,10,8,244,83.92957746,1.881690141,1,1,0,1,0.02,0,0,0.049487793,0.078552052,25.128,9.2894,34.4174,0.75,125,TT,saed05rvt_base_tt0p75v125c,253.125,5.874930731,5.874930731,0,4.143134726,0,5.049856007,4.564348191,0,0,3.784189634,2.234542627,5.983936281,2.397895273,2.197224577,24.86969,8.429547,33.299236,3.248832574,1.027976992,9.256278017,Ok,Ok,Ok,,,
moving_average_filter,450,0.63,0.9,355,355,0,62,0,155,95,0,0,43,8.342208,0.023499177,396,10,8,244,83.92957746,1.881690141,1,1,0,1,0.02,0,0,0.047029737,0.074650377,23.7226,9.0568,32.7794,0.75,125,TT,saed05rvt_base_tt0p75v125c,253.125,5.874930731,5.874930731,0,4.143134726,0,5.049856007,4.564348191,0,0,3.784189634,2.234542627,5.983936281,2.397895273,2.197224577,24.811045,8.349594,33.160637,1.163038072,4.588218378,7.808562448,Ok,Ok,Ok,,,
moving_average_filter,450,0.9,0.1,355,355,0,62,0,155,95,0,0,43,8.342208,0.023499177,396,10,8,244,83.92957746,1.881690141,1,1,0,1,0.02,0,0,0.055315487,0.061461653,33.0641,9.7578,42.8219,0.75,125,TT,saed05rvt_base_tt0p75v125c,253.125,5.874930731,5.874930731,0,4.143134726,0,5.049856007,4.564348191,0,0,3.784189634,2.234542627,5.983936281,2.397895273,2.197224577,34.439617,8.4391365,42.878754,0.132767724,4.160153027,13.51394264,Ok,Ok,Ok,,,
moving_average_filter,450,0.9,0.37,355,355,0,62,0,155,95,0,0,43,8.342208,0.023499177,396,10,8,244,83.92957746,1.881690141,1,1,0,1,0.02,0,0,0.065540472,0.072822747,35.6448,9.5193,45.1641,0.75,125,TT,saed05rvt_base_tt0p75v125c,253.125,5.874930731,5.874930731,0,4.143134726,0,5.049856007,4.564348191,0,0,3.784189634,2.234542627,5.983936281,2.397895273,2.197224577,35.304996,8.469236,43.77423,3.07737571,0.953304576,11.0308912,Ok,Ok,Ok,,,
moving_average_filter,450,0.9,0.63,355,355,0,62,0,155,95,0,0,43,8.342208,0.023499177,396,10,8,244,83.92957746,1.881690141,1,1,0,1,0.02,0,0,0.065539535,0.072821706,34.5381,9.2983,43.8364,0.75,125,TT,saed05rvt_base_tt0p75v125c,253.125,5.874930731,5.874930731,0,4.143134726,0,5.049856007,4.564348191,0,0,3.784189634,2.234542627,5.983936281,2.397895273,2.197224577,35.609795,8.420238,44.030033,0.44171764,3.102934489,9.443258002,Ok,Ok,Ok,,,
moving_average_filter,450,0.9,0.9,355,355,0,62,0,155,95,0,0,43,8.342208,0.023499177,396,10,8,244,83.92957746,1.881690141,1,1,0,1,0.02,0,0,0.055313962,0.061459958,31.3918,9.0362,40.428,0.75,125,TT,saed05rvt_base_tt0p75v125c,253.125,5.874930731,5.874930731,0,4.143134726,0,5.049856007,4.564348191,0,0,3.784189634,2.234542627,5.983936281,2.397895273,2.197224577,35.229134,8.332446,43.56158,7.751015776,12.22399992,7.788162078,Ok,Ok,Ok,,,
moving_average_filter,600,0.1,0.1,355,355,0,62,0,155,95,0,0,43,8.342208,0.023499177,396,10,8,244,83.92957746,1.881690141,1,1,0,1,0.02,0,0,0.013398558,0.133985581,5.5477,9.7672,15.3149,0.75,125,TT,saed05rvt_base_tt0p75v125c,337.5,5.874930731,5.874930731,0,4.143134726,0,5.049856007,4.564348191,0,0,3.784189634,2.234542627,5.983936281,2.397895273,2.197224577,4.7527213,8.46849,13.2212105,13.67093171,14.32987887,13.29664953,Ok,Ok,Ok,,,
moving_average_filter,600,0.1,0.37,355,355,0,62,0,155,95,0,0,43,8.342208,0.023499177,396,10,8,244,83.92957746,1.881690141,1,1,0,1,0.02,0,0,0.013707318,0.137073182,5.3509,9.5226,14.8735,0.75,125,TT,saed05rvt_base_tt0p75v125c,337.5,5.874930731,5.874930731,0,4.143134726,0,5.049856007,4.564348191,0,0,3.784189634,2.234542627,5.983936281,2.397895273,2.197224577,4.891743,8.443591,13.335335,10.34164939,8.580926888,11.3310323,Ok,Ok,Ok,,,
moving_average_filter,600,0.1,0.63,355,355,0,62,0,155,95,0,0,43,8.342208,0.023499177,396,10,8,244,83.92957746,1.881690141,1,1,0,1,0.02,0,0,0.013472058,0.134720581,5.0923,9.2868,14.3791,0.75,125,TT,saed05rvt_base_tt0p75v125c,337.5,5.874930731,5.874930731,0,4.143134726,0,5.049856007,4.564348191,0,0,3.784189634,2.234542627,5.983936281,2.397895273,2.197224577,4.983584,8.387819,13.371403,7.008069069,2.134911,9.680198883,Ok,Ok,Ok,,,
moving_average_filter,600,0.1,0.9,355,355,0,62,0,155,95,0,0,43,8.342208,0.023499177,396,10,8,244,83.92957746,1.881690141,1,1,0,1,0.02,0,0,0.013234343,0.132343434,4.8357,9.0205,13.8562,0.75,125,TT,saed05rvt_base_tt0p75v125c,337.5,5.874930731,5.874930731,0,4.143134726,0,5.049856007,4.564348191,0,0,3.784189634,2.234542627,5.983936281,2.397895273,2.197224577,5.0629435,8.349071,13.412014,3.205684043,4.699287767,7.443372884,Ok,Ok,Ok,,,
moving_average_filter,600,0.37,0.1,355,355,0,62,0,155,95,0,0,43,8.342208,0.023499177,396,10,8,244,83.92957746,1.881690141,1,1,0,1,0.02,0,0,0.03301971,0.089242458,16.7721,9.7655,26.5376,0.75,125,TT,saed05rvt_base_tt0p75v125c,337.5,5.874930731,5.874930731,0,4.143134726,0,5.049856007,4.564348191,0,0,3.784189634,2.234542627,5.983936281,2.397895273,2.197224577,15.731552,8.470664,24.202217,8.800279219,6.204040496,13.25929011,Ok,Ok,Ok,,,
moving_average_filter,600,0.37,0.37,355,355,0,62,0,155,95,0,0,43,8.342208,0.023499177,396,10,8,244,83.92957746,1.881690141,1,1,0,1,0.02,0,0,0.033441735,0.090383067,16.3172,9.5223,25.8395,0.75,125,TT,saed05rvt_base_tt0p75v125c,337.5,5.874930731,5.874930731,0,4.143134726,0,5.049856007,4.564348191,0,0,3.784189634,2.234542627,5.983936281,2.397895273,2.197224577,15.857067,8.491397,24.348465,5.770371076,2.81992555,10.82619846,Ok,Ok,Ok,,,
moving_average_filter,600,0.37,0.63,355,355,0,62,0,155,95,0,0,43,8.342208,0.023499177,396,10,8,244,83.92957746,1.881690141,1,1,0,1,0.02,0,0,0.033262278,0.089898048,15.6624,9.2873,24.9497,0.75,125,TT,saed05rvt_base_tt0p75v125c,337.5,5.874930731,5.874930731,0,4.143134726,0,5.049856007,4.564348191,0,0,3.784189634,2.234542627,5.983936281,2.397895273,2.197224577,15.90996,8.4296255,24.339584,2.445382708,1.580599353,9.234917455,Ok,Ok,Ok,,,
moving_average_filter,600,0.37,0.9,355,355,0,62,0,155,95,0,0,43,8.342208,0.023499177,396,10,8,244,83.92957746,1.881690141,1,1,0,1,0.02,0,0,0.032383187,0.087522127,14.8135,9.03,23.8435,0.75,125,TT,saed05rvt_base_tt0p75v125c,337.5,5.874930731,5.874930731,0,4.143134726,0,5.049856007,4.564348191,0,0,3.784189634,2.234542627,5.983936281,2.397895273,2.197224577,15.8589325,8.370181,24.229115,1.617273188,7.057295677,7.306964743,Ok,Ok,Ok,,,
moving_average_filter,600,0.63,0.1,355,355,0,62,0,155,95,0,0,43,8.342208,0.023499177,396,10,8,244,83.92957746,1.881690141,1,1,0,1,0.02,0,0,0.049402116,0.078416057,26.7648,9.7656,36.5304,0.75,125,TT,saed05rvt_base_tt0p75v125c,337.5,5.874930731,5.874930731,0,4.143134726,0,5.049856007,4.564348191,0,0,3.784189634,2.234542627,5.983936281,2.397895273,2.197224577,24.85689,8.462952,33.31984,8.788736292,7.128430907,13.33915315,Ok,Ok,Ok,,,
moving_average_filter,600,0.63,0.37,355,355,0,62,0,155,95,0,0,43,8.342208,0.023499177,396,10,8,244,83.92957746,1.881690141,1,1,0,1,0.02,0,0,0.051333702,0.081482067,26.5349,9.5224,36.0573,0.75,125,TT,saed05rvt_base_tt0p75v125c,337.5,5.874930731,5.874930731,0,4.143134726,0,5.049856007,4.564348191,0,0,3.784189634,2.234542627,5.983936281,2.397895273,2.197224577,25.105791,8.490566,33.59636,6.825083262,5.385770845,10.83585804,Ok,Ok,Ok,,,
moving_average_filter,600,0.63,0.63,355,355,0,62,0,155,95,0,0,43,8.342208,0.023499177,396,10,8,244,83.92957746,1.881690141,1,1,0,1,0.02,0,0,0.05101729,0.080979826,25.5133,9.287,34.8003,0.75,125,TT,saed05rvt_base_tt0p75v125c,337.5,5.874930731,5.874930731,0,4.143134726,0,5.049856007,4.564348191,0,0,3.784189634,2.234542627,5.983936281,2.397895273,2.197224577,25.137829,8.436634,33.574463,3.522490063,1.471668397,9.15651918,Ok,Ok,Ok,,,
moving_average_filter,600,0.63,0.9,355,355,0,62,0,155,95,0,0,43,8.342208,0.023499177,396,10,8,244,83.92957746,1.881690141,1,1,0,1,0.02,0,0,0.048878242,0.077584512,24.0711,9.0454,33.1165,0.75,125,TT,saed05rvt_base_tt0p75v125c,337.5,5.874930731,5.874930731,0,4.143134726,0,5.049856007,4.564348191,0,0,3.784189634,2.234542627,5.983936281,2.397895273,2.197224577,25.203787,8.355566,33.559353,1.337257484,4.705588236,7.626351242,Ok,Ok,Ok,,,
moving_average_filter,600,0.9,0.1,355,355,0,62,0,155,95,0,0,43,8.342208,0.023499177,396,10,8,244,83.92957746,1.881690141,1,1,0,1,0.02,0,0,0.065119957,0.072355508,36.6659,9.7655,46.4314,0.75,125,TT,saed05rvt_base_tt0p75v125c,337.5,5.874930731,5.874930731,0,4.143134726,0,5.049856007,4.564348191,0,0,3.784189634,2.234542627,5.983936281,2.397895273,2.197224577,35.491524,8.452107,43.94363,5.357946953,3.202911308,13.44931207,Ok,Ok,Ok,,,
moving_average_filter,600,0.9,0.37,355,355,0,62,0,155,95,0,0,43,8.342208,0.023499177,396,10,8,244,83.92957746,1.881690141,1,1,0,1,0.02,0,0,0.068465932,0.076073258,36.6697,9.5223,46.192,0.75,125,TT,saed05rvt_base_tt0p75v125c,337.5,5.874930731,5.874930731,0,4.143134726,0,5.049856007,4.564348191,0,0,3.784189634,2.234542627,5.983936281,2.397895273,2.197224577,35.948612,8.482163,44.430775,3.81283623,1.966440377,10.92316531,Ok,Ok,Ok,,,
moving_average_filter,600,0.9,0.63,355,355,0,62,0,155,95,0,0,43,8.342208,0.023499177,396,10,8,244,83.92957746,1.881690141,1,1,0,1,0.02,0,0,0.068198679,0.07577631,35.3899,9.2872,44.6771,0.75,125,TT,saed05rvt_base_tt0p75v125c,337.5,5.874930731,5.874930731,0,4.143134726,0,5.049856007,4.564348191,0,0,3.784189634,2.234542627,5.983936281,2.397895273,2.197224577,36.315903,8.416169,44.73207,0.12304049,2.616573401,9.378831439,Ok,Ok,Ok,,,
moving_average_filter,600,0.9,0.9,355,355,0,62,0,155,95,0,0,43,8.342208,0.023499177,396,10,8,244,83.92957746,1.881690141,1,1,0,1,0.02,0,0,0.064660712,0.071845236,33.4093,9.0568,42.4661,0.75,125,TT,saed05rvt_base_tt0p75v125c,337.5,5.874930731,5.874930731,0,4.143134726,0,5.049856007,4.564348191,0,0,3.784189634,2.234542627,5.983936281,2.397895273,2.197224577,36.459522,8.337607,44.79713,5.489156256,9.129859791,7.940913085,Ok,Ok,Ok,,,
moving_average_filter,750,0.1,0.1,355,355,0,62,0,155,95,0,0,43,8.342208,0.023499177,396,10,8,244,83.92957746,1.881690141,1,1,0,1,0.02,0,0,0.013503003,0.135030025,5.585,9.7603,15.3453,0.75,125,TT,saed05rvt_base_tt0p75v125c,421.875,5.874930731,5.874930731,0,4.143134726,0,5.049856007,4.564348191,0,0,3.784189634,2.234542627,5.983936281,2.397895273,2.197224577,4.8807926,8.499304,13.380096,12.80655031,12.60890568,12.91964573,Ok,Ok,Ok,,,
moving_average_filter,750,0.1,0.37,355,355,0,62,0,155,95,0,0,43,8.342208,0.023499177,396,10,8,244,83.92957746,1.881690141,1,1,0,1,0.02,0,0,0.013872987,0.138729874,5.3947,9.5177,14.9124,0.75,125,TT,saed05rvt_base_tt0p75v125c,421.875,5.874930731,5.874930731,0,4.143134726,0,5.049856007,4.564348191,0,0,3.784189634,2.234542627,5.983936281,2.397895273,2.197224577,5.0157456,8.469072,13.4848175,9.573123676,7.02456782,11.01765824,Ok,Ok,Ok,,,
moving_average_filter,750,0.1,0.63,355,355,0,62,0,155,95,0,0,43,8.342208,0.023499177,396,10,8,244,83.92957746,1.881690141,1,1,0,1,0.02,0,0,0.013642258,0.136422576,5.1307,9.2828,14.4135,0.75,125,TT,saed05rvt_base_tt0p75v125c,421.875,5.874930731,5.874930731,0,4.143134726,0,5.049856007,4.564348191,0,0,3.784189634,2.234542627,5.983936281,2.397895273,2.197224577,5.115239,8.414539,13.5297785,6.13120699,0.301340102,9.353434986,Ok,Ok,Ok,,,
moving_average_filter,750,0.1,0.9,355,355,0,62,0,155,95,0,0,43,8.342208,0.023499177,396,10,8,244,83.92957746,1.881690141,1,1,0,1,0.02,0,0,0.013397308,0.133973081,4.8655,9.0162,13.8817,0.75,125,TT,saed05rvt_base_tt0p75v125c,421.875,5.874930731,5.874930731,0,4.143134726,0,5.049856007,4.564348191,0,0,3.784189634,2.234542627,5.983936281,2.397895273,2.197224577,5.2230887,8.3472805,13.57037,2.242738854,7.349475723,7.419084511,Ok,Ok,Ok,,,
moving_average_filter,750,0.37,0.1,355,355,0,62,0,155,95,0,0,43,8.342208,0.023499177,396,10,8,244,83.92957746,1.881690141,1,1,0,1,0.02,0,0,0.033850124,0.091486821,17.063,9.7587,26.8217,0.75,125,TT,saed05rvt_base_tt0p75v125c,421.875,5.874930731,5.874930731,0,4.143134726,0,5.049856007,4.564348191,0,0,3.784189634,2.234542627,5.983936281,2.397895273,2.197224577,15.927555,8.498165,24.42572,8.932990024,6.654427215,12.91703679,Ok,Ok,Ok,,,
moving_average_filter,750,0.37,0.37,355,355,0,62,0,155,95,0,0,43,8.342208,0.023499177,396,10,8,244,83.92957746,1.881690141,1,1,0,1,0.02,0,0,0.034114328,0.092200887,16.5192,9.5177,26.0369,0.75,125,TT,saed05rvt_base_tt0p75v125c,421.875,5.874930731,5.874930731,0,4.143134726,0,5.049856007,4.564348191,0,0,3.784189634,2.234542627,5.983936281,2.397895273,2.197224577,16.040686,8.512426,24.553112,5.698788911,2.896716223,10.56214867,Ok,Ok,Ok,,,
moving_average_filter,750,0.37,0.63,355,355,0,62,0,155,95,0,0,43,8.342208,0.023499177,396,10,8,244,83.92957746,1.881690141,1,1,0,1,0.02,0,0,0.033798629,0.091347645,15.7976,9.2824,25.08,0.75,125,TT,saed05rvt_base_tt0p75v125c,421.875,5.874930731,5.874930731,0,4.143134726,0,5.049856007,4.564348191,0,0,3.784189634,2.234542627,5.983936281,2.397895273,2.197224577,16.103674,8.448302,24.551975,2.105361841,1.937471103,8.985798188,Ok,Ok,Ok,,,
moving_average_filter,750,0.37,0.9,355,355,0,62,0,155,95,0,0,43,8.342208,0.023499177,396,10,8,244,83.92957746,1.881690141,1,1,0,1,0.02,0,0,0.033151283,0.089598062,14.9548,9.0204,23.9752,0.75,125,TT,saed05rvt_base_tt0p75v125c,421.875,5.874930731,5.874930731,0,4.143134726,0,5.049856007,4.564348191,0,0,3.784189634,2.234542627,5.983936281,2.397895273,2.197224577,16.145836,8.376207,24.522043,2.28087035,7.964238081,7.141508673,Ok,Ok,Ok,,,
moving_average_filter,750,0.63,0.1,355,355,0,62,0,155,95,0,0,43,8.342208,0.023499177,396,10,8,244,83.92957746,1.881690141,1,1,0,1,0.02,0,0,0.051035129,0.081008141,27.356,9.7587,37.1147,0.75,125,TT,saed05rvt_base_tt0p75v125c,421.875,5.874930731,5.874930731,0,4.143134726,0,5.049856007,4.564348191,0,0,3.784189634,2.234542627,5.983936281,2.397895273,2.197224577,25.162119,8.49027,33.65239,9.328676976,8.019743706,12.99794377,Ok,Ok,Ok,,,
moving_average_filter,750,0.63,0.37,355,355,0,62,0,155,95,0,0,43,8.342208,0.023499177,396,10,8,244,83.92957746,1.881690141,1,1,0,1,0.02,0,0,0.052625689,0.08353284,26.9317,9.5174,36.4491,0.75,125,TT,saed05rvt_base_tt0p75v125c,421.875,5.874930731,5.874930731,0,4.143134726,0,5.049856007,4.564348191,0,0,3.784189634,2.234542627,5.983936281,2.397895273,2.197224577,25.413166,8.512134,33.9253,6.924174813,5.638463052,10.56240572,Ok,Ok,Ok,,,
moving_average_filter,750,0.63,0.63,355,355,0,62,0,155,95,0,0,43,8.342208,0.023499177,396,10,8,244,83.92957746,1.881690141,1,1,0,1,0.02,0,0,0.052359121,0.083109716,25.8573,9.2829,35.1402,0.75,125,TT,saed05rvt_base_tt0p75v125c,421.875,5.874930731,5.874930731,0,4.143134726,0,5.049856007,4.564348191,0,0,3.784189634,2.234542627,5.983936281,2.397895273,2.197224577,25.54564,8.443024,33.988663,3.27697987,1.205303936,9.047563998,Ok,Ok,Ok,,,
moving_average_filter,750,0.63,0.9,355,355,0,62,0,155,95,0,0,43,8.342208,0.023499177,396,10,8,244,83.92957746,1.881690141,1,1,0,1,0.02,0,0,0.050471646,0.080113725,24.3733,9.0351,33.4084,0.75,125,TT,saed05rvt_base_tt0p75v125c,421.875,5.874930731,5.874930731,0,4.143134726,0,5.049856007,4.564348191,0,0,3.784189634,2.234542627,5.983936281,2.397895273,2.197224577,25.599842,8.360753,33.960594,1.65286029,5.032318445,7.463635606,Ok,Ok,Ok,,,
moving_average_filter,750,0.9,0.1,355,355,0,62,0,155,95,0,0,43,8.342208,0.023499177,396,10,8,244,83.92957746,1.881690141,1,1,0,1,0.02,0,0,0.067571126,0.075079029,37.5588,9.7587,47.3175,0.75,125,TT,saed05rvt_base_tt0p75v125c,421.875,5.874930731,5.874930731,0,4.143134726,0,5.049856007,4.564348191,0,0,3.784189634,2.234542627,5.983936281,2.397895273,2.197224577,36.062504,8.479096,44.5416,5.866541399,3.983876443,13.11243903,Ok,Ok,Ok,,,
moving_average_filter,750,0.9,0.37,355,355,0,62,0,155,95,0,0,43,8.342208,0.023499177,396,10,8,244,83.92957746,1.881690141,1,1,0,1,0.02,0,0,0.070902399,0.078780443,37.444,9.5176,46.9616,0.75,125,TT,saed05rvt_base_tt0p75v125c,421.875,5.874930731,5.874930731,0,4.143134726,0,5.049856007,4.564348191,0,0,3.784189634,2.234542627,5.983936281,2.397895273,2.197224577,36.560123,8.504272,45.064396,4.039905147,2.360529207,10.64688093,Ok,Ok,Ok,,,
moving_average_filter,750,0.9,0.63,355,355,0,62,0,155,95,0,0,43,8.342208,0.023499177,396,10,8,244,83.92957746,1.881690141,1,1,0,1,0.02,0,0,0.07057248,0.078413866,36.0302,9.2828,45.313,0.75,125,TT,saed05rvt_base_tt0p75v125c,421.875,5.874930731,5.874930731,0,4.143134726,0,5.049856007,4.564348191,0,0,3.784189634,2.234542627,5.983936281,2.397895273,2.197224577,36.886196,8.413632,45.299828,0.029069857,2.375774035,9.363205144,Ok,Ok,Ok,,,
moving_average_filter,750,0.9,0.9,355,355,0,62,0,155,95,0,0,43,8.342208,0.023499177,396,10,8,244,83.92957746,1.881690141,1,1,0,1,0.02,0,0,0.067090116,0.074544574,33.8886,9.0464,42.935,0.75,125,TT,saed05rvt_base_tt0p75v125c,421.875,5.874930731,5.874930731,0,4.143134726,0,5.049856007,4.564348191,0,0,3.784189634,2.234542627,5.983936281,2.397895273,2.197224577,36.995495,8.342675,45.33817,5.597226267,9.167964574,7.779058973,Ok,Ok,Ok,,,
moving_average_filter,900,0.1,0.1,355,355,0,62,0,155,95,0,0,43,8.342208,0.023499177,396,10,8,244,83.92957746,1.881690141,1,1,0,1,0.02,0,0,0.013858182,0.138581818,5.6694,9.7498,15.4192,0.75,125,TT,saed05rvt_base_tt0p75v125c,506.25,5.874930731,5.874930731,0,4.143134726,0,5.049856007,4.564348191,0,0,3.784189634,2.234542627,5.983936281,2.397895273,2.197224577,5.000563,8.527956,13.528519,12.26186393,11.79731286,12.53199031,Ok,Ok,Ok,,,
moving_average_filter,900,0.1,0.37,355,355,0,62,0,155,95,0,0,43,8.342208,0.023499177,396,10,8,244,83.92957746,1.881690141,1,1,0,1,0.02,0,0,0.014274674,0.142746742,5.4772,9.5074,14.9846,0.75,125,TT,saed05rvt_base_tt0p75v125c,506.25,5.874930731,5.874930731,0,4.143134726,0,5.049856007,4.564348191,0,0,3.784189634,2.234542627,5.983936281,2.397895273,2.197224577,5.1398826,8.492356,13.632238,9.025009756,6.158574371,10.6763542,Ok,Ok,Ok,,,
moving_average_filter,900,0.1,0.63,355,355,0,62,0,155,95,0,0,43,8.342208,0.023499177,396,10,8,244,83.92957746,1.881690141,1,1,0,1,0.02,0,0,0.014025818,0.140258182,5.2029,9.2729,14.4758,0.75,125,TT,saed05rvt_base_tt0p75v125c,506.25,5.874930731,5.874930731,0,4.143134726,0,5.049856007,4.564348191,0,0,3.784189634,2.234542627,5.983936281,2.397895273,2.197224577,5.228185,8.438511,13.666697,5.58935224,0.485982372,8.998146267,Ok,Ok,Ok,,,
moving_average_filter,900,0.1,0.9,355,355,0,62,0,155,95,0,0,43,8.342208,0.023499177,396,10,8,244,83.92957746,1.881690141,1,1,0,1,0.02,0,0,0.013775725,0.137757247,4.9313,9.0068,13.9381,0.75,125,TT,saed05rvt_base_tt0p75v125c,506.25,5.874930731,5.874930731,0,4.143134726,0,5.049856007,4.564348191,0,0,3.784189634,2.234542627,5.983936281,2.397895273,2.197224577,5.31169,8.355959,13.667648,1.940376985,7.713784472,7.226107623,Ok,Ok,Ok,,,
moving_average_filter,900,0.37,0.1,355,355,0,62,0,155,95,0,0,43,8.342208,0.023499177,396,10,8,244,83.92957746,1.881690141,1,1,0,1,0.02,0,0,0.034655725,0.093664121,17.298,9.7471,27.0451,0.75,125,TT,saed05rvt_base_tt0p75v125c,506.25,5.874930731,5.874930731,0,4.143134726,0,5.049856007,4.564348191,0,0,3.784189634,2.234542627,5.983936281,2.397895273,2.197224577,16.12153,8.525804,24.647335,8.865801744,6.801187809,12.5298441,Ok,Ok,Ok,,,
moving_average_filter,900,0.37,0.37,355,355,0,62,0,155,95,0,0,43,8.342208,0.023499177,396,10,8,244,83.92957746,1.881690141,1,1,0,1,0.02,0,0,0.034750679,0.093920755,16.6738,9.5066,26.1804,0.75,125,TT,saed05rvt_base_tt0p75v125c,506.25,5.874930731,5.874930731,0,4.143134726,0,5.049856007,4.564348191,0,0,3.784189634,2.234542627,5.983936281,2.397895273,2.197224577,16.2317,8.531113,24.762814,5.414685917,2.651459792,10.26115887,Ok,Ok,Ok,,,
moving_average_filter,900,0.37,0.63,355,355,0,62,0,155,95,0,0,43,8.342208,0.023499177,396,10,8,244,83.92957746,1.881690141,1,1,0,1,0.02,0,0,0.034592061,0.093492056,15.9742,9.2735,25.2477,0.75,125,TT,saed05rvt_base_tt0p75v125c,506.25,5.874930731,5.874930731,0,4.143134726,0,5.049856007,4.564348191,0,0,3.784189634,2.234542627,5.983936281,2.397895273,2.197224577,16.387413,8.469771,24.857185,1.546733509,2.586752544,8.666939287,Ok,Ok,Ok,,,
moving_average_filter,900,0.37,0.9,355,355,0,62,0,155,95,0,0,43,8.342208,0.023499177,396,10,8,244,83.92957746,1.881690141,1,1,0,1,0.02,0,0,0.033840758,0.091461507,15.0772,9.006,24.0832,0.75,125,TT,saed05rvt_base_tt0p75v125c,506.25,5.874930731,5.874930731,0,4.143134726,0,5.049856007,4.564348191,0,0,3.784189634,2.234542627,5.983936281,2.397895273,2.197224577,16.439457,8.386523,24.825981,3.084229422,9.035211708,6.878489376,Ok,Ok,Ok,,,
moving_average_filter,900,0.63,0.1,355,355,0,62,0,155,95,0,0,43,8.342208,0.023499177,396,10,8,244,83.92957746,1.881690141,1,1,0,1,0.02,0,0,0.052434758,0.083229774,27.8079,9.7472,37.5551,0.75,125,TT,saed05rvt_base_tt0p75v125c,506.25,5.874930731,5.874930731,0,4.143134726,0,5.049856007,4.564348191,0,0,3.784189634,2.234542627,5.983936281,2.397895273,2.197224577,25.56601,8.5180235,34.084034,9.242595637,8.062063221,12.61056005,Ok,Ok,Ok,,,
moving_average_filter,900,0.63,0.37,355,355,0,62,0,155,95,0,0,43,8.342208,0.023499177,396,10,8,244,83.92957746,1.881690141,1,1,0,1,0.02,0,0,0.053650801,0.085160001,27.2072,9.5068,36.714,0.75,125,TT,saed05rvt_base_tt0p75v125c,506.25,5.874930731,5.874930731,0,4.143134726,0,5.049856007,4.564348191,0,0,3.784189634,2.234542627,5.983936281,2.397895273,2.197224577,25.854755,8.530824,34.38558,6.342054378,4.97090696,10.2660863,Ok,Ok,Ok,,,
moving_average_filter,900,0.63,0.63,355,355,0,62,0,155,95,0,0,43,8.342208,0.023499177,396,10,8,244,83.92957746,1.881690141,1,1,0,1,0.02,0,0,0.053459722,0.084856702,26.1116,9.273,35.3846,0.75,125,TT,saed05rvt_base_tt0p75v125c,506.25,5.874930731,5.874930731,0,4.143134726,0,5.049856007,4.564348191,0,0,3.784189634,2.234542627,5.983936281,2.397895273,2.197224577,25.99697,8.45319,34.450157,2.640817854,0.439003267,8.84082983,Ok,Ok,Ok,,,
moving_average_filter,900,0.63,0.9,355,355,0,62,0,155,95,0,0,43,8.342208,0.023499177,396,10,8,244,83.92957746,1.881690141,1,1,0,1,0.02,0,0,0.051834179,0.082276475,24.6233,9.0198,33.6431,0.75,125,TT,saed05rvt_base_tt0p75v125c,506.25,5.874930731,5.874930731,0,4.143134726,0,5.049856007,4.564348191,0,0,3.784189634,2.234542627,5.983936281,2.397895273,2.197224577,26.007141,8.368093,34.375233,2.176174896,5.620047326,7.225298378,Ok,Ok,Ok,,,
moving_average_filter,900,0.9,0.1,355,355,0,62,0,155,95,0,0,43,8.342208,0.023499177,396,10,8,244,83.92957746,1.881690141,1,1,0,1,0.02,0,0,0.069639672,0.077377413,38.2591,9.7472,48.0063,0.75,125,TT,saed05rvt_base_tt0p75v125c,506.25,5.874930731,5.874930731,0,4.143134726,0,5.049856007,4.564348191,0,0,3.784189634,2.234542627,5.983936281,2.397895273,2.197224577,36.58361,8.513168,45.09678,6.060706887,4.379322737,12.66037082,Ok,Ok,Ok,,,
moving_average_filter,900,0.9,0.37,355,355,0,62,0,155,95,0,0,43,8.342208,0.023499177,396,10,8,244,83.92957746,1.881690141,1,1,0,1,0.02,0,0,0.072541826,0.080602029,37.9151,9.5069,47.422,0.75,125,TT,saed05rvt_base_tt0p75v125c,506.25,5.874930731,5.874930731,0,4.143134726,0,5.049856007,4.564348191,0,0,3.784189634,2.234542627,5.983936281,2.397895273,2.197224577,37.06046,8.521607,45.582066,3.879917375,2.254091017,10.36397355,Ok,Ok,Ok,,,
moving_average_filter,900,0.9,0.63,355,355,0,62,0,155,95,0,0,43,8.342208,0.023499177,396,10,8,244,83.92957746,1.881690141,1,1,0,1,0.02,0,0,0.07220773,0.080230811,36.4276,9.2728,45.7004,0.75,125,TT,saed05rvt_base_tt0p75v125c,506.25,5.874930731,5.874930731,0,4.143134726,0,5.049856007,4.564348191,0,0,3.784189634,2.234542627,5.983936281,2.397895273,2.197224577,37.36571,8.422873,45.78858,0.192956403,2.575275923,9.165812448,Ok,Ok,Ok,,,
moving_average_filter,900,0.9,0.9,355,355,0,62,0,155,95,0,0,43,8.342208,0.023499177,396,10,8,244,83.92957746,1.881690141,1,1,0,1,0.02,0,0,0.069124553,0.076805059,34.2749,9.0308,43.3057,0.75,125,TT,saed05rvt_base_tt0p75v125c,506.25,5.874930731,5.874930731,0,4.143134726,0,5.049856007,4.564348191,0,0,3.784189634,2.234542627,5.983936281,2.397895273,2.197224577,37.501766,8.343617,45.845383,5.864545985,9.414662639,7.609320998,Ok,Ok,Ok,,,
moving_average_filter,1000,0.1,0.1,355,355,0,62,0,155,95,0,0,43,8.342208,0.023499177,396,10,8,244,83.92957746,1.881690141,1,1,0,1,0.02,0,0,0.013917058,0.139170581,5.6823,9.7475,15.4298,0.75,125,TT,saed05rvt_base_tt0p75v125c,562.5,5.874930731,5.874930731,0,4.143134726,0,5.049856007,4.564348191,0,0,3.784189634,2.234542627,5.983936281,2.397895273,2.197224577,5.0318985,8.545289,13.577188,12.00671727,11.4460958,12.33353127,Ok,Ok,Ok,,,
moving_average_filter,1000,0.1,0.37,355,355,0,62,0,155,95,0,0,43,8.342208,0.023499177,396,10,8,244,83.92957746,1.881690141,1,1,0,1,0.02,0,0,0.014324495,0.143244949,5.4841,9.4996,14.9837,0.75,125,TT,saed05rvt_base_tt0p75v125c,562.5,5.874930731,5.874930731,0,4.143134726,0,5.049856007,4.564348191,0,0,3.784189634,2.234542627,5.983936281,2.397895273,2.197224577,5.174702,8.502917,13.67762,8.716672557,5.64172485,10.49183871,Ok,Ok,Ok,,,
moving_average_filter,1000,0.1,0.63,355,355,0,62,0,155,95,0,0,43,8.342208,0.023499177,396,10,8,244,83.92957746,1.881690141,1,1,0,1,0.02,0,0,0.014080126,0.140801263,5.2101,9.2659,14.476,0.75,125,TT,saed05rvt_base_tt0p75v125c,562.5,5.874930731,5.874930731,0,4.143134726,0,5.049856007,4.564348191,0,0,3.784189634,2.234542627,5.983936281,2.397895273,2.197224577,5.237473,8.453185,13.690659,5.425127319,0.525383601,8.771030537,Ok,Ok,Ok,,,
moving_average_filter,1000,0.1,0.9,355,355,0,62,0,155,95,0,0,43,8.342208,0.023499177,396,10,8,244,83.92957746,1.881690141,1,1,0,1,0.02,0,0,0.013825131,0.138251313,4.939,8.9991,13.9381,0.75,125,TT,saed05rvt_base_tt0p75v125c,562.5,5.874930731,5.874930731,0,4.143134726,0,5.049856007,4.564348191,0,0,3.784189634,2.234542627,5.983936281,2.397895273,2.197224577,5.335007,8.362345,13.697351,1.727269458,8.017962962,7.075766001,Ok,Ok,Ok,,,
moving_average_filter,1000,0.37,0.1,355,355,0,62,0,155,95,0,0,43,8.342208,0.023499177,396,10,8,244,83.92957746,1.881690141,1,1,0,1,0.02,0,0,0.034861172,0.094219383,17.3643,9.7394,27.1037,0.75,125,TT,saed05rvt_base_tt0p75v125c,562.5,5.874930731,5.874930731,0,4.143134726,0,5.049856007,4.564348191,0,0,3.784189634,2.234542627,5.983936281,2.397895273,2.197224577,16.273273,8.544961,24.818233,8.432304482,6.283158734,12.26398982,Ok,Ok,Ok,,,
moving_average_filter,1000,0.37,0.37,355,355,0,62,0,155,95,0,0,43,8.342208,0.023499177,396,10,8,244,83.92957746,1.881690141,1,1,0,1,0.02,0,0,0.034912354,0.094357712,16.7172,9.4991,26.2163,0.75,125,TT,saed05rvt_base_tt0p75v125c,562.5,5.874930731,5.874930731,0,4.143134726,0,5.049856007,4.564348191,0,0,3.784189634,2.234542627,5.983936281,2.397895273,2.197224577,16.370392,8.544315,24.914707,4.96482271,2.074558863,10.05131709,Ok,Ok,Ok,,,
moving_average_filter,1000,0.37,0.63,355,355,0,62,0,155,95,0,0,43,8.342208,0.023499177,396,10,8,244,83.92957746,1.881690141,1,1,0,1,0.02,0,0,0.034741876,0.093896963,16.005,9.2664,25.2714,0.75,125,TT,saed05rvt_base_tt0p75v125c,562.5,5.874930731,5.874930731,0,4.143134726,0,5.049856007,4.564348191,0,0,3.784189634,2.234542627,5.983936281,2.397895273,2.197224577,16.528221,8.483565,25.011787,1.027297995,3.269110468,8.448099256,Ok,Ok,Ok,,,
moving_average_filter,1000,0.37,0.9,355,355,0,62,0,155,95,0,0,43,8.342208,0.023499177,396,10,8,244,83.92957746,1.881690141,1,1,0,1,0.02,0,0,0.033997278,0.091884535,15.1041,8.998,24.1021,0.75,125,TT,saed05rvt_base_tt0p75v125c,562.5,5.874930731,5.874930731,0,4.143134726,0,5.049856007,4.564348191,0,0,3.784189634,2.234542627,5.983936281,2.397895273,2.197224577,16.539959,8.396512,24.93647,3.461814662,9.506418481,6.684685135,Ok,Ok,Ok,,,
moving_average_filter,1000,0.63,0.1,355,355,0,62,0,155,95,0,0,43,8.342208,0.023499177,396,10,8,244,83.92957746,1.881690141,1,1,0,1,0.02,0,0,0.052976081,0.084089017,27.9986,9.7395,37.7381,0.75,125,TT,saed05rvt_base_tt0p75v125c,562.5,5.874930731,5.874930731,0,4.143134726,0,5.049856007,4.564348191,0,0,3.784189634,2.234542627,5.983936281,2.397895273,2.197224577,25.842869,8.537159,34.380028,8.89836062,7.699424954,12.34499752,Ok,Ok,Ok,,,
moving_average_filter,1000,0.63,0.37,355,355,0,62,0,155,95,0,0,43,8.342208,0.023499177,396,10,8,244,83.92957746,1.881690141,1,1,0,1,0.02,0,0,0.053961268,0.085652806,27.2922,9.4994,36.7916,0.75,125,TT,saed05rvt_base_tt0p75v125c,562.5,5.874930731,5.874930731,0,4.143134726,0,5.049856007,4.564348191,0,0,3.784189634,2.234542627,5.983936281,2.397895273,2.197224577,26.14495,8.543757,34.68871,5.71568168,4.2035788,10.06003075,Ok,Ok,Ok,,,
moving_average_filter,1000,0.63,0.63,355,355,0,62,0,155,95,0,0,43,8.342208,0.023499177,396,10,8,244,83.92957746,1.881690141,1,1,0,1,0.02,0,0,0.053786336,0.085375136,26.1897,9.2658,35.4555,0.75,125,TT,saed05rvt_base_tt0p75v125c,562.5,5.874930731,5.874930731,0,4.143134726,0,5.049856007,4.564348191,0,0,3.784189634,2.234542627,5.983936281,2.397895273,2.197224577,26.27912,8.460652,34.739773,2.018663404,0.341429996,8.689456373,Ok,Ok,Ok,,,
moving_average_filter,1000,0.63,0.9,355,355,0,62,0,155,95,0,0,43,8.342208,0.023499177,396,10,8,244,83.92957746,1.881690141,1,1,0,1,0.02,0,0,0.05233474,0.083071016,24.7109,9.0096,33.7205,0.75,125,TT,saed05rvt_base_tt0p75v125c,562.5,5.874930731,5.874930731,0,4.143134726,0,5.049856007,4.564348191,0,0,3.784189634,2.234542627,5.983936281,2.397895273,2.197224577,26.2115,8.3815365,34.593037,2.587555498,6.072624501,6.971047729,Ok,Ok,Ok,,,
moving_average_filter,1000,0.9,0.1,355,355,0,62,0,155,95,0,0,43,8.342208,0.023499177,396,10,8,244,83.92957746,1.881690141,1,1,0,1,0.02,0,0,0.070497677,0.078330752,38.5654,9.7395,48.3049,0.75,125,TT,saed05rvt_base_tt0p75v125c,562.5,5.874930731,5.874930731,0,4.143134726,0,5.049856007,4.564348191,0,0,3.784189634,2.234542627,5.983936281,2.397895273,2.197224577,36.806538,8.537113,45.34365,6.13032877,4.560726381,12.34546753,Ok,Ok,Ok,,,
moving_average_filter,1000,0.9,0.37,355,355,0,62,0,155,95,0,0,43,8.342208,0.023499177,396,10,8,244,83.92957746,1.881690141,1,1,0,1,0.02,0,0,0.073093207,0.081214675,38.0791,9.4994,47.5785,0.75,125,TT,saed05rvt_base_tt0p75v125c,562.5,5.874930731,5.874930731,0,4.143134726,0,5.049856007,4.564348191,0,0,3.784189634,2.234542627,5.983936281,2.397895273,2.197224577,37.35278,8.53108,45.883858,3.56178163,1.907399628,10.19348332,Ok,Ok,Ok,,,
moving_average_filter,1000,0.9,0.63,355,355,0,62,0,155,95,0,0,43,8.342208,0.023499177,396,10,8,244,83.92957746,1.881690141,1,1,0,1,0.02,0,0,0.072784871,0.080872079,36.5644,9.2654,45.8298,0.75,125,TT,saed05rvt_base_tt0p75v125c,562.5,5.874930731,5.874930731,0,4.143134726,0,5.049856007,4.564348191,0,0,3.784189634,2.234542627,5.983936281,2.397895273,2.197224577,37.667152,8.429794,46.096947,0.5829105,3.015918229,9.018560326,Ok,Ok,Ok,,,
moving_average_filter,1000,0.9,0.9,355,355,0,62,0,155,95,0,0,43,8.342208,0.023499177,396,10,8,244,83.92957746,1.881690141,1,1,0,1,0.02,0,0,0.069950045,0.077722273,34.4219,9.0202,43.4421,0.75,125,TT,saed05rvt_base_tt0p75v125c,562.5,5.874930731,5.874930731,0,4.143134726,0,5.049856007,4.564348191,0,0,3.784189634,2.234542627,5.983936281,2.397895273,2.197224577,37.719284,8.348725,46.06801,6.04461668,9.57932031,7.444121872,Ok,Ok,Ok,,,
moving_average_filter,10,0.1,0.1,357,357,0,64,0,161,92,0,0,40,8.334144,0.023344941,398,10,8,248,84.94957983,1.8767507,1,1,0,1,0.02,0,0,0.00452809,0.045280905,2.4142,0.0621265,2.4763265,0.66,25,FF,saed05rvt_base_ff0p660v25c,4.356,5.880532986,5.880532986,0,4.17438727,0,5.087596335,4.532599493,0,0,3.713572067,2.233679075,5.988961417,2.397895273,2.197224577,2.3684466,0.0528038,2.4212503,2.224107228,1.895179003,15.00599662,Ok,Ok,Anomal,,,
moving_average_filter,10,0.1,0.37,357,357,0,64,0,161,92,0,0,40,8.334144,0.023344941,398,10,8,248,84.94957983,1.8767507,1,1,0,1,0.02,0,0,0.004754118,0.047541181,2.4605,0.06141,2.52191,0.66,25,FF,saed05rvt_base_ff0p660v25c,4.356,5.880532986,5.880532986,0,4.17438727,0,5.087596335,4.532599493,0,0,3.713572067,2.233679075,5.988961417,2.397895273,2.197224577,2.4108636,0.052892756,2.4637563,2.305937846,2.01732827,13.86947449,Ok,Ok,Ok,,,
moving_average_filter,10,0.1,0.63,357,357,0,64,0,161,92,0,0,40,8.334144,0.023344941,398,10,8,248,84.94957983,1.8767507,1,1,0,1,0.02,0,0,0.004754103,0.04754103,2.4491,0.0606345,2.5097345,0.66,25,FF,saed05rvt_base_ff0p660v25c,4.356,5.880532986,5.880532986,0,4.17438727,0,5.087596335,4.532599493,0,0,3.713572067,2.233679075,5.988961417,2.397895273,2.197224577,2.4302163,0.055250823,2.4854672,0.966927159,0.771046,8.878899805,Ok,Ok,Ok,,,
moving_average_filter,10,0.1,0.9,357,357,0,64,0,161,92,0,0,40,8.334144,0.023344941,398,10,8,248,84.94957983,1.8767507,1,1,0,1,0.02,0,0,0.004527952,0.045279523,2.407,0.0597698,2.4667698,0.66,25,FF,saed05rvt_base_ff0p660v25c,4.356,5.880532986,5.880532986,0,4.17438727,0,5.087596335,4.532599493,0,0,3.713572067,2.233679075,5.988961417,2.397895273,2.197224577,2.4410677,0.05794013,2.499008,1.306896991,1.415359186,3.061196138,Ok,Ok,Ok,,,
moving_average_filter,10,0.37,0.1,357,357,0,64,0,161,92,0,0,40,8.334144,0.023344941,398,10,8,248,84.94957983,1.8767507,1,1,0,1,0.02,0,0,0.016739043,0.045240656,8.9305,0.0621278,8.9926278,0.66,25,FF,saed05rvt_base_ff0p660v25c,4.356,5.880532986,5.880532986,0,4.17438727,0,5.087596335,4.532599493,0,0,3.713572067,2.233679075,5.988961417,2.397895273,2.197224577,9.252964,0.05304876,9.306013,3.484913579,3.610817085,14.61349074,Ok,Ok,Ok,,,
moving_average_filter,10,0.37,0.37,357,357,0,64,0,161,92,0,0,40,8.334144,0.023344941,398,10,8,248,84.94957983,1.8767507,1,1,0,1,0.02,0,0,0.016965173,0.04585182,8.9699,0.06141,9.03131,0.66,25,FF,saed05rvt_base_ff0p660v25c,4.356,5.880532986,5.880532986,0,4.17438727,0,5.087596335,4.532599493,0,0,3.713572067,2.233679075,5.988961417,2.397895273,2.197224577,9.224792,0.053142015,9.277933,2.730756897,2.841631755,13.46358103,Ok,Ok,Ok,,,
moving_average_filter,10,0.37,0.63,357,357,0,64,0,161,92,0,0,40,8.334144,0.023344941,398,10,8,248,84.94957983,1.8767507,1,1,0,1,0.02,0,0,0.016965158,0.045851779,8.9522,0.0606345,9.0128345,0.66,25,FF,saed05rvt_base_ff0p660v25c,4.356,5.880532986,5.880532986,0,4.17438727,0,5.087596335,4.532599493,0,0,3.713572067,2.233679075,5.988961417,2.397895273,2.197224577,9.226181,0.055089615,9.281271,2.978380229,3.060488263,9.144768596,Ok,Ok,Ok,,,
moving_average_filter,10,0.37,0.9,357,357,0,64,0,161,92,0,0,40,8.334144,0.023344941,398,10,8,248,84.94957983,1.8767507,1,1,0,1,0.02,0,0,0.016739008,0.045240561,8.9039,0.0597698,8.9636698,0.66,25,FF,saed05rvt_base_ff0p660v25c,4.356,5.880532986,5.880532986,0,4.17438727,0,5.087596335,4.532599493,0,0,3.713572067,2.233679075,5.988961417,2.397895273,2.197224577,9.205782,0.057287145,9.263069,3.340142592,3.390446171,4.153693996,Ok,Ok,Ok,,,
moving_average_filter,10,0.63,0.1,357,357,0,64,0,161,92,0,0,40,8.334144,0.023344941,398,10,8,248,84.94957983,1.8767507,1,1,0,1,0.02,0,0,0.028497837,0.045234661,15.2054,0.0621278,15.2675278,0.66,25,FF,saed05rvt_base_ff0p660v25c,4.356,5.880532986,5.880532986,0,4.17438727,0,5.087596335,4.532599493,0,0,3.713572067,2.233679075,5.988961417,2.397895273,2.197224577,16.433596,0.05320831,16.486803,7.986068673,8.077364998,14.35668065,Ok,Ok,Ok,,,
moving_average_filter,10,0.63,0.37,357,357,0,64,0,161,92,0,0,40,8.334144,0.023344941,398,10,8,248,84.94957983,1.8767507,1,1,0,1,0.02,0,0,0.028723967,0.045593599,15.2382,0.06141,15.29961,0.66,25,FF,saed05rvt_base_ff0p660v25c,4.356,5.880532986,5.880532986,0,4.17438727,0,5.087596335,4.532599493,0,0,3.713572067,2.233679075,5.988961417,2.397895273,2.197224577,16.409077,0.05320986,16.462286,7.599383223,7.683825456,13.3531023,Ok,Ok,Ok,,,
moving_average_filter,10,0.63,0.63,357,357,0,64,0,161,92,0,0,40,8.334144,0.023344941,398,10,8,248,84.94957983,1.8767507,1,1,0,1,0.02,0,0,0.028723952,0.045593575,15.2144,0.0606345,15.2750345,0.66,25,FF,saed05rvt_base_ff0p660v25c,4.356,5.880532986,5.880532986,0,4.17438727,0,5.087596335,4.532599493,0,0,3.713572067,2.233679075,5.988961417,2.397895273,2.197224577,16.427462,0.05490275,16.482365,7.90394388,7.973115102,9.452950055,Ok,Ok,Ok,,,
moving_average_filter,10,0.63,0.9,357,357,0,64,0,161,92,0,0,40,8.334144,0.023344941,398,10,8,248,84.94957983,1.8767507,1,1,0,1,0.02,0,0,0.028497802,0.045234606,15.1601,0.0597698,15.2198698,0.66,25,FF,saed05rvt_base_ff0p660v25c,4.356,5.880532986,5.880532986,0,4.17438727,0,5.087596335,4.532599493,0,0,3.713572067,2.233679075,5.988961417,2.397895273,2.197224577,16.494162,0.05692559,16.551086,8.746570393,8.79982062,4.75860538,Ok,Ok,Ok,,,
moving_average_filter,10,0.9,0.1,357,357,0,64,0,161,92,0,0,40,8.334144,0.023344941,398,10,8,248,84.94957983,1.8767507,1,1,0,1,0.02,0,0,0.040708892,0.045232102,21.7217,0.0621278,21.7838278,0.66,25,FF,saed05rvt_base_ff0p660v25c,4.356,5.880532986,5.880532986,0,4.17438727,0,5.087596335,4.532599493,0,0,3.713572067,2.233679075,5.988961417,2.397895273,2.197224577,23.143744,0.053443257,23.197187,6.488114195,6.546649272,13.97851402,Ok,Ok,Ok,,,
moving_average_filter,10,0.9,0.37,357,357,0,64,0,161,92,0,0,40,8.334144,0.023344941,398,10,8,248,84.94957983,1.8767507,1,1,0,1,0.02,0,0,0.040935023,0.045483358,21.7475,0.06141,21.80891,0.66,25,FF,saed05rvt_base_ff0p660v25c,4.356,5.880532986,5.880532986,0,4.17438727,0,5.087596335,4.532599493,0,0,3.713572067,2.233679075,5.988961417,2.397895273,2.197224577,23.103052,0.05327827,23.15633,6.178301018,6.233140082,13.2417015,Ok,Ok,Ok,,,
moving_average_filter,10,0.9,0.63,357,357,0,64,0,161,92,0,0,40,8.334144,0.023344941,398,10,8,248,84.94957983,1.8767507,1,1,0,1,0.02,0,0,0.040935008,0.045483342,21.7175,0.0606345,21.7781345,0.66,25,FF,saed05rvt_base_ff0p660v25c,4.356,5.880532986,5.880532986,0,4.17438727,0,5.087596335,4.532599493,0,0,3.713572067,2.233679075,5.988961417,2.397895273,2.197224577,23.105179,0.054918785,23.160097,6.345642792,6.389680364,9.426506942,Ok,Ok,Ok,,,
moving_average_filter,10,0.9,0.9,357,357,0,64,0,161,92,0,0,40,8.334144,0.023344941,398,10,8,248,84.94957983,1.8767507,1,1,0,1,0.02,0,0,0.040708857,0.045232063,21.657,0.0597698,21.7167698,0.66,25,FF,saed05rvt_base_ff0p660v25c,4.356,5.880532986,5.880532986,0,4.17438727,0,5.087596335,4.532599493,0,0,3.713572067,2.233679075,5.988961417,2.397895273,2.197224577,23.127079,0.056999795,23.184078,6.756568449,6.788008542,4.63445563,Ok,Ok,Ok,,,
moving_average_filter,50,0.1,0.1,357,357,0,64,0,161,92,0,0,40,8.334144,0.023344941,398,10,8,248,84.94957983,1.8767507,1,1,0,1,0.02,0,0,0.004549452,0.045494523,2.4172,0.0621265,2.4793265,0.66,25,FF,saed05rvt_base_ff0p660v25c,21.78,5.880532986,5.880532986,0,4.17438727,0,5.087596335,4.532599493,0,0,3.713572067,2.233679075,5.988961417,2.397895273,2.197224577,2.4242556,0.05292938,2.477185,0.086373823,0.291891838,14.8038614,Ok,Ok,Ok,,,
moving_average_filter,50,0.1,0.37,357,357,0,64,0,161,92,0,0,40,8.334144,0.023344941,398,10,8,248,84.94957983,1.8767507,1,1,0,1,0.02,0,0,0.005679817,0.056798166,2.6589,0.06141,2.72031,0.66,25,FF,saed05rvt_base_ff0p660v25c,21.78,5.880532986,5.880532986,0,4.17438727,0,5.087596335,4.532599493,0,0,3.713572067,2.233679075,5.988961417,2.397895273,2.197224577,2.5191524,0.05293571,2.572088,5.448717126,5.255842533,13.79953051,Ok,Ok,Ok,,,
moving_average_filter,50,0.1,0.63,357,357,0,64,0,161,92,0,0,40,8.334144,0.023344941,398,10,8,248,84.94957983,1.8767507,1,1,0,1,0.02,0,0,0.005679726,0.056797261,2.6113,0.0606345,2.6719345,0.66,25,FF,saed05rvt_base_ff0p660v25c,21.78,5.880532986,5.880532986,0,4.17438727,0,5.087596335,4.532599493,0,0,3.713572067,2.233679075,5.988961417,2.397895273,2.197224577,2.5393698,0.05520743,2.5945773,2.895175295,2.754573525,8.950463323,Ok,Ok,Ok,,,
moving_average_filter,50,0.1,0.9,357,357,0,64,0,161,92,0,0,40,8.334144,0.023344941,398,10,8,248,84.94957983,1.8767507,1,1,0,1,0.02,0,0,0.004548985,0.045489849,2.4101,0.0597698,2.4698698,0.66,25,FF,saed05rvt_base_ff0p660v25c,21.78,5.880532986,5.880532986,0,4.17438727,0,5.087596335,4.532599493,0,0,3.713572067,2.233679075,5.988961417,2.397895273,2.197224577,2.4936652,0.058025584,2.5516908,3.312766401,3.467292575,2.918223543,Ok,Ok,Ok,,,
moving_average_filter,50,0.37,0.1,357,357,0,64,0,161,92,0,0,40,8.334144,0.023344941,398,10,8,248,84.94957983,1.8767507,1,1,0,1,0.02,0,0,0.016760204,0.045297847,8.9337,0.0621278,8.9958278,0.66,25,FF,saed05rvt_base_ff0p660v25c,21.78,5.880532986,5.880532986,0,4.17438727,0,5.087596335,4.532599493,0,0,3.713572067,2.233679075,5.988961417,2.397895273,2.197224577,9.579155,0.053131375,9.632286,7.075038406,7.224945636,14.48051362,Ok,Ok,Ok,,,
moving_average_filter,50,0.37,0.37,357,357,0,64,0,161,92,0,0,40,8.334144,0.023344941,398,10,8,248,84.94957983,1.8767507,1,1,0,1,0.02,0,0,0.017890872,0.048353708,9.1683,0.06141,9.22971,0.66,25,FF,saed05rvt_base_ff0p660v25c,21.78,5.880532986,5.880532986,0,4.17438727,0,5.087596335,4.532599493,0,0,3.713572067,2.233679075,5.988961417,2.397895273,2.197224577,9.6471815,0.0531519,9.700334,5.099007393,5.223231253,13.44748117,Ok,Ok,Ok,,,
moving_average_filter,50,0.37,0.63,357,357,0,64,0,161,92,0,0,40,8.334144,0.023344941,398,10,8,248,84.94957983,1.8767507,1,1,0,1,0.02,0,0,0.017890781,0.048353463,9.1143,0.0606345,9.1749345,0.66,25,FF,saed05rvt_base_ff0p660v25c,21.78,5.880532986,5.880532986,0,4.17438727,0,5.087596335,4.532599493,0,0,3.713572067,2.233679075,5.988961417,2.397895273,2.197224577,9.694473,0.055101745,9.749575,6.263152737,6.365527431,9.124764234,Ok,Ok,Ok,,,
moving_average_filter,50,0.37,0.9,357,357,0,64,0,161,92,0,0,40,8.334144,0.023344941,398,10,8,248,84.94957983,1.8767507,1,1,0,1,0.02,0,0,0.01676004,0.045297406,8.907,0.0597698,8.9667698,0.66,25,FF,saed05rvt_base_ff0p660v25c,21.78,5.880532986,5.880532986,0,4.17438727,0,5.087596335,4.532599493,0,0,3.713572067,2.233679075,5.988961417,2.397895273,2.197224577,9.709574,0.05736588,9.766939,8.923719255,9.010595551,4.021965246,Ok,Ok,Ok,,,
moving_average_filter,50,0.63,0.1,357,357,0,64,0,161,92,0,0,40,8.334144,0.023344941,398,10,8,248,84.94957983,1.8767507,1,1,0,1,0.02,0,0,0.028518997,0.04526825,15.2086,0.0621278,15.2707278,0.66,25,FF,saed05rvt_base_ff0p660v25c,21.78,5.880532986,5.880532986,0,4.17438727,0,5.087596335,4.532599493,0,0,3.713572067,2.233679075,5.988961417,2.397895273,2.197224577,16.659384,0.053288557,16.712673,9.442545281,9.539232893,14.22751709,Ok,Ok,Ok,,,
moving_average_filter,50,0.63,0.37,357,357,0,64,0,161,92,0,0,40,8.334144,0.023344941,398,10,8,248,84.94957983,1.8767507,1,1,0,1,0.02,0,0,0.029649666,0.047062962,15.4366,0.06141,15.49801,0.66,25,FF,saed05rvt_base_ff0p660v25c,21.78,5.880532986,5.880532986,0,4.17438727,0,5.087596335,4.532599493,0,0,3.713572067,2.233679075,5.988961417,2.397895273,2.197224577,16.647863,0.05325476,16.701118,7.762986791,7.84669803,13.27998567,Ok,Ok,Ok,,,
moving_average_filter,50,0.63,0.63,357,357,0,64,0,161,92,0,0,40,8.334144,0.023344941,398,10,8,248,84.94957983,1.8767507,1,1,0,1,0.02,0,0,0.029649575,0.047062818,15.3766,0.0606345,15.4372345,0.66,25,FF,saed05rvt_base_ff0p660v25c,21.78,5.880532986,5.880532986,0,4.17438727,0,5.087596335,4.532599493,0,0,3.713572067,2.233679075,5.988961417,2.397895273,2.197224577,16.661772,0.055008046,16.71678,8.288694512,8.357971036,9.279294248,Ok,Ok,Ok,,,
moving_average_filter,50,0.63,0.9,357,357,0,64,0,161,92,0,0,40,8.334144,0.023344941,398,10,8,248,84.94957983,1.8767507,1,1,0,1,0.02,0,0,0.028518834,0.045267991,15.1632,0.0597698,15.2229698,0.66,25,FF,saed05rvt_base_ff0p660v25c,21.78,5.880532986,5.880532986,0,4.17438727,0,5.087596335,4.532599493,0,0,3.713572067,2.233679075,5.988961417,2.397895273,2.197224577,16.68659,0.057054013,16.743645,9.989344618,10.04662733,4.543744477,Ok,Ok,Ok,,,
moving_average_filter,50,0.9,0.1,357,357,0,64,0,161,92,0,0,40,8.334144,0.023344941,398,10,8,248,84.94957983,1.8767507,1,1,0,1,0.02,0,0,0.040730053,0.045255614,21.7249,0.0621278,21.7870278,0.66,25,FF,saed05rvt_base_ff0p660v25c,21.78,5.880532986,5.880532986,0,4.17438727,0,5.087596335,4.532599493,0,0,3.713572067,2.233679075,5.988961417,2.397895273,2.197224577,23.612154,0.053520866,23.665674,8.622775107,8.687054978,13.85359575,Ok,Ok,Ok,,,
moving_average_filter,50,0.9,0.37,357,357,0,64,0,161,92,0,0,40,8.334144,0.023344941,398,10,8,248,84.94957983,1.8767507,1,1,0,1,0.02,0,0,0.041860721,0.046511912,21.9459,0.06141,22.00731,0.66,25,FF,saed05rvt_base_ff0p660v25c,21.78,5.880532986,5.880532986,0,4.17438727,0,5.087596335,4.532599493,0,0,3.713572067,2.233679075,5.988961417,2.397895273,2.197224577,23.608152,0.05329068,23.661444,7.516292134,7.574318618,13.22149479,Ok,Ok,Ok,,,
moving_average_filter,50,0.9,0.63,357,357,0,64,0,161,92,0,0,40,8.334144,0.023344941,398,10,8,248,84.94957983,1.8767507,1,1,0,1,0.02,0,0,0.041860631,0.046511812,21.8796,0.0606345,21.9402345,0.66,25,FF,saed05rvt_base_ff0p660v25c,21.78,5.880532986,5.880532986,0,4.17438727,0,5.087596335,4.532599493,0,0,3.713572067,2.233679075,5.988961417,2.397895273,2.197224577,23.61594,0.05503751,23.670979,7.888448258,7.935885912,9.23070257,Ok,Ok,Ok,,,
moving_average_filter,50,0.9,0.9,357,357,0,64,0,161,92,0,0,40,8.334144,0.023344941,398,10,8,248,84.94957983,1.8767507,1,1,0,1,0.02,0,0,0.040729889,0.045255433,21.6601,0.0597698,21.7198698,0.66,25,FF,saed05rvt_base_ff0p660v25c,21.78,5.880532986,5.880532986,0,4.17438727,0,5.087596335,4.532599493,0,0,3.713572067,2.233679075,5.988961417,2.397895273,2.197224577,23.596169,0.057103775,23.653273,8.90153968,8.938409878,4.460487668,Ok,Ok,Ok,,,
moving_average_filter,100,0.1,0.1,357,357,0,64,0,161,92,0,0,40,8.334144,0.023344941,398,10,8,248,84.94957983,1.8767507,1,1,0,1,0.02,0,0,0.014391013,0.143910126,4.0985,0.0614886,4.1599886,0.66,25,FF,saed05rvt_base_ff0p660v25c,43.56,5.880532986,5.880532986,0,4.17438727,0,5.087596335,4.532599493,0,0,3.713572067,2.233679075,5.988961417,2.397895273,2.197224577,3.1996078,0.05314925,3.252757,21.80850995,21.93222279,13.56243368,Anomal,Anomal,Ok,,,
moving_average_filter,100,0.1,0.37,357,357,0,64,0,161,92,0,0,40,8.334144,0.023344941,398,10,8,248,84.94957983,1.8767507,1,1,0,1,0.02,0,0,0.015131538,0.151315377,4.0693,0.0607116,4.1300116,0.66,25,FF,saed05rvt_base_ff0p660v25c,43.56,5.880532986,5.880532986,0,4.17438727,0,5.087596335,4.532599493,0,0,3.713572067,2.233679075,5.988961417,2.397895273,2.197224577,3.2194781,0.05294852,3.2724266,20.76471153,20.88373602,12.78681572,Anomal,Anomal,Ok,,,
moving_average_filter,100,0.1,0.63,357,357,0,64,0,161,92,0,0,40,8.334144,0.023344941,398,10,8,248,84.94957983,1.8767507,1,1,0,1,0.02,0,0,0.01487253,0.148725302,3.8853,0.0598825,3.9451825,0.66,25,FF,saed05rvt_base_ff0p660v25c,43.56,5.880532986,5.880532986,0,4.17438727,0,5.087596335,4.532599493,0,0,3.713572067,2.233679075,5.988961417,2.397895273,2.197224577,3.2309837,0.05473122,3.2857149,16.71577006,16.84081708,8.602312851,Anomal,Anomal,Ok,,,
moving_average_filter,100,0.1,0.9,357,357,0,64,0,161,92,0,0,40,8.334144,0.023344941,398,10,8,248,84.94957983,1.8767507,1,1,0,1,0.02,0,0,0.014347937,0.143479372,3.6759,0.0590428,3.7349428,0.66,25,FF,saed05rvt_base_ff0p660v25c,43.56,5.880532986,5.880532986,0,4.17438727,0,5.087596335,4.532599493,0,0,3.713572067,2.233679075,5.988961417,2.397895273,2.197224577,3.280498,0.057571497,3.3380694,10.62595553,10.75660307,2.49192651,Ok,Ok,Ok,,,
moving_average_filter,100,0.37,0.1,357,357,0,64,0,161,92,0,0,40,8.334144,0.023344941,398,10,8,248,84.94957983,1.8767507,1,1,0,1,0.02,0,0,0.026668714,0.072077604,10.5475,0.0614312,10.6089312,0.66,25,FF,saed05rvt_base_ff0p660v25c,43.56,5.880532986,5.880532986,0,4.17438727,0,5.087596335,4.532599493,0,0,3.713572067,2.233679075,5.988961417,2.397895273,2.197224577,10.688902,0.05318795,10.74209,1.255159664,1.340620064,13.41866764,Ok,Ok,Ok,,,
moving_average_filter,100,0.37,0.37,357,357,0,64,0,161,92,0,0,40,8.334144,0.023344941,398,10,8,248,84.94957983,1.8767507,1,1,0,1,0.02,0,0,0.028931603,0.078193522,10.9044,0.0607093,10.9651093,0.66,25,FF,saed05rvt_base_ff0p660v25c,43.56,5.880532986,5.880532986,0,4.17438727,0,5.087596335,4.532599493,0,0,3.713572067,2.233679075,5.988961417,2.397895273,2.197224577,10.878615,0.05308948,10.9317045,0.304646109,0.236460701,12.55132105,Ok,Ok,Ok,,,
moving_average_filter,100,0.37,0.63,357,357,0,64,0,161,92,0,0,40,8.334144,0.023344941,398,10,8,248,84.94957983,1.8767507,1,1,0,1,0.02,0,0,0.028932927,0.0781971,10.688,0.0599298,10.7479298,0.66,25,FF,saed05rvt_base_ff0p660v25c,43.56,5.880532986,5.880532986,0,4.17438727,0,5.087596335,4.532599493,0,0,3.713572067,2.233679075,5.988961417,2.397895273,2.197224577,10.908262,0.05493605,10.963199,2.002886749,2.060836946,8.332663602,Ok,Ok,Ok,,,
moving_average_filter,100,0.37,0.9,357,357,0,64,0,161,92,0,0,40,8.334144,0.023344941,398,10,8,248,84.94957983,1.8767507,1,1,0,1,0.02,0,0,0.026671545,0.072085257,10.1598,0.059061,10.218861,0.66,25,FF,saed05rvt_base_ff0p660v25c,43.56,5.880532986,5.880532986,0,4.17438727,0,5.087596335,4.532599493,0,0,3.713572067,2.233679075,5.988961417,2.397895273,2.197224577,10.794876,0.057316832,10.852193,6.197675834,6.250872051,2.953163264,Ok,Ok,Ok,,,
moving_average_filter,100,0.63,0.1,357,357,0,64,0,161,92,0,0,40,8.334144,0.023344941,398,10,8,248,84.94957983,1.8767507,1,1,0,1,0.02,0,0,0.038427508,0.060996044,16.8116,0.0614312,16.8730312,0.66,25,FF,saed05rvt_base_ff0p660v25c,43.56,5.880532986,5.880532986,0,4.17438727,0,5.087596335,4.532599493,0,0,3.713572067,2.233679075,5.988961417,2.397895273,2.197224577,17.466719,0.05335854,17.520077,3.834791414,3.89682525,13.14097732,Ok,Ok,Ok,,,
moving_average_filter,100,0.63,0.37,357,357,0,64,0,161,92,0,0,40,8.334144,0.023344941,398,10,8,248,84.94957983,1.8767507,1,1,0,1,0.02,0,0,0.040690397,0.064587932,17.1616,0.0607093,17.2223093,0.66,25,FF,saed05rvt_base_ff0p660v25c,43.56,5.880532986,5.880532986,0,4.17438727,0,5.087596335,4.532599493,0,0,3.713572067,2.233679075,5.988961417,2.397895273,2.197224577,17.509527,0.053162888,17.56269,1.976398339,2.027358792,12.43040573,Ok,Ok,Ok,,,
moving_average_filter,100,0.63,0.63,357,357,0,64,0,161,92,0,0,40,8.334144,0.023344941,398,10,8,248,84.94957983,1.8767507,1,1,0,1,0.02,0,0,0.040691721,0.064590034,16.9388,0.0599298,16.9987298,0.66,25,FF,saed05rvt_base_ff0p660v25c,43.56,5.880532986,5.880532986,0,4.17438727,0,5.087596335,4.532599493,0,0,3.713572067,2.233679075,5.988961417,2.397895273,2.197224577,17.517004,0.055020615,17.572025,3.372578456,3.413488636,8.191558359,Ok,Ok,Ok,,,
moving_average_filter,100,0.63,0.9,357,357,0,64,0,161,92,0,0,40,8.334144,0.023344941,398,10,8,248,84.94957983,1.8767507,1,1,0,1,0.02,0,0,0.038430339,0.061000538,16.4042,0.059061,16.463261,0.66,25,FF,saed05rvt_base_ff0p660v25c,43.56,5.880532986,5.880532986,0,4.17438727,0,5.087596335,4.532599493,0,0,3.713572067,2.233679075,5.988961417,2.397895273,2.197224577,17.446806,0.057062786,17.503868,6.32078361,6.355725692,3.383305273,Ok,Ok,Ok,,,
moving_average_filter,100,0.9,0.1,357,357,0,64,0,161,92,0,0,40,8.334144,0.023344941,398,10,8,248,84.94957983,1.8767507,1,1,0,1,0.02,0,0,0.050638563,0.05626507,23.316,0.0614312,23.3774312,0.66,25,FF,saed05rvt_base_ff0p660v25c,43.56,5.880532986,5.880532986,0,4.17438727,0,5.087596335,4.532599493,0,0,3.713572067,2.233679075,5.988961417,2.397895273,2.197224577,24.77386,0.05366025,24.82752,6.202944875,6.252620224,12.64984047,Ok,Ok,Ok,,,
moving_average_filter,100,0.9,0.37,357,357,0,64,0,161,92,0,0,40,8.334144,0.023344941,398,10,8,248,84.94957983,1.8767507,1,1,0,1,0.02,0,0,0.052901452,0.058779391,23.659,0.0607093,23.7197093,0.66,25,FF,saed05rvt_base_ff0p660v25c,43.56,5.880532986,5.880532986,0,4.17438727,0,5.087596335,4.532599493,0,0,3.713572067,2.233679075,5.988961417,2.397895273,2.197224577,24.862093,0.053251497,24.915344,5.040681246,5.085138729,12.28444827,Ok,Ok,Ok,,,
moving_average_filter,100,0.9,0.63,357,357,0,64,0,161,92,0,0,40,8.334144,0.023344941,398,10,8,248,84.94957983,1.8767507,1,1,0,1,0.02,0,0,0.052902776,0.058780863,23.4297,0.0599298,23.4896298,0.66,25,FF,saed05rvt_base_ff0p660v25c,43.56,5.880532986,5.880532986,0,4.17438727,0,5.087596335,4.532599493,0,0,3.713572067,2.233679075,5.988961417,2.397895273,2.197224577,24.85332,0.055122692,24.908442,6.040162215,6.076130587,8.021231277,Ok,Ok,Ok,,,
moving_average_filter,100,0.9,0.9,357,357,0,64,0,161,92,0,0,40,8.334144,0.023344941,398,10,8,248,84.94957983,1.8767507,1,1,0,1,0.02,0,0,0.050641394,0.056268216,22.8887,0.059061,22.947761,0.66,25,FF,saed05rvt_base_ff0p660v25c,43.56,5.880532986,5.880532986,0,4.17438727,0,5.087596335,4.532599493,0,0,3.713572067,2.233679075,5.988961417,2.397895273,2.197224577,24.785427,0.05715685,24.842585,8.25711759,8.286740153,3.224040141,Ok,Ok,Ok,,,
moving_average_filter,200,0.1,0.1,357,357,0,64,0,161,92,0,0,40,8.334144,0.023344941,398,10,8,248,84.94957983,1.8767507,1,1,0,1,0.02,0,0,0.013366877,0.133668769,4.0083,0.0615972,4.0698972,0.66,25,FF,saed05rvt_base_ff0p660v25c,87.12,5.880532986,5.880532986,0,4.17438727,0,5.087596335,4.532599493,0,0,3.713572067,2.233679075,5.988961417,2.397895273,2.197224577,3.1722398,0.05364658,3.2258863,20.73789124,20.85822467,12.90743835,Anomal,Anomal,Ok,,,
moving_average_filter,200,0.1,0.37,357,357,0,64,0,161,92,0,0,40,8.334144,0.023344941,398,10,8,248,84.94957983,1.8767507,1,1,0,1,0.02,0,0,0.013749628,0.137496281,3.8953,0.06081,3.95611,0.66,25,FF,saed05rvt_base_ff0p660v25c,87.12,5.880532986,5.880532986,0,4.17438727,0,5.087596335,4.532599493,0,0,3.713572067,2.233679075,5.988961417,2.397895273,2.197224577,3.1762347,0.05321157,3.2294464,18.36813407,18.45981767,12.49536296,Anomal,Anomal,Ok,,,
moving_average_filter,200,0.1,0.63,357,357,0,64,0,161,92,0,0,40,8.334144,0.023344941,398,10,8,248,84.94957983,1.8767507,1,1,0,1,0.02,0,0,0.013527191,0.13527191,3.7204,0.0599922,3.7803922,0.66,25,FF,saed05rvt_base_ff0p660v25c,87.12,5.880532986,5.880532986,0,4.17438727,0,5.087596335,4.532599493,0,0,3.713572067,2.233679075,5.988961417,2.397895273,2.197224577,3.182198,0.05494258,3.2371407,14.37024297,14.46623891,8.417124555,Ok,Ok,Ok,,,
moving_average_filter,200,0.1,0.9,357,357,0,64,0,161,92,0,0,40,8.334144,0.023344941,398,10,8,248,84.94957983,1.8767507,1,1,0,1,0.02,0,0,0.013189884,0.131898844,3.5351,0.0591329,3.5942329,0.66,25,FF,saed05rvt_base_ff0p660v25c,87.12,5.880532986,5.880532986,0,4.17438727,0,5.087596335,4.532599493,0,0,3.713572067,2.233679075,5.988961417,2.397895273,2.197224577,3.2484546,0.05788462,3.3063393,8.009877047,8.108552212,2.110976056,Ok,Ok,Ok,,,
moving_average_filter,200,0.37,0.1,357,357,0,64,0,161,92,0,0,40,8.334144,0.023344941,398,10,8,248,84.94957983,1.8767507,1,1,0,1,0.02,0,0,0.029729515,0.080350041,11.5204,0.0616272,11.5820272,0.66,25,FF,saed05rvt_base_ff0p660v25c,87.12,5.880532986,5.880532986,0,4.17438727,0,5.087596335,4.532599493,0,0,3.713572067,2.233679075,5.988961417,2.397895273,2.197224577,11.766946,0.0534484,11.8203945,2.058079401,2.140080543,13.27141037,Ok,Ok,Ok,,,
moving_average_filter,200,0.37,0.37,357,357,0,64,0,161,92,0,0,40,8.334144,0.023344941,398,10,8,248,84.94957983,1.8767507,1,1,0,1,0.02,0,0,0.030666691,0.082882949,11.4273,0.0608033,11.4881033,0.66,25,FF,saed05rvt_base_ff0p660v25c,87.12,5.880532986,5.880532986,0,4.17438727,0,5.087596335,4.532599493,0,0,3.713572067,2.233679075,5.988961417,2.397895273,2.197224577,11.838219,0.053047944,11.891267,3.509400223,3.595938577,12.75482768,Ok,Ok,Ok,,,
moving_average_filter,200,0.37,0.63,357,357,0,64,0,161,92,0,0,40,8.334144,0.023344941,398,10,8,248,84.94957983,1.8767507,1,1,0,1,0.02,0,0,0.030532789,0.082521051,11.0758,0.0600027,11.1358027,0.66,25,FF,saed05rvt_base_ff0p660v25c,87.12,5.880532986,5.880532986,0,4.17438727,0,5.087596335,4.532599493,0,0,3.713572067,2.233679075,5.988961417,2.397895273,2.197224577,11.821872,0.054819603,11.876692,6.653216999,6.736052994,8.638107086,Ok,Ok,Ok,,,
moving_average_filter,200,0.37,0.9,357,357,0,64,0,161,92,0,0,40,8.334144,0.023344941,398,10,8,248,84.94957983,1.8767507,1,1,0,1,0.02,0,0,0.02943759,0.079561055,10.5926,0.059189,10.651789,0.66,25,FF,saed05rvt_base_ff0p660v25c,87.12,5.880532986,5.880532986,0,4.17438727,0,5.087596335,4.532599493,0,0,3.713572067,2.233679075,5.988961417,2.397895273,2.197224577,11.726269,0.057387095,11.783656,10.6260753,10.70245991,3.044324208,Ok,Ok,Ok,,,
moving_average_filter,200,0.63,0.1,357,357,0,64,0,161,92,0,0,40,8.334144,0.023344941,398,10,8,248,84.94957983,1.8767507,1,1,0,1,0.02,0,0,0.038516143,0.061136735,17.0343,0.0615052,17.0958052,0.66,25,FF,saed05rvt_base_ff0p660v25c,87.12,5.880532986,5.880532986,0,4.17438727,0,5.087596335,4.532599493,0,0,3.713572067,2.233679075,5.988961417,2.397895273,2.197224577,17.781199,0.05360606,17.834805,4.322693937,4.384673873,12.84304514,Ok,Ok,Ok,,,
moving_average_filter,200,0.63,0.37,357,357,0,64,0,161,92,0,0,40,8.334144,0.023344941,398,10,8,248,84.94957983,1.8767507,1,1,0,1,0.02,0,0,0.043040171,0.068317732,17.8094,0.0607848,17.8701848,0.66,25,FF,saed05rvt_base_ff0p660v25c,87.12,5.880532986,5.880532986,0,4.17438727,0,5.087596335,4.532599493,0,0,3.713572067,2.233679075,5.988961417,2.397895273,2.197224577,17.959806,0.053119592,18.012926,0.79876791,0.844534023,12.61040199,Ok,Ok,Ok,,,
moving_average_filter,200,0.63,0.63,357,357,0,64,0,161,92,0,0,40,8.334144,0.023344941,398,10,8,248,84.94957983,1.8767507,1,1,0,1,0.02,0,0,0.04304048,0.068318222,17.4352,0.0600068,17.4952068,0.66,25,FF,saed05rvt_base_ff0p660v25c,87.12,5.880532986,5.880532986,0,4.17438727,0,5.087596335,4.532599493,0,0,3.713572067,2.233679075,5.988961417,2.397895273,2.197224577,17.948387,0.054916028,18.003304,2.904205327,2.943396956,8.48365863,Ok,Ok,Ok,,,
moving_average_filter,200,0.63,0.9,357,357,0,64,0,161,92,0,0,40,8.334144,0.023344941,398,10,8,248,84.94957983,1.8767507,1,1,0,1,0.02,0,0,0.038515804,0.061136197,16.4399,0.0591395,16.4990395,0.66,25,FF,saed05rvt_base_ff0p660v25c,87.12,5.880532986,5.880532986,0,4.17438727,0,5.087596335,4.532599493,0,0,3.713572067,2.233679075,5.988961417,2.397895273,2.197224577,17.787088,0.057134382,17.844223,8.153102018,8.194626453,3.390487869,Ok,Ok,Ok,,,
moving_average_filter,200,0.9,0.1,357,357,0,64,0,161,92,0,0,40,8.334144,0.023344941,398,10,8,248,84.94957983,1.8767507,1,1,0,1,0.02,0,0,0.050727198,0.056363554,23.5421,0.0615052,23.6036052,0.66,25,FF,saed05rvt_base_ff0p660v25c,87.12,5.880532986,5.880532986,0,4.17438727,0,5.087596335,4.532599493,0,0,3.713572067,2.233679075,5.988961417,2.397895273,2.197224577,25.393105,0.05393748,25.447042,7.809981779,7.862529482,12.30419566,Ok,Ok,Ok,,,
moving_average_filter,200,0.9,0.37,357,357,0,64,0,161,92,0,0,40,8.334144,0.023344941,398,10,8,248,84.94957983,1.8767507,1,1,0,1,0.02,0,0,0.055251226,0.061390251,24.3101,0.0607848,24.3708848,0.66,25,FF,saed05rvt_base_ff0p660v25c,87.12,5.880532986,5.880532986,0,4.17438727,0,5.087596335,4.532599493,0,0,3.713572067,2.233679075,5.988961417,2.397895273,2.197224577,25.638657,0.05328522,25.691942,5.420637887,5.4650397,12.33792202,Ok,Ok,Ok,,,
moving_average_filter,200,0.9,0.63,357,357,0,64,0,161,92,0,0,40,8.334144,0.023344941,398,10,8,248,84.94957983,1.8767507,1,1,0,1,0.02,0,0,0.055251535,0.061390595,23.9294,0.0600068,23.9894068,0.66,25,FF,saed05rvt_base_ff0p660v25c,87.12,5.880532986,5.880532986,0,4.17438727,0,5.087596335,4.532599493,0,0,3.713572067,2.233679075,5.988961417,2.397895273,2.197224577,25.640993,0.055168465,25.696161,7.114617232,7.15267879,8.062978229,Ok,Ok,Ok,,,
moving_average_filter,200,0.9,0.9,357,357,0,64,0,161,92,0,0,40,8.334144,0.023344941,398,10,8,248,84.94957983,1.8767507,1,1,0,1,0.02,0,0,0.050726859,0.056363177,22.9275,0.0591395,22.9866395,0.66,25,FF,saed05rvt_base_ff0p660v25c,87.12,5.880532986,5.880532986,0,4.17438727,0,5.087596335,4.532599493,0,0,3.713572067,2.233679075,5.988961417,2.397895273,2.197224577,25.438437,0.057307806,25.495745,10.91549378,10.95163672,3.097243186,Ok,Ok,Ok,,,
moving_average_filter,300,0.1,0.1,357,357,0,64,0,161,92,0,0,40,8.334144,0.023344941,398,10,8,248,84.94957983,1.8767507,1,1,0,1,0.02,0,0,0.01275407,0.127540704,3.9305,0.061645,3.992145,0.66,25,FF,saed05rvt_base_ff0p660v25c,130.68,5.880532986,5.880532986,0,4.17438727,0,5.087596335,4.532599493,0,0,3.713572067,2.233679075,5.988961417,2.397895273,2.197224577,3.1740909,0.05410557,3.2281964,19.13629433,19.24460343,12.23040202,Anomal,Anomal,Ok,,,
moving_average_filter,300,0.1,0.37,357,357,0,64,0,161,92,0,0,40,8.334144,0.023344941,398,10,8,248,84.94957983,1.8767507,1,1,0,1,0.02,0,0,0.013032573,0.130325729,3.7975,0.0608733,3.8583733,0.66,25,FF,saed05rvt_base_ff0p660v25c,130.68,5.880532986,5.880532986,0,4.17438727,0,5.087596335,4.532599493,0,0,3.713572067,2.233679075,5.988961417,2.397895273,2.197224577,3.1723433,0.05341003,3.2257533,16.39602868,16.46232379,12.26033269,Anomal,Anomal,Ok,,,
moving_average_filter,300,0.1,0.63,357,357,0,64,0,161,92,0,0,40,8.334144,0.023344941,398,10,8,248,84.94957983,1.8767507,1,1,0,1,0.02,0,0,0.012836854,0.128368543,3.63,0.0600601,3.6900601,0.66,25,FF,saed05rvt_base_ff0p660v25c,130.68,5.880532986,5.880532986,0,4.17438727,0,5.087596335,4.532599493,0,0,3.713572067,2.233679075,5.988961417,2.397895273,2.197224577,3.1890297,0.05508893,3.2441187,12.08493622,12.14794232,8.276992826,Ok,Ok,Ok,,,
moving_average_filter,300,0.1,0.9,357,357,0,64,0,161,92,0,0,40,8.334144,0.023344941,398,10,8,248,84.94957983,1.8767507,1,1,0,1,0.02,0,0,0.012580005,0.12580005,3.4579,0.0591995,3.5170995,0.66,25,FF,saed05rvt_base_ff0p660v25c,130.68,5.880532986,5.880532986,0,4.17438727,0,5.087596335,4.532599493,0,0,3.713572067,2.233679075,5.988961417,2.397895273,2.197224577,3.2659478,0.05791405,3.3238618,5.494233604,5.55112008,2.171389229,Ok,Ok,Ok,,,
moving_average_filter,300,0.37,0.1,357,357,0,64,0,161,92,0,0,40,8.334144,0.023344941,398,10,8,248,84.94957983,1.8767507,1,1,0,1,0.02,0,0,0.03014052,0.081460865,11.7116,0.0616917,11.7732917,0.66,25,FF,saed05rvt_base_ff0p660v25c,130.68,5.880532986,5.880532986,0,4.17438727,0,5.087596335,4.532599493,0,0,3.713572067,2.233679075,5.988961417,2.397895273,2.197224577,11.859547,0.05375649,11.913303,1.189231345,1.263248927,12.86268599,Ok,Ok,Ok,,,
moving_average_filter,300,0.37,0.37,357,357,0,64,0,161,92,0,0,40,8.334144,0.023344941,398,10,8,248,84.94957983,1.8767507,1,1,0,1,0.02,0,0,0.03131599,0.084637811,11.6297,0.0608718,11.6905718,0.66,25,FF,saed05rvt_base_ff0p660v25c,130.68,5.880532986,5.880532986,0,4.17438727,0,5.087596335,4.532599493,0,0,3.713572067,2.233679075,5.988961417,2.397895273,2.197224577,11.931965,0.053122684,11.985087,2.519257396,2.599077141,12.7302226,Ok,Ok,Ok,,,
moving_average_filter,300,0.37,0.63,357,357,0,64,0,161,92,0,0,40,8.334144,0.023344941,398,10,8,248,84.94957983,1.8767507,1,1,0,1,0.02,0,0,0.031138859,0.084159079,11.2228,0.0600611,11.2828611,0.66,25,FF,saed05rvt_base_ff0p660v25c,130.68,5.880532986,5.880532986,0,4.17438727,0,5.087596335,4.532599493,0,0,3.713572067,2.233679075,5.988961417,2.397895273,2.197224577,11.93446,0.054903124,11.989363,6.261723958,6.34119548,8.587882127,Ok,Ok,Ok,,,
moving_average_filter,300,0.37,0.9,357,357,0,64,0,161,92,0,0,40,8.334144,0.023344941,398,10,8,248,84.94957983,1.8767507,1,1,0,1,0.02,0,0,0.029773711,0.080469489,10.6425,0.0592412,10.7017412,0.66,25,FF,saed05rvt_base_ff0p660v25c,130.68,5.880532986,5.880532986,0,4.17438727,0,5.087596335,4.532599493,0,0,3.713572067,2.233679075,5.988961417,2.397895273,2.197224577,11.871843,0.057482243,11.929325,11.47088012,11.55126463,2.969145486,Ok,Ok,Ok,,,
moving_average_filter,300,0.63,0.1,357,357,0,64,0,161,92,0,0,40,8.334144,0.023344941,398,10,8,248,84.94957983,1.8767507,1,1,0,1,0.02,0,0,0.039247508,0.062297631,17.3185,0.0615617,17.3800617,0.66,25,FF,saed05rvt_base_ff0p660v25c,130.68,5.880532986,5.880532986,0,4.17438727,0,5.087596335,4.532599493,0,0,3.713572067,2.233679075,5.988961417,2.397895273,2.197224577,17.9365,0.05383258,17.990334,3.511333088,3.568441547,12.55507986,Ok,Ok,Ok,,,
moving_average_filter,300,0.63,0.37,357,357,0,64,0,161,92,0,0,40,8.334144,0.023344941,398,10,8,248,84.94957983,1.8767507,1,1,0,1,0.02,0,0,0.046030369,0.073064078,18.5204,0.0608417,18.5812417,0.66,25,FF,saed05rvt_base_ff0p660v25c,130.68,5.880532986,5.880532986,0,4.17438727,0,5.087596335,4.532599493,0,0,3.713572067,2.233679075,5.988961417,2.397895273,2.197224577,18.190887,0.053139605,18.244026,1.814816907,1.779186998,12.65923761,Ok,Ok,Ok,,,
moving_average_filter,300,0.63,0.63,357,357,0,64,0,161,92,0,0,40,8.334144,0.023344941,398,10,8,248,84.94957983,1.8767507,1,1,0,1,0.02,0,0,0.046033781,0.073069494,17.9979,0.0600641,18.0579641,0.66,25,FF,saed05rvt_base_ff0p660v25c,130.68,5.880532986,5.880532986,0,4.17438727,0,5.087596335,4.532599493,0,0,3.713572067,2.233679075,5.988961417,2.397895273,2.197224577,18.218424,0.054861236,18.273285,1.192386976,1.225275412,8.662185293,Ok,Ok,Ok,,,
moving_average_filter,300,0.63,0.9,357,357,0,64,0,161,92,0,0,40,8.334144,0.023344941,398,10,8,248,84.94957983,1.8767507,1,1,0,1,0.02,0,0,0.039246957,0.062296758,16.5441,0.0591971,16.6032971,0.66,25,FF,saed05rvt_base_ff0p660v25c,130.68,5.880532986,5.880532986,0,4.17438727,0,5.087596335,4.532599493,0,0,3.713572067,2.233679075,5.988961417,2.397895273,2.197224577,17.980097,0.05720493,18.037302,8.63686838,8.679812241,3.36531984,Ok,Ok,Ok,,,
moving_average_filter,300,0.9,0.1,357,357,0,64,0,161,92,0,0,40,8.334144,0.023344941,398,10,8,248,84.94957983,1.8767507,1,1,0,1,0.02,0,0,0.051458563,0.057176181,23.8278,0.0615617,23.8893617,0.66,25,FF,saed05rvt_base_ff0p660v25c,130.68,5.880532986,5.880532986,0,4.17438727,0,5.087596335,4.532599493,0,0,3.713572067,2.233679075,5.988961417,2.397895273,2.197224577,25.628351,0.05422057,25.682571,7.50631069,7.556514708,11.92483575,Ok,Ok,Ok,,,
moving_average_filter,300,0.9,0.37,357,357,0,64,0,161,92,0,0,40,8.334144,0.023344941,398,10,8,248,84.94957983,1.8767507,1,1,0,1,0.02,0,0,0.058241425,0.064712694,25.0225,0.0608417,25.0833417,0.66,25,FF,saed05rvt_base_ff0p660v25c,130.68,5.880532986,5.880532986,0,4.17438727,0,5.087596335,4.532599493,0,0,3.713572067,2.233679075,5.988961417,2.397895273,2.197224577,25.982433,0.05334715,26.03578,3.797094759,3.836280624,12.31811122,Ok,Ok,Ok,,,
moving_average_filter,300,0.9,0.63,357,357,0,64,0,161,92,0,0,40,8.334144,0.023344941,398,10,8,248,84.94957983,1.8767507,1,1,0,1,0.02,0,0,0.058244837,0.064716485,24.4934,0.0600641,24.5534641,0.66,25,FF,saed05rvt_base_ff0p660v25c,130.68,5.880532986,5.880532986,0,4.17438727,0,5.087596335,4.532599493,0,0,3.713572067,2.233679075,5.988961417,2.397895273,2.197224577,26.002726,0.05508701,26.057812,6.126824431,6.162172672,8.286295295,Ok,Ok,Ok,,,
moving_average_filter,300,0.9,0.9,357,357,0,64,0,161,92,0,0,40,8.334144,0.023344941,398,10,8,248,84.94957983,1.8767507,1,1,0,1,0.02,0,0,0.051458013,0.05717557,23.0329,0.0591971,23.0920971,0.66,25,FF,saed05rvt_base_ff0p660v25c,130.68,5.880532986,5.880532986,0,4.17438727,0,5.087596335,4.532599493,0,0,3.713572067,2.233679075,5.988961417,2.397895273,2.197224577,25.811234,0.05739035,25.868624,12.02370933,12.0624564,3.052090646,Ok,Ok,Ok,,,
moving_average_filter,450,0.1,0.1,357,357,0,64,0,161,92,0,0,40,8.334144,0.023344941,398,10,8,248,84.94957983,1.8767507,1,1,0,1,0.02,0,0,0.01317758,0.131775804,4.0078,0.0616027,4.0694027,0.66,25,FF,saed05rvt_base_ff0p660v25c,196.02,5.880532986,5.880532986,0,4.17438727,0,5.087596335,4.532599493,0,0,3.713572067,2.233679075,5.988961417,2.397895273,2.197224577,3.240644,0.0545109,3.2951548,19.02608189,19.14157448,11.51215955,Anomal,Anomal,Ok,,,
moving_average_filter,450,0.1,0.37,357,357,0,64,0,161,92,0,0,40,8.334144,0.023344941,398,10,8,248,84.94957983,1.8767507,1,1,0,1,0.02,0,0,0.013487595,0.134875955,3.8664,0.060812,3.927212,0.66,25,FF,saed05rvt_base_ff0p660v25c,196.02,5.880532986,5.880532986,0,4.17438727,0,5.087596335,4.532599493,0,0,3.713572067,2.233679075,5.988961417,2.397895273,2.197224577,3.25033,0.053598896,3.3039289,15.87088112,15.93394446,11.86131739,Anomal,Anomal,Ok,,,
moving_average_filter,450,0.1,0.63,357,357,0,64,0,161,92,0,0,40,8.334144,0.023344941,398,10,8,248,84.94957983,1.8767507,1,1,0,1,0.02,0,0,0.013252369,0.132523693,3.6855,0.0599937,3.7454937,0.66,25,FF,saed05rvt_base_ff0p660v25c,196.02,5.880532986,5.880532986,0,4.17438727,0,5.087596335,4.532599493,0,0,3.713572067,2.233679075,5.988961417,2.397895273,2.197224577,3.272429,0.055184983,3.327614,11.15686381,11.20800463,8.015370419,Ok,Ok,Ok,,,
moving_average_filter,450,0.1,0.9,357,357,0,64,0,161,92,0,0,40,8.334144,0.023344941,398,10,8,248,84.94957983,1.8767507,1,1,0,1,0.02,0,0,0.012980955,0.129809548,3.5062,0.0591322,3.5653322,0.66,25,FF,saed05rvt_base_ff0p660v25c,196.02,5.880532986,5.880532986,0,4.17438727,0,5.087596335,4.532599493,0,0,3.713572067,2.233679075,5.988961417,2.397895273,2.197224577,3.32872,0.05783729,3.3865573,5.014255316,5.06188772,2.189857934,Ok,Ok,Ok,,,
moving_average_filter,450,0.37,0.1,357,357,0,64,0,161,92,0,0,40,8.334144,0.023344941,398,10,8,248,84.94957983,1.8767507,1,1,0,1,0.02,0,0,0.031888987,0.086186453,12.1209,0.0616291,12.1825291,0.66,25,FF,saed05rvt_base_ff0p660v25c,196.02,5.880532986,5.880532986,0,4.17438727,0,5.087596335,4.532599493,0,0,3.713572067,2.233679075,5.988961417,2.397895273,2.197224577,11.997554,0.05416861,12.051723,1.073722643,1.017632145,12.10546355,Ok,Ok,Ok,,,
moving_average_filter,450,0.37,0.37,357,357,0,64,0,161,92,0,0,40,8.334144,0.023344941,398,10,8,248,84.94957983,1.8767507,1,1,0,1,0.02,0,0,0.032663128,0.088278725,11.8918,0.0608088,11.9526088,0.66,25,FF,saed05rvt_base_ff0p660v25c,196.02,5.880532986,5.880532986,0,4.17438727,0,5.087596335,4.532599493,0,0,3.713572067,2.233679075,5.988961417,2.397895273,2.197224577,12.057649,0.053274084,12.110923,1.324514305,1.394647225,12.39083178,Ok,Ok,Ok,,,
moving_average_filter,450,0.37,0.63,357,357,0,64,0,161,92,0,0,40,8.334144,0.023344941,398,10,8,248,84.94957983,1.8767507,1,1,0,1,0.02,0,0,0.032499168,0.08783559,11.4451,0.0599966,11.5050966,0.66,25,FF,saed05rvt_base_ff0p660v25c,196.02,5.880532986,5.880532986,0,4.17438727,0,5.087596335,4.532599493,0,0,3.713572067,2.233679075,5.988961417,2.397895273,2.197224577,12.083218,0.05498057,12.138198,5.502789945,5.575465665,8.360526117,Ok,Ok,Ok,,,
moving_average_filter,450,0.37,0.9,357,357,0,64,0,161,92,0,0,40,8.334144,0.023344941,398,10,8,248,84.94957983,1.8767507,1,1,0,1,0.02,0,0,0.031348633,0.084726036,10.8427,0.0591572,10.9018572,0.66,25,FF,saed05rvt_base_ff0p660v25c,196.02,5.880532986,5.880532986,0,4.17438727,0,5.087596335,4.532599493,0,0,3.713572067,2.233679075,5.988961417,2.397895273,2.197224577,12.06311,0.057366386,12.120477,11.17809104,11.25559456,3.027212147,Ok,Ok,Ok,,,
moving_average_filter,450,0.63,0.1,357,357,0,64,0,161,92,0,0,40,8.334144,0.023344941,398,10,8,248,84.94957983,1.8767507,1,1,0,1,0.02,0,0,0.047246761,0.074994859,19.3225,0.0616292,19.3841292,0.66,25,FF,saed05rvt_base_ff0p660v25c,196.02,5.880532986,5.880532986,0,4.17438727,0,5.087596335,4.532599493,0,0,3.713572067,2.233679075,5.988961417,2.397895273,2.197224577,18.32962,0.054065447,18.383686,5.161145616,5.138463649,12.2730016,Ok,Ok,Ok,,,
moving_average_filter,450,0.63,0.37,357,357,0,64,0,161,92,0,0,40,8.334144,0.023344941,398,10,8,248,84.94957983,1.8767507,1,1,0,1,0.02,0,0,0.049487367,0.078551376,19.2616,0.0608087,19.3224087,0.66,25,FF,saed05rvt_base_ff0p660v25c,196.02,5.880532986,5.880532986,0,4.17438727,0,5.087596335,4.532599493,0,0,3.713572067,2.233679075,5.988961417,2.397895273,2.197224577,18.394854,0.053190175,18.448044,4.525133954,4.499867135,12.52867527,Ok,Ok,Ok,,,
moving_average_filter,450,0.63,0.63,357,357,0,64,0,161,92,0,0,40,8.334144,0.023344941,398,10,8,248,84.94957983,1.8767507,1,1,0,1,0.02,0,0,0.049326676,0.078296311,18.6096,0.0599954,18.6695954,0.66,25,FF,saed05rvt_base_ff0p660v25c,196.02,5.880532986,5.880532986,0,4.17438727,0,5.087596335,4.532599493,0,0,3.713572067,2.233679075,5.988961417,2.397895273,2.197224577,18.38392,0.05489727,18.438818,1.236113677,1.212703822,8.497532983,Ok,Ok,Ok,,,
moving_average_filter,450,0.63,0.9,357,357,0,64,0,161,92,0,0,40,8.334144,0.023344941,398,10,8,248,84.94957983,1.8767507,1,1,0,1,0.02,0,0,0.046930907,0.074493503,17.6308,0.0591808,17.6899808,0.66,25,FF,saed05rvt_base_ff0p660v25c,196.02,5.880532986,5.880532986,0,4.17438727,0,5.087596335,4.532599493,0,0,3.713572067,2.233679075,5.988961417,2.397895273,2.197224577,18.27917,0.05703894,18.336208,3.653070915,3.677479653,3.619179718,Ok,Ok,Ok,,,
moving_average_filter,450,0.9,0.1,357,357,0,64,0,161,92,0,0,40,8.334144,0.023344941,398,10,8,248,84.94957983,1.8767507,1,1,0,1,0.02,0,0,0.055215668,0.061350743,24.7734,0.0615163,24.8349163,0.66,25,FF,saed05rvt_base_ff0p660v25c,196.02,5.880532986,5.880532986,0,4.17438727,0,5.087596335,4.532599493,0,0,3.713572067,2.233679075,5.988961417,2.397895273,2.197224577,25.849897,0.05436035,25.904257,4.305794744,4.345376027,11.63261001,Ok,Ok,Ok,,,
moving_average_filter,450,0.9,0.37,357,357,0,64,0,161,92,0,0,40,8.334144,0.023344941,398,10,8,248,84.94957983,1.8767507,1,1,0,1,0.02,0,0,0.065389995,0.07265555,26.5465,0.0607959,26.6072959,0.66,25,FF,saed05rvt_base_ff0p660v25c,196.02,5.880532986,5.880532986,0,4.17438727,0,5.087596335,4.532599493,0,0,3.713572067,2.233679075,5.988961417,2.397895273,2.197224577,26.427635,0.053296145,26.480932,0.474921107,0.447760749,12.33595514,Ok,Ok,Ok,,,
moving_average_filter,450,0.9,0.63,357,357,0,64,0,161,92,0,0,40,8.334144,0.023344941,398,10,8,248,84.94957983,1.8767507,1,1,0,1,0.02,0,0,0.065391583,0.072657314,25.7333,0.0600178,25.7933178,0.66,25,FF,saed05rvt_base_ff0p660v25c,196.02,5.880532986,5.880532986,0,4.17438727,0,5.087596335,4.532599493,0,0,3.713572067,2.233679075,5.988961417,2.397895273,2.197224577,26.47134,0.05501987,26.52636,2.841983198,2.8680355,8.3274122,Ok,Ok,Ok,,,
moving_average_filter,450,0.9,0.9,357,357,0,64,0,161,92,0,0,40,8.334144,0.023344941,398,10,8,248,84.94957983,1.8767507,1,1,0,1,0.02,0,0,0.055216075,0.061351195,23.5233,0.0591505,23.5824505,0.66,25,FF,saed05rvt_base_ff0p660v25c,196.02,5.880532986,5.880532986,0,4.17438727,0,5.087596335,4.532599493,0,0,3.713572067,2.233679075,5.988961417,2.397895273,2.197224577,26.143044,0.057202708,26.200247,11.10061192,11.13680274,3.292942619,Ok,Ok,Ok,,,
moving_average_filter,600,0.1,0.1,357,357,0,64,0,161,92,0,0,40,8.334144,0.023344941,398,10,8,248,84.94957983,1.8767507,1,1,0,1,0.02,0,0,0.013396415,0.133964146,4.0412,0.0615948,4.1027948,0.66,25,FF,saed05rvt_base_ff0p660v25c,261.36,5.880532986,5.880532986,0,4.17438727,0,5.087596335,4.532599493,0,0,3.713572067,2.233679075,5.988961417,2.397895273,2.197224577,3.3156075,0.05473597,3.3703434,17.85249785,17.95487608,11.13540469,Anomal,Anomal,Ok,,,
moving_average_filter,600,0.1,0.37,357,357,0,64,0,161,92,0,0,40,8.334144,0.023344941,398,10,8,248,84.94957983,1.8767507,1,1,0,1,0.02,0,0,0.013729389,0.137293894,3.9001,0.0607861,3.9608861,0.66,25,FF,saed05rvt_base_ff0p660v25c,261.36,5.880532986,5.880532986,0,4.17438727,0,5.087596335,4.532599493,0,0,3.713572067,2.233679075,5.988961417,2.397895273,2.197224577,3.3197203,0.053776704,3.373497,14.82973951,14.88115002,11.53124847,Ok,Ok,Ok,,,
moving_average_filter,600,0.1,0.63,357,357,0,64,0,161,92,0,0,40,8.334144,0.023344941,398,10,8,248,84.94957983,1.8767507,1,1,0,1,0.02,0,0,0.013512236,0.135122362,3.7201,0.0599683,3.7800683,0.66,25,FF,saed05rvt_base_ff0p660v25c,261.36,5.880532986,5.880532986,0,4.17438727,0,5.087596335,4.532599493,0,0,3.713572067,2.233679075,5.988961417,2.397895273,2.197224577,3.3246808,0.055380166,3.380061,10.58201485,10.62926251,7.650932948,Ok,Ok,Ok,,,
moving_average_filter,600,0.1,0.9,357,357,0,64,0,161,92,0,0,40,8.334144,0.023344941,398,10,8,248,84.94957983,1.8767507,1,1,0,1,0.02,0,0,0.013238083,0.132380829,3.5366,0.0591054,3.5957054,0.66,25,FF,saed05rvt_base_ff0p660v25c,261.36,5.880532986,5.880532986,0,4.17438727,0,5.087596335,4.532599493,0,0,3.713572067,2.233679075,5.988961417,2.397895273,2.197224577,3.3604007,0.057765793,3.4181664,4.937529115,4.982167146,2.266471329,Ok,Ok,Ok,,,
moving_average_filter,600,0.37,0.1,357,357,0,64,0,161,92,0,0,40,8.334144,0.023344941,398,10,8,248,84.94957983,1.8767507,1,1,0,1,0.02,0,0,0.032874168,0.088849104,12.3498,0.0616027,12.4114027,0.66,25,FF,saed05rvt_base_ff0p660v25c,261.36,5.880532986,5.880532986,0,4.17438727,0,5.087596335,4.532599493,0,0,3.713572067,2.233679075,5.988961417,2.397895273,2.197224577,12.040404,0.054438744,12.094843,2.550556105,2.505268751,11.6292894,Ok,Ok,Ok,,,
moving_average_filter,600,0.37,0.37,357,357,0,64,0,161,92,0,0,40,8.334144,0.023344941,398,10,8,248,84.94957983,1.8767507,1,1,0,1,0.02,0,0,0.033310485,0.090028338,12.0125,0.0607846,12.0732846,0.66,25,FF,saed05rvt_base_ff0p660v25c,261.36,5.880532986,5.880532986,0,4.17438727,0,5.087596335,4.532599493,0,0,3.713572067,2.233679075,5.988961417,2.397895273,2.197224577,12.111193,0.05341612,12.164609,0.75641682,0.821583378,12.12227809,Ok,Ok,Ok,,,
moving_average_filter,600,0.37,0.63,357,357,0,64,0,161,92,0,0,40,8.334144,0.023344941,398,10,8,248,84.94957983,1.8767507,1,1,0,1,0.02,0,0,0.033091817,0.089437342,11.5375,0.0599693,11.5974693,0.66,25,FF,saed05rvt_base_ff0p660v25c,261.36,5.880532986,5.880532986,0,4.17438727,0,5.087596335,4.532599493,0,0,3.713572067,2.233679075,5.988961417,2.397895273,2.197224577,12.189223,0.05517206,12.244395,5.578164851,5.648739237,7.999493599,Ok,Ok,Ok,,,
moving_average_filter,600,0.37,0.9,357,357,0,64,0,161,92,0,0,40,8.334144,0.023344941,398,10,8,248,84.94957983,1.8767507,1,1,0,1,0.02,0,0,0.032256251,0.087179057,10.9557,0.0591194,11.0148194,0.66,25,FF,saed05rvt_base_ff0p660v25c,261.36,5.880532986,5.880532986,0,4.17438727,0,5.087596335,4.532599493,0,0,3.713572067,2.233679075,5.988961417,2.397895273,2.197224577,12.092894,0.05727017,12.150164,10.30742502,10.37992644,3.127959252,Ok,Ok,Ok,,,
moving_average_filter,600,0.63,0.1,357,357,0,64,0,161,92,0,0,40,8.334144,0.023344941,398,10,8,248,84.94957983,1.8767507,1,1,0,1,0.02,0,0,0.049117889,0.077964904,19.7807,0.0616056,19.8423056,0.66,25,FF,saed05rvt_base_ff0p660v25c,261.36,5.880532986,5.880532986,0,4.17438727,0,5.087596335,4.532599493,0,0,3.713572067,2.233679075,5.988961417,2.397895273,2.197224577,18.397018,0.05427328,18.451292,7.010342397,6.995109209,11.90203286,Ok,Ok,Ok,,,
moving_average_filter,600,0.63,0.37,357,357,0,64,0,161,92,0,0,40,8.334144,0.023344941,398,10,8,248,84.94957983,1.8767507,1,1,0,1,0.02,0,0,0.051028947,0.080998329,19.5789,0.0607835,19.6396835,0.66,25,FF,saed05rvt_base_ff0p660v25c,261.36,5.880532986,5.880532986,0,4.17438727,0,5.087596335,4.532599493,0,0,3.713572067,2.233679075,5.988961417,2.397895273,2.197224577,18.434565,0.05333191,18.487896,5.864593156,5.844738006,12.25922896,Ok,Ok,Ok,,,
moving_average_filter,600,0.63,0.63,357,357,0,64,0,161,92,0,0,40,8.334144,0.023344941,398,10,8,248,84.94957983,1.8767507,1,1,0,1,0.02,0,0,0.050871595,0.080748564,18.876,0.0599701,18.9359701,0.66,25,FF,saed05rvt_base_ff0p660v25c,261.36,5.880532986,5.880532986,0,4.17438727,0,5.087596335,4.532599493,0,0,3.713572067,2.233679075,5.988961417,2.397895273,2.197224577,18.420225,0.05505861,18.475285,2.432859374,2.414573302,8.189898476,Ok,Ok,Ok,,,
moving_average_filter,600,0.63,0.9,357,357,0,64,0,161,92,0,0,40,8.334144,0.023344941,398,10,8,248,84.94957983,1.8767507,1,1,0,1,0.02,0,0,0.048640384,0.077206959,17.8523,0.0591409,17.9114409,0.66,25,FF,saed05rvt_base_ff0p660v25c,261.36,5.880532986,5.880532986,0,4.17438727,0,5.087596335,4.532599493,0,0,3.713572067,2.233679075,5.988961417,2.397895273,2.197224577,18.34265,0.05697129,18.39962,2.725515825,2.746701881,3.668545427,Ok,Ok,Ok,,,
moving_average_filter,600,0.9,0.1,357,357,0,64,0,161,92,0,0,40,8.334144,0.023344941,398,10,8,248,84.94957983,1.8767507,1,1,0,1,0.02,0,0,0.064717497,0.071908331,27.1682,0.0616045,27.2298045,0.66,25,FF,saed05rvt_base_ff0p660v25c,261.36,5.880532986,5.880532986,0,4.17438727,0,5.087596335,4.532599493,0,0,3.713572067,2.233679075,5.988961417,2.397895273,2.197224577,26.285639,0.05447932,26.340118,3.267324566,3.248508148,11.56600638,Ok,Ok,Ok,,,
moving_average_filter,600,0.9,0.37,357,357,0,64,0,161,92,0,0,40,8.334144,0.023344941,398,10,8,248,84.94957983,1.8767507,1,1,0,1,0.02,0,0,0.067980276,0.07553364,27.117,0.0607831,27.1777831,0.66,25,FF,saed05rvt_base_ff0p660v25c,261.36,5.880532986,5.880532986,0,4.17438727,0,5.087596335,4.532599493,0,0,3.713572067,2.233679075,5.988961417,2.397895273,2.197224577,26.444244,0.05345894,26.497704,2.502336358,2.480936738,12.04966473,Ok,Ok,Ok,,,
moving_average_filter,600,0.9,0.63,357,357,0,64,0,161,92,0,0,40,8.334144,0.023344941,398,10,8,248,84.94957983,1.8767507,1,1,0,1,0.02,0,0,0.06782243,0.075358255,26.2174,0.05997,26.27737,0.66,25,FF,saed05rvt_base_ff0p660v25c,261.36,5.880532986,5.880532986,0,4.17438727,0,5.087596335,4.532599493,0,0,3.713572067,2.233679075,5.988961417,2.397895273,2.197224577,26.51531,0.05508631,26.570396,1.115128429,1.136307519,8.143553522,Ok,Ok,Ok,,,
moving_average_filter,600,0.9,0.9,357,357,0,64,0,161,92,0,0,40,8.334144,0.023344941,398,10,8,248,84.94957983,1.8767507,1,1,0,1,0.02,0,0,0.064424156,0.071582395,24.8451,0.0591574,24.9042574,0.66,25,FF,saed05rvt_base_ff0p660v25c,261.36,5.880532986,5.880532986,0,4.17438727,0,5.087596335,4.532599493,0,0,3.713572067,2.233679075,5.988961417,2.397895273,2.197224577,26.520834,0.057088267,26.577923,6.720398822,6.7447262,3.497673904,Ok,Ok,Ok,,,
moving_average_filter,750,0.1,0.1,357,357,0,64,0,161,92,0,0,40,8.334144,0.023344941,398,10,8,248,84.94957983,1.8767507,1,1,0,1,0.02,0,0,0.013501739,0.135017387,4.0673,0.0615741,4.1288741,0.66,25,FF,saed05rvt_base_ff0p660v25c,326.7,5.880532986,5.880532986,0,4.17438727,0,5.087596335,4.532599493,0,0,3.713572067,2.233679075,5.988961417,2.397895273,2.197224577,3.3763614,0.054974098,3.4313354,16.89416131,16.98764856,10.71879612,Anomal,Anomal,Ok,,,
moving_average_filter,750,0.1,0.37,357,357,0,64,0,161,92,0,0,40,8.334144,0.023344941,398,10,8,248,84.94957983,1.8767507,1,1,0,1,0.02,0,0,0.013903053,0.139030528,3.9325,0.0607914,3.9932914,0.66,25,FF,saed05rvt_base_ff0p660v25c,326.7,5.880532986,5.880532986,0,4.17438727,0,5.087596335,4.532599493,0,0,3.713572067,2.233679075,5.988961417,2.397895273,2.197224577,3.3951087,0.05398511,3.4490938,13.62779539,13.66538589,11.19613726,Ok,Ok,Ok,,,
moving_average_filter,750,0.1,0.63,357,357,0,64,0,161,92,0,0,40,8.334144,0.023344941,398,10,8,248,84.94957983,1.8767507,1,1,0,1,0.02,0,0,0.013682678,0.136826784,3.7469,0.0599707,3.8068707,0.66,25,FF,saed05rvt_base_ff0p660v25c,326.7,5.880532986,5.880532986,0,4.17438727,0,5.087596335,4.532599493,0,0,3.713572067,2.233679075,5.988961417,2.397895273,2.197224577,3.3914595,0.055429965,3.4468894,9.456094727,9.486256238,7.571588696,Ok,Ok,Ok,,,
moving_average_filter,750,0.1,0.9,357,357,0,64,0,161,92,0,0,40,8.334144,0.023344941,398,10,8,248,84.94957983,1.8767507,1,1,0,1,0.02,0,0,0.013425168,0.134251683,3.5605,0.0591055,3.6196055,0.66,25,FF,saed05rvt_base_ff0p660v25c,326.7,5.880532986,5.880532986,0,4.17438727,0,5.087596335,4.532599493,0,0,3.713572067,2.233679075,5.988961417,2.397895273,2.197224577,3.4038024,0.057657007,3.4614594,4.369152984,4.401000004,2.450690497,Ok,Ok,Ok,,,
moving_average_filter,750,0.37,0.1,357,357,0,64,0,161,92,0,0,40,8.334144,0.023344941,398,10,8,248,84.94957983,1.8767507,1,1,0,1,0.02,0,0,0.033673013,0.091008142,12.5497,0.06161,12.61131,0.66,25,FF,saed05rvt_base_ff0p660v25c,326.7,5.880532986,5.880532986,0,4.17438727,0,5.087596335,4.532599493,0,0,3.713572067,2.233679075,5.988961417,2.397895273,2.197224577,12.103084,0.054668095,12.157752,3.596438141,3.558781401,11.26749722,Ok,Ok,Ok,,,
moving_average_filter,750,0.37,0.37,357,357,0,64,0,161,92,0,0,40,8.334144,0.023344941,398,10,8,248,84.94957983,1.8767507,1,1,0,1,0.02,0,0,0.033973741,0.091820922,12.1508,0.0607908,12.2115908,0.66,25,FF,saed05rvt_base_ff0p660v25c,326.7,5.880532986,5.880532986,0,4.17438727,0,5.087596335,4.532599493,0,0,3.713572067,2.233679075,5.988961417,2.397895273,2.197224577,12.171513,0.0536156,12.225128,0.110856759,0.170462881,11.803102,Ok,Ok,Ok,,,
moving_average_filter,750,0.37,0.63,357,357,0,64,0,161,92,0,0,40,8.334144,0.023344941,398,10,8,248,84.94957983,1.8767507,1,1,0,1,0.02,0,0,0.033744558,0.091201508,11.6501,0.059971,11.710071,0.66,25,FF,saed05rvt_base_ff0p660v25c,326.7,5.880532986,5.880532986,0,4.17438727,0,5.087596335,4.532599493,0,0,3.713572067,2.233679075,5.988961417,2.397895273,2.197224577,12.25568,0.05529342,12.310973,5.131498924,5.198067692,7.799739095,Ok,Ok,Ok,,,
moving_average_filter,750,0.37,0.9,357,357,0,64,0,161,92,0,0,40,8.334144,0.023344941,398,10,8,248,84.94957983,1.8767507,1,1,0,1,0.02,0,0,0.033039568,0.089296129,11.0562,0.0591118,11.1153118,0.66,25,FF,saed05rvt_base_ff0p660v25c,326.7,5.880532986,5.880532986,0,4.17438727,0,5.087596335,4.532599493,0,0,3.713572067,2.233679075,5.988961417,2.397895273,2.197224577,12.03323,0.057155125,12.0903845,8.772337663,8.836940611,3.310126162,Ok,Ok,Ok,,,
moving_average_filter,750,0.63,0.1,357,357,0,64,0,161,92,0,0,40,8.334144,0.023344941,398,10,8,248,84.94957983,1.8767507,1,1,0,1,0.02,0,0,0.050767693,0.08058364,20.198,0.0616131,20.2596131,0.66,25,FF,saed05rvt_base_ff0p660v25c,326.7,5.880532986,5.880532986,0,4.17438727,0,5.087596335,4.532599493,0,0,3.713572067,2.233679075,5.988961417,2.397895273,2.197224577,18.481796,0.054498564,18.536295,8.50617509,8.496899373,11.54711506,Ok,Ok,Ok,,,
moving_average_filter,750,0.63,0.37,357,357,0,64,0,161,92,0,0,40,8.334144,0.023344941,398,10,8,248,84.94957983,1.8767507,1,1,0,1,0.02,0,0,0.05232197,0.083050746,19.8525,0.060789,19.913289,0.66,25,FF,saed05rvt_base_ff0p660v25c,326.7,5.880532986,5.880532986,0,4.17438727,0,5.087596335,4.532599493,0,0,3.713572067,2.233679075,5.988961417,2.397895273,2.197224577,18.5008,0.053551067,18.55435,6.824282522,6.808718403,11.90664978,Ok,Ok,Ok,,,
moving_average_filter,750,0.63,0.63,357,357,0,64,0,161,92,0,0,40,8.334144,0.023344941,398,10,8,248,84.94957983,1.8767507,1,1,0,1,0.02,0,0,0.05218192,0.082828444,19.1041,0.0599729,19.1640729,0.66,25,FF,saed05rvt_base_ff0p660v25c,326.7,5.880532986,5.880532986,0,4.17438727,0,5.087596335,4.532599493,0,0,3.713572067,2.233679075,5.988961417,2.397895273,2.197224577,18.496048,0.05517305,18.551222,3.197916516,3.182835236,8.003363832,Ok,Ok,Ok,,,
moving_average_filter,750,0.63,0.9,357,357,0,64,0,161,92,0,0,40,8.334144,0.023344941,398,10,8,248,84.94957983,1.8767507,1,1,0,1,0.02,0,0,0.050213719,0.079704315,18.0583,0.0591323,18.1174323,0.66,25,FF,saed05rvt_base_ff0p660v25c,326.7,5.880532986,5.880532986,0,4.17438727,0,5.087596335,4.532599493,0,0,3.713572067,2.233679075,5.988961417,2.397895273,2.197224577,18.344988,0.056879524,18.401867,1.569949914,1.587568427,3.809721351,Ok,Ok,Ok,,,
moving_average_filter,750,0.9,0.1,357,357,0,64,0,161,92,0,0,40,8.334144,0.023344941,398,10,8,248,84.94957983,1.8767507,1,1,0,1,0.02,0,0,0.067182925,0.074647694,27.7963,0.0616131,27.8579131,0.66,25,FF,saed05rvt_base_ff0p660v25c,326.7,5.880532986,5.880532986,0,4.17438727,0,5.087596335,4.532599493,0,0,3.713572067,2.233679075,5.988961417,2.397895273,2.197224577,26.300299,0.054838277,26.355137,5.394432179,5.382015985,10.99575026,Ok,Ok,Ok,,,
moving_average_filter,750,0.9,0.37,357,357,0,64,0,161,92,0,0,40,8.334144,0.023344941,398,10,8,248,84.94957983,1.8767507,1,1,0,1,0.02,0,0,0.070415849,0.078239832,27.6417,0.0607892,27.7024892,0.66,25,FF,saed05rvt_base_ff0p660v25c,326.7,5.880532986,5.880532986,0,4.17438727,0,5.087596335,4.532599493,0,0,3.713572067,2.233679075,5.988961417,2.397895273,2.197224577,26.506382,0.053686943,26.560068,4.123893204,4.107265514,11.68341925,Ok,Ok,Ok,,,
moving_average_filter,750,0.9,0.63,357,357,0,64,0,161,92,0,0,40,8.334144,0.023344941,398,10,8,248,84.94957983,1.8767507,1,1,0,1,0.02,0,0,0.070270256,0.078078063,26.657,0.0599724,26.7169724,0.66,25,FF,saed05rvt_base_ff0p660v25c,326.7,5.880532986,5.880532986,0,4.17438727,0,5.087596335,4.532599493,0,0,3.713572067,2.233679075,5.988961417,2.397895273,2.197224577,26.656538,0.055106122,26.711643,0.0199468,0.001733092,8.114195786,Ok,Ok,Ok,,,
moving_average_filter,750,0.9,0.9,357,357,0,64,0,161,92,0,0,40,8.334144,0.023344941,398,10,8,248,84.94957983,1.8767507,1,1,0,1,0.02,0,0,0.066805842,0.074228713,25.1637,0.0591486,25.2228486,0.66,25,FF,saed05rvt_base_ff0p660v25c,326.7,5.880532986,5.880532986,0,4.17438727,0,5.087596335,4.532599493,0,0,3.713572067,2.233679075,5.988961417,2.397895273,2.197224577,26.6922,0.057002958,26.749203,6.051474013,6.074224804,3.627545013,Ok,Ok,Ok,,,
moving_average_filter,900,0.1,0.1,357,357,0,64,0,161,92,0,0,40,8.334144,0.023344941,398,10,8,248,84.94957983,1.8767507,1,1,0,1,0.02,0,0,0.013860377,0.138603769,4.1255,0.0615248,4.1870248,0.66,25,FF,saed05rvt_base_ff0p660v25c,392.04,5.880532986,5.880532986,0,4.17438727,0,5.087596335,4.532599493,0,0,3.713572067,2.233679075,5.988961417,2.397895273,2.197224577,3.4337454,0.055185333,3.4889307,16.67279587,16.76777641,10.30392152,Anomal,Anomal,Ok,,,
moving_average_filter,900,0.1,0.37,357,357,0,64,0,161,92,0,0,40,8.334144,0.023344941,398,10,8,248,84.94957983,1.8767507,1,1,0,1,0.02,0,0,0.014353739,0.143537387,3.998,0.0607558,4.0587558,0.66,25,FF,saed05rvt_base_ff0p660v25c,392.04,5.880532986,5.880532986,0,4.17438727,0,5.087596335,4.532599493,0,0,3.713572067,2.233679075,5.988961417,2.397895273,2.197224577,3.4669576,0.054197874,3.5211554,13.24544932,13.28270212,10.79390952,Ok,Ok,Ok,,,
moving_average_filter,900,0.1,0.63,357,357,0,64,0,161,92,0,0,40,8.334144,0.023344941,398,10,8,248,84.94957983,1.8767507,1,1,0,1,0.02,0,0,0.014124329,0.141243291,3.8054,0.0599356,3.8653356,0.66,25,FF,saed05rvt_base_ff0p660v25c,392.04,5.880532986,5.880532986,0,4.17438727,0,5.087596335,4.532599493,0,0,3.713572067,2.233679075,5.988961417,2.397895273,2.197224577,3.4591336,0.05539299,3.5145266,9.075770663,9.099342381,7.579148701,Ok,Ok,Ok,,,
moving_average_filter,900,0.1,0.9,357,357,0,64,0,161,92,0,0,40,8.334144,0.023344941,398,10,8,248,84.94957983,1.8767507,1,1,0,1,0.02,0,0,0.013826279,0.138262789,3.6089,0.0590675,3.6679675,0.66,25,FF,saed05rvt_base_ff0p660v25c,392.04,5.880532986,5.880532986,0,4.17438727,0,5.087596335,4.532599493,0,0,3.713572067,2.233679075,5.988961417,2.397895273,2.197224577,3.4846573,0.057505276,3.5421627,3.42982437,3.442675397,2.644811353,Ok,Ok,Ok,,,
moving_average_filter,900,0.37,0.1,357,357,0,64,0,161,92,0,0,40,8.334144,0.023344941,398,10,8,248,84.94957983,1.8767507,1,1,0,1,0.02,0,0,0.034623653,0.093577441,12.7487,0.0615761,12.8102761,0.66,25,FF,saed05rvt_base_ff0p660v25c,392.04,5.880532986,5.880532986,0,4.17438727,0,5.087596335,4.532599493,0,0,3.713572067,2.233679075,5.988961417,2.397895273,2.197224577,12.182517,0.054879453,12.237396,4.472033665,4.441103393,10.87539965,Ok,Ok,Ok,,,
moving_average_filter,900,0.37,0.37,357,357,0,64,0,161,92,0,0,40,8.334144,0.023344941,398,10,8,248,84.94957983,1.8767507,1,1,0,1,0.02,0,0,0.034715917,0.093826803,12.2793,0.0607545,12.3400545,0.66,25,FF,saed05rvt_base_ff0p660v25c,392.04,5.880532986,5.880532986,0,4.17438727,0,5.087596335,4.532599493,0,0,3.713572067,2.233679075,5.988961417,2.397895273,2.197224577,12.271169,0.05384968,12.325018,0.121851738,0.066219501,11.36511948,Ok,Ok,Ok,,,
moving_average_filter,900,0.37,0.63,357,357,0,64,0,161,92,0,0,40,8.334144,0.023344941,398,10,8,248,84.94957983,1.8767507,1,1,0,1,0.02,0,0,0.034486872,0.093207762,11.7623,0.0599349,11.8222349,0.66,25,FF,saed05rvt_base_ff0p660v25c,392.04,5.880532986,5.880532986,0,4.17438727,0,5.087596335,4.532599493,0,0,3.713572067,2.233679075,5.988961417,2.397895273,2.197224577,12.3122835,0.055285268,12.367569,4.612783237,4.67581609,7.757804665,Ok,Ok,Ok,,,
moving_average_filter,900,0.37,0.9,357,357,0,64,0,161,92,0,0,40,8.334144,0.023344941,398,10,8,248,84.94957983,1.8767507,1,1,0,1,0.02,0,0,0.033944055,0.09174069,11.1691,0.0590675,11.2281675,0.66,25,FF,saed05rvt_base_ff0p660v25c,392.04,5.880532986,5.880532986,0,4.17438727,0,5.087596335,4.532599493,0,0,3.713572067,2.233679075,5.988961417,2.397895273,2.197224577,12.009909,0.05702448,12.066933,7.470187617,7.527989508,3.458790515,Ok,Ok,Ok,,,
moving_average_filter,900,0.63,0.1,357,357,0,64,0,161,92,0,0,40,8.334144,0.023344941,398,10,8,248,84.94957983,1.8767507,1,1,0,1,0.02,0,0,0.052304492,0.083023004,20.549,0.0615794,20.6105794,0.66,25,FF,saed05rvt_base_ff0p660v25c,392.04,5.880532986,5.880532986,0,4.17438727,0,5.087596335,4.532599493,0,0,3.713572067,2.233679075,5.988961417,2.397895273,2.197224577,18.53006,0.054833293,18.584892,9.82838516,9.825004553,10.95513603,Ok,Ok,Ok,,,
moving_average_filter,900,0.63,0.37,357,357,0,64,0,161,92,0,0,40,8.334144,0.023344941,398,10,8,248,84.94957983,1.8767507,1,1,0,1,0.02,0,0,0.053500982,0.084922194,20.0742,0.0607548,20.1349548,0.66,25,FF,saed05rvt_base_ff0p660v25c,392.04,5.880532986,5.880532986,0,4.17438727,0,5.087596335,4.532599493,0,0,3.713572067,2.233679075,5.988961417,2.397895273,2.197224577,18.548769,0.05378145,18.60255,7.610666667,7.598962862,11.47785888,Ok,Ok,Ok,,,
moving_average_filter,900,0.63,0.63,357,357,0,64,0,161,92,0,0,40,8.334144,0.023344941,398,10,8,248,84.94957983,1.8767507,1,1,0,1,0.02,0,0,0.053273686,0.084561406,19.2786,0.0599352,19.3385352,0.66,25,FF,saed05rvt_base_ff0p660v25c,392.04,5.880532986,5.880532986,0,4.17438727,0,5.087596335,4.532599493,0,0,3.713572067,2.233679075,5.988961417,2.397895273,2.197224577,18.545055,0.055193517,18.600248,3.817697957,3.804968258,7.911348661,Ok,Ok,Ok,,,
moving_average_filter,900,0.63,0.9,357,357,0,64,0,161,92,0,0,40,8.334144,0.023344941,398,10,8,248,84.94957983,1.8767507,1,1,0,1,0.02,0,0,0.051686251,0.082041669,18.2468,0.0590865,18.3058865,0.66,25,FF,saed05rvt_base_ff0p660v25c,392.04,5.880532986,5.880532986,0,4.17438727,0,5.087596335,4.532599493,0,0,3.713572067,2.233679075,5.988961417,2.397895273,2.197224577,18.39074,0.05677594,18.447515,0.773680027,0.788847584,3.91047241,Ok,Ok,Ok,,,
moving_average_filter,900,0.9,0.1,357,357,0,64,0,161,92,0,0,40,8.334144,0.023344941,398,10,8,248,84.94957983,1.8767507,1,1,0,1,0.02,0,0,0.069338648,0.077042942,28.3062,0.0615802,28.3677802,0.66,25,FF,saed05rvt_base_ff0p660v25c,392.04,5.880532986,5.880532986,0,4.17438727,0,5.087596335,4.532599493,0,0,3.713572067,2.233679075,5.988961417,2.397895273,2.197224577,26.482405,0.05541865,26.537823,6.450830709,6.443094768,10.00572984,Ok,Ok,Ok,,,
moving_average_filter,900,0.9,0.37,357,357,0,64,0,161,92,0,0,40,8.334144,0.023344941,398,10,8,248,84.94957983,1.8767507,1,1,0,1,0.02,0,0,0.072281005,0.080312228,28.0136,0.060754,28.074354,0.66,25,FF,saed05rvt_base_ff0p660v25c,392.04,5.880532986,5.880532986,0,4.17438727,0,5.087596335,4.532599493,0,0,3.713572067,2.233679075,5.988961417,2.397895273,2.197224577,26.735584,0.05413936,26.789724,4.575811967,4.562126042,10.88757813,Ok,Ok,Ok,,,
moving_average_filter,900,0.9,0.63,357,357,0,64,0,161,92,0,0,40,8.334144,0.023344941,398,10,8,248,84.94957983,1.8767507,1,1,0,1,0.02,0,0,0.07215292,0.080169911,26.9755,0.059936,27.035436,0.66,25,FF,saed05rvt_base_ff0p660v25c,392.04,5.880532986,5.880532986,0,4.17438727,0,5.087596335,4.532599493,0,0,3.713572067,2.233679075,5.988961417,2.397895273,2.197224577,26.938553,0.055208884,26.993761,0.154149308,0.136965556,7.886939102,Ok,Ok,Ok,,,
moving_average_filter,900,0.9,0.9,357,357,0,64,0,161,92,0,0,40,8.334144,0.023344941,398,10,8,248,84.94957983,1.8767507,1,1,0,1,0.02,0,0,0.068778631,0.076420701,25.4198,0.0591017,25.4789017,0.66,25,FF,saed05rvt_base_ff0p660v25c,392.04,5.880532986,5.880532986,0,4.17438727,0,5.087596335,4.532599493,0,0,3.713572067,2.233679075,5.988961417,2.397895273,2.197224577,26.871271,0.056976683,26.928247,5.688415336,5.710002177,3.595525276,Ok,Ok,Ok,,,
moving_average_filter,1000,0.1,0.1,357,357,0,64,0,161,92,0,0,40,8.334144,0.023344941,398,10,8,248,84.94957983,1.8767507,1,1,0,1,0.02,0,0,0.013921967,0.139219673,4.1345,0.0615148,4.1960148,0.66,25,FF,saed05rvt_base_ff0p660v25c,435.6,5.880532986,5.880532986,0,4.17438727,0,5.087596335,4.532599493,0,0,3.713572067,2.233679075,5.988961417,2.397895273,2.197224577,3.4763856,0.055328865,3.5317144,15.83169727,15.91762986,10.05601155,Anomal,Anomal,Ok,,,
moving_average_filter,1000,0.1,0.37,357,357,0,64,0,161,92,0,0,40,8.334144,0.023344941,398,10,8,248,84.94957983,1.8767507,1,1,0,1,0.02,0,0,0.014388633,0.143886332,4.0009,0.0607594,4.0616594,0.66,25,FF,saed05rvt_base_ff0p660v25c,435.6,5.880532986,5.880532986,0,4.17438727,0,5.087596335,4.532599493,0,0,3.713572067,2.233679075,5.988961417,2.397895273,2.197224577,3.5078964,0.054332856,3.5622294,12.29620596,12.3223169,10.57703649,Ok,Ok,Ok,,,
moving_average_filter,1000,0.1,0.63,357,357,0,64,0,161,92,0,0,40,8.334144,0.023344941,398,10,8,248,84.94957983,1.8767507,1,1,0,1,0.02,0,0,0.014175847,0.141758467,3.8129,0.0599424,3.8728424,0.66,25,FF,saed05rvt_base_ff0p660v25c,435.6,5.880532986,5.880532986,0,4.17438727,0,5.087596335,4.532599493,0,0,3.713572067,2.233679075,5.988961417,2.397895273,2.197224577,3.49365,0.055293843,3.5489438,8.363331335,8.372893085,7.755039588,Ok,Ok,Ok,,,
moving_average_filter,1000,0.1,0.9,357,357,0,64,0,161,92,0,0,40,8.334144,0.023344941,398,10,8,248,84.94957983,1.8767507,1,1,0,1,0.02,0,0,0.013876126,0.138761256,3.6143,0.0590703,3.6733703,0.66,25,FF,saed05rvt_base_ff0p660v25c,435.6,5.880532986,5.880532986,0,4.17438727,0,5.087596335,4.532599493,0,0,3.713572067,2.233679075,5.988961417,2.397895273,2.197224577,3.5268312,0.057385676,3.5842168,2.427020954,2.420077192,2.851897469,Ok,Ok,Ok,,,
moving_average_filter,1000,0.37,0.1,357,357,0,64,0,161,92,0,0,40,8.334144,0.023344941,398,10,8,248,84.94957983,1.8767507,1,1,0,1,0.02,0,0,0.03485354,0.094198757,12.8007,0.0615829,12.8622829,0.66,25,FF,saed05rvt_base_ff0p660v25c,435.6,5.880532986,5.880532986,0,4.17438727,0,5.087596335,4.532599493,0,0,3.713572067,2.233679075,5.988961417,2.397895273,2.197224577,12.225363,0.05503314,12.2803955,4.523982225,4.494576252,10.6356799,Ok,Ok,Ok,,,
moving_average_filter,1000,0.37,0.37,357,357,0,64,0,161,92,0,0,40,8.334144,0.023344941,398,10,8,248,84.94957983,1.8767507,1,1,0,1,0.02,0,0,0.03485346,0.09419854,12.3042,0.0607595,12.3649595,0.66,25,FF,saed05rvt_base_ff0p660v25c,435.6,5.880532986,5.880532986,0,4.17438727,0,5.087596335,4.532599493,0,0,3.713572067,2.233679075,5.988961417,2.397895273,2.197224577,12.302302,0.053988118,12.356291,0.070106843,0.015422697,11.1445655,Ok,Ok,Ok,,,
moving_average_filter,1000,0.37,0.63,357,357,0,64,0,161,92,0,0,40,8.334144,0.023344941,398,10,8,248,84.94957983,1.8767507,1,1,0,1,0.02,0,0,0.034698118,0.093778698,11.7959,0.05994,11.85584,0.66,25,FF,saed05rvt_base_ff0p660v25c,435.6,5.880532986,5.880532986,0,4.17438727,0,5.087596335,4.532599493,0,0,3.713572067,2.233679075,5.988961417,2.397895273,2.197224577,12.1977415,0.055185977,12.252928,3.349301105,3.406620169,7.931302353,Ok,Ok,Ok,,,
moving_average_filter,1000,0.37,0.9,357,357,0,64,0,161,92,0,0,40,8.334144,0.023344941,398,10,8,248,84.94957983,1.8767507,1,1,0,1,0.02,0,0,0.034120656,0.092217989,11.1913,0.0590702,11.2503702,0.66,25,FF,saed05rvt_base_ff0p660v25c,435.6,5.880532986,5.880532986,0,4.17438727,0,5.087596335,4.532599493,0,0,3.713572067,2.233679075,5.988961417,2.397895273,2.197224577,11.939623,0.056945853,11.996569,6.632657117,6.68664837,3.596309247,Ok,Ok,Ok,,,
moving_average_filter,1000,0.63,0.1,357,357,0,64,0,161,92,0,0,40,8.334144,0.023344941,398,10,8,248,84.94957983,1.8767507,1,1,0,1,0.02,0,0,0.052863231,0.083909891,20.6869,0.0615856,20.7484856,0.66,25,FF,saed05rvt_base_ff0p660v25c,435.6,5.880532986,5.880532986,0,4.17438727,0,5.087596335,4.532599493,0,0,3.713572067,2.233679075,5.988961417,2.397895273,2.197224577,18.522532,0.05518799,18.577719,10.46229063,10.46250763,10.3881605,Ok,Ok,Ok,,,
moving_average_filter,1000,0.63,0.37,357,357,0,64,0,161,92,0,0,40,8.334144,0.023344941,398,10,8,248,84.94957983,1.8767507,1,1,0,1,0.02,0,0,0.053888251,0.085536907,20.1534,0.0607607,20.2141607,0.66,25,FF,saed05rvt_base_ff0p660v25c,435.6,5.880532986,5.880532986,0,4.17438727,0,5.087596335,4.532599493,0,0,3.713572067,2.233679075,5.988961417,2.397895273,2.197224577,18.534279,0.053993866,18.588272,8.043314929,8.033984987,11.1368601,Ok,Ok,Ok,,,
moving_average_filter,1000,0.63,0.63,357,357,0,64,0,161,92,0,0,40,8.334144,0.023344941,398,10,8,248,84.94957983,1.8767507,1,1,0,1,0.02,0,0,0.053641809,0.085145729,19.3401,0.0599391,19.4000391,0.66,25,FF,saed05rvt_base_ff0p660v25c,435.6,5.880532986,5.880532986,0,4.17438727,0,5.087596335,4.532599493,0,0,3.713572067,2.233679075,5.988961417,2.397895273,2.197224577,18.51905,0.055148832,18.5742,4.256895665,4.245321388,7.991890936,Ok,Ok,Ok,,,
moving_average_filter,1000,0.63,0.9,357,357,0,64,0,161,92,0,0,40,8.334144,0.023344941,398,10,8,248,84.94957983,1.8767507,1,1,0,1,0.02,0,0,0.052207241,0.082868637,18.3106,0.0590859,18.3696859,0.66,25,FF,saed05rvt_base_ff0p660v25c,435.6,5.880532986,5.880532986,0,4.17438727,0,5.087596335,4.532599493,0,0,3.713572067,2.233679075,5.988961417,2.397895273,2.197224577,18.40528,0.056734987,18.462013,0.502607095,0.51707295,3.978806106,Ok,Ok,Ok,,,
moving_average_filter,1000,0.9,0.1,357,357,0,64,0,161,92,0,0,40,8.334144,0.023344941,398,10,8,248,84.94957983,1.8767507,1,1,0,1,0.02,0,0,0.070317709,0.078130787,28.5521,0.0615869,28.6136869,0.66,25,FF,saed05rvt_base_ff0p660v25c,435.6,5.880532986,5.880532986,0,4.17438727,0,5.087596335,4.532599493,0,0,3.713572067,2.233679075,5.988961417,2.397895273,2.197224577,26.608318,0.055795558,26.664114,6.813427813,6.807841354,9.403529327,Ok,Ok,Ok,,,
moving_average_filter,1000,0.9,0.37,357,357,0,64,0,161,92,0,0,40,8.334144,0.023344941,398,10,8,248,84.94957983,1.8767507,1,1,0,1,0.02,0,0,0.072958698,0.081065221,28.1555,0.0607597,28.2162597,0.66,25,FF,saed05rvt_base_ff0p660v25c,435.6,5.880532986,5.880532986,0,4.17438727,0,5.087596335,4.532599493,0,0,3.713572067,2.233679075,5.988961417,2.397895273,2.197224577,26.875656,0.054454222,26.93011,4.558183056,4.54562651,10.3777301,Ok,Ok,Ok,,,
moving_average_filter,1000,0.9,0.63,357,357,0,64,0,161,92,0,0,40,8.334144,0.023344941,398,10,8,248,84.94957983,1.8767507,1,1,0,1,0.02,0,0,0.07283548,0.080928311,27.0921,0.05994,27.15204,0.66,25,FF,saed05rvt_base_ff0p660v25c,435.6,5.880532986,5.880532986,0,4.17438727,0,5.087596335,4.532599493,0,0,3.713572067,2.233679075,5.988961417,2.397895273,2.197224577,27.08226,0.055264693,27.137526,0.053456173,0.036320064,7.799978723,Ok,Ok,Ok,,,
moving_average_filter,1000,0.9,0.9,357,357,0,64,0,161,92,0,0,40,8.334144,0.023344941,398,10,8,248,84.94957983,1.8767507,1,1,0,1,0.02,0,0,0.069636271,0.077373635,25.5306,0.0591004,25.5897004,0.66,25,FF,saed05rvt_base_ff0p660v25c,435.6,5.880532986,5.880532986,0,4.17438727,0,5.087596335,4.532599493,0,0,3.713572067,2.233679075,5.988961417,2.397895273,2.197224577,27.000376,0.05702775,27.057404,5.735523048,5.75691816,3.506998739,Ok,Ok,Ok,,,
moving_average_filter,10,0.1,0.1,355,355,0,62,0,155,94,0,0,44,8.350272,0.023521893,396,10,8,244,83.84788732,1.881690141,1,1,0,1,0.02,0,0,0.004550783,0.045507828,2.4499,6.3794,8.8293,0.66,125,FF,saed05rvt_base_ff0p660v125c,4.356,5.874930731,5.874930731,0,4.143134726,0,5.049856007,4.553876892,0,0,3.80666249,2.235405434,5.983936281,2.397895273,2.197224577,2.354438,5.53923,7.893668,10.59689698,3.896564493,13.17004938,Ok,Ok,Ok,,,
moving_average_filter,10,0.1,0.37,355,355,0,62,0,155,94,0,0,44,8.350272,0.023521893,396,10,8,244,83.84788732,1.881690141,1,1,0,1,0.02,0,0,0.004778301,0.047783005,2.4997,6.2133,8.713,0.66,125,FF,saed05rvt_base_ff0p660v125c,4.356,5.874930731,5.874930731,0,4.143134726,0,5.049856007,4.553876892,0,0,3.80666249,2.235405434,5.983936281,2.397895273,2.197224577,2.405043,5.475519,7.880562,9.553978783,3.786738939,11.87421853,Ok,Ok,Ok,,,
moving_average_filter,10,0.1,0.63,355,355,0,62,0,155,94,0,0,44,8.350272,0.023521893,396,10,8,244,83.84788732,1.881690141,1,1,0,1,0.02,0,0,0.004778298,0.04778298,2.4884,6.0588,8.5472,0.66,125,FF,saed05rvt_base_ff0p660v125c,4.356,5.874930731,5.874930731,0,4.143134726,0,5.049856007,4.553876892,0,0,3.80666249,2.235405434,5.983936281,2.397895273,2.197224577,2.4396493,5.431395,7.871044,7.910846138,1.959116561,10.35526748,Ok,Ok,Ok,,,
moving_average_filter,10,0.1,0.9,355,355,0,62,0,155,94,0,0,44,8.350272,0.023521893,396,10,8,244,83.84788732,1.881690141,1,1,0,1,0.02,0,0,0.004551013,0.045510126,2.4438,5.878,8.3218,0.66,125,FF,saed05rvt_base_ff0p660v125c,4.356,5.874930731,5.874930731,0,4.143134726,0,5.049856007,4.553876892,0,0,3.80666249,2.235405434,5.983936281,2.397895273,2.197224577,2.447341,5.389457,7.836798,5.828087781,0.14489587,8.311377581,Ok,Ok,Ok,,,
moving_average_filter,10,0.37,0.1,355,355,0,62,0,155,94,0,0,44,8.350272,0.023521893,396,10,8,244,83.84788732,1.881690141,1,1,0,1,0.02,0,0,0.016823753,0.045469601,9.0625,6.3794,15.4419,0.66,125,FF,saed05rvt_base_ff0p660v125c,4.356,5.874930731,5.874930731,0,4.143134726,0,5.049856007,4.553876892,0,0,3.80666249,2.235405434,5.983936281,2.397895273,2.197224577,9.20523,5.5161963,14.721426,4.66570817,1.574949067,13.53111185,Ok,Ok,Ok,,,
moving_average_filter,10,0.37,0.37,355,355,0,62,0,155,94,0,0,44,8.350272,0.023521893,396,10,8,244,83.84788732,1.881690141,1,1,0,1,0.02,0,0,0.017051028,0.046083859,9.1063,6.2133,15.3196,0.66,125,FF,saed05rvt_base_ff0p660v125c,4.356,5.874930731,5.874930731,0,4.143134726,0,5.049856007,4.553876892,0,0,3.80666249,2.235405434,5.983936281,2.397895273,2.197224577,9.273112,5.4641867,14.737299,3.801019834,1.831833973,12.05660972,Ok,Ok,Ok,,,
moving_average_filter,10,0.37,0.63,355,355,0,62,0,155,94,0,0,44,8.350272,0.023521893,396,10,8,244,83.84788732,1.881690141,1,1,0,1,0.02,0,0,0.017051025,0.046083852,9.0896,6.0588,15.1484,0.66,125,FF,saed05rvt_base_ff0p660v125c,4.356,5.874930731,5.874930731,0,4.143134726,0,5.049856007,4.553876892,0,0,3.80666249,2.235405434,5.983936281,2.397895273,2.197224577,9.3222885,5.4270964,14.749385,2.63404135,2.559942277,10.42621696,Ok,Ok,Ok,,,
moving_average_filter,10,0.37,0.9,355,355,0,62,0,155,94,0,0,44,8.350272,0.023521893,396,10,8,244,83.84788732,1.881690141,1,1,0,1,0.02,0,0,0.01682374,0.045469567,9.0398,5.878,14.9178,0.66,125,FF,saed05rvt_base_ff0p660v125c,4.356,5.874930731,5.874930731,0,4.143134726,0,5.049856007,4.553876892,0,0,3.80666249,2.235405434,5.983936281,2.397895273,2.197224577,9.35806,5.3888083,14.746868,1.145824897,3.520651819,8.322418332,Ok,Ok,Ok,,,
moving_average_filter,10,0.63,0.1,355,355,0,62,0,155,94,0,0,44,8.350272,0.023521893,396,10,8,244,83.84788732,1.881690141,1,1,0,1,0.02,0,0,0.028641934,0.045463388,15.4301,6.3794,21.8095,0.66,125,FF,saed05rvt_base_ff0p660v125c,4.356,5.874930731,5.874930731,0,4.143134726,0,5.049856007,4.553876892,0,0,3.80666249,2.235405434,5.983936281,2.397895273,2.197224577,16.526407,5.5097895,22.036198,1.039444565,7.104991165,13.6315411,Ok,Ok,Ok,,,
moving_average_filter,10,0.63,0.37,355,355,0,62,0,155,94,0,0,44,8.350272,0.023521893,396,10,8,244,83.84788732,1.881690141,1,1,0,1,0.02,0,0,0.02886921,0.045824142,15.4681,6.2133,21.6814,0.66,125,FF,saed05rvt_base_ff0p660v125c,4.356,5.874930731,5.874930731,0,4.143134726,0,5.049856007,4.553876892,0,0,3.80666249,2.235405434,5.983936281,2.397895273,2.197224577,16.528154,5.4745717,22.002726,1.482033454,6.853164727,11.88946768,Ok,Ok,Ok,,,
moving_average_filter,10,0.63,0.63,355,355,0,62,0,155,94,0,0,44,8.350272,0.023521893,396,10,8,244,83.84788732,1.881690141,1,1,0,1,0.02,0,0,0.028869207,0.045824138,15.4462,6.0588,21.505,0.66,125,FF,saed05rvt_base_ff0p660v125c,4.356,5.874930731,5.874930731,0,4.143134726,0,5.049856007,4.553876892,0,0,3.80666249,2.235405434,5.983936281,2.397895273,2.197224577,16.542963,5.4352474,21.97821,2.200467097,7.100536235,10.29168447,Ok,Ok,Ok,,,
moving_average_filter,10,0.63,0.9,355,355,0,62,0,155,94,0,0,44,8.350272,0.023521893,396,10,8,244,83.84788732,1.881690141,1,1,0,1,0.02,0,0,0.028641922,0.045463368,15.3915,5.878,21.2695,0.66,125,FF,saed05rvt_base_ff0p660v125c,4.356,5.874930731,5.874930731,0,4.143134726,0,5.049856007,4.553876892,0,0,3.80666249,2.235405434,5.983936281,2.397895273,2.197224577,16.565165,5.3788943,21.94406,3.171486739,7.625407309,8.491079805,Ok,Ok,Ok,,,
moving_average_filter,10,0.9,0.1,355,355,0,62,0,155,94,0,0,44,8.350272,0.023521893,396,10,8,244,83.84788732,1.881690141,1,1,0,1,0.02,0,0,0.040914662,0.045460735,22.0426,6.3794,28.422,0.66,125,FF,saed05rvt_base_ff0p660v125c,4.356,5.874930731,5.874930731,0,4.143134726,0,5.049856007,4.553876892,0,0,3.80666249,2.235405434,5.983936281,2.397895273,2.197224577,23.295582,5.507856,28.803438,1.342052588,5.684364901,13.66185077,Ok,Ok,Ok,,,
moving_average_filter,10,0.9,0.37,355,355,0,62,0,155,94,0,0,44,8.350272,0.023521893,396,10,8,244,83.84788732,1.881690141,1,1,0,1,0.02,0,0,0.041141937,0.045713263,22.0746,6.2133,28.2879,0.66,125,FF,saed05rvt_base_ff0p660v125c,4.356,5.874930731,5.874930731,0,4.143134726,0,5.049856007,4.553876892,0,0,3.80666249,2.235405434,5.983936281,2.397895273,2.197224577,23.346922,5.4839673,28.830889,1.919508865,5.763737149,11.73825014,Ok,Ok,Ok,,,
moving_average_filter,10,0.9,0.63,355,355,0,62,0,155,94,0,0,44,8.350272,0.023521893,396,10,8,244,83.84788732,1.881690141,1,1,0,1,0.02,0,0,0.041141934,0.04571326,22.0474,6.0588,28.1062,0.66,125,FF,saed05rvt_base_ff0p660v125c,4.356,5.874930731,5.874930731,0,4.143134726,0,5.049856007,4.553876892,0,0,3.80666249,2.235405434,5.983936281,2.397895273,2.197224577,23.441912,5.451181,28.893093,2.799713619,6.3250619,10.02870313,Ok,Ok,Ok,,,
moving_average_filter,10,0.9,0.9,355,355,0,62,0,155,94,0,0,44,8.350272,0.023521893,396,10,8,244,83.84788732,1.881690141,1,1,0,1,0.02,0,0,0.040914649,0.045460721,21.9875,5.878,27.8655,0.66,125,FF,saed05rvt_base_ff0p660v125c,4.356,5.874930731,5.874930731,0,4.143134726,0,5.049856007,4.553876892,0,0,3.80666249,2.235405434,5.983936281,2.397895273,2.197224577,23.524105,5.3631625,28.887268,3.666785331,6.98853927,8.758718653,Ok,Ok,Ok,,,
moving_average_filter,50,0.1,0.1,355,355,0,62,0,155,94,0,0,44,8.350272,0.023521893,396,10,8,244,83.84788732,1.881690141,1,1,0,1,0.02,0,0,0.004571563,0.045715631,2.453,6.3794,8.8324,0.66,125,FF,saed05rvt_base_ff0p660v125c,21.78,5.874930731,5.874930731,0,4.143134726,0,5.049856007,4.553876892,0,0,3.80666249,2.235405434,5.983936281,2.397895273,2.197224577,2.421982,5.543018,7.965,9.820658569,1.264490422,13.11067084,Ok,Ok,Ok,,,
moving_average_filter,50,0.1,0.37,355,355,0,62,0,155,94,0,0,44,8.350272,0.023521893,396,10,8,244,83.84788732,1.881690141,1,1,0,1,0.02,0,0,0.005709364,0.057093636,2.7113,6.2133,8.9246,0.66,125,FF,saed05rvt_base_ff0p660v125c,21.78,5.874930731,5.874930731,0,4.143134726,0,5.049856007,4.553876892,0,0,3.80666249,2.235405434,5.983936281,2.397895273,2.197224577,2.532796,5.4715476,8.004343,10.31146457,6.583708698,11.9381391,Ok,Ok,Ok,,,
moving_average_filter,50,0.1,0.63,355,355,0,62,0,155,94,0,0,44,8.350272,0.023521893,396,10,8,244,83.84788732,1.881690141,1,1,0,1,0.02,0,0,0.005709331,0.057093308,2.6626,6.0588,8.7214,0.66,125,FF,saed05rvt_base_ff0p660v125c,21.78,5.874930731,5.874930731,0,4.143134726,0,5.049856007,4.553876892,0,0,3.80666249,2.235405434,5.983936281,2.397895273,2.197224577,2.5721426,5.428127,8.000269,8.268524134,3.397333395,10.40920955,Ok,Ok,Ok,,,
moving_average_filter,50,0.1,0.9,355,355,0,62,0,155,94,0,0,44,8.350272,0.023521893,396,10,8,244,83.84788732,1.881690141,1,1,0,1,0.02,0,0,0.004572912,0.045729116,2.4472,5.878,8.3252,0.66,125,FF,saed05rvt_base_ff0p660v125c,21.78,5.874930731,5.874930731,0,4.143134726,0,5.049856007,4.553876892,0,0,3.80666249,2.235405434,5.983936281,2.397895273,2.197224577,2.519747,5.3991,7.918847,4.880998846,2.964490798,8.14733197,Ok,Ok,Ok,,,
moving_average_filter,50,0.37,0.1,355,355,0,62,0,155,94,0,0,44,8.350272,0.023521893,396,10,8,244,83.84788732,1.881690141,1,1,0,1,0.02,0,0,0.016845689,0.04552889,9.0661,6.3794,15.4455,0.66,125,FF,saed05rvt_base_ff0p660v125c,21.78,5.874930731,5.874930731,0,4.143134726,0,5.049856007,4.553876892,0,0,3.80666249,2.235405434,5.983936281,2.397895273,2.197224577,9.645396,5.5197926,15.165189,1.814840637,6.389696039,13.47473811,Ok,Ok,Ok,,,
moving_average_filter,50,0.37,0.37,355,355,0,62,0,155,94,0,0,44,8.350272,0.023521893,396,10,8,244,83.84788732,1.881690141,1,1,0,1,0.02,0,0,0.017982091,0.048600246,9.3178,6.2133,15.5311,0.66,125,FF,saed05rvt_base_ff0p660v125c,21.78,5.874930731,5.874930731,0,4.143134726,0,5.049856007,4.553876892,0,0,3.80666249,2.235405434,5.983936281,2.397895273,2.197224577,9.773167,5.4667115,15.239878,1.875091263,4.88706193,12.01597346,Ok,Ok,Ok,,,
moving_average_filter,50,0.37,0.63,355,355,0,62,0,155,94,0,0,44,8.350272,0.023521893,396,10,8,244,83.84788732,1.881690141,1,1,0,1,0.02,0,0,0.017982058,0.048600157,9.2637,6.0588,15.3225,0.66,125,FF,saed05rvt_base_ff0p660v125c,21.78,5.874930731,5.874930731,0,4.143134726,0,5.049856007,4.553876892,0,0,3.80666249,2.235405434,5.983936281,2.397895273,2.197224577,9.821298,5.429299,15.250597,0.469264153,6.019167779,10.3898647,Ok,Ok,Ok,,,
moving_average_filter,50,0.37,0.9,355,355,0,62,0,155,94,0,0,44,8.350272,0.023521893,396,10,8,244,83.84788732,1.881690141,1,1,0,1,0.02,0,0,0.016845639,0.045528754,9.0432,5.878,14.9212,0.66,125,FF,saed05rvt_base_ff0p660v125c,21.78,5.874930731,5.874930731,0,4.143134726,0,5.049856007,4.553876892,0,0,3.80666249,2.235405434,5.983936281,2.397895273,2.197224577,9.825228,5.3965974,15.221825,2.014748452,8.647688179,8.189904978,Ok,Ok,Ok,,,
moving_average_filter,50,0.63,0.1,355,355,0,62,0,155,94,0,0,44,8.350272,0.023521893,396,10,8,244,83.84788732,1.881690141,1,1,0,1,0.02,0,0,0.028663871,0.045498208,15.4337,6.3794,21.8131,0.66,125,FF,saed05rvt_base_ff0p660v125c,21.78,5.874930731,5.874930731,0,4.143134726,0,5.049856007,4.553876892,0,0,3.80666249,2.235405434,5.983936281,2.397895273,2.197224577,16.778625,5.511084,22.28971,2.18496725,8.714212977,13.61124746,Ok,Ok,Ok,,,
moving_average_filter,50,0.63,0.37,355,355,0,62,0,155,94,0,0,44,8.350272,0.023521893,396,10,8,244,83.84788732,1.881690141,1,1,0,1,0.02,0,0,0.029800273,0.04730202,15.6797,6.2133,21.893,0.66,125,FF,saed05rvt_base_ff0p660v125c,21.78,5.874930731,5.874930731,0,4.143134726,0,5.049856007,4.553876892,0,0,3.80666249,2.235405434,5.983936281,2.397895273,2.197224577,16.796467,5.477134,22.273602,1.738462212,7.12237369,11.84822513,Ok,Ok,Ok,,,
moving_average_filter,50,0.63,0.63,355,355,0,62,0,155,94,0,0,44,8.350272,0.023521893,396,10,8,244,83.84788732,1.881690141,1,1,0,1,0.02,0,0,0.02980024,0.047301968,15.6204,6.0588,21.6792,0.66,125,FF,saed05rvt_base_ff0p660v125c,21.78,5.874930731,5.874930731,0,4.143134726,0,5.049856007,4.553876892,0,0,3.80666249,2.235405434,5.983936281,2.397895273,2.197224577,16.801983,5.4382386,22.240221,2.58783084,7.564357376,10.24231497,Ok,Ok,Ok,,,
moving_average_filter,50,0.63,0.9,355,355,0,62,0,155,94,0,0,44,8.350272,0.023521893,396,10,8,244,83.84788732,1.881690141,1,1,0,1,0.02,0,0,0.028663821,0.045498128,15.3949,5.878,21.2729,0.66,125,FF,saed05rvt_base_ff0p660v125c,21.78,5.874930731,5.874930731,0,4.143134726,0,5.049856007,4.553876892,0,0,3.80666249,2.235405434,5.983936281,2.397895273,2.197224577,16.771849,5.384909,22.156757,4.154851265,8.944187222,8.388752076,Ok,Ok,Ok,,,
moving_average_filter,50,0.9,0.1,355,355,0,62,0,155,94,0,0,44,8.350272,0.023521893,396,10,8,244,83.84788732,1.881690141,1,1,0,1,0.02,0,0,0.040936598,0.045485109,22.0462,6.3794,28.4256,0.66,125,FF,saed05rvt_base_ff0p660v125c,21.78,5.874930731,5.874930731,0,4.143134726,0,5.049856007,4.553876892,0,0,3.80666249,2.235405434,5.983936281,2.397895273,2.197224577,23.655228,5.509159,29.164387,2.599019015,7.298435382,13.64142258,Ok,Ok,Ok,,,
moving_average_filter,50,0.9,0.37,355,355,0,62,0,155,94,0,0,44,8.350272,0.023521893,396,10,8,244,83.84788732,1.881690141,1,1,0,1,0.02,0,0,0.042073,0.046747778,22.2862,6.2133,28.4995,0.66,125,FF,saed05rvt_base_ff0p660v125c,21.78,5.874930731,5.874930731,0,4.143134726,0,5.049856007,4.553876892,0,0,3.80666249,2.235405434,5.983936281,2.397895273,2.197224577,23.725615,5.4839253,29.20954,2.491410072,6.458770664,11.73892549,Ok,Ok,Ok,,,
moving_average_filter,50,0.9,0.63,355,355,0,62,0,155,94,0,0,44,8.350272,0.023521893,396,10,8,244,83.84788732,1.881690141,1,1,0,1,0.02,0,0,0.042072967,0.046747741,22.2215,6.0588,28.2803,0.66,125,FF,saed05rvt_base_ff0p660v125c,21.78,5.874930731,5.874930731,0,4.143134726,0,5.049856007,4.553876892,0,0,3.80666249,2.235405434,5.983936281,2.397895273,2.197224577,23.800814,5.453069,29.253883,3.442620346,7.107142519,9.9975373,Ok,Ok,Ok,,,
moving_average_filter,50,0.9,0.9,355,355,0,62,0,155,94,0,0,44,8.350272,0.023521893,396,10,8,244,83.84788732,1.881690141,1,1,0,1,0.02,0,0,0.040936548,0.045485053,21.9909,5.878,27.8689,0.66,125,FF,saed05rvt_base_ff0p660v125c,21.78,5.874930731,5.874930731,0,4.143134726,0,5.049856007,4.553876892,0,0,3.80666249,2.235405434,5.983936281,2.397895273,2.197224577,23.880453,5.368267,29.24872,4.951110984,8.592431914,8.671877181,Ok,Ok,Ok,,,
moving_average_filter,100,0.1,0.1,355,355,0,62,0,155,94,0,0,44,8.350272,0.023521893,396,10,8,244,83.84788732,1.881690141,1,1,0,1,0.02,0,0,0.014391808,0.143918081,4.2464,6.2323,10.4787,0.66,125,FF,saed05rvt_base_ff0p660v125c,43.56,5.874930731,5.874930731,0,4.143134726,0,5.049856007,4.553876892,0,0,3.80666249,2.235405434,5.983936281,2.397895273,2.197224577,3.2457156,5.4862385,8.731955,16.66948596,23.56547621,11.97088587,Anomal,Anomal,Ok,,,
moving_average_filter,100,0.1,0.37,355,355,0,62,0,155,94,0,0,44,8.350272,0.023521893,396,10,8,244,83.84788732,1.881690141,1,1,0,1,0.02,0,0,0.015183715,0.151837146,4.2283,6.0913,10.3196,0.66,125,FF,saed05rvt_base_ff0p660v125c,43.56,5.874930731,5.874930731,0,4.143134726,0,5.049856007,4.553876892,0,0,3.80666249,2.235405434,5.983936281,2.397895273,2.197224577,3.3240418,5.4192495,8.743292,15.27489578,21.38585617,11.03295627,Anomal,Anomal,Ok,,,
moving_average_filter,100,0.1,0.63,355,355,0,62,0,155,94,0,0,44,8.350272,0.023521893,396,10,8,244,83.84788732,1.881690141,1,1,0,1,0.02,0,0,0.01488253,0.148825303,4.0281,5.9469,9.975,0.66,125,FF,saed05rvt_base_ff0p660v125c,43.56,5.874930731,5.874930731,0,4.143134726,0,5.049856007,4.553876892,0,0,3.80666249,2.235405434,5.983936281,2.397895273,2.197224577,3.329011,5.370743,8.699754,12.78442345,17.3553049,9.68836204,Ok,Anomal,Ok,,,
moving_average_filter,100,0.1,0.9,355,355,0,62,0,155,94,0,0,44,8.350272,0.023521893,396,10,8,244,83.84788732,1.881690141,1,1,0,1,0.02,0,0,0.014393119,0.143931187,3.8144,5.7973,9.6117,0.66,125,FF,saed05rvt_base_ff0p660v125c,43.56,5.874930731,5.874930731,0,4.143134726,0,5.049856007,4.553876892,0,0,3.80666249,2.235405434,5.983936281,2.397895273,2.197224577,3.338879,5.3339677,8.672847,9.767816368,12.46646633,7.992208689,Ok,Ok,Ok,,,
moving_average_filter,100,0.37,0.1,355,355,0,62,0,155,94,0,0,44,8.350272,0.023521893,396,10,8,244,83.84788732,1.881690141,1,1,0,1,0.02,0,0,0.026747139,0.072289565,10.7927,6.2313,17.024,0.66,125,FF,saed05rvt_base_ff0p660v125c,43.56,5.874930731,5.874930731,0,4.143134726,0,5.049856007,4.553876892,0,0,3.80666249,2.235405434,5.983936281,2.397895273,2.197224577,10.7710085,5.507429,16.278439,4.379472697,0.20098315,11.61669117,Ok,Ok,Ok,,,
moving_average_filter,100,0.37,0.37,355,355,0,62,0,155,94,0,0,44,8.350272,0.023521893,396,10,8,244,83.84788732,1.881690141,1,1,0,1,0.02,0,0,0.02902149,0.078436459,11.1788,6.0887,17.2675,0.66,125,FF,saed05rvt_base_ff0p660v125c,43.56,5.874930731,5.874930731,0,4.143134726,0,5.049856007,4.553876892,0,0,3.80666249,2.235405434,5.983936281,2.397895273,2.197224577,10.981015,5.452119,16.433134,4.832001859,1.769284669,10.45512386,Ok,Ok,Ok,,,
moving_average_filter,100,0.37,0.63,355,355,0,62,0,155,94,0,0,44,8.350272,0.023521893,396,10,8,244,83.84788732,1.881690141,1,1,0,1,0.02,0,0,0.029020684,0.078434282,10.9565,5.9567,16.9132,0.66,125,FF,saed05rvt_base_ff0p660v125c,43.56,5.874930731,5.874930731,0,4.143134726,0,5.049856007,4.553876892,0,0,3.80666249,2.235405434,5.983936281,2.397895273,2.197224577,11.022094,5.4108696,16.432964,2.839413447,0.598674512,9.163301855,Ok,Ok,Ok,,,
moving_average_filter,100,0.37,0.9,355,355,0,62,0,155,94,0,0,44,8.350272,0.023521893,396,10,8,244,83.84788732,1.881690141,1,1,0,1,0.02,0,0,0.026747066,0.072289367,10.3966,5.7994,16.196,0.66,125,FF,saed05rvt_base_ff0p660v125c,43.56,5.874930731,5.874930731,0,4.143134726,0,5.049856007,4.553876892,0,0,3.80666249,2.235405434,5.983936281,2.397895273,2.197224577,10.916985,5.3811946,16.29818,0.630894211,5.005334033,7.211184062,Ok,Ok,Ok,,,
moving_average_filter,100,0.63,0.1,355,355,0,62,0,155,94,0,0,44,8.350272,0.023521893,396,10,8,244,83.84788732,1.881690141,1,1,0,1,0.02,0,0,0.038565321,0.061214795,17.1508,6.2313,23.3821,0.66,125,FF,saed05rvt_base_ff0p660v125c,43.56,5.874930731,5.874930731,0,4.143134726,0,5.049856007,4.553876892,0,0,3.80666249,2.235405434,5.983936281,2.397895273,2.197224577,17.527925,5.5020432,23.029968,1.505988505,2.198879885,11.70312379,Ok,Ok,Ok,,,
moving_average_filter,100,0.63,0.37,355,355,0,62,0,155,94,0,0,44,8.350272,0.023521893,396,10,8,244,83.84788732,1.881690141,1,1,0,1,0.02,0,0,0.040839672,0.064824876,17.5309,6.0887,23.6196,0.66,125,FF,saed05rvt_base_ff0p660v125c,43.56,5.874930731,5.874930731,0,4.143134726,0,5.049856007,4.553876892,0,0,3.80666249,2.235405434,5.983936281,2.397895273,2.197224577,17.631693,5.467762,23.099455,2.202175821,0.574944163,10.19820334,Ok,Ok,Ok,,,
moving_average_filter,100,0.63,0.63,355,355,0,62,0,155,94,0,0,44,8.350272,0.023521893,396,10,8,244,83.84788732,1.881690141,1,1,0,1,0.02,0,0,0.040838866,0.064823597,17.3031,5.9567,23.2598,0.66,125,FF,saed05rvt_base_ff0p660v125c,43.56,5.874930731,5.874930731,0,4.143134726,0,5.049856007,4.553876892,0,0,3.80666249,2.235405434,5.983936281,2.397895273,2.197224577,17.622677,5.4278183,23.050495,0.899856629,1.846934072,8.878770152,Ok,Ok,Ok,,,
moving_average_filter,100,0.63,0.9,355,355,0,62,0,155,94,0,0,44,8.350272,0.023521893,396,10,8,244,83.84788732,1.881690141,1,1,0,1,0.02,0,0,0.038565247,0.061214679,16.7379,5.7994,22.5373,0.66,125,FF,saed05rvt_base_ff0p660v125c,43.56,5.874930731,5.874930731,0,4.143134726,0,5.049856007,4.553876892,0,0,3.80666249,2.235405434,5.983936281,2.397895273,2.197224577,17.51168,5.3749504,22.886631,1.550012699,4.622925236,7.31885352,Ok,Ok,Ok,,,
moving_average_filter,100,0.9,0.1,355,355,0,62,0,155,94,0,0,44,8.350272,0.023521893,396,10,8,244,83.84788732,1.881690141,1,1,0,1,0.02,0,0,0.050838048,0.05648672,23.7529,6.2313,29.9842,0.66,125,FF,saed05rvt_base_ff0p660v125c,43.56,5.874930731,5.874930731,0,4.143134726,0,5.049856007,4.553876892,0,0,3.80666249,2.235405434,5.983936281,2.397895273,2.197224577,24.666792,5.5034,30.170193,0.620302421,3.847496162,11.68135303,Ok,Ok,Ok,,,
moving_average_filter,100,0.9,0.37,355,355,0,62,0,155,94,0,0,44,8.350272,0.023521893,396,10,8,244,83.84788732,1.881690141,1,1,0,1,0.02,0,0,0.053112399,0.059013777,24.1268,6.0887,30.2155,0.66,125,FF,saed05rvt_base_ff0p660v125c,43.56,5.874930731,5.874930731,0,4.143134726,0,5.049856007,4.553876892,0,0,3.80666249,2.235405434,5.983936281,2.397895273,2.197224577,24.820295,5.4777117,30.298008,0.273065033,2.874377596,10.03479105,Ok,Ok,Ok,,,
moving_average_filter,100,0.9,0.63,355,355,0,62,0,155,94,0,0,44,8.350272,0.023521893,396,10,8,244,83.84788732,1.881690141,1,1,0,1,0.02,0,0,0.053111593,0.059012882,23.8935,5.9567,29.8502,0.66,125,FF,saed05rvt_base_ff0p660v125c,43.56,5.874930731,5.874930731,0,4.143134726,0,5.049856007,4.553876892,0,0,3.80666249,2.235405434,5.983936281,2.397895273,2.197224577,24.917608,5.4474583,30.365067,1.724834434,4.28613749,8.549057914,Ok,Ok,Ok,,,
moving_average_filter,100,0.9,0.9,355,355,0,62,0,155,94,0,0,44,8.350272,0.023521893,396,10,8,244,83.84788732,1.881690141,1,1,0,1,0.02,0,0,0.050837975,0.056486639,23.323,5.7994,29.1224,0.66,125,FF,saed05rvt_base_ff0p660v125c,43.56,5.874930731,5.874930731,0,4.143134726,0,5.049856007,4.553876892,0,0,3.80666249,2.235405434,5.983936281,2.397895273,2.197224577,24.920902,5.363258,30.28416,3.989233765,6.851186606,7.520469618,Ok,Ok,Ok,,,
moving_average_filter,200,0.1,0.1,355,355,0,62,0,155,94,0,0,44,8.350272,0.023521893,396,10,8,244,83.84788732,1.881690141,1,1,0,1,0.02,0,0,0.013373429,0.133734293,4.1497,6.2635,10.4132,0.66,125,FF,saed05rvt_base_ff0p660v125c,87.12,5.874930731,5.874930731,0,4.143134726,0,5.049856007,4.553876892,0,0,3.80666249,2.235405434,5.983936281,2.397895273,2.197224577,3.2468467,5.505206,8.752052,15.95232679,21.75707459,12.10655212,Anomal,Anomal,Ok,,,
moving_average_filter,200,0.1,0.37,355,355,0,62,0,155,94,0,0,44,8.350272,0.023521893,396,10,8,244,83.84788732,1.881690141,1,1,0,1,0.02,0,0,0.013747977,0.137479773,4.0303,6.1124,10.1427,0.66,125,FF,saed05rvt_base_ff0p660v125c,87.12,5.874930731,5.874930731,0,4.143134726,0,5.049856007,4.553876892,0,0,3.80666249,2.235405434,5.983936281,2.397895273,2.197224577,3.2979612,5.4296975,8.727659,13.95132238,18.17082512,11.16913956,Ok,Anomal,Ok,,,
moving_average_filter,200,0.1,0.63,355,355,0,62,0,155,94,0,0,44,8.350272,0.023521893,396,10,8,244,83.84788732,1.881690141,1,1,0,1,0.02,0,0,0.013508927,0.135089268,3.8461,5.9649,9.811,0.66,125,FF,saed05rvt_base_ff0p660v125c,87.12,5.874930731,5.874930731,0,4.143134726,0,5.049856007,4.553876892,0,0,3.80666249,2.235405434,5.983936281,2.397895273,2.197224577,3.3099875,5.387783,8.697771,11.34674271,13.93911898,9.675215837,Ok,Ok,Ok,,,
moving_average_filter,200,0.1,0.9,355,355,0,62,0,155,94,0,0,44,8.350272,0.023521893,396,10,8,244,83.84788732,1.881690141,1,1,0,1,0.02,0,0,0.013190997,0.131909975,3.6567,5.8011,9.4578,0.66,125,FF,saed05rvt_base_ff0p660v125c,87.12,5.874930731,5.874930731,0,4.143134726,0,5.049856007,4.553876892,0,0,3.80666249,2.235405434,5.983936281,2.397895273,2.197224577,3.340983,5.3661375,8.707121,7.937142936,8.633934587,7.497931348,Ok,Ok,Ok,,,
moving_average_filter,200,0.37,0.1,355,355,0,62,0,155,94,0,0,44,8.350272,0.023521893,396,10,8,244,83.84788732,1.881690141,1,1,0,1,0.02,0,0,0.029794742,0.080526331,11.8115,6.264,18.0755,0.66,125,FF,saed05rvt_base_ff0p660v125c,87.12,5.874930731,5.874930731,0,4.143134726,0,5.049856007,4.553876892,0,0,3.80666249,2.235405434,5.983936281,2.397895273,2.197224577,11.785935,5.50994,17.295876,4.313155656,0.216438201,12.03799254,Ok,Ok,Ok,,,
moving_average_filter,200,0.37,0.37,355,355,0,62,0,155,94,0,0,44,8.350272,0.023521893,396,10,8,244,83.84788732,1.881690141,1,1,0,1,0.02,0,0,0.030700098,0.082973239,11.7176,6.1114,17.829,0.66,125,FF,saed05rvt_base_ff0p660v125c,87.12,5.874930731,5.874930731,0,4.143134726,0,5.049856007,4.553876892,0,0,3.80666249,2.235405434,5.983936281,2.397895273,2.197224577,11.884444,5.459584,17.344028,2.720127473,1.423877217,10.66557195,Ok,Ok,Ok,,,
moving_average_filter,200,0.37,0.63,355,355,0,62,0,155,94,0,0,44,8.350272,0.023521893,396,10,8,244,83.84788732,1.881690141,1,1,0,1,0.02,0,0,0.030556457,0.082585019,11.3583,5.968,17.3263,0.66,125,FF,saed05rvt_base_ff0p660v125c,87.12,5.874930731,5.874930731,0,4.143134726,0,5.049856007,4.553876892,0,0,3.80666249,2.235405434,5.983936281,2.397895273,2.197224577,11.8827,5.4182134,17.300913,0.146523741,4.616887795,9.212242502,Ok,Ok,Ok,,,
moving_average_filter,200,0.37,0.9,355,355,0,62,0,155,94,0,0,44,8.350272,0.023521893,396,10,8,244,83.84788732,1.881690141,1,1,0,1,0.02,0,0,0.029486745,0.079693905,10.8611,5.8261,16.6872,0.66,125,FF,saed05rvt_base_ff0p660v125c,87.12,5.874930731,5.874930731,0,4.143134726,0,5.049856007,4.553876892,0,0,3.80666249,2.235405434,5.983936281,2.397895273,2.197224577,11.852629,5.389784,17.242413,3.327176322,9.129173913,7.48899162,Ok,Ok,Ok,,,
moving_average_filter,200,0.63,0.1,355,355,0,62,0,155,94,0,0,44,8.350272,0.023521893,396,10,8,244,83.84788732,1.881690141,1,1,0,1,0.02,0,0,0.038695255,0.06142104,17.3927,6.2595,23.6522,0.66,125,FF,saed05rvt_base_ff0p660v125c,87.12,5.874930731,5.874930731,0,4.143134726,0,5.049856007,4.553876892,0,0,3.80666249,2.235405434,5.983936281,2.397895273,2.197224577,18.137571,5.506918,23.64449,0.032600399,4.282666491,12.02303773,Ok,Ok,Ok,,,
moving_average_filter,200,0.63,0.37,355,355,0,62,0,155,94,0,0,44,8.350272,0.023521893,396,10,8,244,83.84788732,1.881690141,1,1,0,1,0.02,0,0,0.043239523,0.068634163,18.226,6.1113,24.3373,0.66,125,FF,saed05rvt_base_ff0p660v125c,87.12,5.874930731,5.874930731,0,4.143134726,0,5.049856007,4.553876892,0,0,3.80666249,2.235405434,5.983936281,2.397895273,2.197224577,18.340593,5.470432,23.811026,2.162418923,0.628735532,10.48660997,Ok,Ok,Ok,,,
moving_average_filter,200,0.63,0.63,355,355,0,62,0,155,94,0,0,44,8.350272,0.023521893,396,10,8,244,83.84788732,1.881690141,1,1,0,1,0.02,0,0,0.043236417,0.068629233,17.8409,5.9741,23.815,0.66,125,FF,saed05rvt_base_ff0p660v125c,87.12,5.874930731,5.874930731,0,4.143134726,0,5.049856007,4.553876892,0,0,3.80666249,2.235405434,5.983936281,2.397895273,2.197224577,18.306528,5.4349546,23.741482,0.308705518,2.609891269,9.024712622,Ok,Ok,Ok,,,
moving_average_filter,200,0.63,0.9,355,355,0,62,0,155,94,0,0,44,8.350272,0.023521893,396,10,8,244,83.84788732,1.881690141,1,1,0,1,0.02,0,0,0.038692235,0.061416246,16.7835,5.8113,22.5948,0.66,125,FF,saed05rvt_base_ff0p660v125c,87.12,5.874930731,5.874930731,0,4.143134726,0,5.049856007,4.553876892,0,0,3.80666249,2.235405434,5.983936281,2.397895273,2.197224577,18.07823,5.389413,23.467644,3.863029271,7.714302167,7.259771825,Ok,Ok,Ok,,,
moving_average_filter,200,0.9,0.1,355,355,0,62,0,155,94,0,0,44,8.350272,0.023521893,396,10,8,244,83.84788732,1.881690141,1,1,0,1,0.02,0,0,0.050967982,0.056631091,23.9979,6.2595,30.2574,0.66,125,FF,saed05rvt_base_ff0p660v125c,87.12,5.874930731,5.874930731,0,4.143134726,0,5.049856007,4.553876892,0,0,3.80666249,2.235405434,5.983936281,2.397895273,2.197224577,25.452984,5.5055737,30.958557,2.317307928,6.063379947,12.04451235,Ok,Ok,Ok,,,
moving_average_filter,200,0.9,0.37,355,355,0,62,0,155,94,0,0,44,8.350272,0.023521893,396,10,8,244,83.84788732,1.881690141,1,1,0,1,0.02,0,0,0.05551225,0.061680278,24.825,6.1113,30.9363,0.66,125,FF,saed05rvt_base_ff0p660v125c,87.12,5.874930731,5.874930731,0,4.143134726,0,5.049856007,4.553876892,0,0,3.80666249,2.235405434,5.983936281,2.397895273,2.197224577,25.798784,5.4791512,31.277935,1.104317672,3.92259519,10.34393257,Ok,Ok,Ok,,,
moving_average_filter,200,0.9,0.63,355,355,0,62,0,155,94,0,0,44,8.350272,0.023521893,396,10,8,244,83.84788732,1.881690141,1,1,0,1,0.02,0,0,0.055509144,0.061676827,24.4343,5.9741,30.4084,0.66,125,FF,saed05rvt_base_ff0p660v125c,87.12,5.874930731,5.874930731,0,4.143134726,0,5.049856007,4.553876892,0,0,3.80666249,2.235405434,5.983936281,2.397895273,2.197224577,25.899529,5.4488177,31.348347,3.091075855,5.996605196,8.792659481,Ok,Ok,Ok,,,
moving_average_filter,200,0.9,0.9,355,355,0,62,0,155,94,0,0,44,8.350272,0.023521893,396,10,8,244,83.84788732,1.881690141,1,1,0,1,0.02,0,0,0.050964962,0.056627736,23.3714,5.8113,29.1827,0.66,125,FF,saed05rvt_base_ff0p660v125c,87.12,5.874930731,5.874930731,0,4.143134726,0,5.049856007,4.553876892,0,0,3.80666249,2.235405434,5.983936281,2.397895273,2.197224577,25.782152,5.377853,31.160006,6.775608732,10.31496691,7.45869398,Ok,Ok,Ok,,,
moving_average_filter,300,0.1,0.1,355,355,0,62,0,155,94,0,0,44,8.350272,0.023521893,396,10,8,244,83.84788732,1.881690141,1,1,0,1,0.02,0,0,0.012764177,0.127641768,4.0664,6.2765,10.3429,0.66,125,FF,saed05rvt_base_ff0p660v125c,130.68,5.874930731,5.874930731,0,4.143134726,0,5.049856007,4.553876892,0,0,3.80666249,2.235405434,5.983936281,2.397895273,2.197224577,3.2674837,5.522545,8.790029,15.01388806,19.64677082,12.01234986,Anomal,Anomal,Ok,,,
moving_average_filter,300,0.1,0.37,355,355,0,62,0,155,94,0,0,44,8.350272,0.023521893,396,10,8,244,83.84788732,1.881690141,1,1,0,1,0.02,0,0,0.013021591,0.130215909,3.9243,6.123,10.0473,0.66,125,FF,saed05rvt_base_ff0p660v125c,130.68,5.874930731,5.874930731,0,4.143134726,0,5.049856007,4.553876892,0,0,3.80666249,2.235405434,5.983936281,2.397895273,2.197224577,3.3133893,5.44089,8.754279,12.86933667,15.56738014,11.14013008,Ok,Anomal,Ok,,,
moving_average_filter,300,0.1,0.63,355,355,0,62,0,155,94,0,0,44,8.350272,0.023521893,396,10,8,244,83.84788732,1.881690141,1,1,0,1,0.02,0,0,0.012842657,0.128426566,3.7545,5.9752,9.7297,0.66,125,FF,saed05rvt_base_ff0p660v125c,130.68,5.874930731,5.874930731,0,4.143134726,0,5.049856007,4.553876892,0,0,3.80666249,2.235405434,5.983936281,2.397895273,2.197224577,3.3323274,5.400434,8.732761,10.24634487,11.24444358,9.619192375,Ok,Ok,Ok,,,
moving_average_filter,300,0.1,0.9,355,355,0,62,0,155,94,0,0,44,8.350272,0.023521893,396,10,8,244,83.84788732,1.881690141,1,1,0,1,0.02,0,0,0.012531348,0.125313485,3.5673,5.8078,9.3751,0.66,125,FF,saed05rvt_base_ff0p660v125c,130.68,5.874930731,5.874930731,0,4.143134726,0,5.049856007,4.553876892,0,0,3.80666249,2.235405434,5.983936281,2.397895273,2.197224577,3.3700538,5.390407,8.760461,6.556080964,5.529286347,7.186764602,Ok,Ok,Ok,,,
moving_average_filter,300,0.37,0.1,355,355,0,62,0,155,94,0,0,44,8.350272,0.023521893,396,10,8,244,83.84788732,1.881690141,1,1,0,1,0.02,0,0,0.030192169,0.081600457,12.0091,6.2772,18.2863,0.66,125,FF,saed05rvt_base_ff0p660v125c,130.68,5.874930731,5.874930731,0,4.143134726,0,5.049856007,4.553876892,0,0,3.80666249,2.235405434,5.983936281,2.397895273,2.197224577,11.909991,5.5208526,17.430843,4.67812869,0.825280293,12.04912117,Ok,Ok,Ok,,,
moving_average_filter,300,0.37,0.37,355,355,0,62,0,155,94,0,0,44,8.350272,0.023521893,396,10,8,244,83.84788732,1.881690141,1,1,0,1,0.02,0,0,0.031369106,0.084781368,11.9365,6.1231,18.0596,0.66,125,FF,saed05rvt_base_ff0p660v125c,130.68,5.874930731,5.874930731,0,4.143134726,0,5.049856007,4.553876892,0,0,3.80666249,2.235405434,5.983936281,2.397895273,2.197224577,11.983483,5.468876,17.452358,3.362431915,0.393610476,10.68452442,Ok,Ok,Ok,,,
moving_average_filter,300,0.37,0.63,355,355,0,62,0,155,94,0,0,44,8.350272,0.023521893,396,10,8,244,83.84788732,1.881690141,1,1,0,1,0.02,0,0,0.031108316,0.084076529,11.5034,5.9748,17.4782,0.66,125,FF,saed05rvt_base_ff0p660v125c,130.68,5.874930731,5.874930731,0,4.143134726,0,5.049856007,4.553876892,0,0,3.80666249,2.235405434,5.983936281,2.397895273,2.197224577,12.001484,5.4298115,17.431295,0.268360616,4.329884358,9.121452138,Ok,Ok,Ok,,,
moving_average_filter,300,0.37,0.9,355,355,0,62,0,155,94,0,0,44,8.350272,0.023521893,396,10,8,244,83.84788732,1.881690141,1,1,0,1,0.02,0,0,0.02977497,0.080472891,10.907,5.8264,16.7334,0.66,125,FF,saed05rvt_base_ff0p660v125c,130.68,5.874930731,5.874930731,0,4.143134726,0,5.049856007,4.553876892,0,0,3.80666249,2.235405434,5.983936281,2.397895273,2.197224577,12.025933,5.405557,17.43149,4.171835637,10.25885455,7.223033853,Ok,Ok,Ok,,,
moving_average_filter,300,0.63,0.1,355,355,0,62,0,155,94,0,0,44,8.350272,0.023521893,396,10,8,244,83.84788732,1.881690141,1,1,0,1,0.02,0,0,0.039345141,0.062452605,17.6641,6.2713,23.9354,0.66,125,FF,saed05rvt_base_ff0p660v125c,130.68,5.874930731,5.874930731,0,4.143134726,0,5.049856007,4.553876892,0,0,3.80666249,2.235405434,5.983936281,2.397895273,2.197224577,18.291105,5.5140014,23.805107,0.544352229,3.549602133,12.07562436,Ok,Ok,Ok,,,
moving_average_filter,300,0.63,0.37,355,355,0,62,0,155,94,0,0,44,8.350272,0.023521893,396,10,8,244,83.84788732,1.881690141,1,1,0,1,0.02,0,0,0.046160902,0.073271272,18.9598,6.1208,25.0806,0.66,125,FF,saed05rvt_base_ff0p660v125c,130.68,5.874930731,5.874930731,0,4.143134726,0,5.049856007,4.553876892,0,0,3.80666249,2.235405434,5.983936281,2.397895273,2.197224577,18.59196,5.472497,24.064457,4.051510172,1.94010007,10.59180195,Ok,Ok,Ok,,,
moving_average_filter,300,0.63,0.63,355,355,0,62,0,155,94,0,0,44,8.350272,0.023521893,396,10,8,244,83.84788732,1.881690141,1,1,0,1,0.02,0,0,0.046160114,0.073270022,18.4267,5.9814,24.4081,0.66,125,FF,saed05rvt_base_ff0p660v125c,130.68,5.874930731,5.874930731,0,4.143134726,0,5.049856007,4.553876892,0,0,3.80666249,2.235405434,5.983936281,2.397895273,2.197224577,18.575722,5.4417577,24.017479,1.6003747,0.808727231,9.022006905,Ok,Ok,Ok,,,
moving_average_filter,300,0.63,0.9,355,355,0,62,0,155,94,0,0,44,8.350272,0.023521893,396,10,8,244,83.84788732,1.881690141,1,1,0,1,0.02,0,0,0.03934426,0.062451207,16.8852,5.8163,22.7015,0.66,125,FF,saed05rvt_base_ff0p660v125c,130.68,5.874930731,5.874930731,0,4.143134726,0,5.049856007,4.553876892,0,0,3.80666249,2.235405434,5.983936281,2.397895273,2.197224577,18.238586,5.4026585,23.641245,4.139571783,8.015222951,7.111764137,Ok,Ok,Ok,,,
moving_average_filter,300,0.9,0.1,355,355,0,62,0,155,94,0,0,44,8.350272,0.023521893,396,10,8,244,83.84788732,1.881690141,1,1,0,1,0.02,0,0,0.051617869,0.057353187,24.2706,6.2713,30.5419,0.66,125,FF,saed05rvt_base_ff0p660v125c,130.68,5.874930731,5.874930731,0,4.143134726,0,5.049856007,4.553876892,0,0,3.80666249,2.235405434,5.983936281,2.397895273,2.197224577,25.902184,5.5095744,31.411758,2.848082218,6.722468883,12.14621509,Ok,Ok,Ok,,,
moving_average_filter,300,0.9,0.37,355,355,0,62,0,155,94,0,0,44,8.350272,0.023521893,396,10,8,244,83.84788732,1.881690141,1,1,0,1,0.02,0,0,0.058433629,0.064926254,25.56,6.1208,31.6808,0.66,125,FF,saed05rvt_base_ff0p660v125c,130.68,5.874930731,5.874930731,0,4.143134726,0,5.049856007,4.553876892,0,0,3.80666249,2.235405434,5.983936281,2.397895273,2.197224577,26.312864,5.480846,31.79371,0.356401065,2.945478496,10.45539916,Ok,Ok,Ok,,,
moving_average_filter,300,0.9,0.63,355,355,0,62,0,155,94,0,0,44,8.350272,0.023521893,396,10,8,244,83.84788732,1.881690141,1,1,0,1,0.02,0,0,0.058432841,0.064925379,25.0212,5.9814,31.0026,0.66,125,FF,saed05rvt_base_ff0p660v125c,130.68,5.874930731,5.874930731,0,4.143134726,0,5.049856007,4.553876892,0,0,3.80666249,2.235405434,5.983936281,2.397895273,2.197224577,26.451893,5.449474,31.901367,2.89900585,5.717922613,8.893004014,Ok,Ok,Ok,,,
moving_average_filter,300,0.9,0.9,355,355,0,62,0,155,94,0,0,44,8.350272,0.023521893,396,10,8,244,83.84788732,1.881690141,1,1,0,1,0.02,0,0,0.051616987,0.057352208,23.4742,5.8163,29.2905,0.66,125,FF,saed05rvt_base_ff0p660v125c,130.68,5.874930731,5.874930731,0,4.143134726,0,5.049856007,4.553876892,0,0,3.80666249,2.235405434,5.983936281,2.397895273,2.197224577,26.24245,5.390142,31.632593,7.996084583,11.79273719,7.326961058,Ok,Ok,Ok,,,
moving_average_filter,450,0.1,0.1,355,355,0,62,0,155,94,0,0,44,8.350272,0.023521893,396,10,8,244,83.84788732,1.881690141,1,1,0,1,0.02,0,0,0.013184806,0.131848056,4.1481,6.2678,10.4159,0.66,125,FF,saed05rvt_base_ff0p660v125c,196.02,5.874930731,5.874930731,0,4.143134726,0,5.049856007,4.553876892,0,0,3.80666249,2.235405434,5.983936281,2.397895273,2.197224577,3.349432,5.5371723,8.886604,14.68231925,19.25382726,11.65684423,Ok,Anomal,Ok,,,
moving_average_filter,450,0.1,0.37,355,355,0,62,0,155,94,0,0,44,8.350272,0.023521893,396,10,8,244,83.84788732,1.881690141,1,1,0,1,0.02,0,0,0.013451914,0.134519141,3.9962,6.1141,10.1103,0.66,125,FF,saed05rvt_base_ff0p660v125c,196.02,5.874930731,5.874930731,0,4.143134726,0,5.049856007,4.553876892,0,0,3.80666249,2.235405434,5.983936281,2.397895273,2.197224577,3.4065576,5.4637,8.870257,12.26514171,14.75507833,10.63770927,Ok,Ok,Ok,,,
moving_average_filter,450,0.1,0.63,355,355,0,62,0,155,94,0,0,44,8.350272,0.023521893,396,10,8,244,83.84788732,1.881690141,1,1,0,1,0.02,0,0,0.013209338,0.132093384,3.8078,5.9659,9.7737,0.66,125,FF,saed05rvt_base_ff0p660v125c,196.02,5.874930731,5.874930731,0,4.143134726,0,5.049856007,4.553876892,0,0,3.80666249,2.235405434,5.983936281,2.397895273,2.197224577,3.4277463,5.41088,8.838627,9.56723798,9.980926101,9.303205069,Ok,Ok,Ok,,,
moving_average_filter,450,0.1,0.9,355,355,0,62,0,155,94,0,0,44,8.350272,0.023521893,396,10,8,244,83.84788732,1.881690141,1,1,0,1,0.02,0,0,0.012957596,0.12957596,3.6242,5.7994,9.4236,0.66,125,FF,saed05rvt_base_ff0p660v125c,196.02,5.874930731,5.874930731,0,4.143134726,0,5.049856007,4.553876892,0,0,3.80666249,2.235405434,5.983936281,2.397895273,2.197224577,3.4553847,5.4043503,8.8597355,5.983536134,4.658000902,6.811906736,Ok,Ok,Ok,,,
moving_average_filter,450,0.37,0.1,355,355,0,62,0,155,94,0,0,44,8.350272,0.023521893,396,10,8,244,83.84788732,1.881690141,1,1,0,1,0.02,0,0,0.031967182,0.086397789,12.4558,6.2666,18.7224,0.66,125,FF,saed05rvt_base_ff0p660v125c,196.02,5.874930731,5.874930731,0,4.143134726,0,5.049856007,4.553876892,0,0,3.80666249,2.235405434,5.983936281,2.397895273,2.197224577,12.021533,5.535614,17.557148,6.223838932,3.486464038,11.66479409,Ok,Ok,Ok,,,
moving_average_filter,450,0.37,0.37,355,355,0,62,0,155,94,0,0,44,8.350272,0.023521893,396,10,8,244,83.84788732,1.881690141,1,1,0,1,0.02,0,0,0.032744654,0.088499065,12.2272,6.1137,18.3409,0.66,125,FF,saed05rvt_base_ff0p660v125c,196.02,5.874930731,5.874930731,0,4.143134726,0,5.049856007,4.553876892,0,0,3.80666249,2.235405434,5.983936281,2.397895273,2.197224577,12.126016,5.4854507,17.611465,3.977092432,0.827534815,10.27608904,Ok,Ok,Ok,,,
moving_average_filter,450,0.37,0.63,355,355,0,62,0,155,94,0,0,44,8.350272,0.023521893,396,10,8,244,83.84788732,1.881690141,1,1,0,1,0.02,0,0,0.032510717,0.087866803,11.7539,5.9664,17.7203,0.66,125,FF,saed05rvt_base_ff0p660v125c,196.02,5.874930731,5.874930731,0,4.143134726,0,5.049856007,4.553876892,0,0,3.80666249,2.235405434,5.983936281,2.397895273,2.197224577,12.163626,5.444695,17.60832,0.631929278,3.485870368,8.744050082,Ok,Ok,Ok,,,
moving_average_filter,450,0.37,0.9,355,355,0,62,0,155,94,0,0,44,8.350272,0.023521893,396,10,8,244,83.84788732,1.881690141,1,1,0,1,0.02,0,0,0.031427967,0.084940452,11.1378,5.8106,16.9484,0.66,125,FF,saed05rvt_base_ff0p660v125c,196.02,5.874930731,5.874930731,0,4.143134726,0,5.049856007,4.553876892,0,0,3.80666249,2.235405434,5.983936281,2.397895273,2.197224577,12.208025,5.420769,17.628794,4.014501171,9.608944124,6.708959236,Ok,Ok,Ok,,,
moving_average_filter,450,0.63,0.1,355,355,0,62,0,155,94,0,0,44,8.350272,0.023521893,396,10,8,244,83.84788732,1.881690141,1,1,0,1,0.02,0,0,0.047423207,0.075274932,19.814,6.2667,26.0807,0.66,125,FF,saed05rvt_base_ff0p660v125c,196.02,5.874930731,5.874930731,0,4.143134726,0,5.049856007,4.553876892,0,0,3.80666249,2.235405434,5.983936281,2.397895273,2.197224577,18.720932,5.519397,24.24033,7.056445025,5.516644762,11.92498792,Ok,Ok,Ok,,,
moving_average_filter,450,0.63,0.37,355,355,0,62,0,155,94,0,0,44,8.350272,0.023521893,396,10,8,244,83.84788732,1.881690141,1,1,0,1,0.02,0,0,0.049717573,0.078916783,19.7817,6.1138,25.8955,0.66,125,FF,saed05rvt_base_ff0p660v125c,196.02,5.874930731,5.874930731,0,4.143134726,0,5.049856007,4.553876892,0,0,3.80666249,2.235405434,5.983936281,2.397895273,2.197224577,18.830233,5.48025,24.310482,6.120823984,4.809836262,10.3626242,Ok,Ok,Ok,,,
moving_average_filter,450,0.63,0.63,355,355,0,62,0,155,94,0,0,44,8.350272,0.023521893,396,10,8,244,83.84788732,1.881690141,1,1,0,1,0.02,0,0,0.049432583,0.078464418,19.0857,5.9662,25.0519,0.66,125,FF,saed05rvt_base_ff0p660v125c,196.02,5.874930731,5.874930731,0,4.143134726,0,5.049856007,4.553876892,0,0,3.80666249,2.235405434,5.983936281,2.397895273,2.197224577,18.821743,5.448272,24.270016,3.121057818,1.383009209,8.68103268,Ok,Ok,Ok,,,
moving_average_filter,450,0.63,0.9,355,355,0,62,0,155,94,0,0,44,8.350272,0.023521893,396,10,8,244,83.84788732,1.881690141,1,1,0,1,0.02,0,0,0.046987811,0.074583826,18.0557,5.8209,23.8766,0.66,125,FF,saed05rvt_base_ff0p660v125c,196.02,5.874930731,5.874930731,0,4.143134726,0,5.049856007,4.553876892,0,0,3.80666249,2.235405434,5.983936281,2.397895273,2.197224577,18.698503,5.4106464,24.10915,0.973965861,3.560113949,7.047940377,Ok,Ok,Ok,,,
moving_average_filter,450,0.9,0.1,355,355,0,62,0,155,94,0,0,44,8.350272,0.023521893,396,10,8,244,83.84788732,1.881690141,1,1,0,1,0.02,0,0,0.055347907,0.061497674,25.2632,6.2607,31.5239,0.66,125,FF,saed05rvt_base_ff0p660v125c,196.02,5.874930731,5.874930731,0,4.143134726,0,5.049856007,4.553876892,0,0,3.80666249,2.235405434,5.983936281,2.397895273,2.197224577,26.237488,5.524874,31.762362,0.75644678,3.85654942,11.75309134,Ok,Ok,Ok,,,
moving_average_filter,450,0.9,0.37,355,355,0,62,0,155,94,0,0,44,8.350272,0.023521893,396,10,8,244,83.84788732,1.881690141,1,1,0,1,0.02,0,0,0.065572126,0.072857918,27.1761,6.1115,33.2876,0.66,125,FF,saed05rvt_base_ff0p660v125c,196.02,5.874930731,5.874930731,0,4.143134726,0,5.049856007,4.553876892,0,0,3.80666249,2.235405434,5.983936281,2.397895273,2.197224577,26.876966,5.4871936,32.36416,2.774130216,1.100722781,10.2152731,Ok,Ok,Ok,,,
moving_average_filter,450,0.9,0.63,355,355,0,62,0,155,94,0,0,44,8.350272,0.023521893,396,10,8,244,83.84788732,1.881690141,1,1,0,1,0.02,0,0,0.065571745,0.072857494,26.3469,5.9734,32.3203,0.66,125,FF,saed05rvt_base_ff0p660v125c,196.02,5.874930731,5.874930731,0,4.143134726,0,5.049856007,4.553876892,0,0,3.80666249,2.235405434,5.983936281,2.397895273,2.197224577,26.999142,5.446819,32.44596,0.388798986,2.475591789,8.815434617,Ok,Ok,Ok,,,
moving_average_filter,450,0.9,0.9,355,355,0,62,0,155,94,0,0,44,8.350272,0.023521893,396,10,8,244,83.84788732,1.881690141,1,1,0,1,0.02,0,0,0.055344576,0.061493973,24.0032,5.8095,29.8127,0.66,125,FF,saed05rvt_base_ff0p660v125c,196.02,5.874930731,5.874930731,0,4.143134726,0,5.049856007,4.553876892,0,0,3.80666249,2.235405434,5.983936281,2.397895273,2.197224577,26.580826,5.4016623,31.982489,7.27806818,10.7386757,7.020185047,Ok,Ok,Ok,,,
moving_average_filter,600,0.1,0.1,355,355,0,62,0,155,94,0,0,44,8.350272,0.023521893,396,10,8,244,83.84788732,1.881690141,1,1,0,1,0.02,0,0,0.013398558,0.133985581,4.1829,6.2663,10.4492,0.66,125,FF,saed05rvt_base_ff0p660v125c,261.36,5.874930731,5.874930731,0,4.143134726,0,5.049856007,4.553876892,0,0,3.80666249,2.235405434,5.983936281,2.397895273,2.197224577,3.4362597,5.5534587,8.989718,13.96740002,17.84982317,11.37579288,Ok,Anomal,Ok,,,
moving_average_filter,600,0.1,0.37,355,355,0,62,0,155,94,0,0,44,8.350272,0.023521893,396,10,8,244,83.84788732,1.881690141,1,1,0,1,0.02,0,0,0.013701677,0.137016768,4.0365,6.1135,10.15,0.66,125,FF,saed05rvt_base_ff0p660v125c,261.36,5.874930731,5.874930731,0,4.143134726,0,5.049856007,4.553876892,0,0,3.80666249,2.235405434,5.983936281,2.397895273,2.197224577,3.4926414,5.492123,8.984764,11.48015666,13.47351792,10.16401199,Ok,Ok,Ok,,,
moving_average_filter,600,0.1,0.63,355,355,0,62,0,155,94,0,0,44,8.350272,0.023521893,396,10,8,244,83.84788732,1.881690141,1,1,0,1,0.02,0,0,0.013466045,0.134660455,3.8461,5.9659,9.812,0.66,125,FF,saed05rvt_base_ff0p660v125c,261.36,5.874930731,5.874930731,0,4.143134726,0,5.049856007,4.553876892,0,0,3.80666249,2.235405434,5.983936281,2.397895273,2.197224577,3.500978,5.4285264,8.929504,8.994044083,8.973297808,9.007418805,Ok,Ok,Ok,,,
moving_average_filter,600,0.1,0.9,355,355,0,62,0,155,94,0,0,44,8.350272,0.023521893,396,10,8,244,83.84788732,1.881690141,1,1,0,1,0.02,0,0,0.013229303,0.13229303,3.6609,5.7994,9.4603,0.66,125,FF,saed05rvt_base_ff0p660v125c,261.36,5.874930731,5.874930731,0,4.143134726,0,5.049856007,4.553876892,0,0,3.80666249,2.235405434,5.983936281,2.397895273,2.197224577,3.5173497,5.416121,8.933471,5.568843208,3.921174575,6.608942201,Ok,Ok,Ok,,,
moving_average_filter,600,0.37,0.1,355,355,0,62,0,155,94,0,0,44,8.350272,0.023521893,396,10,8,244,83.84788732,1.881690141,1,1,0,1,0.02,0,0,0.033023912,0.089253815,12.7205,6.2656,18.9861,0.66,125,FF,saed05rvt_base_ff0p660v125c,261.36,5.874930731,5.874930731,0,4.143134726,0,5.049856007,4.553876892,0,0,3.80666249,2.235405434,5.983936281,2.397895273,2.197224577,12.143157,5.551549,17.694706,6.801786764,4.538681614,11.39637133,Ok,Ok,Ok,,,
moving_average_filter,600,0.37,0.37,355,355,0,62,0,155,94,0,0,44,8.350272,0.023521893,396,10,8,244,83.84788732,1.881690141,1,1,0,1,0.02,0,0,0.033447146,0.090397693,12.371,6.1132,18.4842,0.66,125,FF,saed05rvt_base_ff0p660v125c,261.36,5.874930731,5.874930731,0,4.143134726,0,5.049856007,4.553876892,0,0,3.80666249,2.235405434,5.983936281,2.397895273,2.197224577,12.26198,5.5110326,17.773012,3.847544599,0.881254088,9.850281664,Ok,Ok,Ok,,,
moving_average_filter,600,0.37,0.63,355,355,0,62,0,155,94,0,0,44,8.350272,0.023521893,396,10,8,244,83.84788732,1.881690141,1,1,0,1,0.02,0,0,0.033271338,0.089922536,11.8859,5.9662,17.8521,0.66,125,FF,saed05rvt_base_ff0p660v125c,261.36,5.874930731,5.874930731,0,4.143134726,0,5.049856007,4.553876892,0,0,3.80666249,2.235405434,5.983936281,2.397895273,2.197224577,12.343141,5.4624486,17.80559,0.260531389,3.846916112,8.443421324,Ok,Ok,Ok,,,
moving_average_filter,600,0.37,0.9,355,355,0,62,0,155,94,0,0,44,8.350272,0.023521893,396,10,8,244,83.84788732,1.881690141,1,1,0,1,0.02,0,0,0.032392063,0.087546117,11.2687,5.8054,17.0741,0.66,125,FF,saed05rvt_base_ff0p660v125c,261.36,5.874930731,5.874930731,0,4.143134726,0,5.049856007,4.553876892,0,0,3.80666249,2.235405434,5.983936281,2.397895273,2.197224577,12.307857,5.436526,17.744383,3.925728784,9.221618818,6.353983848,Ok,Ok,Ok,,,
moving_average_filter,600,0.63,0.1,355,355,0,62,0,155,94,0,0,44,8.350272,0.023521893,396,10,8,244,83.84788732,1.881690141,1,1,0,1,0.02,0,0,0.049410629,0.07842957,20.3324,6.2657,26.5981,0.66,125,FF,saed05rvt_base_ff0p660v125c,261.36,5.874930731,5.874930731,0,4.143134726,0,5.049856007,4.553876892,0,0,3.80666249,2.235405434,5.983936281,2.397895273,2.197224577,18.883682,5.5332155,24.416897,8.200597712,7.125168446,11.69038539,Ok,Ok,Ok,,,
moving_average_filter,600,0.63,0.37,355,355,0,62,0,155,94,0,0,44,8.350272,0.023521893,396,10,8,244,83.84788732,1.881690141,1,1,0,1,0.02,0,0,0.05134979,0.081507604,20.1416,6.1133,26.2549,0.66,125,FF,saed05rvt_base_ff0p660v125c,261.36,5.874930731,5.874930731,0,4.143134726,0,5.049856007,4.553876892,0,0,3.80666249,2.235405434,5.983936281,2.397895273,2.197224577,18.982746,5.501264,24.48401,6.744985902,5.753534355,10.01154703,Ok,Ok,Ok,,,
moving_average_filter,600,0.63,0.63,355,355,0,62,0,155,94,0,0,44,8.350272,0.023521893,396,10,8,244,83.84788732,1.881690141,1,1,0,1,0.02,0,0,0.051040455,0.081016595,19.3841,5.966,25.3501,0.66,125,FF,saed05rvt_base_ff0p660v125c,261.36,5.874930731,5.874930731,0,4.143134726,0,5.049856007,4.553876892,0,0,3.80666249,2.235405434,5.983936281,2.397895273,2.197224577,18.969564,5.456252,24.425816,3.646077995,2.138533964,8.544215587,Ok,Ok,Ok,,,
moving_average_filter,600,0.63,0.9,355,355,0,62,0,155,94,0,0,44,8.350272,0.023521893,396,10,8,244,83.84788732,1.881690141,1,1,0,1,0.02,0,0,0.048888227,0.077600361,18.3248,5.8151,24.1399,0.66,125,FF,saed05rvt_base_ff0p660v125c,261.36,5.874930731,5.874930731,0,4.143134726,0,5.049856007,4.553876892,0,0,3.80666249,2.235405434,5.983936281,2.397895273,2.197224577,18.85203,5.4217315,24.273762,0.554524871,2.877138088,6.764604701,Ok,Ok,Ok,,,
moving_average_filter,600,0.9,0.1,355,355,0,62,0,155,94,0,0,44,8.350272,0.023521893,396,10,8,244,83.84788732,1.881690141,1,1,0,1,0.02,0,0,0.065141553,0.072379503,27.8855,6.2656,34.1511,0.66,125,FF,saed05rvt_base_ff0p660v125c,261.36,5.874930731,5.874930731,0,4.143134726,0,5.049856007,4.553876892,0,0,3.80666249,2.235405434,5.983936281,2.397895273,2.197224577,26.928476,5.5354953,32.46397,4.940191723,3.431975996,11.65259063,Ok,Ok,Ok,,,
moving_average_filter,600,0.9,0.37,355,355,0,62,0,155,94,0,0,44,8.350272,0.023521893,396,10,8,244,83.84788732,1.881690141,1,1,0,1,0.02,0,0,0.068493025,0.076103361,27.8719,6.1133,33.9852,0.66,125,FF,saed05rvt_base_ff0p660v125c,261.36,5.874930731,5.874930731,0,4.143134726,0,5.049856007,4.553876892,0,0,3.80666249,2.235405434,5.983936281,2.397895273,2.197224577,27.15712,5.503574,32.660694,3.897301995,2.564519279,9.973763851,Ok,Ok,Ok,,,
moving_average_filter,600,0.9,0.63,355,355,0,62,0,155,94,0,0,44,8.350272,0.023521893,396,10,8,244,83.84788732,1.881690141,1,1,0,1,0.02,0,0,0.068233265,0.075814739,26.9193,5.9662,32.8855,0.66,125,FF,saed05rvt_base_ff0p660v125c,261.36,5.874930731,5.874930731,0,4.143134726,0,5.049856007,4.553876892,0,0,3.80666249,2.235405434,5.983936281,2.397895273,2.197224577,27.27732,5.4519954,32.729317,0.474930558,1.329978349,8.618628729,Ok,Ok,Ok,,,
moving_average_filter,600,0.9,0.9,355,355,0,62,0,155,94,0,0,44,8.350272,0.023521893,396,10,8,244,83.84788732,1.881690141,1,1,0,1,0.02,0,0,0.064685629,0.071872921,25.4535,5.8224,31.2759,0.66,125,FF,saed05rvt_base_ff0p660v125c,261.36,5.874930731,5.874930731,0,4.143134726,0,5.049856007,4.553876892,0,0,3.80666249,2.235405434,5.983936281,2.397895273,2.197224577,27.331043,5.4013376,32.73238,4.656876104,7.3763657,7.231766564,Ok,Ok,Ok,,,
moving_average_filter,750,0.1,0.1,355,355,0,62,0,155,94,0,0,44,8.350272,0.023521893,396,10,8,244,83.84788732,1.881690141,1,1,0,1,0.02,0,0,0.013503003,0.135030025,4.2106,6.262,10.4726,0.66,125,FF,saed05rvt_base_ff0p660v125c,326.7,5.874930731,5.874930731,0,4.143134726,0,5.049856007,4.553876892,0,0,3.80666249,2.235405434,5.983936281,2.397895273,2.197224577,3.4934993,5.572175,9.065674,13.43435414,17.03084408,11.01604877,Ok,Anomal,Ok,,,
moving_average_filter,750,0.1,0.37,355,355,0,62,0,155,94,0,0,44,8.350272,0.023521893,396,10,8,244,83.84788732,1.881690141,1,1,0,1,0.02,0,0,0.013853285,0.138532854,4.0635,6.1085,10.172,0.66,125,FF,saed05rvt_base_ff0p660v125c,326.7,5.874930731,5.874930731,0,4.143134726,0,5.049856007,4.553876892,0,0,3.80666249,2.235405434,5.983936281,2.397895273,2.197224577,3.5465913,5.514566,9.061157,10.92059353,12.72077564,9.72307531,Ok,Ok,Ok,,,
moving_average_filter,750,0.1,0.63,355,355,0,62,0,155,94,0,0,44,8.350272,0.023521893,396,10,8,244,83.84788732,1.881690141,1,1,0,1,0.02,0,0,0.013626768,0.136267677,3.871,5.9613,9.8323,0.66,125,FF,saed05rvt_base_ff0p660v125c,326.7,5.874930731,5.874930731,0,4.143134726,0,5.049856007,4.553876892,0,0,3.80666249,2.235405434,5.983936281,2.397895273,2.197224577,3.551899,5.45503,9.006929,8.394481479,8.243374934,8.492611269,Ok,Ok,Ok,,,
moving_average_filter,750,0.1,0.9,355,355,0,62,0,155,94,0,0,44,8.350272,0.023521893,396,10,8,244,83.84788732,1.881690141,1,1,0,1,0.02,0,0,0.013379568,0.133795682,3.6804,5.7946,9.475,0.66,125,FF,saed05rvt_base_ff0p660v125c,326.7,5.874930731,5.874930731,0,4.143134726,0,5.049856007,4.553876892,0,0,3.80666249,2.235405434,5.983936281,2.397895273,2.197224577,3.5632553,5.4296722,8.992928,5.087835871,3.182933647,6.297721306,Ok,Ok,Ok,,,
moving_average_filter,750,0.37,0.1,355,355,0,62,0,155,94,0,0,44,8.350272,0.023521893,396,10,8,244,83.84788732,1.881690141,1,1,0,1,0.02,0,0,0.033799669,0.091350457,12.9209,6.2597,19.1806,0.66,125,FF,saed05rvt_base_ff0p660v125c,326.7,5.874930731,5.874930731,0,4.143134726,0,5.049856007,4.553876892,0,0,3.80666249,2.235405434,5.983936281,2.397895273,2.197224577,12.265545,5.5689993,17.834545,7.017793315,5.072054645,11.03408645,Ok,Ok,Ok,,,
moving_average_filter,750,0.37,0.37,355,355,0,62,0,155,94,0,0,44,8.350272,0.023521893,396,10,8,244,83.84788732,1.881690141,1,1,0,1,0.02,0,0,0.034050924,0.092029525,12.5011,6.1084,18.6095,0.66,125,FF,saed05rvt_base_ff0p660v125c,326.7,5.874930731,5.874930731,0,4.143134726,0,5.049856007,4.553876892,0,0,3.80666249,2.235405434,5.983936281,2.397895273,2.197224577,12.421703,5.535663,17.957367,3.504301871,0.635117401,9.376217538,Ok,Ok,Ok,,,
moving_average_filter,750,0.37,0.63,355,355,0,62,0,155,94,0,0,44,8.350272,0.023521893,396,10,8,244,83.84788732,1.881690141,1,1,0,1,0.02,0,0,0.033734652,0.091174734,11.9681,5.9611,17.9292,0.66,125,FF,saed05rvt_base_ff0p660v125c,326.7,5.874930731,5.874930731,0,4.143134726,0,5.049856007,4.553876892,0,0,3.80666249,2.235405434,5.983936281,2.397895273,2.197224577,12.536453,5.4804754,18.01693,0.489311439,4.748901221,8.06268263,Ok,Ok,Ok,,,
moving_average_filter,750,0.37,0.9,355,355,0,62,0,155,94,0,0,44,8.350272,0.023521893,396,10,8,244,83.84788732,1.881690141,1,1,0,1,0.02,0,0,0.033102394,0.08946593,11.365,5.7973,17.1623,0.66,125,FF,saed05rvt_base_ff0p660v125c,326.7,5.874930731,5.874930731,0,4.143134726,0,5.049856007,4.553876892,0,0,3.80666249,2.235405434,5.983936281,2.397895273,2.197224577,12.328153,5.4526644,17.780817,3.603928564,8.474726411,5.944760918,Ok,Ok,Ok,,,
moving_average_filter,750,0.63,0.1,355,355,0,62,0,155,94,0,0,44,8.350272,0.023521893,396,10,8,244,83.84788732,1.881690141,1,1,0,1,0.02,0,0,0.050951215,0.080874944,20.7434,6.2597,27.0031,0.66,125,FF,saed05rvt_base_ff0p660v125c,326.7,5.874930731,5.874930731,0,4.143134726,0,5.049856007,4.553876892,0,0,3.80666249,2.235405434,5.983936281,2.397895273,2.197224577,19.136549,5.5512514,24.687801,8.574195699,7.746324151,11.31761248,Ok,Ok,Ok,,,
moving_average_filter,750,0.63,0.37,355,355,0,62,0,155,94,0,0,44,8.350272,0.023521893,396,10,8,244,83.84788732,1.881690141,1,1,0,1,0.02,0,0,0.052529169,0.083379634,20.4055,6.1083,26.5138,0.66,125,FF,saed05rvt_base_ff0p660v125c,326.7,5.874930731,5.874930731,0,4.143134726,0,5.049856007,4.553876892,0,0,3.80666249,2.235405434,5.983936281,2.397895273,2.197224577,19.19968,5.5247016,24.724382,6.749004667,5.909287553,9.554187003,Ok,Ok,Ok,,,
moving_average_filter,750,0.63,0.63,355,355,0,62,0,155,94,0,0,44,8.350272,0.023521893,396,10,8,244,83.84788732,1.881690141,1,1,0,1,0.02,0,0,0.052260811,0.082953668,19.6096,5.9614,25.571,0.66,125,FF,saed05rvt_base_ff0p660v125c,326.7,5.874930731,5.874930731,0,4.143134726,0,5.049856007,4.553876892,0,0,3.80666249,2.235405434,5.983936281,2.397895273,2.197224577,19.182098,5.467792,24.64989,3.602162998,2.180062884,8.280067867,Ok,Ok,Ok,,,
moving_average_filter,750,0.63,0.9,355,355,0,62,0,155,94,0,0,44,8.350272,0.023521893,396,10,8,244,83.84788732,1.881690141,1,1,0,1,0.02,0,0,0.05038796,0.079980888,18.5345,5.8065,24.341,0.66,125,FF,saed05rvt_base_ff0p660v125c,326.7,5.874930731,5.874930731,0,4.143134726,0,5.049856007,4.553876892,0,0,3.80666249,2.235405434,5.983936281,2.397895273,2.197224577,19.002037,5.4305015,24.432539,0.376069127,2.522523124,6.475476431,Ok,Ok,Ok,,,
moving_average_filter,750,0.9,0.1,355,355,0,62,0,155,94,0,0,44,8.350272,0.023521893,396,10,8,244,83.84788732,1.881690141,1,1,0,1,0.02,0,0,0.067463801,0.074959778,28.5093,6.2597,34.769,0.66,125,FF,saed05rvt_base_ff0p660v125c,326.7,5.874930731,5.874930731,0,4.143134726,0,5.049856007,4.553876892,0,0,3.80666249,2.235405434,5.983936281,2.397895273,2.197224577,27.153488,5.5572777,32.710766,5.919739312,4.755682675,11.22134161,Ok,Ok,Ok,,,
moving_average_filter,750,0.9,0.37,355,355,0,62,0,155,94,0,0,44,8.350272,0.023521893,396,10,8,244,83.84788732,1.881690141,1,1,0,1,0.02,0,0,0.070762939,0.078625488,28.3909,6.1084,34.4993,0.66,125,FF,saed05rvt_base_ff0p660v125c,326.7,5.874930731,5.874930731,0,4.143134726,0,5.049856007,4.553876892,0,0,3.80666249,2.235405434,5.983936281,2.397895273,2.197224577,27.420183,5.523461,32.943645,4.509235036,3.419112526,9.575979552,Ok,Ok,Ok,,,
moving_average_filter,750,0.9,0.63,355,355,0,62,0,155,94,0,0,44,8.350272,0.023521893,396,10,8,244,83.84788732,1.881690141,1,1,0,1,0.02,0,0,0.070429722,0.078255247,27.3415,5.9613,33.3028,0.66,125,FF,saed05rvt_base_ff0p660v125c,326.7,5.874930731,5.874930731,0,4.143134726,0,5.049856007,4.553876892,0,0,3.80666249,2.235405434,5.983936281,2.397895273,2.197224577,27.649717,5.457872,33.10759,0.586167765,1.12728757,8.444937951,Ok,Ok,Ok,,,
moving_average_filter,750,0.9,0.9,355,355,0,62,0,155,94,0,0,44,8.350272,0.023521893,396,10,8,244,83.84788732,1.881690141,1,1,0,1,0.02,0,0,0.066976492,0.074418325,25.7824,5.8136,31.596,0.66,125,FF,saed05rvt_base_ff0p660v125c,326.7,5.874930731,5.874930731,0,4.143134726,0,5.049856007,4.553876892,0,0,3.80666249,2.235405434,5.983936281,2.397895273,2.197224577,27.692713,5.4096584,33.10237,4.767601012,7.409367568,6.948217421,Ok,Ok,Ok,,,
moving_average_filter,900,0.1,0.1,355,355,0,62,0,155,94,0,0,44,8.350272,0.023521893,396,10,8,244,83.84788732,1.881690141,1,1,0,1,0.02,0,0,0.013858182,0.138581818,4.2721,6.2554,10.5275,0.66,125,FF,saed05rvt_base_ff0p660v125c,392.04,5.874930731,5.874930731,0,4.143134726,0,5.049856007,4.553876892,0,0,3.80666249,2.235405434,5.983936281,2.397895273,2.197224577,3.566361,5.589418,9.155779,13.02988473,16.51972214,10.64651446,Ok,Anomal,Ok,,,
moving_average_filter,900,0.1,0.37,355,355,0,62,0,155,94,0,0,44,8.350272,0.023521893,396,10,8,244,83.84788732,1.881690141,1,1,0,1,0.02,0,0,0.014274316,0.142743157,4.1284,6.1042,10.2326,0.66,125,FF,saed05rvt_base_ff0p660v125c,392.04,5.874930731,5.874930731,0,4.143134726,0,5.049856007,4.553876892,0,0,3.80666249,2.235405434,5.983936281,2.397895273,2.197224577,3.6207314,5.5350127,9.155745,10.52377155,12.296983,9.324518823,Ok,Ok,Ok,,,
moving_average_filter,900,0.1,0.63,355,355,0,62,0,155,94,0,0,44,8.350272,0.023521893,396,10,8,244,83.84788732,1.881690141,1,1,0,1,0.02,0,0,0.014025533,0.140255328,3.9275,5.9575,9.885,0.66,125,FF,saed05rvt_base_ff0p660v125c,392.04,5.874930731,5.874930731,0,4.143134726,0,5.049856007,4.553876892,0,0,3.80666249,2.235405434,5.983936281,2.397895273,2.197224577,3.6093245,5.474521,9.083845,8.104753277,8.101223291,8.107072428,Ok,Ok,Ok,,,
moving_average_filter,900,0.1,0.9,355,355,0,62,0,155,94,0,0,44,8.350272,0.023521893,396,10,8,244,83.84788732,1.881690141,1,1,0,1,0.02,0,0,0.013779528,0.137795278,3.7324,5.7911,9.5235,0.66,125,FF,saed05rvt_base_ff0p660v125c,392.04,5.874930731,5.874930731,0,4.143134726,0,5.049856007,4.553876892,0,0,3.80666249,2.235405434,5.983936281,2.397895273,2.197224577,3.6229467,5.4474134,9.07036,4.75812271,2.932516901,5.934737019,Ok,Ok,Ok,,,
moving_average_filter,900,0.37,0.1,355,355,0,62,0,155,94,0,0,44,8.350272,0.023521893,396,10,8,244,83.84788732,1.881690141,1,1,0,1,0.02,0,0,0.03465426,0.093660162,13.1094,6.2544,19.3638,0.66,125,FF,saed05rvt_base_ff0p660v125c,392.04,5.874930731,5.874930731,0,4.143134726,0,5.049856007,4.553876892,0,0,3.80666249,2.235405434,5.983936281,2.397895273,2.197224577,12.418046,5.5883417,18.006388,7.010051175,5.273727267,10.64943539,Ok,Ok,Ok,,,
moving_average_filter,900,0.37,0.37,355,355,0,62,0,155,94,0,0,44,8.350272,0.023521893,396,10,8,244,83.84788732,1.881690141,1,1,0,1,0.02,0,0,0.034745808,0.093907589,12.6292,6.1037,18.7329,0.66,125,FF,saed05rvt_base_ff0p660v125c,392.04,5.874930731,5.874930731,0,4.143134726,0,5.049856007,4.553876892,0,0,3.80666249,2.235405434,5.983936281,2.397895273,2.197224577,12.569748,5.5588837,18.128632,3.225706688,0.47075092,8.926001163,Ok,Ok,Ok,,,
moving_average_filter,900,0.37,0.63,355,355,0,62,0,155,94,0,0,44,8.350272,0.023521893,396,10,8,244,83.84788732,1.881690141,1,1,0,1,0.02,0,0,0.03458754,0.093479839,12.1108,5.9578,18.0686,0.66,125,FF,saed05rvt_base_ff0p660v125c,392.04,5.874930731,5.874930731,0,4.143134726,0,5.049856007,4.553876892,0,0,3.80666249,2.235405434,5.983936281,2.397895273,2.197224577,12.699416,5.497157,18.196573,0.708263271,4.860258287,7.731761777,Ok,Ok,Ok,,,
moving_average_filter,900,0.37,0.9,355,355,0,62,0,155,94,0,0,44,8.350272,0.023521893,396,10,8,244,83.84788732,1.881690141,1,1,0,1,0.02,0,0,0.033840194,0.091459985,11.4642,5.7906,17.2548,0.66,125,FF,saed05rvt_base_ff0p660v125c,392.04,5.874930731,5.874930731,0,4.143134726,0,5.049856007,4.553876892,0,0,3.80666249,2.235405434,5.983936281,2.397895273,2.197224577,12.358152,5.466165,17.824318,3.300634792,7.797773848,5.60278614,Ok,Ok,Ok,,,
moving_average_filter,900,0.63,0.1,355,355,0,62,0,155,94,0,0,44,8.350272,0.023521893,396,10,8,244,83.84788732,1.881690141,1,1,0,1,0.02,0,0,0.05242371,0.083212237,21.0999,6.2544,27.3543,0.66,125,FF,saed05rvt_base_ff0p660v125c,392.04,5.874930731,5.874930731,0,4.143134726,0,5.049856007,4.553876892,0,0,3.80666249,2.235405434,5.983936281,2.397895273,2.197224577,19.374792,5.5755124,24.950304,8.788365883,8.175905578,10.85455984,Ok,Ok,Ok,,,
moving_average_filter,900,0.63,0.37,355,355,0,62,0,155,94,0,0,44,8.350272,0.023521893,396,10,8,244,83.84788732,1.881690141,1,1,0,1,0.02,0,0,0.053639972,0.085142813,20.6284,6.1038,26.7322,0.66,125,FF,saed05rvt_base_ff0p660v125c,392.04,5.874930731,5.874930731,0,4.143134726,0,5.049856007,4.553876892,0,0,3.80666249,2.235405434,5.983936281,2.397895273,2.197224577,19.416924,5.5455427,24.962467,6.620228812,5.872857212,9.146061192,Ok,Ok,Ok,,,
moving_average_filter,900,0.63,0.63,355,355,0,62,0,155,94,0,0,44,8.350272,0.023521893,396,10,8,244,83.84788732,1.881690141,1,1,0,1,0.02,0,0,0.053444106,0.084831914,19.8137,5.9575,25.7712,0.66,125,FF,saed05rvt_base_ff0p660v125c,392.04,5.874930731,5.874930731,0,4.143134726,0,5.049856007,4.553876892,0,0,3.80666249,2.235405434,5.983936281,2.397895273,2.197224577,19.414927,5.48335,24.898277,3.387202448,2.012614863,7.958878722,Ok,Ok,Ok,,,
moving_average_filter,900,0.63,0.9,355,355,0,62,0,155,94,0,0,44,8.350272,0.023521893,396,10,8,244,83.84788732,1.881690141,1,1,0,1,0.02,0,0,0.051826952,0.082265003,18.7335,5.7993,24.5328,0.66,125,FF,saed05rvt_base_ff0p660v125c,392.04,5.874930731,5.874930731,0,4.143134726,0,5.049856007,4.553876892,0,0,3.80666249,2.235405434,5.983936281,2.397895273,2.197224577,19.216822,5.437594,24.654415,0.495724624,2.579985964,6.237064182,Ok,Ok,Ok,,,
moving_average_filter,900,0.9,0.1,355,355,0,62,0,155,94,0,0,44,8.350272,0.023521893,396,10,8,244,83.84788732,1.881690141,1,1,0,1,0.02,0,0,0.069628919,0.077365466,29.0557,6.2544,35.3101,0.66,125,FF,saed05rvt_base_ff0p660v125c,392.04,5.874930731,5.874930731,0,4.143134726,0,5.049856007,4.553876892,0,0,3.80666249,2.235405434,5.983936281,2.397895273,2.197224577,27.451206,5.5791273,33.030334,6.456411982,5.522130917,10.79676209,Ok,Ok,Ok,,,
moving_average_filter,900,0.9,0.37,355,355,0,62,0,155,94,0,0,44,8.350272,0.023521893,396,10,8,244,83.84788732,1.881690141,1,1,0,1,0.02,0,0,0.072527806,0.080586451,28.7658,6.1039,34.8697,0.66,125,FF,saed05rvt_base_ff0p660v125c,392.04,5.874930731,5.874930731,0,4.143134726,0,5.049856007,4.553876892,0,0,3.80666249,2.235405434,5.983936281,2.397895273,2.197224577,27.817968,5.544747,33.362717,4.321755923,3.29499486,9.16058789,Ok,Ok,Ok,,,
moving_average_filter,900,0.9,0.63,355,355,0,62,0,155,94,0,0,44,8.350272,0.023521893,396,10,8,244,83.84788732,1.881690141,1,1,0,1,0.02,0,0,0.072187677,0.08020853,27.6572,5.9574,33.6146,0.66,125,FF,saed05rvt_base_ff0p660v125c,392.04,5.874930731,5.874930731,0,4.143134726,0,5.049856007,4.553876892,0,0,3.80666249,2.235405434,5.983936281,2.397895273,2.197224577,28.039158,5.4708495,33.510006,0.311156608,1.381043155,8.167161614,Ok,Ok,Ok,,,
moving_average_filter,900,0.9,0.9,355,355,0,62,0,155,94,0,0,44,8.350272,0.023521893,396,10,8,244,83.84788732,1.881690141,1,1,0,1,0.02,0,0,0.069112066,0.076791184,26.0858,5.8062,31.892,0.66,125,FF,saed05rvt_base_ff0p660v125c,392.04,5.874930731,5.874930731,0,4.143134726,0,5.049856007,4.553876892,0,0,3.80666249,2.235405434,5.983936281,2.397895273,2.197224577,27.960703,5.4175663,33.37827,4.660319815,7.187446412,6.693426003,Ok,Ok,Ok,,,
moving_average_filter,1000,0.1,0.1,355,355,0,62,0,155,94,0,0,44,8.350272,0.023521893,396,10,8,244,83.84788732,1.881690141,1,1,0,1,0.02,0,0,0.013917058,0.139170581,4.2815,6.254,10.5355,0.66,125,FF,saed05rvt_base_ff0p660v125c,435.6,5.874930731,5.874930731,0,4.143134726,0,5.049856007,4.553876892,0,0,3.80666249,2.235405434,5.983936281,2.397895273,2.197224577,3.6101575,5.598191,9.208348,12.59695056,15.68007731,10.48623626,Ok,Anomal,Ok,,,
moving_average_filter,1000,0.1,0.37,355,355,0,62,0,155,94,0,0,44,8.350272,0.023521893,396,10,8,244,83.84788732,1.881690141,1,1,0,1,0.02,0,0,0.014316957,0.143169571,4.1332,6.1001,10.2333,0.66,125,FF,saed05rvt_base_ff0p660v125c,435.6,5.874930731,5.874930731,0,4.143134726,0,5.049856007,4.553876892,0,0,3.80666249,2.235405434,5.983936281,2.397895273,2.197224577,3.6660361,5.546374,9.21241,9.976156537,11.30271632,9.077329156,Ok,Ok,Ok,,,
moving_average_filter,1000,0.1,0.63,355,355,0,62,0,155,94,0,0,44,8.350272,0.023521893,396,10,8,244,83.84788732,1.881690141,1,1,0,1,0.02,0,0,0.014074051,0.140740505,3.933,5.954,9.887,0.66,125,FF,saed05rvt_base_ff0p660v125c,435.6,5.874930731,5.874930731,0,4.143134726,0,5.049856007,4.553876892,0,0,3.80666249,2.235405434,5.983936281,2.397895273,2.197224577,3.647696,5.482299,9.129995,7.656565732,7.254105817,7.922424404,Ok,Ok,Ok,,,
moving_average_filter,1000,0.1,0.9,355,355,0,62,0,155,94,0,0,44,8.350272,0.023521893,396,10,8,244,83.84788732,1.881690141,1,1,0,1,0.02,0,0,0.01381851,0.138185101,3.7369,5.7871,9.524,0.66,125,FF,saed05rvt_base_ff0p660v125c,435.6,5.874930731,5.874930731,0,4.143134726,0,5.049856007,4.553876892,0,0,3.80666249,2.235405434,5.983936281,2.397895273,2.197224577,3.6530566,5.4556904,9.1087475,4.360064235,2.243661282,5.72669586,Ok,Ok,Ok,,,
moving_average_filter,1000,0.37,0.1,355,355,0,62,0,155,94,0,0,44,8.350272,0.023521893,396,10,8,244,83.84788732,1.881690141,1,1,0,1,0.02,0,0,0.034843149,0.094170673,13.1546,6.2504,19.405,0.66,125,FF,saed05rvt_base_ff0p660v125c,435.6,5.874930731,5.874930731,0,4.143134726,0,5.049856007,4.553876892,0,0,3.80666249,2.235405434,5.983936281,2.397895273,2.197224577,12.573644,5.605084,18.178728,6.319360455,4.416373859,10.32439616,Ok,Ok,Ok,,,
moving_average_filter,1000,0.37,0.37,355,355,0,62,0,155,94,0,0,44,8.350272,0.023521893,396,10,8,244,83.84788732,1.881690141,1,1,0,1,0.02,0,0,0.034898798,0.094321076,12.66,6.0998,18.7598,0.66,125,FF,saed05rvt_base_ff0p660v125c,435.6,5.874930731,5.874930731,0,4.143134726,0,5.049856007,4.553876892,0,0,3.80666249,2.235405434,5.983936281,2.397895273,2.197224577,12.684269,5.5741014,18.25837,2.672899254,0.191697878,8.618291615,Ok,Ok,Ok,,,
moving_average_filter,1000,0.37,0.63,355,355,0,62,0,155,94,0,0,44,8.350272,0.023521893,396,10,8,244,83.84788732,1.881690141,1,1,0,1,0.02,0,0,0.034729247,0.093862831,12.1336,5.9542,18.0878,0.66,125,FF,saed05rvt_base_ff0p660v125c,435.6,5.874930731,5.874930731,0,4.143134726,0,5.049856007,4.553876892,0,0,3.80666249,2.235405434,5.983936281,2.397895273,2.197224577,12.678039,5.507579,18.185617,0.540792395,4.487032679,7.500943035,Ok,Ok,Ok,,,
moving_average_filter,1000,0.37,0.9,355,355,0,62,0,155,94,0,0,44,8.350272,0.023521893,396,10,8,244,83.84788732,1.881690141,1,1,0,1,0.02,0,0,0.033986732,0.091856033,11.4833,5.7864,17.2697,0.66,125,FF,saed05rvt_base_ff0p660v125c,435.6,5.874930731,5.874930731,0,4.143134726,0,5.049856007,4.553876892,0,0,3.80666249,2.235405434,5.983936281,2.397895273,2.197224577,12.355197,5.474383,17.82958,3.241980503,7.59273861,5.392249458,Ok,Ok,Ok,,,
moving_average_filter,1000,0.63,0.1,355,355,0,62,0,155,94,0,0,44,8.350272,0.023521893,396,10,8,244,83.84788732,1.881690141,1,1,0,1,0.02,0,0,0.052954434,0.084054658,21.2401,6.2504,27.4905,0.66,125,FF,saed05rvt_base_ff0p660v125c,435.6,5.874930731,5.874930731,0,4.143134726,0,5.049856007,4.553876892,0,0,3.80666249,2.235405434,5.983936281,2.397895273,2.197224577,19.50937,5.593212,25.102583,8.686335529,8.14840418,10.51433304,Ok,Ok,Ok,,,
moving_average_filter,1000,0.63,0.37,355,355,0,62,0,155,94,0,0,44,8.350272,0.023521893,396,10,8,244,83.84788732,1.881690141,1,1,0,1,0.02,0,0,0.053951182,0.085636797,20.6951,6.1,26.7951,0.66,125,FF,saed05rvt_base_ff0p660v125c,435.6,5.874930731,5.874930731,0,4.143134726,0,5.049856007,4.553876892,0,0,3.80666249,2.235405434,5.983936281,2.397895273,2.197224577,19.52473,5.560191,25.084923,6.38242518,5.65529675,8.849325336,Ok,Ok,Ok,,,
moving_average_filter,1000,0.63,0.63,355,355,0,62,0,155,94,0,0,44,8.350272,0.023521893,396,10,8,244,83.84788732,1.881690141,1,1,0,1,0.02,0,0,0.053769854,0.085348974,19.8731,5.9538,25.8269,0.66,125,FF,saed05rvt_base_ff0p660v125c,435.6,5.874930731,5.874930731,0,4.143134726,0,5.049856007,4.553876892,0,0,3.80666249,2.235405434,5.983936281,2.397895273,2.197224577,19.514143,5.4937654,25.007908,3.171081828,1.806245678,7.726739995,Ok,Ok,Ok,,,
moving_average_filter,1000,0.63,0.9,355,355,0,62,0,155,94,0,0,44,8.350272,0.023521893,396,10,8,244,83.84788732,1.881690141,1,1,0,1,0.02,0,0,0.052318333,0.083044974,18.7996,5.7937,24.5933,0.66,125,FF,saed05rvt_base_ff0p660v125c,435.6,5.874930731,5.874930731,0,4.143134726,0,5.049856007,4.553876892,0,0,3.80666249,2.235405434,5.983936281,2.397895273,2.197224577,19.302303,5.4477477,24.750051,0.637374807,2.674010693,5.971180638,Ok,Ok,Ok,,,
moving_average_filter,1000,0.9,0.1,355,355,0,62,0,155,94,0,0,44,8.350272,0.023521893,396,10,8,244,83.84788732,1.881690141,1,1,0,1,0.02,0,0,0.070482348,0.078313721,29.2846,6.2504,35.535,0.66,125,FF,saed05rvt_base_ff0p660v125c,435.6,5.874930731,5.874930731,0,4.143134726,0,5.049856007,4.553876892,0,0,3.80666249,2.235405434,5.983936281,2.397895273,2.197224577,27.684006,5.59432,33.278324,6.350572317,5.465651785,10.49661109,Ok,Ok,Ok,,,
moving_average_filter,1000,0.9,0.37,355,355,0,62,0,155,94,0,0,44,8.350272,0.023521893,396,10,8,244,83.84788732,1.881690141,1,1,0,1,0.02,0,0,0.073077573,0.081197304,28.8897,6.1,34.9897,0.66,125,FF,saed05rvt_base_ff0p660v125c,435.6,5.874930731,5.874930731,0,4.143134726,0,5.049856007,4.553876892,0,0,3.80666249,2.235405434,5.983936281,2.397895273,2.197224577,28.0597,5.558626,33.618324,3.919369758,2.872996216,8.874980739,Ok,Ok,Ok,,,
moving_average_filter,1000,0.9,0.63,355,355,0,62,0,155,94,0,0,44,8.350272,0.023521893,396,10,8,244,83.84788732,1.881690141,1,1,0,1,0.02,0,0,0.072763149,0.080847943,27.7613,5.9536,33.7149,0.66,125,FF,saed05rvt_base_ff0p660v125c,435.6,5.874930731,5.874930731,0,4.143134726,0,5.049856007,4.553876892,0,0,3.80666249,2.235405434,5.983936281,2.397895273,2.197224577,28.287708,5.479953,33.767662,0.15649475,1.89619464,7.955643439,Ok,Ok,Ok,,,
moving_average_filter,1000,0.9,0.9,355,355,0,62,0,155,94,0,0,44,8.350272,0.023521893,396,10,8,244,83.84788732,1.881690141,1,1,0,1,0.02,0,0,0.069941427,0.077712696,26.1998,5.8004,32.0002,0.66,125,FF,saed05rvt_base_ff0p660v125c,435.6,5.874930731,5.874930731,0,4.143134726,0,5.049856007,4.553876892,0,0,3.80666249,2.235405434,5.983936281,2.397895273,2.197224577,28.115187,5.4243555,33.539543,4.810417284,7.310692033,6.483078634,Ok,Ok,Ok,,,
moving_average_filter,10,0.1,0.1,355,355,0,62,0,158,92,0,0,43,8.342208,0.023499177,396,10,8,244,83.84788732,1.881690141,1,1,0,1,0.01,0,0,0.00455096,0.045509596,3.8145,0.213389,4.027889,0.825,25,FF,saed05rvt_base_ff0p825v25c,6.80625,5.874930731,5.874930731,0,4.143134726,0,5.068904202,4.532599493,0,0,3.784189634,2.234542627,5.983936281,2.397895273,2.197224577,3.5854826,0.18786712,3.7733498,6.319420372,6.003864272,11.96026041,Ok,Ok,Ok,,,
moving_average_filter,10,0.1,0.37,355,355,0,62,0,158,92,0,0,43,8.342208,0.023499177,396,10,8,244,83.84788732,1.881690141,1,1,0,1,0.01,0,0,0.004778321,0.047783207,3.8895,0.2102917,4.0997917,0.825,25,FF,saed05rvt_base_ff0p825v25c,6.80625,5.874930731,5.874930731,0,4.143134726,0,5.068904202,4.532599493,0,0,3.784189634,2.234542627,5.983936281,2.397895273,2.197224577,3.6549387,0.19024384,3.8451824,6.210297981,6.030628672,9.533357609,Ok,Ok,Ok,,,
moving_average_filter,10,0.1,0.63,355,355,0,62,0,158,92,0,0,43,8.342208,0.023499177,396,10,8,244,83.84788732,1.881690141,1,1,0,1,0.01,0,0,0.004778313,0.047783131,3.8716,0.2070799,4.0786799,0.825,25,FF,saed05rvt_base_ff0p825v25c,6.80625,5.874930731,5.874930731,0,4.143134726,0,5.068904202,4.532599493,0,0,3.784189634,2.234542627,5.983936281,2.397895273,2.197224577,3.7108889,0.19304433,3.9039333,4.28439146,4.151026382,6.777850168,Ok,Ok,Ok,,,
moving_average_filter,10,0.1,0.9,355,355,0,62,0,158,92,0,0,43,8.342208,0.023499177,396,10,8,244,83.84788732,1.881690141,1,1,0,1,0.01,0,0,0.00455102,0.045510202,3.8047,0.2034262,4.0081262,0.825,25,FF,saed05rvt_base_ff0p825v25c,6.80625,5.874930731,5.874930731,0,4.143134726,0,5.068904202,4.532599493,0,0,3.784189634,2.234542627,5.983936281,2.397895273,2.197224577,3.7450252,0.19493037,3.9399555,1.70081289,1.568450655,4.17636734,Ok,Ok,Ok,,,
moving_average_filter,10,0.37,0.1,355,355,0,62,0,158,92,0,0,43,8.342208,0.023499177,396,10,8,244,83.84788732,1.881690141,1,1,0,1,0.01,0,0,0.016823773,0.045469656,14.1106,0.2133937,14.3239937,0.825,25,FF,saed05rvt_base_ff0p825v25c,6.80625,5.874930731,5.874930731,0,4.143134726,0,5.068904202,4.532599493,0,0,3.784189634,2.234542627,5.983936281,2.397895273,2.197224577,14.011395,0.18908246,14.200478,0.86230211,0.703049804,11.39267063,Ok,Ok,Ok,,,
moving_average_filter,10,0.37,0.37,355,355,0,62,0,158,92,0,0,43,8.342208,0.023499177,396,10,8,244,83.84788732,1.881690141,1,1,0,1,0.01,0,0,0.017051048,0.046083913,14.1757,0.2102917,14.3859917,0.825,25,FF,saed05rvt_base_ff0p825v25c,6.80625,5.874930731,5.874930731,0,4.143134726,0,5.068904202,4.532599493,0,0,3.784189634,2.234542627,5.983936281,2.397895273,2.197224577,14.069315,0.1904895,14.259805,0.877151725,0.750474709,9.416538665,Ok,Ok,Ok,,,
moving_average_filter,10,0.37,0.63,355,355,0,62,0,158,92,0,0,43,8.342208,0.023499177,396,10,8,244,83.84788732,1.881690141,1,1,0,1,0.01,0,0,0.01705104,0.046083893,14.1492,0.2070799,14.3562799,0.825,25,FF,saed05rvt_base_ff0p825v25c,6.80625,5.874930731,5.874930731,0,4.143134726,0,5.068904202,4.532599493,0,0,3.784189634,2.234542627,5.983936281,2.397895273,2.197224577,14.141209,0.19196728,14.333176,0.160934734,0.056479174,7.297966283,Ok,Ok,Ok,,,
moving_average_filter,10,0.37,0.9,355,355,0,62,0,158,92,0,0,43,8.342208,0.023499177,396,10,8,244,83.84788732,1.881690141,1,1,0,1,0.01,0,0,0.016823747,0.045469588,14.0741,0.2034262,14.2775262,0.825,25,FF,saed05rvt_base_ff0p825v25c,6.80625,5.874930731,5.874930731,0,4.143134726,0,5.068904202,4.532599493,0,0,3.784189634,2.234542627,5.983936281,2.397895273,2.197224577,14.181191,0.19371851,14.37491,0.682080027,0.760911493,4.772095293,Ok,Ok,Ok,,,
moving_average_filter,10,0.63,0.1,355,355,0,62,0,158,92,0,0,43,8.342208,0.023499177,396,10,8,244,83.84788732,1.881690141,1,1,0,1,0.01,0,0,0.028641955,0.04546342,24.0251,0.2133937,24.2384937,0.825,25,FF,saed05rvt_base_ff0p825v25c,6.80625,5.874930731,5.874930731,0,4.143134726,0,5.068904202,4.532599493,0,0,3.784189634,2.234542627,5.983936281,2.397895273,2.197224577,25.388,0.18902344,25.577024,5.522334747,5.672819211,11.42033007,Ok,Ok,Ok,,,
moving_average_filter,10,0.63,0.37,355,355,0,62,0,158,92,0,0,43,8.342208,0.023499177,396,10,8,244,83.84788732,1.881690141,1,1,0,1,0.01,0,0,0.02886923,0.045824174,24.0809,0.2102917,24.2911917,0.825,25,FF,saed05rvt_base_ff0p825v25c,6.80625,5.874930731,5.874930731,0,4.143134726,0,5.068904202,4.532599493,0,0,3.784189634,2.234542627,5.983936281,2.397895273,2.197224577,25.569696,0.18994625,25.759644,6.045203022,6.182478339,9.674871083,Ok,Ok,Ok,,,
moving_average_filter,10,0.63,0.63,355,355,0,62,0,158,92,0,0,43,8.342208,0.023499177,396,10,8,244,83.84788732,1.881690141,1,1,0,1,0.01,0,0,0.028869222,0.045824162,24.0461,0.2070799,24.2531799,0.825,25,FF,saed05rvt_base_ff0p825v25c,6.80625,5.874930731,5.874930731,0,4.143134726,0,5.068904202,4.532599493,0,0,3.784189634,2.234542627,5.983936281,2.397895273,2.197224577,25.670813,0.19114146,25.861954,6.633249091,6.756657449,7.696760349,Ok,Ok,Ok,,,
moving_average_filter,10,0.63,0.9,355,355,0,62,0,158,92,0,0,43,8.342208,0.023499177,396,10,8,244,83.84788732,1.881690141,1,1,0,1,0.01,0,0,0.028641929,0.04546338,23.9631,0.2034262,24.1665262,0.825,25,FF,saed05rvt_base_ff0p825v25c,6.80625,5.874930731,5.874930731,0,4.143134726,0,5.068904202,4.532599493,0,0,3.784189634,2.234542627,5.983936281,2.397895273,2.197224577,25.78157,0.1931992,25.97477,7.482429942,7.588627659,5.027374833,Ok,Ok,Ok,,,
moving_average_filter,10,0.9,0.1,355,355,0,62,0,158,92,0,0,43,8.342208,0.023499177,396,10,8,244,83.84788732,1.881690141,1,1,0,1,0.01,0,0,0.040914682,0.045460758,34.321,0.2133937,34.5343937,0.825,25,FF,saed05rvt_base_ff0p825v25c,6.80625,5.874930731,5.874930731,0,4.143134726,0,5.068904202,4.532599493,0,0,3.784189634,2.234542627,5.983936281,2.397895273,2.197224577,36.48605,0.18835257,36.6744,6.19674012,6.308235926,11.73470916,Ok,Ok,Ok,,,
moving_average_filter,10,0.9,0.37,355,355,0,62,0,158,92,0,0,43,8.342208,0.023499177,396,10,8,244,83.84788732,1.881690141,1,1,0,1,0.01,0,0,0.041141957,0.045713286,34.3671,0.2102917,34.5773917,0.825,25,FF,saed05rvt_base_ff0p825v25c,6.80625,5.874930731,5.874930731,0,4.143134726,0,5.068904202,4.532599493,0,0,3.784189634,2.234542627,5.983936281,2.397895273,2.197224577,36.44539,0.18868482,36.634075,5.948058438,6.047320821,10.27471787,Ok,Ok,Ok,,,
moving_average_filter,10,0.9,0.63,355,355,0,62,0,158,92,0,0,43,8.342208,0.023499177,396,10,8,244,83.84788732,1.881690141,1,1,0,1,0.01,0,0,0.041141949,0.045713277,34.3236,0.2070799,34.5306799,0.825,25,FF,saed05rvt_base_ff0p825v25c,6.80625,5.874930731,5.874930731,0,4.143134726,0,5.068904202,4.532599493,0,0,3.784189634,2.234542627,5.983936281,2.397895273,2.197224577,36.433712,0.19062412,36.624336,6.063177293,6.147700141,7.946585907,Ok,Ok,Ok,,,
moving_average_filter,10,0.9,0.9,355,355,0,62,0,158,92,0,0,43,8.342208,0.023499177,396,10,8,244,83.84788732,1.881690141,1,1,0,1,0.01,0,0,0.040914657,0.04546073,34.2324,0.2034262,34.4358262,0.825,25,FF,saed05rvt_base_ff0p825v25c,6.80625,5.874930731,5.874930731,0,4.143134726,0,5.068904202,4.532599493,0,0,3.784189634,2.234542627,5.983936281,2.397895273,2.197224577,36.53257,0.19412534,36.726696,6.652576886,6.719277308,4.572105565,Ok,Ok,Ok,,,
moving_average_filter,50,0.1,0.1,355,355,0,62,0,158,92,0,0,43,8.342208,0.023499177,396,10,8,244,83.84788732,1.881690141,1,1,0,1,0.01,0,0,0.004572429,0.045724293,3.8194,0.213389,4.032789,0.825,25,FF,saed05rvt_base_ff0p825v25c,34.03125,5.874930731,5.874930731,0,4.143134726,0,5.068904202,4.532599493,0,0,3.784189634,2.234542627,5.983936281,2.397895273,2.197224577,3.762597,0.18843356,3.9510307,2.027338123,1.487220924,11.69481194,Ok,Ok,Ok,,,
moving_average_filter,50,0.1,0.37,355,355,0,62,0,158,92,0,0,43,8.342208,0.023499177,396,10,8,244,83.84788732,1.881690141,1,1,0,1,0.01,0,0,0.005709465,0.057094646,4.2088,0.2102917,4.4190917,0.825,25,FF,saed05rvt_base_ff0p825v25c,34.03125,5.874930731,5.874930731,0,4.143134726,0,5.068904202,4.532599493,0,0,3.784189634,2.234542627,5.983936281,2.397895273,2.197224577,3.9408154,0.19066185,4.1314774,6.508449328,6.367243662,9.334582586,Ok,Ok,Ok,,,
moving_average_filter,50,0.1,0.63,355,355,0,62,0,158,92,0,0,43,8.342208,0.023499177,396,10,8,244,83.84788732,1.881690141,1,1,0,1,0.01,0,0,0.005709404,0.05709404,4.1322,0.2070799,4.3392799,0.825,25,FF,saed05rvt_base_ff0p825v25c,34.03125,5.874930731,5.874930731,0,4.143134726,0,5.068904202,4.532599493,0,0,3.784189634,2.234542627,5.983936281,2.397895273,2.197224577,4.006539,0.19288085,4.1994195,3.223124684,3.041022507,6.85679585,Ok,Ok,Ok,,,
moving_average_filter,50,0.1,0.9,355,355,0,62,0,158,92,0,0,43,8.342208,0.023499177,396,10,8,244,83.84788732,1.881690141,1,1,0,1,0.01,0,0,0.004572952,0.04572952,3.8099,0.2034262,4.0133262,0.825,25,FF,saed05rvt_base_ff0p825v25c,34.03125,5.874930731,5.874930731,0,4.143134726,0,5.068904202,4.532599493,0,0,3.784189634,2.234542627,5.983936281,2.397895273,2.197224577,3.9368014,0.19496576,4.1317673,2.951194771,3.330833711,4.158970241,Ok,Ok,Ok,,,
moving_average_filter,50,0.37,0.1,355,355,0,62,0,158,92,0,0,43,8.342208,0.023499177,396,10,8,244,83.84788732,1.881690141,1,1,0,1,0.01,0,0,0.01684579,0.045529163,14.116,0.2133937,14.3293937,0.825,25,FF,saed05rvt_base_ff0p825v25c,34.03125,5.874930731,5.874930731,0,4.143134726,0,5.068904202,4.532599493,0,0,3.784189634,2.234542627,5.983936281,2.397895273,2.197224577,14.6533575,0.18928392,14.842642,3.581785393,3.806726451,11.29826124,Ok,Ok,Ok,,,
moving_average_filter,50,0.37,0.37,355,355,0,62,0,158,92,0,0,43,8.342208,0.023499177,396,10,8,244,83.84788732,1.881690141,1,1,0,1,0.01,0,0,0.017982192,0.048600519,14.495,0.2102917,14.7052917,0.825,25,FF,saed05rvt_base_ff0p825v25c,34.03125,5.874930731,5.874930731,0,4.143134726,0,5.068904202,4.532599493,0,0,3.784189634,2.234542627,5.983936281,2.397895273,2.197224577,14.877437,0.19078164,15.068218,2.467999538,2.638403849,9.277618648,Ok,Ok,Ok,,,
moving_average_filter,50,0.37,0.63,355,355,0,62,0,158,92,0,0,43,8.342208,0.023499177,396,10,8,244,83.84788732,1.881690141,1,1,0,1,0.01,0,0,0.017982131,0.048600355,14.4098,0.2070799,14.6168799,0.825,25,FF,saed05rvt_base_ff0p825v25c,34.03125,5.874930731,5.874930731,0,4.143134726,0,5.068904202,4.532599493,0,0,3.784189634,2.234542627,5.983936281,2.397895273,2.197224577,15.002975,0.19179517,15.194771,3.95358597,4.116472566,7.381078363,Ok,Ok,Ok,,,
moving_average_filter,50,0.37,0.9,355,355,0,62,0,158,92,0,0,43,8.342208,0.023499177,396,10,8,244,83.84788732,1.881690141,1,1,0,1,0.01,0,0,0.016845679,0.045528863,14.0792,0.2034262,14.2826262,0.825,25,FF,saed05rvt_base_ff0p825v25c,34.03125,5.874930731,5.874930731,0,4.143134726,0,5.068904202,4.532599493,0,0,3.784189634,2.234542627,5.983936281,2.397895273,2.197224577,14.981293,0.19317125,15.174464,6.244215968,6.407272605,5.04111671,Ok,Ok,Ok,,,
moving_average_filter,50,0.63,0.1,355,355,0,62,0,158,92,0,0,43,8.342208,0.023499177,396,10,8,244,83.84788732,1.881690141,1,1,0,1,0.01,0,0,0.028663972,0.045498369,24.0306,0.2133937,24.2439937,0.825,25,FF,saed05rvt_base_ff0p825v25c,34.03125,5.874930731,5.874930731,0,4.143134726,0,5.068904202,4.532599493,0,0,3.784189634,2.234542627,5.983936281,2.397895273,2.197224577,25.93904,0.1893924,26.128431,7.772801971,7.941704453,11.24742541,Ok,Ok,Ok,,,
moving_average_filter,50,0.63,0.37,355,355,0,62,0,158,92,0,0,43,8.342208,0.023499177,396,10,8,244,83.84788732,1.881690141,1,1,0,1,0.01,0,0,0.029800374,0.047302181,24.4002,0.2102917,24.6104917,0.825,25,FF,saed05rvt_base_ff0p825v25c,34.03125,5.874930731,5.874930731,0,4.143134726,0,5.068904202,4.532599493,0,0,3.784189634,2.234542627,5.983936281,2.397895273,2.197224577,26.153412,0.19017515,26.343588,7.042103004,7.185235634,9.56602383,Ok,Ok,Ok,,,
moving_average_filter,50,0.63,0.63,355,355,0,62,0,158,92,0,0,43,8.342208,0.023499177,396,10,8,244,83.84788732,1.881690141,1,1,0,1,0.01,0,0,0.029800313,0.047302084,24.3067,0.2070799,24.5137799,0.825,25,FF,saed05rvt_base_ff0p825v25c,34.03125,5.874930731,5.874930731,0,4.143134726,0,5.068904202,4.532599493,0,0,3.784189634,2.234542627,5.983936281,2.397895273,2.197224577,26.270523,0.19101675,26.46154,7.945573184,8.079348786,7.756982427,Ok,Ok,Ok,,,
moving_average_filter,50,0.63,0.9,355,355,0,62,0,158,92,0,0,43,8.342208,0.023499177,396,10,8,244,83.84788732,1.881690141,1,1,0,1,0.01,0,0,0.028663861,0.045498192,23.9682,0.2034262,24.1716262,0.825,25,FF,saed05rvt_base_ff0p825v25c,34.03125,5.874930731,5.874930731,0,4.143134726,0,5.068904202,4.532599493,0,0,3.784189634,2.234542627,5.983936281,2.397895273,2.197224577,26.37915,0.19266498,26.571815,9.929779945,10.05895474,5.289986792,Ok,Ok,Ok,,,
moving_average_filter,50,0.9,0.1,355,355,0,62,0,158,92,0,0,43,8.342208,0.023499177,396,10,8,244,83.84788732,1.881690141,1,1,0,1,0.01,0,0,0.040936699,0.045485222,34.3265,0.2133937,34.5398937,0.825,25,FF,saed05rvt_base_ff0p825v25c,34.03125,5.874930731,5.874930731,0,4.143134726,0,5.068904202,4.532599493,0,0,3.784189634,2.234542627,5.983936281,2.397895273,2.197224577,37.315434,0.1887728,37.504208,8.582290197,8.707364579,11.53778318,Ok,Ok,Ok,,,
moving_average_filter,50,0.9,0.37,355,355,0,62,0,158,92,0,0,43,8.342208,0.023499177,396,10,8,244,83.84788732,1.881690141,1,1,0,1,0.01,0,0,0.042073101,0.04674789,34.6863,0.2102917,34.8965917,0.825,25,FF,saed05rvt_base_ff0p825v25c,34.03125,5.874930731,5.874930731,0,4.143134726,0,5.068904202,4.532599493,0,0,3.784189634,2.234542627,5.983936281,2.397895273,2.197224577,37.31339,0.1890076,37.502396,7.467216146,7.573851418,10.12122914,Ok,Ok,Ok,,,
moving_average_filter,50,0.9,0.63,355,355,0,62,0,158,92,0,0,43,8.342208,0.023499177,396,10,8,244,83.84788732,1.881690141,1,1,0,1,0.01,0,0,0.04207304,0.046747823,34.5842,0.2070799,34.7912799,0.825,25,FF,saed05rvt_base_ff0p825v25c,34.03125,5.874930731,5.874930731,0,4.143134726,0,5.068904202,4.532599493,0,0,3.784189634,2.234542627,5.983936281,2.397895273,2.197224577,37.28917,0.19029282,37.47946,7.72659637,7.821402003,8.106571263,Ok,Ok,Ok,,,
moving_average_filter,50,0.9,0.9,355,355,0,62,0,158,92,0,0,43,8.342208,0.023499177,396,10,8,244,83.84788732,1.881690141,1,1,0,1,0.01,0,0,0.040936588,0.045485098,34.2375,0.2034262,34.4409262,0.825,25,FF,saed05rvt_base_ff0p825v25c,34.03125,5.874930731,5.874930731,0,4.143134726,0,5.068904202,4.532599493,0,0,3.784189634,2.234542627,5.983936281,2.397895273,2.197224577,37.307003,0.1934505,37.500454,8.883407291,8.965324633,4.903844441,Ok,Ok,Ok,,,
moving_average_filter,100,0.1,0.1,355,355,0,62,0,158,92,0,0,43,8.342208,0.023499177,396,10,8,244,83.84788732,1.881690141,1,1,0,1,0.01,0,0,0.014394212,0.143942121,6.5445,0.2106182,6.7551182,0.825,25,FF,saed05rvt_base_ff0p825v25c,68.0625,5.874930731,5.874930731,0,4.143134726,0,5.068904202,4.532599493,0,0,3.784189634,2.234542627,5.983936281,2.397895273,2.197224577,5.3617887,0.18774498,5.549534,17.84697647,18.07183513,10.86004197,Anomal,Anomal,Ok,,,
moving_average_filter,100,0.1,0.37,355,355,0,62,0,158,92,0,0,43,8.342208,0.023499177,396,10,8,244,83.84788732,1.881690141,1,1,0,1,0.01,0,0,0.015188609,0.151886086,6.5122,0.2074996,6.7196996,0.825,25,FF,saed05rvt_base_ff0p825v25c,68.0625,5.874930731,5.874930731,0,4.143134726,0,5.068904202,4.532599493,0,0,3.784189634,2.234542627,5.983936281,2.397895273,2.197224577,5.4561915,0.19092979,5.6471214,15.96169821,16.2158481,7.985468227,Anomal,Anomal,Ok,,,
moving_average_filter,100,0.1,0.63,355,355,0,62,0,158,92,0,0,43,8.342208,0.023499177,396,10,8,244,83.84788732,1.881690141,1,1,0,1,0.01,0,0,0.014886737,0.148867374,6.2009,0.2041549,6.4050549,0.825,25,FF,saed05rvt_base_ff0p825v25c,68.0625,5.874930731,5.874930731,0,4.143134726,0,5.068904202,4.532599493,0,0,3.784189634,2.234542627,5.983936281,2.397895273,2.197224577,5.4921756,0.19280681,5.6849823,11.24225493,11.42937994,5.558568449,Ok,Ok,Ok,,,
moving_average_filter,100,0.1,0.9,355,355,0,62,0,158,92,0,0,43,8.342208,0.023499177,396,10,8,244,83.84788732,1.881690141,1,1,0,1,0.01,0,0,0.014397212,0.143972121,5.871,0.2007046,6.0717046,0.825,25,FF,saed05rvt_base_ff0p825v25c,68.0625,5.874930731,5.874930731,0,4.143134726,0,5.068904202,4.532599493,0,0,3.784189634,2.234542627,5.983936281,2.397895273,2.197224577,5.576896,0.19413011,5.771026,4.952126055,5.009432965,3.275705808,Ok,Ok,Ok,,,
moving_average_filter,100,0.37,0.1,355,355,0,62,0,158,92,0,0,43,8.342208,0.023499177,396,10,8,244,83.84788732,1.881690141,1,1,0,1,0.01,0,0,0.026750641,0.072299031,16.7354,0.2104697,16.9458697,0.825,25,FF,saed05rvt_base_ff0p825v25c,68.0625,5.874930731,5.874930731,0,4.143134726,0,5.068904202,4.532599493,0,0,3.784189634,2.234542627,5.983936281,2.397895273,2.197224577,16.692377,0.18952376,16.8819,0.3774897,0.257077271,9.951999502,Ok,Ok,Ok,,,
moving_average_filter,100,0.37,0.37,355,355,0,62,0,158,92,0,0,43,8.342208,0.023499177,396,10,8,244,83.84788732,1.881690141,1,1,0,1,0.01,0,0,0.029025177,0.078446424,17.31,0.2074452,17.5174452,0.825,25,FF,saed05rvt_base_ff0p825v25c,68.0625,5.874930731,5.874930731,0,4.143134726,0,5.068904202,4.532599493,0,0,3.784189634,2.234542627,5.983936281,2.397895273,2.197224577,17.216991,0.19121918,17.40821,0.62357521,0.537311239,7.821833996,Ok,Ok,Ok,,,
moving_average_filter,100,0.37,0.63,355,355,0,62,0,158,92,0,0,43,8.342208,0.023499177,396,10,8,244,83.84788732,1.881690141,1,1,0,1,0.01,0,0,0.029024341,0.078444165,16.9613,0.2043077,17.1656077,0.825,25,FF,saed05rvt_base_ff0p825v25c,68.0625,5.874930731,5.874930731,0,4.143134726,0,5.068904202,4.532599493,0,0,3.784189634,2.234542627,5.983936281,2.397895273,2.197224577,17.387642,0.19196211,17.579603,2.41177302,2.513615741,6.042646451,Ok,Ok,Ok,,,
moving_average_filter,100,0.37,0.9,355,355,0,62,0,158,92,0,0,43,8.342208,0.023499177,396,10,8,244,83.84788732,1.881690141,1,1,0,1,0.01,0,0,0.026750045,0.07229742,16.1141,0.2007311,16.3148311,0.825,25,FF,saed05rvt_base_ff0p825v25c,68.0625,5.874930731,5.874930731,0,4.143134726,0,5.068904202,4.532599493,0,0,3.784189634,2.234542627,5.983936281,2.397895273,2.197224577,17.086628,0.19277754,17.279406,5.912255468,6.035260798,3.962293705,Ok,Ok,Ok,,,
moving_average_filter,100,0.63,0.1,355,355,0,62,0,158,92,0,0,43,8.342208,0.023499177,396,10,8,244,83.84788732,1.881690141,1,1,0,1,0.01,0,0,0.038568823,0.061220354,26.6346,0.2104697,26.8450697,0.825,25,FF,saed05rvt_base_ff0p825v25c,68.0625,5.874930731,5.874930731,0,4.143134726,0,5.068904202,4.532599493,0,0,3.784189634,2.234542627,5.983936281,2.397895273,2.197224577,27.649628,0.19029482,27.839922,3.70590303,3.810936472,9.585647202,Ok,Ok,Ok,,,
moving_average_filter,100,0.63,0.37,355,355,0,62,0,158,92,0,0,43,8.342208,0.023499177,396,10,8,244,83.84788732,1.881690141,1,1,0,1,0.01,0,0,0.040843359,0.064830728,27.1994,0.2074452,27.4068452,0.825,25,FF,saed05rvt_base_ff0p825v25c,68.0625,5.874930731,5.874930731,0,4.143134726,0,5.068904202,4.532599493,0,0,3.784189634,2.234542627,5.983936281,2.397895273,2.197224577,28.10706,0.19050829,28.297567,3.2499989,3.337056989,8.164521943,Ok,Ok,Ok,,,
moving_average_filter,100,0.63,0.63,355,355,0,62,0,158,92,0,0,43,8.342208,0.023499177,396,10,8,244,83.84788732,1.881690141,1,1,0,1,0.01,0,0,0.040842523,0.064829401,26.842,0.2043077,27.0463077,0.825,25,FF,saed05rvt_base_ff0p825v25c,68.0625,5.874930731,5.874930731,0,4.143134726,0,5.068904202,4.532599493,0,0,3.784189634,2.234542627,5.983936281,2.397895273,2.197224577,28.291145,0.19113545,28.48228,5.309312632,5.398797872,6.44726009,Ok,Ok,Ok,,,
moving_average_filter,100,0.63,0.9,355,355,0,62,0,158,92,0,0,43,8.342208,0.023499177,396,10,8,244,83.84788732,1.881690141,1,1,0,1,0.01,0,0,0.038568227,0.061219408,25.9863,0.2007311,26.1870311,0.825,25,FF,saed05rvt_base_ff0p825v25c,68.0625,5.874930731,5.874930731,0,4.143134726,0,5.068904202,4.532599493,0,0,3.784189634,2.234542627,5.983936281,2.397895273,2.197224577,28.270056,0.19205342,28.462109,8.687802383,8.788306803,4.323035976,Ok,Ok,Ok,,,
moving_average_filter,100,0.9,0.1,355,355,0,62,0,158,92,0,0,43,8.342208,0.023499177,396,10,8,244,83.84788732,1.881690141,1,1,0,1,0.01,0,0,0.050841551,0.056490612,36.9136,0.2104697,37.1240697,0.825,25,FF,saed05rvt_base_ff0p825v25c,68.0625,5.874930731,5.874930731,0,4.143134726,0,5.068904202,4.532599493,0,0,3.784189634,2.234542627,5.983936281,2.397895273,2.197224577,39.519524,0.18978608,39.70931,6.963781033,7.05952175,9.827363965,Ok,Ok,Ok,,,
moving_average_filter,100,0.9,0.37,355,355,0,62,0,158,92,0,0,43,8.342208,0.023499177,396,10,8,244,83.84788732,1.881690141,1,1,0,1,0.01,0,0,0.053116086,0.059017873,37.4685,0.2074452,37.6759452,0.825,25,FF,saed05rvt_base_ff0p825v25c,68.0625,5.874930731,5.874930731,0,4.143134726,0,5.068904202,4.532599493,0,0,3.784189634,2.234542627,5.983936281,2.397895273,2.197224577,39.861076,0.1894999,40.050575,6.302775003,6.38556749,8.65062207,Ok,Ok,Ok,,,
moving_average_filter,100,0.9,0.63,355,355,0,62,0,158,92,0,0,43,8.342208,0.023499177,396,10,8,244,83.84788732,1.881690141,1,1,0,1,0.01,0,0,0.05311525,0.059016944,37.1022,0.2043077,37.3065077,0.825,25,FF,saed05rvt_base_ff0p825v25c,68.0625,5.874930731,5.874930731,0,4.143134726,0,5.068904202,4.532599493,0,0,3.784189634,2.234542627,5.983936281,2.397895273,2.197224577,39.91516,0.19015387,40.105316,7.502199039,7.581655893,6.927704141,Ok,Ok,Ok,,,
moving_average_filter,100,0.9,0.9,355,355,0,62,0,158,92,0,0,43,8.342208,0.023499177,396,10,8,244,83.84788732,1.881690141,1,1,0,1,0.01,0,0,0.050840955,0.056489949,36.2381,0.2007311,36.4388311,0.825,25,FF,saed05rvt_base_ff0p825v25c,68.0625,5.874930731,5.874930731,0,4.143134726,0,5.068904202,4.532599493,0,0,3.784189634,2.234542627,5.983936281,2.397895273,2.197224577,39.804638,0.19275467,39.99739,9.765844676,9.841956143,3.973688692,Ok,Ok,Ok,,,
moving_average_filter,200,0.1,0.1,355,355,0,62,0,158,92,0,0,43,8.342208,0.023499177,396,10,8,244,83.84788732,1.881690141,1,1,0,1,0.01,0,0,0.013378331,0.133783308,6.3955,0.2111264,6.6066264,0.825,25,FF,saed05rvt_base_ff0p825v25c,136.125,5.874930731,5.874930731,0,4.143134726,0,5.068904202,4.532599493,0,0,3.784189634,2.234542627,5.983936281,2.397895273,2.197224577,5.395442,0.1903852,5.5858274,15.45113932,15.63690081,9.824070968,Anomal,Anomal,Ok,,,
moving_average_filter,200,0.1,0.37,355,355,0,62,0,158,92,0,0,43,8.342208,0.023499177,396,10,8,244,83.84788732,1.881690141,1,1,0,1,0.01,0,0,0.013740598,0.137405985,6.2058,0.2078737,6.4136737,0.825,25,FF,saed05rvt_base_ff0p825v25c,136.125,5.874930731,5.874930731,0,4.143134726,0,5.068904202,4.532599493,0,0,3.784189634,2.234542627,5.983936281,2.397895273,2.197224577,5.472307,0.19238777,5.664695,11.67784563,11.81947202,7.44967998,Ok,Ok,Ok,,,
moving_average_filter,200,0.1,0.63,355,355,0,62,0,158,92,0,0,43,8.342208,0.023499177,396,10,8,244,83.84788732,1.881690141,1,1,0,1,0.01,0,0,0.013501747,0.135017475,5.9196,0.2045562,6.1241562,0.825,25,FF,saed05rvt_base_ff0p825v25c,136.125,5.874930731,5.874930731,0,4.143134726,0,5.068904202,4.532599493,0,0,3.784189634,2.234542627,5.983936281,2.397895273,2.197224577,5.531485,0.19321299,5.724698,6.522664025,6.556438261,5.545279981,Ok,Ok,Ok,,,
moving_average_filter,200,0.1,0.9,355,355,0,62,0,158,92,0,0,43,8.342208,0.023499177,396,10,8,244,83.84788732,1.881690141,1,1,0,1,0.01,0,0,0.013184992,0.131849924,5.6259,0.2009838,5.8268838,0.825,25,FF,saed05rvt_base_ff0p825v25c,136.125,5.874930731,5.874930731,0,4.143134726,0,5.068904202,4.532599493,0,0,3.784189634,2.234542627,5.983936281,2.397895273,2.197224577,5.6249743,0.19446404,5.8194385,0.127775716,0.016455131,3.243921757,Ok,Ok,Ok,,,
moving_average_filter,200,0.37,0.1,355,355,0,62,0,158,92,0,0,43,8.342208,0.023499177,396,10,8,244,83.84788732,1.881690141,1,1,0,1,0.01,0,0,0.029782477,0.080493182,18.2832,0.2111862,18.4943862,0.825,25,FF,saed05rvt_base_ff0p825v25c,136.125,5.874930731,5.874930731,0,4.143134726,0,5.068904202,4.532599493,0,0,3.784189634,2.234542627,5.983936281,2.397895273,2.197224577,18.190481,0.19043712,18.380919,0.613525077,0.507125744,9.82501547,Ok,Ok,Ok,,,
moving_average_filter,200,0.37,0.37,355,355,0,62,0,158,92,0,0,43,8.342208,0.023499177,396,10,8,244,83.84788732,1.881690141,1,1,0,1,0.01,0,0,0.030684922,0.082932221,18.1229,0.2078493,18.3307493,0.825,25,FF,saed05rvt_base_ff0p825v25c,136.125,5.874930731,5.874930731,0,4.143134726,0,5.068904202,4.532599493,0,0,3.784189634,2.234542627,5.983936281,2.397895273,2.197224577,18.389338,0.19124034,18.580578,1.36289328,1.470170556,7.990866233,Ok,Ok,Ok,,,
moving_average_filter,200,0.37,0.63,355,355,0,62,0,158,92,0,0,43,8.342208,0.023499177,396,10,8,244,83.84788732,1.881690141,1,1,0,1,0.01,0,0,0.030539707,0.082539749,17.5611,0.2046013,17.7657013,0.825,25,FF,saed05rvt_base_ff0p825v25c,136.125,5.874930731,5.874930731,0,4.143134726,0,5.068904202,4.532599493,0,0,3.784189634,2.234542627,5.983936281,2.397895273,2.197224577,18.5447,0.19203456,18.736734,5.465774043,5.601019427,6.142063877,Ok,Ok,Ok,,,
moving_average_filter,200,0.37,0.9,355,355,0,62,0,158,92,0,0,43,8.342208,0.023499177,396,10,8,244,83.84788732,1.881690141,1,1,0,1,0.01,0,0,0.029472384,0.079655091,16.7968,0.2012759,16.9980759,0.825,25,FF,saed05rvt_base_ff0p825v25c,136.125,5.874930731,5.874930731,0,4.143134726,0,5.068904202,4.532599493,0,0,3.784189634,2.234542627,5.983936281,2.397895273,2.197224577,18.557888,0.19276719,18.750656,10.31046242,10.48466393,4.227387406,Ok,Ok,Ok,,,
moving_average_filter,200,0.63,0.1,355,355,0,62,0,158,92,0,0,43,8.342208,0.023499177,396,10,8,244,83.84788732,1.881690141,1,1,0,1,0.01,0,0,0.038711664,0.061447086,27.0041,0.2109061,27.2150061,0.825,25,FF,saed05rvt_base_ff0p825v25c,136.125,5.874930731,5.874930731,0,4.143134726,0,5.068904202,4.532599493,0,0,3.784189634,2.234542627,5.983936281,2.397895273,2.197224577,28.482468,0.19099486,28.673462,5.359013365,5.474604417,9.440808615,Ok,Ok,Ok,,,
moving_average_filter,200,0.63,0.37,355,355,0,62,0,158,92,0,0,43,8.342208,0.023499177,396,10,8,244,83.84788732,1.881690141,1,1,0,1,0.01,0,0,0.043256162,0.068660574,28.2485,0.2078649,28.4563649,0.825,25,FF,saed05rvt_base_ff0p825v25c,136.125,5.874930731,5.874930731,0,4.143134726,0,5.068904202,4.532599493,0,0,3.784189634,2.234542627,5.983936281,2.397895273,2.197224577,29.104101,0.1904644,29.294565,2.94556351,3.02883757,8.371058699,Ok,Ok,Ok,,,
moving_average_filter,200,0.63,0.63,355,355,0,62,0,158,92,0,0,43,8.342208,0.023499177,396,10,8,244,83.84788732,1.881690141,1,1,0,1,0.01,0,0,0.043252548,0.068654838,27.6437,0.2047114,27.8484114,0.825,25,FF,saed05rvt_base_ff0p825v25c,136.125,5.874930731,5.874930731,0,4.143134726,0,5.068904202,4.532599493,0,0,3.784189634,2.234542627,5.983936281,2.397895273,2.197224577,29.33245,0.1912247,29.523676,6.015655595,6.108989993,6.58815569,Ok,Ok,Ok,,,
moving_average_filter,200,0.63,0.9,355,355,0,62,0,158,92,0,0,43,8.342208,0.023499177,396,10,8,244,83.84788732,1.881690141,1,1,0,1,0.01,0,0,0.038708523,0.0614421,26.0466,0.2011187,26.2477187,0.825,25,FF,saed05rvt_base_ff0p825v25c,136.125,5.874930731,5.874930731,0,4.143134726,0,5.068904202,4.532599493,0,0,3.784189634,2.234542627,5.983936281,2.397895273,2.197224577,29.20157,0.1920641,29.393635,11.98548389,12.11279211,4.502114192,Ok,Ok,Ok,,,
moving_average_filter,200,0.9,0.1,355,355,0,62,0,158,92,0,0,43,8.342208,0.023499177,396,10,8,244,83.84788732,1.881690141,1,1,0,1,0.01,0,0,0.050984391,0.056649324,37.2882,0.2109061,37.4991061,0.825,25,FF,saed05rvt_base_ff0p825v25c,136.125,5.874930731,5.874930731,0,4.143134726,0,5.068904202,4.532599493,0,0,3.784189634,2.234542627,5.983936281,2.397895273,2.197224577,40.350857,0.19043666,40.541294,8.112694713,8.213474453,9.705474975,Ok,Ok,Ok,,,
moving_average_filter,200,0.9,0.37,355,355,0,62,0,158,92,0,0,43,8.342208,0.023499177,396,10,8,244,83.84788732,1.881690141,1,1,0,1,0.01,0,0,0.055528889,0.061698765,38.5225,0.2078649,38.7303649,0.825,25,FF,saed05rvt_base_ff0p825v25c,136.125,5.874930731,5.874930731,0,4.143134726,0,5.068904202,4.532599493,0,0,3.784189634,2.234542627,5.983936281,2.397895273,2.197224577,40.971245,0.18979362,41.161037,6.275883409,6.356661203,8.693763818,Ok,Ok,Ok,,,
moving_average_filter,200,0.9,0.63,355,355,0,62,0,158,92,0,0,43,8.342208,0.023499177,396,10,8,244,83.84788732,1.881690141,1,1,0,1,0.01,0,0,0.055525275,0.06169475,37.9087,0.2047114,38.1134114,0.825,25,FF,saed05rvt_base_ff0p825v25c,136.125,5.874930731,5.874930731,0,4.143134726,0,5.068904202,4.532599493,0,0,3.784189634,2.234542627,5.983936281,2.397895273,2.197224577,41.11568,0.19009304,41.305775,8.375957888,8.459748539,7.140960168,Ok,Ok,Ok,,,
moving_average_filter,200,0.9,0.9,355,355,0,62,0,158,92,0,0,43,8.342208,0.023499177,396,10,8,244,83.84788732,1.881690141,1,1,0,1,0.01,0,0,0.05098125,0.056645833,36.303,0.2011187,36.5041187,0.825,25,FF,saed05rvt_base_ff0p825v25c,136.125,5.874930731,5.874930731,0,4.143134726,0,5.068904202,4.532599493,0,0,3.784189634,2.234542627,5.983936281,2.397895273,2.197224577,40.912888,0.19234355,41.105232,12.60436823,12.69836535,4.363170635,Ok,Ok,Ok,,,
moving_average_filter,300,0.1,0.1,355,355,0,62,0,158,92,0,0,43,8.342208,0.023499177,396,10,8,244,83.84788732,1.881690141,1,1,0,1,0.01,0,0,0.012771391,0.127713914,6.2688,0.2113456,6.4801456,0.825,25,FF,saed05rvt_base_ff0p825v25c,204.1875,5.874930731,5.874930731,0,4.143134726,0,5.068904202,4.532599493,0,0,3.784189634,2.234542627,5.983936281,2.397895273,2.197224577,5.4610734,0.1914205,5.652494,12.77211497,12.88486794,9.427735657,Ok,Ok,Ok,,,
moving_average_filter,300,0.1,0.37,355,355,0,62,0,158,92,0,0,43,8.342208,0.023499177,396,10,8,244,83.84788732,1.881690141,1,1,0,1,0.01,0,0,0.013023649,0.13023649,6.0462,0.2081423,6.2543423,0.825,25,FF,saed05rvt_base_ff0p825v25c,204.1875,5.874930731,5.874930731,0,4.143134726,0,5.068904202,4.532599493,0,0,3.784189634,2.234542627,5.983936281,2.397895273,2.197224577,5.5512114,0.19225891,5.74347,8.16827867,8.186772566,7.631024859,Ok,Ok,Ok,,,
moving_average_filter,300,0.1,0.63,355,355,0,62,0,158,92,0,0,43,8.342208,0.023499177,396,10,8,244,83.84788732,1.881690141,1,1,0,1,0.01,0,0,0.012844758,0.128447576,5.7817,0.2048467,5.9865467,0.825,25,FF,saed05rvt_base_ff0p825v25c,204.1875,5.874930731,5.874930731,0,4.143134726,0,5.068904202,4.532599493,0,0,3.784189634,2.234542627,5.983936281,2.397895273,2.197224577,5.616199,0.19336413,5.809563,2.956354455,2.862496903,5.605446185,Ok,Ok,Ok,,,
moving_average_filter,300,0.1,0.9,355,355,0,62,0,158,92,0,0,43,8.342208,0.023499177,396,10,8,244,83.84788732,1.881690141,1,1,0,1,0.01,0,0,0.012533101,0.12533101,5.4907,0.2012447,5.6919447,0.825,25,FF,saed05rvt_base_ff0p825v25c,204.1875,5.874930731,5.874930731,0,4.143134726,0,5.068904202,4.532599493,0,0,3.784189634,2.234542627,5.983936281,2.397895273,2.197224577,5.7015796,0.19471858,5.896298,3.590218149,3.840668235,3.242875754,Ok,Ok,Ok,,,
moving_average_filter,300,0.37,0.1,355,355,0,62,0,158,92,0,0,43,8.342208,0.023499177,396,10,8,244,83.84788732,1.881690141,1,1,0,1,0.01,0,0,0.030191503,0.081598655,18.5859,0.2114675,18.7973675,0.825,25,FF,saed05rvt_base_ff0p825v25c,204.1875,5.874930731,5.874930731,0,4.143134726,0,5.068904202,4.532599493,0,0,3.784189634,2.234542627,5.983936281,2.397895273,2.197224577,18.31912,0.19068727,18.509808,1.529788218,1.435387002,9.826678344,Ok,Ok,Ok,,,
moving_average_filter,300,0.37,0.37,355,355,0,62,0,158,92,0,0,43,8.342208,0.023499177,396,10,8,244,83.84788732,1.881690141,1,1,0,1,0.01,0,0,0.031366033,0.084773062,18.457,0.2081413,18.6651413,0.825,25,FF,saed05rvt_base_ff0p825v25c,204.1875,5.874930731,5.874930731,0,4.143134726,0,5.068904202,4.532599493,0,0,3.784189634,2.234542627,5.983936281,2.397895273,2.197224577,18.521774,0.19109908,18.712873,0.255728891,0.350947023,8.187814017,Ok,Ok,Ok,,,
moving_average_filter,300,0.37,0.63,355,355,0,62,0,158,92,0,0,43,8.342208,0.023499177,396,10,8,244,83.84788732,1.881690141,1,1,0,1,0.01,0,0,0.031105586,0.084069151,17.7807,0.2048391,17.9855391,0.825,25,FF,saed05rvt_base_ff0p825v25c,204.1875,5.874930731,5.874930731,0,4.143134726,0,5.068904202,4.532599493,0,0,3.784189634,2.234542627,5.983936281,2.397895273,2.197224577,18.636255,0.19201049,18.828266,4.685581228,4.811707437,6.262773032,Ok,Ok,Ok,,,
moving_average_filter,300,0.37,0.9,355,355,0,62,0,158,92,0,0,43,8.342208,0.023499177,396,10,8,244,83.84788732,1.881690141,1,1,0,1,0.01,0,0,0.02977377,0.080469649,16.8617,0.2014632,17.0631632,0.825,25,FF,saed05rvt_base_ff0p825v25c,204.1875,5.874930731,5.874930731,0,4.143134726,0,5.068904202,4.532599493,0,0,3.784189634,2.234542627,5.983936281,2.397895273,2.197224577,18.628593,0.19286636,18.82146,10.3046399,10.47873847,4.267203548,Ok,Ok,Ok,,,
moving_average_filter,300,0.63,0.1,355,355,0,62,0,158,92,0,0,43,8.342208,0.023499177,396,10,8,244,83.84788732,1.881690141,1,1,0,1,0.01,0,0,0.03934346,0.062449936,27.41,0.211093,27.621093,0.825,25,FF,saed05rvt_base_ff0p825v25c,204.1875,5.874930731,5.874930731,0,4.143134726,0,5.068904202,4.532599493,0,0,3.784189634,2.234542627,5.983936281,2.397895273,2.197224577,28.89468,0.191025,29.085705,5.302512118,5.416563383,9.506708517,Ok,Ok,Ok,,,
moving_average_filter,300,0.63,0.37,355,355,0,62,0,158,92,0,0,43,8.342208,0.023499177,396,10,8,244,83.84788732,1.881690141,1,1,0,1,0.01,0,0,0.046159242,0.073268639,29.3495,0.208044,29.557544,0.825,25,FF,saed05rvt_base_ff0p825v25c,204.1875,5.874930731,5.874930731,0,4.143134726,0,5.068904202,4.532599493,0,0,3.784189634,2.234542627,5.983936281,2.397895273,2.197224577,29.547976,0.1903623,29.738338,0.611669462,0.676248455,8.4990173,Ok,Ok,Ok,,,
moving_average_filter,300,0.63,0.63,355,355,0,62,0,158,92,0,0,43,8.342208,0.023499177,396,10,8,244,83.84788732,1.881690141,1,1,0,1,0.01,0,0,0.04615776,0.073266286,28.5131,0.2048832,28.7179832,0.825,25,FF,saed05rvt_base_ff0p825v25c,204.1875,5.874930731,5.874930731,0,4.143134726,0,5.068904202,4.532599493,0,0,3.784189634,2.234542627,5.983936281,2.397895273,2.197224577,29.807714,0.19109139,29.998806,4.460002608,4.540419885,6.731548285,Ok,Ok,Ok,,,
moving_average_filter,300,0.63,0.9,355,355,0,62,0,158,92,0,0,43,8.342208,0.023499177,396,10,8,244,83.84788732,1.881690141,1,1,0,1,0.01,0,0,0.039341861,0.062447399,26.1888,0.2012826,26.3900826,0.825,25,FF,saed05rvt_base_ff0p825v25c,204.1875,5.874930731,5.874930731,0,4.143134726,0,5.068904202,4.532599493,0,0,3.784189634,2.234542627,5.983936281,2.397895273,2.197224577,29.389462,0.1921154,29.581577,12.09353813,12.22148979,4.554394537,Ok,Ok,Ok,,,
moving_average_filter,300,0.9,0.1,355,355,0,62,0,158,92,0,0,43,8.342208,0.023499177,396,10,8,244,83.84788732,1.881690141,1,1,0,1,0.01,0,0,0.051616187,0.057351319,37.6961,0.211093,37.907193,0.825,25,FF,saed05rvt_base_ff0p825v25c,204.1875,5.874930731,5.874930731,0,4.143134726,0,5.068904202,4.532599493,0,0,3.784189634,2.234542627,5.983936281,2.397895273,2.197224577,40.764885,0.19065256,40.955536,8.041594873,8.140855284,9.683142422,Ok,Ok,Ok,,,
moving_average_filter,300,0.9,0.37,355,355,0,62,0,158,92,0,0,43,8.342208,0.023499177,396,10,8,244,83.84788732,1.881690141,1,1,0,1,0.01,0,0,0.05843197,0.064924411,39.6255,0.208044,39.833544,0.825,25,FF,saed05rvt_base_ff0p825v25c,204.1875,5.874930731,5.874930731,0,4.143134726,0,5.068904202,4.532599493,0,0,3.784189634,2.234542627,5.983936281,2.397895273,2.197224577,41.544952,0.18993422,41.734886,4.773218696,4.84398277,8.704781734,Ok,Ok,Ok,,,
moving_average_filter,300,0.9,0.63,355,355,0,62,0,158,92,0,0,43,8.342208,0.023499177,396,10,8,244,83.84788732,1.881690141,1,1,0,1,0.01,0,0,0.058430487,0.064922764,38.78,0.2048832,38.9848832,0.825,25,FF,saed05rvt_base_ff0p825v25c,204.1875,5.874930731,5.874930731,0,4.143134726,0,5.068904202,4.532599493,0,0,3.784189634,2.234542627,5.983936281,2.397895273,2.197224577,41.794075,0.18996105,41.984035,7.693116013,7.772240877,7.283249197,Ok,Ok,Ok,,,
moving_average_filter,300,0.9,0.9,355,355,0,62,0,158,92,0,0,43,8.342208,0.023499177,396,10,8,244,83.84788732,1.881690141,1,1,0,1,0.01,0,0,0.051614588,0.057349543,36.447,0.2012826,36.6482826,0.825,25,FF,saed05rvt_base_ff0p825v25c,204.1875,5.874930731,5.874930731,0,4.143134726,0,5.068904202,4.532599493,0,0,3.784189634,2.234542627,5.983936281,2.397895273,2.197224577,41.566563,0.19193088,41.758495,13.94393507,14.04659547,4.64606718,Ok,Ok,Ok,,,
moving_average_filter,450,0.1,0.1,355,355,0,62,0,158,92,0,0,43,8.342208,0.023499177,396,10,8,244,83.84788732,1.881690141,1,1,0,1,0.01,0,0,0.013194646,0.131946465,6.3943,0.2111647,6.6054647,0.825,25,FF,saed05rvt_base_ff0p825v25c,306.28125,5.874930731,5.874930731,0,4.143134726,0,5.068904202,4.532599493,0,0,3.784189634,2.234542627,5.983936281,2.397895273,2.197224577,5.5598884,0.1921108,5.7519994,12.9205947,13.04930387,9.023237926,Ok,Ok,Ok,,,
moving_average_filter,450,0.1,0.37,355,355,0,62,0,158,92,0,0,43,8.342208,0.023499177,396,10,8,244,83.84788732,1.881690141,1,1,0,1,0.01,0,0,0.013462217,0.134622172,6.1574,0.2079362,6.3653362,0.825,25,FF,saed05rvt_base_ff0p825v25c,306.28125,5.874930731,5.874930731,0,4.143134726,0,5.068904202,4.532599493,0,0,3.784189634,2.234542627,5.983936281,2.397895273,2.197224577,5.6747327,0.19206378,5.8667965,7.832103298,7.838816951,7.63331318,Ok,Ok,Ok,,,
moving_average_filter,450,0.1,0.63,355,355,0,62,0,158,92,0,0,43,8.342208,0.023499177,396,10,8,244,83.84788732,1.881690141,1,1,0,1,0.01,0,0,0.013217667,0.132176667,5.8638,0.2046173,6.0684173,0.825,25,FF,saed05rvt_base_ff0p825v25c,306.28125,5.874930731,5.874930731,0,4.143134726,0,5.068904202,4.532599493,0,0,3.784189634,2.234542627,5.983936281,2.397895273,2.197224577,5.7613444,0.19367172,5.955016,1.868710707,1.747255486,5.349294395,Ok,Ok,Ok,,,
moving_average_filter,450,0.1,0.9,355,355,0,62,0,158,92,0,0,43,8.342208,0.023499177,396,10,8,244,83.84788732,1.881690141,1,1,0,1,0.01,0,0,0.012966788,0.129667879,5.5779,0.2010212,5.7789212,0.825,25,FF,saed05rvt_base_ff0p825v25c,306.28125,5.874930731,5.874930731,0,4.143134726,0,5.068904202,4.532599493,0,0,3.784189634,2.234542627,5.983936281,2.397895273,2.197224577,5.878348,0.19478865,6.0731363,5.091177392,5.386397635,3.100444292,Ok,Ok,Ok,,,
moving_average_filter,450,0.37,0.1,355,355,0,62,0,158,92,0,0,43,8.342208,0.023499177,396,10,8,244,83.84788732,1.881690141,1,1,0,1,0.01,0,0,0.031974952,0.086418789,19.2666,0.2112497,19.4778497,0.825,25,FF,saed05rvt_base_ff0p825v25c,306.28125,5.874930731,5.874930731,0,4.143134726,0,5.068904202,4.532599493,0,0,3.784189634,2.234542627,5.983936281,2.397895273,2.197224577,18.454876,0.1911636,18.64604,4.270541923,4.213115204,9.508226761,Ok,Ok,Ok,,,
moving_average_filter,450,0.37,0.37,355,355,0,62,0,158,92,0,0,43,8.342208,0.023499177,396,10,8,244,83.84788732,1.881690141,1,1,0,1,0.01,0,0,0.032748922,0.088510599,18.8985,0.2079252,19.1064252,0.825,25,FF,saed05rvt_base_ff0p825v25c,306.28125,5.874930731,5.874930731,0,4.143134726,0,5.068904202,4.532599493,0,0,3.784189634,2.234542627,5.983936281,2.397895273,2.197224577,18.554558,0.19062349,18.745182,1.890689435,1.819944438,8.321121248,Ok,Ok,Ok,,,
moving_average_filter,450,0.37,0.63,355,355,0,62,0,158,92,0,0,43,8.342208,0.023499177,396,10,8,244,83.84788732,1.881690141,1,1,0,1,0.01,0,0,0.032513356,0.087873935,18.1584,0.2046232,18.3630232,0.825,25,FF,saed05rvt_base_ff0p825v25c,306.28125,5.874930731,5.874930731,0,4.143134726,0,5.068904202,4.532599493,0,0,3.784189634,2.234542627,5.983936281,2.397895273,2.197224577,18.59198,0.19167449,18.783655,2.2906466,2.387765334,6.328077265,Ok,Ok,Ok,,,
moving_average_filter,450,0.37,0.9,355,355,0,62,0,158,92,0,0,43,8.342208,0.023499177,396,10,8,244,83.84788732,1.881690141,1,1,0,1,0.01,0,0,0.031435636,0.084961179,17.2048,0.2011522,17.4059522,0.825,25,FF,saed05rvt_base_ff0p825v25c,306.28125,5.874930731,5.874930731,0,4.143134726,0,5.068904202,4.532599493,0,0,3.784189634,2.234542627,5.983936281,2.397895273,2.197224577,18.554432,0.19315328,18.747585,7.707898317,7.844508017,3.976552561,Ok,Ok,Ok,,,
moving_average_filter,450,0.63,0.1,355,355,0,62,0,158,92,0,0,43,8.342208,0.023499177,396,10,8,244,83.84788732,1.881690141,1,1,0,1,0.01,0,0,0.047424005,0.075276198,30.6853,0.2112531,30.8965531,0.825,25,FF,saed05rvt_base_ff0p825v25c,306.28125,5.874930731,5.874930731,0,4.143134726,0,5.068904202,4.532599493,0,0,3.784189634,2.234542627,5.983936281,2.397895273,2.197224577,29.642008,0.19108015,29.833088,3.442018841,3.399973838,9.549183899,Ok,Ok,Ok,,,
moving_average_filter,450,0.63,0.37,355,355,0,62,0,158,92,0,0,43,8.342208,0.023499177,396,10,8,244,83.84788732,1.881690141,1,1,0,1,0.01,0,0,0.049717747,0.078917059,30.6058,0.2079276,30.8137276,0.825,25,FF,saed05rvt_base_ff0p825v25c,306.28125,5.874930731,5.874930731,0,4.143134726,0,5.068904202,4.532599493,0,0,3.784189634,2.234542627,5.983936281,2.397895273,2.197224577,29.918663,0.18979524,30.108458,2.288817646,2.245120125,8.720515814,Ok,Ok,Ok,,,
moving_average_filter,450,0.63,0.63,355,355,0,62,0,158,92,0,0,43,8.342208,0.023499177,396,10,8,244,83.84788732,1.881690141,1,1,0,1,0.01,0,0,0.049432311,0.078463985,29.5173,0.2046208,29.7219208,0.825,25,FF,saed05rvt_base_ff0p825v25c,306.28125,5.874930731,5.874930731,0,4.143134726,0,5.068904202,4.532599493,0,0,3.784189634,2.234542627,5.983936281,2.397895273,2.197224577,30.032772,0.19056207,30.223333,1.687012633,1.746338805,6.870626341,Ok,Ok,Ok,,,
moving_average_filter,450,0.63,0.9,355,355,0,62,0,158,92,0,0,43,8.342208,0.023499177,396,10,8,244,83.84788732,1.881690141,1,1,0,1,0.01,0,0,0.046989689,0.074586809,27.9331,0.2012726,28.1343726,0.825,25,FF,saed05rvt_base_ff0p825v25c,306.28125,5.874930731,5.874930731,0,4.143134726,0,5.068904202,4.532599493,0,0,3.784189634,2.234542627,5.983936281,2.397895273,2.197224577,30.025782,0.19225799,30.21804,7.40612878,7.491762932,4.478808605,Ok,Ok,Ok,,,
moving_average_filter,450,0.9,0.1,355,355,0,62,0,158,92,0,0,43,8.342208,0.023499177,396,10,8,244,83.84788732,1.881690141,1,1,0,1,0.01,0,0,0.055361285,0.061512539,39.2086,0.2108949,39.4194949,0.825,25,FF,saed05rvt_base_ff0p825v25c,306.28125,5.874930731,5.874930731,0,4.143134726,0,5.068904202,4.532599493,0,0,3.784189634,2.234542627,5.983936281,2.397895273,2.197224577,41.19341,0.19031404,41.383724,4.98288808,5.062177599,9.758823192,Ok,Ok,Ok,,,
moving_average_filter,450,0.9,0.37,355,355,0,62,0,158,92,0,0,43,8.342208,0.023499177,396,10,8,244,83.84788732,1.881690141,1,1,0,1,0.01,0,0,0.065585434,0.072872705,42.0691,0.2078498,42.2769498,0.825,25,FF,saed05rvt_base_ff0p825v25c,306.28125,5.874930731,5.874930731,0,4.143134726,0,5.068904202,4.532599493,0,0,3.784189634,2.234542627,5.983936281,2.397895273,2.197224577,42.39075,0.18971172,42.580463,0.717917472,0.764577528,8.726532452,Ok,Ok,Ok,,,
moving_average_filter,450,0.9,0.63,355,355,0,62,0,158,92,0,0,43,8.342208,0.023499177,396,10,8,244,83.84788732,1.881690141,1,1,0,1,0.01,0,0,0.065585366,0.072872629,40.7677,0.2046929,40.9723929,0.825,25,FF,saed05rvt_base_ff0p825v25c,306.28125,5.874930731,5.874930731,0,4.143134726,0,5.068904202,4.532599493,0,0,3.784189634,2.234542627,5.983936281,2.397895273,2.197224577,42.59372,0.18972388,42.783443,4.420172762,4.479083889,7.312916521,Ok,Ok,Ok,,,
moving_average_filter,450,0.9,0.9,355,355,0,62,0,158,92,0,0,43,8.342208,0.023499177,396,10,8,244,83.84788732,1.881690141,1,1,0,1,0.01,0,0,0.055359619,0.061510687,37.2312,0.2010962,37.4322962,0.825,25,FF,saed05rvt_base_ff0p825v25c,306.28125,5.874930731,5.874930731,0,4.143134726,0,5.068904202,4.532599493,0,0,3.784189634,2.234542627,5.983936281,2.397895273,2.197224577,42.037594,0.19177362,42.229366,12.81532417,12.90958616,4.635879132,Ok,Ok,Ok,,,
moving_average_filter,600,0.1,0.1,355,355,0,62,0,158,92,0,0,43,8.342208,0.023499177,396,10,8,244,83.84788732,1.881690141,1,1,0,1,0.01,0,0,0.013412609,0.134126086,6.4488,0.2111229,6.6599229,0.825,25,FF,saed05rvt_base_ff0p825v25c,408.375,5.874930731,5.874930731,0,4.143134726,0,5.068904202,4.532599493,0,0,3.784189634,2.234542627,5.983936281,2.397895273,2.197224577,5.6394634,0.19211288,5.8315763,12.43777991,12.5501888,9.004244464,Ok,Ok,Ok,,,
moving_average_filter,600,0.1,0.37,355,355,0,62,0,158,92,0,0,43,8.342208,0.023499177,396,10,8,244,83.84788732,1.881690141,1,1,0,1,0.01,0,0,0.013715636,0.137156364,6.2187,0.2079443,6.4266443,0.825,25,FF,saed05rvt_base_ff0p825v25c,408.375,5.874930731,5.874930731,0,4.143134726,0,5.068904202,4.532599493,0,0,3.784189634,2.234542627,5.983936281,2.397895273,2.197224577,5.7663703,0.19174184,5.9581122,7.290461994,7.273701956,7.791731223,Ok,Ok,Ok,,,
moving_average_filter,600,0.1,0.63,355,355,0,62,0,158,92,0,0,43,8.342208,0.023499177,396,10,8,244,83.84788732,1.881690141,1,1,0,1,0.01,0,0,0.013480982,0.134809823,5.9229,0.2046304,6.1275304,0.825,25,FF,saed05rvt_base_ff0p825v25c,408.375,5.874930731,5.874930731,0,4.143134726,0,5.068904202,4.532599493,0,0,3.784189634,2.234542627,5.983936281,2.397895273,2.197224577,5.852911,0.19340037,6.0463114,1.325477251,1.18166784,5.487958732,Ok,Ok,Ok,,,
moving_average_filter,600,0.1,0.9,355,355,0,62,0,158,92,0,0,43,8.342208,0.023499177,396,10,8,244,83.84788732,1.881690141,1,1,0,1,0.01,0,0,0.013243591,0.132435909,5.6341,0.2010273,5.8351273,0.825,25,FF,saed05rvt_base_ff0p825v25c,408.375,5.874930731,5.874930731,0,4.143134726,0,5.068904202,4.532599493,0,0,3.784189634,2.234542627,5.983936281,2.397895273,2.197224577,5.951921,0.19462636,6.1465473,5.33698755,5.641024941,3.184114231,Ok,Ok,Ok,,,
moving_average_filter,600,0.37,0.1,355,355,0,62,0,158,92,0,0,43,8.342208,0.023499177,396,10,8,244,83.84788732,1.881690141,1,1,0,1,0.01,0,0,0.033028351,0.089265814,19.6656,0.2112587,19.8768587,0.825,25,FF,saed05rvt_base_ff0p825v25c,408.375,5.874930731,5.874930731,0,4.143134726,0,5.068904202,4.532599493,0,0,3.784189634,2.234542627,5.983936281,2.397895273,2.197224577,18.449402,0.1913144,18.640717,6.219001533,6.184393787,9.440700316,Ok,Ok,Ok,,,
moving_average_filter,600,0.37,0.37,355,355,0,62,0,158,92,0,0,43,8.342208,0.023499177,396,10,8,244,83.84788732,1.881690141,1,1,0,1,0.01,0,0,0.03345399,0.090416189,19.1154,0.2079383,19.3233383,0.825,25,FF,saed05rvt_base_ff0p825v25c,408.375,5.874930731,5.874930731,0,4.143134726,0,5.068904202,4.532599493,0,0,3.784189634,2.234542627,5.983936281,2.397895273,2.197224577,18.487654,0.1899069,18.67756,3.341956155,3.283981856,8.671516906,Ok,Ok,Ok,,,
moving_average_filter,600,0.37,0.63,355,355,0,62,0,158,92,0,0,43,8.342208,0.023499177,396,10,8,244,83.84788732,1.881690141,1,1,0,1,0.01,0,0,0.03327499,0.089932405,18.3559,0.2046329,18.5605329,0.825,25,FF,saed05rvt_base_ff0p825v25c,408.375,5.874930731,5.874930731,0,4.143134726,0,5.068904202,4.532599493,0,0,3.784189634,2.234542627,5.983936281,2.397895273,2.197224577,18.550135,0.19139032,18.741526,0.975148456,1.058159277,6.471383312,Ok,Ok,Ok,,,
moving_average_filter,600,0.37,0.9,355,355,0,62,0,158,92,0,0,43,8.342208,0.023499177,396,10,8,244,83.84788732,1.881690141,1,1,0,1,0.01,0,0,0.032396177,0.087557235,17.3962,0.2010973,17.5972973,0.825,25,FF,saed05rvt_base_ff0p825v25c,408.375,5.874930731,5.874930731,0,4.143134726,0,5.068904202,4.532599493,0,0,3.784189634,2.234542627,5.983936281,2.397895273,2.197224577,18.58752,0.19306354,18.780584,6.724254385,6.848165688,3.994960526,Ok,Ok,Ok,,,
moving_average_filter,600,0.63,0.1,355,355,0,62,0,158,92,0,0,43,8.342208,0.023499177,396,10,8,244,83.84788732,1.881690141,1,1,0,1,0.01,0,0,0.049410442,0.078429273,31.4703,0.2112671,31.6815671,0.825,25,FF,saed05rvt_base_ff0p825v25c,408.375,5.874930731,5.874930731,0,4.143134726,0,5.068904202,4.532599493,0,0,3.784189634,2.234542627,5.983936281,2.397895273,2.197224577,29.888117,0.1900691,30.078186,5.060927257,5.027543949,10.03374671,Ok,Ok,Ok,,,
moving_average_filter,600,0.63,0.37,355,355,0,62,0,158,92,0,0,43,8.342208,0.023499177,396,10,8,244,83.84788732,1.881690141,1,1,0,1,0.01,0,0,0.051346366,0.081502169,31.1487,0.2079394,31.3566394,0.825,25,FF,saed05rvt_base_ff0p825v25c,408.375,5.874930731,5.874930731,0,4.143134726,0,5.068904202,4.532599493,0,0,3.784189634,2.234542627,5.983936281,2.397895273,2.197224577,30.19973,0.18915746,30.388887,3.086274592,3.046580052,9.032412251,Ok,Ok,Ok,,,
moving_average_filter,600,0.63,0.63,355,355,0,62,0,158,92,0,0,43,8.342208,0.023499177,396,10,8,244,83.84788732,1.881690141,1,1,0,1,0.01,0,0,0.051037172,0.081011384,29.9648,0.2046297,30.1694297,0.825,25,FF,saed05rvt_base_ff0p825v25c,408.375,5.874930731,5.874930731,0,4.143134726,0,5.068904202,4.532599493,0,0,3.784189634,2.234542627,5.983936281,2.397895273,2.197224577,30.420555,0.18989676,30.610453,1.461820645,1.520968319,7.199804148,Ok,Ok,Ok,,,
moving_average_filter,600,0.63,0.9,355,355,0,62,0,158,92,0,0,43,8.342208,0.023499177,396,10,8,244,83.84788732,1.881690141,1,1,0,1,0.01,0,0,0.048890215,0.077603515,28.3301,0.2012112,28.5313112,0.825,25,FF,saed05rvt_base_ff0p825v25c,408.375,5.874930731,5.874930731,0,4.143134726,0,5.068904202,4.532599493,0,0,3.784189634,2.234542627,5.983936281,2.397895273,2.197224577,30.425283,0.19177088,30.617054,7.310364291,7.395609024,4.691746079,Ok,Ok,Ok,,,
moving_average_filter,600,0.9,0.1,355,355,0,62,0,158,92,0,0,43,8.342208,0.023499177,396,10,8,244,83.84788732,1.881690141,1,1,0,1,0.01,0,0,0.06513471,0.0723719,43.1944,0.2112649,43.4056649,0.825,25,FF,saed05rvt_base_ff0p825v25c,408.375,5.874930731,5.874930731,0,4.143134726,0,5.068904202,4.532599493,0,0,3.784189634,2.234542627,5.983936281,2.397895273,2.197224577,42.04717,0.18966709,42.236835,2.692803861,2.655972229,10.22309396,Ok,Ok,Ok,,,
moving_average_filter,600,0.9,0.37,355,355,0,62,0,158,92,0,0,43,8.342208,0.023499177,396,10,8,244,83.84788732,1.881690141,1,1,0,1,0.01,0,0,0.068480677,0.076089641,43.1292,0.207938,43.337138,0.825,25,FF,saed05rvt_base_ff0p825v25c,408.375,5.874930731,5.874930731,0,4.143134726,0,5.068904202,4.532599493,0,0,3.784189634,2.234542627,5.983936281,2.397895273,2.197224577,42.682705,0.18918613,42.87189,1.073552615,1.035250073,9.018012103,Ok,Ok,Ok,,,
moving_average_filter,600,0.9,0.63,355,355,0,62,0,158,92,0,0,43,8.342208,0.023499177,396,10,8,244,83.84788732,1.881690141,1,1,0,1,0.01,0,0,0.068222442,0.075802713,41.6397,0.204632,41.844332,0.825,25,FF,saed05rvt_base_ff0p825v25c,408.375,5.874930731,5.874930731,0,4.143134726,0,5.068904202,4.532599493,0,0,3.784189634,2.234542627,5.983936281,2.397895273,2.197224577,42.88228,0.18939935,43.07168,2.933124041,2.984119584,7.443925335,Ok,Ok,Ok,,,
moving_average_filter,600,0.9,0.9,355,355,0,62,0,158,92,0,0,43,8.342208,0.023499177,396,10,8,244,83.84788732,1.881690141,1,1,0,1,0.01,0,0,0.064679015,0.071865572,39.3885,0.2012958,39.5897958,0.825,25,FF,saed05rvt_base_ff0p825v25c,408.375,5.874930731,5.874930731,0,4.143134726,0,5.068904202,4.532599493,0,0,3.784189634,2.234542627,5.983936281,2.397895273,2.197224577,42.90013,0.19173568,43.091866,8.845889878,8.915371811,4.749286934,Ok,Ok,Ok,,,
moving_average_filter,750,0.1,0.1,355,355,0,62,0,158,92,0,0,43,8.342208,0.023499177,396,10,8,244,83.84788732,1.881690141,1,1,0,1,0.01,0,0,0.013519414,0.135194141,6.4907,0.2110525,6.7017525,0.825,25,FF,saed05rvt_base_ff0p825v25c,510.46875,5.874930731,5.874930731,0,4.143134726,0,5.068904202,4.532599493,0,0,3.784189634,2.234542627,5.983936281,2.397895273,2.197224577,5.7304177,0.19258076,5.9229984,11.62015565,11.71340952,8.752201691,Ok,Ok,Ok,,,
moving_average_filter,750,0.1,0.37,355,355,0,62,0,158,92,0,0,43,8.342208,0.023499177,396,10,8,244,83.84788732,1.881690141,1,1,0,1,0.01,0,0,0.013855303,0.13855303,6.2567,0.2078196,6.4645196,0.825,25,FF,saed05rvt_base_ff0p825v25c,510.46875,5.874930731,5.874930731,0,4.143134726,0,5.068904202,4.532599493,0,0,3.784189634,2.234542627,5.983936281,2.397895273,2.197224577,5.860413,0.19146341,6.0518765,6.383197524,6.333800973,7.870378514,Ok,Ok,Ok,,,
moving_average_filter,750,0.1,0.63,355,355,0,62,0,158,92,0,0,43,8.342208,0.023499177,396,10,8,244,83.84788732,1.881690141,1,1,0,1,0.01,0,0,0.013629424,0.136294242,5.9578,0.2044995,6.1622995,0.825,25,FF,saed05rvt_base_ff0p825v25c,510.46875,5.874930731,5.874930731,0,4.143134726,0,5.068904202,4.532599493,0,0,3.784189634,2.234542627,5.983936281,2.397895273,2.197224577,5.941756,0.19310582,6.1348615,0.445256365,0.269297868,5.57149683,Ok,Ok,Ok,,,
moving_average_filter,750,0.1,0.9,355,355,0,62,0,158,92,0,0,43,8.342208,0.023499177,396,10,8,244,83.84788732,1.881690141,1,1,0,1,0.01,0,0,0.013383033,0.133830328,5.6613,0.2008886,5.8621886,0.825,25,FF,saed05rvt_base_ff0p825v25c,510.46875,5.874930731,5.874930731,0,4.143134726,0,5.068904202,4.532599493,0,0,3.784189634,2.234542627,5.983936281,2.397895273,2.197224577,6.014653,0.19431962,6.208973,5.915611977,6.24155593,3.269961198,Ok,Ok,Ok,,,
moving_average_filter,750,0.37,0.1,355,355,0,62,0,158,92,0,0,43,8.342208,0.023499177,396,10,8,244,83.84788732,1.881690141,1,1,0,1,0.01,0,0,0.03378204,0.091302812,19.9618,0.2111308,20.1729308,0.825,25,FF,saed05rvt_base_ff0p825v25c,510.46875,5.874930731,5.874930731,0,4.143134726,0,5.068904202,4.532599493,0,0,3.784189634,2.234542627,5.983936281,2.397895273,2.197224577,18.529478,0.19095714,18.720436,7.200216559,7.175314485,9.555051228,Ok,Ok,Ok,,,
moving_average_filter,750,0.37,0.37,355,355,0,62,0,158,92,0,0,43,8.342208,0.023499177,396,10,8,244,83.84788732,1.881690141,1,1,0,1,0.01,0,0,0.034028899,0.091969997,19.3033,0.2078161,19.5111161,0.825,25,FF,saed05rvt_base_ff0p825v25c,510.46875,5.874930731,5.874930731,0,4.143134726,0,5.068904202,4.532599493,0,0,3.784189634,2.234542627,5.983936281,2.397895273,2.197224577,18.567747,0.18953988,18.757286,3.863592551,3.810503302,8.794419893,Ok,Ok,Ok,,,
moving_average_filter,750,0.37,0.63,355,355,0,62,0,158,92,0,0,43,8.342208,0.023499177,396,10,8,244,83.84788732,1.881690141,1,1,0,1,0.01,0,0,0.03371546,0.091122864,18.4735,0.2044941,18.6779941,0.825,25,FF,saed05rvt_base_ff0p825v25c,510.46875,5.874930731,5.874930731,0,4.143134726,0,5.068904202,4.532599493,0,0,3.784189634,2.234542627,5.983936281,2.397895273,2.197224577,18.732592,0.19090648,18.923498,1.314402673,1.402504285,6.64450468,Ok,Ok,Ok,,,
moving_average_filter,750,0.37,0.9,355,355,0,62,0,158,92,0,0,43,8.342208,0.023499177,396,10,8,244,83.84788732,1.881690141,1,1,0,1,0.01,0,0,0.033084818,0.089418428,17.5336,0.2009192,17.7345192,0.825,25,FF,saed05rvt_base_ff0p825v25c,510.46875,5.874930731,5.874930731,0,4.143134726,0,5.068904202,4.532599493,0,0,3.784189634,2.234542627,5.983936281,2.397895273,2.197224577,18.51845,0.19270256,18.711153,5.506965367,5.616928545,4.08952374,Ok,Ok,Ok,,,
moving_average_filter,750,0.63,0.1,355,355,0,62,0,158,92,0,0,43,8.342208,0.023499177,396,10,8,244,83.84788732,1.881690141,1,1,0,1,0.01,0,0,0.050914621,0.080816859,32.0805,0.2111384,32.2916384,0.825,25,FF,saed05rvt_base_ff0p825v25c,510.46875,5.874930731,5.874930731,0,4.143134726,0,5.068904202,4.532599493,0,0,3.784189634,2.234542627,5.983936281,2.397895273,2.197224577,30.196175,0.18954895,30.385723,5.902194439,5.873740679,10.22525776,Ok,Ok,Ok,,,
moving_average_filter,750,0.63,0.37,355,355,0,62,0,158,92,0,0,43,8.342208,0.023499177,396,10,8,244,83.84788732,1.881690141,1,1,0,1,0.01,0,0,0.052484258,0.083308345,31.5339,0.2078118,31.7417118,0.825,25,FF,saed05rvt_base_ff0p825v25c,510.46875,5.874930731,5.874930731,0,4.143134726,0,5.068904202,4.532599493,0,0,3.784189634,2.234542627,5.983936281,2.397895273,2.197224577,30.565695,0.18847531,30.75417,3.111181722,3.070362978,9.304808099,Ok,Ok,Ok,,,
moving_average_filter,750,0.63,0.63,355,355,0,62,0,158,92,0,0,43,8.342208,0.023499177,396,10,8,244,83.84788732,1.881690141,1,1,0,1,0.01,0,0,0.052213298,0.082878251,30.2908,0.2044986,30.4952986,0.825,25,FF,saed05rvt_base_ff0p825v25c,510.46875,5.874930731,5.874930731,0,4.143134726,0,5.068904202,4.532599493,0,0,3.784189634,2.234542627,5.983936281,2.397895273,2.197224577,30.82065,0.18909572,31.009747,1.686974633,1.749211314,7.532021907,Ok,Ok,Ok,,,
moving_average_filter,750,0.63,0.9,355,355,0,62,0,158,92,0,0,43,8.342208,0.023499177,396,10,8,244,83.84788732,1.881690141,1,1,0,1,0.01,0,0,0.050350389,0.079921252,28.63,0.2010269,28.8310269,0.825,25,FF,saed05rvt_base_ff0p825v25c,510.46875,5.874930731,5.874930731,0,4.143134726,0,5.068904202,4.532599493,0,0,3.784189634,2.234542627,5.983936281,2.397895273,2.197224577,30.782724,0.19134761,30.974072,7.433119223,7.519121133,4.814920824,Ok,Ok,Ok,,,
moving_average_filter,750,0.9,0.1,355,355,0,62,0,158,92,0,0,43,8.342208,0.023499177,396,10,8,244,83.84788732,1.881690141,1,1,0,1,0.01,0,0,0.067407793,0.074897548,44.1226,0.2111399,44.3337399,0.825,25,FF,saed05rvt_base_ff0p825v25c,510.46875,5.874930731,5.874930731,0,4.143134726,0,5.068904202,4.532599493,0,0,3.784189634,2.234542627,5.983936281,2.397895273,2.197224577,42.536915,0.18920337,42.72612,3.626177057,3.593816263,10.38957268,Ok,Ok,Ok,,,
moving_average_filter,750,0.9,0.37,355,355,0,62,0,158,92,0,0,43,8.342208,0.023499177,396,10,8,244,83.84788732,1.881690141,1,1,0,1,0.01,0,0,0.070689649,0.078544054,43.8962,0.2078143,44.1040143,0.825,25,FF,saed05rvt_base_ff0p825v25c,510.46875,5.874930731,5.874930731,0,4.143134726,0,5.068904202,4.532599493,0,0,3.784189634,2.234542627,5.983936281,2.397895273,2.197224577,43.20911,0.1884721,43.397583,1.601739214,1.565260182,9.3074408,Ok,Ok,Ok,,,
moving_average_filter,750,0.9,0.63,355,355,0,62,0,158,92,0,0,43,8.342208,0.023499177,396,10,8,244,83.84788732,1.881690141,1,1,0,1,0.01,0,0,0.07035649,0.078173878,42.2589,0.2044969,42.4633969,0.825,25,FF,saed05rvt_base_ff0p825v25c,510.46875,5.874930731,5.874930731,0,4.143134726,0,5.068904202,4.532599493,0,0,3.784189634,2.234542627,5.983936281,2.397895273,2.197224577,43.43736,0.18888843,43.626247,2.73847735,2.788664296,7.632619079,Ok,Ok,Ok,,,
moving_average_filter,750,0.9,0.9,355,355,0,62,0,158,92,0,0,43,8.342208,0.023499177,396,10,8,244,83.84788732,1.881690141,1,1,0,1,0.01,0,0,0.066919732,0.074355258,39.863,0.2011099,40.0641099,0.825,25,FF,saed05rvt_base_ff0p825v25c,510.46875,5.874930731,5.874930731,0,4.143134726,0,5.068904202,4.532599493,0,0,3.784189634,2.234542627,5.983936281,2.397895273,2.197224577,43.54872,0.19126275,43.739983,9.174976592,9.245970733,4.896401511,Ok,Ok,Ok,,,
moving_average_filter,900,0.1,0.1,355,355,0,62,0,158,92,0,0,43,8.342208,0.023499177,396,10,8,244,83.84788732,1.881690141,1,1,0,1,0.01,0,0,0.013878152,0.138781515,6.5854,0.210877,6.796277,0.825,25,FF,saed05rvt_base_ff0p825v25c,612.5625,5.874930731,5.874930731,0,4.143134726,0,5.068904202,4.532599493,0,0,3.784189634,2.234542627,5.983936281,2.397895273,2.197224577,5.8510466,0.19255932,6.043606,11.07475748,11.15123512,8.686430121,Ok,Ok,Ok,,,
moving_average_filter,900,0.1,0.37,355,355,0,62,0,158,92,0,0,43,8.342208,0.023499177,396,10,8,244,83.84788732,1.881690141,1,1,0,1,0.01,0,0,0.014277922,0.142779217,6.3568,0.2077405,6.5645405,0.825,25,FF,saed05rvt_base_ff0p825v25c,612.5625,5.874930731,5.874930731,0,4.143134726,0,5.068904202,4.532599493,0,0,3.784189634,2.234542627,5.983936281,2.397895273,2.197224577,5.985949,0.19134124,6.1772904,5.899119068,5.833925254,7.894110087,Ok,Ok,Ok,,,
moving_average_filter,900,0.1,0.63,355,355,0,62,0,158,92,0,0,43,8.342208,0.023499177,396,10,8,244,83.84788732,1.881690141,1,1,0,1,0.01,0,0,0.014025952,0.14025952,6.0438,0.2044145,6.2482145,0.825,25,FF,saed05rvt_base_ff0p825v25c,612.5625,5.874930731,5.874930731,0,4.143134726,0,5.068904202,4.532599493,0,0,3.784189634,2.234542627,5.983936281,2.397895273,2.197224577,6.06379,0.19277161,6.2565613,0.133586632,0.330749603,5.695724326,Ok,Ok,Ok,,,
moving_average_filter,900,0.1,0.9,355,355,0,62,0,158,92,0,0,43,8.342208,0.023499177,396,10,8,244,83.84788732,1.881690141,1,1,0,1,0.01,0,0,0.013780086,0.137800859,5.7402,0.2008003,5.9410003,0.825,25,FF,saed05rvt_base_ff0p825v25c,612.5625,5.874930731,5.874930731,0,4.143134726,0,5.068904202,4.532599493,0,0,3.784189634,2.234542627,5.983936281,2.397895273,2.197224577,6.15224,0.1939787,6.3462186,6.820708054,7.17814361,3.397207543,Ok,Ok,Ok,,,
moving_average_filter,900,0.37,0.1,355,355,0,62,0,158,92,0,0,43,8.342208,0.023499177,396,10,8,244,83.84788732,1.881690141,1,1,0,1,0.01,0,0,0.034639354,0.093619874,20.2499,0.2110488,20.4609488,0.825,25,FF,saed05rvt_base_ff0p825v25c,612.5625,5.874930731,5.874930731,0,4.143134726,0,5.068904202,4.532599493,0,0,3.784189634,2.234542627,5.983936281,2.397895273,2.197224577,18.663748,0.19116257,18.85491,7.84928851,7.832889113,9.422573684,Ok,Ok,Ok,,,
moving_average_filter,900,0.37,0.37,355,355,0,62,0,158,92,0,0,43,8.342208,0.023499177,396,10,8,244,83.84788732,1.881690141,1,1,0,1,0.01,0,0,0.034728124,0.093859794,19.5002,0.2077263,19.7079263,0.825,25,FF,saed05rvt_base_ff0p825v25c,612.5625,5.874930731,5.874930731,0,4.143134726,0,5.068904202,4.532599493,0,0,3.784189634,2.234542627,5.983936281,2.397895273,2.197224577,18.788212,0.1894871,18.9777,3.705245337,3.651183975,8.780400148,Ok,Ok,Ok,,,
moving_average_filter,900,0.37,0.63,355,355,0,62,0,158,92,0,0,43,8.342208,0.023499177,396,10,8,244,83.84788732,1.881690141,1,1,0,1,0.01,0,0,0.034571871,0.09343749,18.6902,0.2044182,18.8946182,0.825,25,FF,saed05rvt_base_ff0p825v25c,612.5625,5.874930731,5.874930731,0,4.143134726,0,5.068904202,4.532599493,0,0,3.784189634,2.234542627,5.983936281,2.397895273,2.197224577,18.919458,0.19039989,19.109858,1.139156965,1.226623521,6.857664739,Ok,Ok,Ok,,,
moving_average_filter,900,0.37,0.9,355,355,0,62,0,158,92,0,0,43,8.342208,0.023499177,396,10,8,244,83.84788732,1.881690141,1,1,0,1,0.01,0,0,0.03382425,0.091416892,17.6823,0.200794,17.883094,0.825,25,FF,saed05rvt_base_ff0p825v25c,612.5625,5.874930731,5.874930731,0,4.143134726,0,5.068904202,4.532599493,0,0,3.784189634,2.234542627,5.983936281,2.397895273,2.197224577,18.57875,0.19233797,18.771088,4.965548168,5.069762476,4.211293711,Ok,Ok,Ok,,,
moving_average_filter,900,0.63,0.1,355,355,0,62,0,158,92,0,0,43,8.342208,0.023499177,396,10,8,244,83.84788732,1.881690141,1,1,0,1,0.01,0,0,0.052399924,0.083174483,32.6275,0.2110562,32.8385562,0.825,25,FF,saed05rvt_base_ff0p825v25c,612.5625,5.874930731,5.874930731,0,4.143134726,0,5.068904202,4.532599493,0,0,3.784189634,2.234542627,5.983936281,2.397895273,2.197224577,30.760454,0.18955308,30.950006,5.75101324,5.722307324,10.18833752,Ok,Ok,Ok,,,
moving_average_filter,900,0.63,0.37,355,355,0,62,0,158,92,0,0,43,8.342208,0.023499177,396,10,8,244,83.84788732,1.881690141,1,1,0,1,0.01,0,0,0.053607172,0.085090749,31.877,0.2077284,32.0847284,0.825,25,FF,saed05rvt_base_ff0p825v25c,612.5625,5.874930731,5.874930731,0,4.143134726,0,5.068904202,4.532599493,0,0,3.784189634,2.234542627,5.983936281,2.397895273,2.197224577,31.100582,0.18787871,31.288462,2.481762366,2.435667965,9.555596148,Ok,Ok,Ok,,,
moving_average_filter,900,0.63,0.63,355,355,0,62,0,158,92,0,0,43,8.342208,0.023499177,396,10,8,244,83.84788732,1.881690141,1,1,0,1,0.01,0,0,0.05340971,0.084777317,30.603,0.2044128,30.8074128,0.825,25,FF,saed05rvt_base_ff0p825v25c,612.5625,5.874930731,5.874930731,0,4.143134726,0,5.068904202,4.532599493,0,0,3.784189634,2.234542627,5.983936281,2.397895273,2.197224577,31.362305,0.18884692,31.551151,2.414154283,2.481144618,7.614926286,Ok,Ok,Ok,,,
moving_average_filter,900,0.63,0.9,355,355,0,62,0,158,92,0,0,43,8.342208,0.023499177,396,10,8,244,83.84788732,1.881690141,1,1,0,1,0.01,0,0,0.051798657,0.08222009,28.9275,0.2008964,29.1283964,0.825,25,FF,saed05rvt_base_ff0p825v25c,612.5625,5.874930731,5.874930731,0,4.143134726,0,5.068904202,4.532599493,0,0,3.784189634,2.234542627,5.983936281,2.397895273,2.197224577,31.20325,0.19103287,31.394283,7.778962026,7.867084556,4.90975866,Ok,Ok,Ok,,,
moving_average_filter,900,0.9,0.1,355,355,0,62,0,158,92,0,0,43,8.342208,0.023499177,396,10,8,244,83.84788732,1.881690141,1,1,0,1,0.01,0,0,0.069589598,0.077321776,44.96,0.2110586,45.1710586,0.825,25,FF,saed05rvt_base_ff0p825v25c,612.5625,5.874930731,5.874930731,0,4.143134726,0,5.068904202,4.532599493,0,0,3.784189634,2.234542627,5.983936281,2.397895273,2.197224577,43.01084,0.18898524,43.199825,4.363929857,4.335317238,10.45840187,Ok,Ok,Ok,,,
moving_average_filter,900,0.9,0.37,355,355,0,62,0,158,92,0,0,43,8.342208,0.023499177,396,10,8,244,83.84788732,1.881690141,1,1,0,1,0.01,0,0,0.072471975,0.080524416,44.4712,0.20773,44.67893,0.825,25,FF,saed05rvt_base_ff0p825v25c,612.5625,5.874930731,5.874930731,0,4.143134726,0,5.068904202,4.532599493,0,0,3.784189634,2.234542627,5.983936281,2.397895273,2.197224577,43.723473,0.18758287,43.911057,1.718647876,1.681374473,9.698712099,Ok,Ok,Ok,,,
moving_average_filter,900,0.9,0.63,355,355,0,62,0,158,92,0,0,43,8.342208,0.023499177,396,10,8,244,83.84788732,1.881690141,1,1,0,1,0.01,0,0,0.072130667,0.080145185,42.7399,0.2044105,42.9443105,0.825,25,FF,saed05rvt_base_ff0p825v25c,612.5625,5.874930731,5.874930731,0,4.143134726,0,5.068904202,4.532599493,0,0,3.784189634,2.234542627,5.983936281,2.397895273,2.197224577,44.01512,0.18833318,44.203453,2.932035814,2.983679091,7.865210678,Ok,Ok,Ok,,,
moving_average_filter,900,0.9,0.9,355,355,0,62,0,158,92,0,0,43,8.342208,0.023499177,396,10,8,244,83.84788732,1.881690141,1,1,0,1,0.01,0,0,0.069069343,0.076743715,40.3165,0.2009767,40.5174767,0.825,25,FF,saed05rvt_base_ff0p825v25c,612.5625,5.874930731,5.874930731,0,4.143134726,0,5.068904202,4.532599493,0,0,3.784189634,2.234542627,5.983936281,2.397895273,2.197224577,44.000797,0.19063462,44.191433,9.067584045,9.13843531,5.145908372,Ok,Ok,Ok,,,
moving_average_filter,1000,0.1,0.1,355,355,0,62,0,158,92,0,0,43,8.342208,0.023499177,396,10,8,244,83.84788732,1.881690141,1,1,0,1,0.01,0,0,0.01393849,0.139384899,6.6002,0.2108498,6.8110498,0.825,25,FF,saed05rvt_base_ff0p825v25c,680.625,5.874930731,5.874930731,0,4.143134726,0,5.068904202,4.532599493,0,0,3.784189634,2.234542627,5.983936281,2.397895273,2.197224577,5.880957,0.19266672,6.0736237,10.82690869,10.89728907,8.623710184,Ok,Ok,Ok,,,
moving_average_filter,1000,0.1,0.37,355,355,0,62,0,158,92,0,0,43,8.342208,0.023499177,396,10,8,244,83.84788732,1.881690141,1,1,0,1,0.01,0,0,0.014307949,0.143079495,6.3623,0.2076345,6.5699345,0.825,25,FF,saed05rvt_base_ff0p825v25c,680.625,5.874930731,5.874930731,0,4.143134726,0,5.068904202,4.532599493,0,0,3.784189634,2.234542627,5.983936281,2.397895273,2.197224577,6.0404644,0.19127531,6.2317395,5.147615687,5.058478832,7.878838297,Ok,Ok,Ok,,,
moving_average_filter,1000,0.1,0.63,355,355,0,62,0,158,92,0,0,43,8.342208,0.023499177,396,10,8,244,83.84788732,1.881690141,1,1,0,1,0.01,0,0,0.014064119,0.140641187,6.0511,0.2043196,6.2554196,0.825,25,FF,saed05rvt_base_ff0p825v25c,680.625,5.874930731,5.874930731,0,4.143134726,0,5.068904202,4.532599493,0,0,3.784189634,2.234542627,5.983936281,2.397895273,2.197224577,6.1138945,0.19225578,6.3061504,0.810990144,1.037736322,5.904386999,Ok,Ok,Ok,,,
moving_average_filter,1000,0.1,0.9,355,355,0,62,0,158,92,0,0,43,8.342208,0.023499177,396,10,8,244,83.84788732,1.881690141,1,1,0,1,0.01,0,0,0.013807808,0.138078081,5.7458,0.2006962,5.9464962,0.825,25,FF,saed05rvt_base_ff0p825v25c,680.625,5.874930731,5.874930731,0,4.143134726,0,5.068904202,4.532599493,0,0,3.784189634,2.234542627,5.983936281,2.397895273,2.197224577,6.2104273,0.19381492,6.404242,7.697740372,8.086381083,3.428705477,Ok,Ok,Ok,,,
moving_average_filter,1000,0.37,0.1,355,355,0,62,0,158,92,0,0,43,8.342208,0.023499177,396,10,8,244,83.84788732,1.881690141,1,1,0,1,0.01,0,0,0.034818187,0.094103208,20.3182,0.2109503,20.5291503,0.825,25,FF,saed05rvt_base_ff0p825v25c,680.625,5.874930731,5.874930731,0,4.143134726,0,5.068904202,4.532599493,0,0,3.784189634,2.234542627,5.983936281,2.397895273,2.197224577,18.685743,0.19128938,18.877033,8.047664137,8.034455159,9.320166792,Ok,Ok,Ok,,,
moving_average_filter,1000,0.37,0.37,355,355,0,62,0,158,92,0,0,43,8.342208,0.023499177,396,10,8,244,83.84788732,1.881690141,1,1,0,1,0.01,0,0,0.034867444,0.094236336,19.5444,0.207627,19.752027,0.825,25,FF,saed05rvt_base_ff0p825v25c,680.625,5.874930731,5.874930731,0,4.143134726,0,5.068904202,4.532599493,0,0,3.784189634,2.234542627,5.983936281,2.397895273,2.197224577,18.82739,0.1894253,19.016815,3.722209444,3.668617759,8.766535888,Ok,Ok,Ok,,,
moving_average_filter,1000,0.37,0.63,355,355,0,62,0,158,92,0,0,43,8.342208,0.023499177,396,10,8,244,83.84788732,1.881690141,1,1,0,1,0.01,0,0,0.034701053,0.09378663,18.7226,0.2043196,18.9269196,0.825,25,FF,saed05rvt_base_ff0p825v25c,680.625,5.874930731,5.874930731,0,4.143134726,0,5.068904202,4.532599493,0,0,3.784189634,2.234542627,5.983936281,2.397895273,2.197224577,18.790346,0.18997863,18.980326,0.282170052,0.361841548,7.01889131,Ok,Ok,Ok,,,
moving_average_filter,1000,0.37,0.9,355,355,0,62,0,158,92,0,0,43,8.342208,0.023499177,396,10,8,244,83.84788732,1.881690141,1,1,0,1,0.01,0,0,0.033961235,0.091787121,17.7095,0.2006873,17.9101873,0.825,25,FF,saed05rvt_base_ff0p825v25c,680.625,5.874930731,5.874930731,0,4.143134726,0,5.068904202,4.532599493,0,0,3.784189634,2.234542627,5.983936281,2.397895273,2.197224577,18.704859,0.19207413,18.896933,5.509408056,5.62047929,4.291833641,Ok,Ok,Ok,,,
moving_average_filter,1000,0.63,0.1,355,355,0,62,0,158,92,0,0,43,8.342208,0.023499177,396,10,8,244,83.84788732,1.881690141,1,1,0,1,0.01,0,0,0.052915141,0.083992288,32.8377,0.2109563,33.0486563,0.825,25,FF,saed05rvt_base_ff0p825v25c,680.625,5.874930731,5.874930731,0,4.143134726,0,5.068904202,4.532599493,0,0,3.784189634,2.234542627,5.983936281,2.397895273,2.197224577,31.000603,0.18955076,31.190153,5.623536283,5.594476099,10.14690843,Ok,Ok,Ok,,,
moving_average_filter,1000,0.63,0.37,355,355,0,62,0,158,92,0,0,43,8.342208,0.023499177,396,10,8,244,83.84788732,1.881690141,1,1,0,1,0.01,0,0,0.053911811,0.085574303,31.9777,0.2076297,32.1853297,0.825,25,FF,saed05rvt_base_ff0p825v25c,680.625,5.874930731,5.874930731,0,4.143134726,0,5.068904202,4.532599493,0,0,3.784189634,2.234542627,5.983936281,2.397895273,2.197224577,31.353222,0.1875189,31.540741,2.002740811,1.952854979,9.685900104,Ok,Ok,Ok,,,
moving_average_filter,1000,0.63,0.63,355,355,0,62,0,158,92,0,0,43,8.342208,0.023499177,396,10,8,244,83.84788732,1.881690141,1,1,0,1,0.01,0,0,0.05372378,0.085275842,30.6901,0.2043144,30.8944144,0.825,25,FF,saed05rvt_base_ff0p825v25c,680.625,5.874930731,5.874930731,0,4.143134726,0,5.068904202,4.532599493,0,0,3.784189634,2.234542627,5.983936281,2.397895273,2.197224577,31.636116,0.18869807,31.824814,3.011545811,3.082479457,7.643284927,Ok,Ok,Ok,,,
moving_average_filter,1000,0.63,0.9,355,355,0,62,0,158,92,0,0,43,8.342208,0.023499177,396,10,8,244,83.84788732,1.881690141,1,1,0,1,0.01,0,0,0.052277265,0.082979786,29.0227,0.200773,29.223473,0.825,25,FF,saed05rvt_base_ff0p825v25c,680.625,5.874930731,5.874930731,0,4.143134726,0,5.068904202,4.532599493,0,0,3.784189634,2.234542627,5.983936281,2.397895273,2.197224577,31.410408,0.19081111,31.60122,8.136425733,8.227036148,4.961766511,Ok,Ok,Ok,,,
moving_average_filter,1000,0.9,0.1,355,355,0,62,0,158,92,0,0,43,8.342208,0.023499177,396,10,8,244,83.84788732,1.881690141,1,1,0,1,0.01,0,0,0.070431189,0.078256877,45.3061,0.2109595,45.5170595,0.825,25,FF,saed05rvt_base_ff0p825v25c,680.625,5.874930731,5.874930731,0,4.143134726,0,5.068904202,4.532599493,0,0,3.784189634,2.234542627,5.983936281,2.397895273,2.197224577,43.176605,0.18884997,43.365456,4.727027396,4.700238545,10.48046156,Ok,Ok,Ok,,,
moving_average_filter,1000,0.9,0.37,355,355,0,62,0,158,92,0,0,43,8.342208,0.023499177,396,10,8,244,83.84788732,1.881690141,1,1,0,1,0.01,0,0,0.073012384,0.081124871,44.657,0.2076308,44.8646308,0.825,25,FF,saed05rvt_base_ff0p825v25c,680.625,5.874930731,5.874930731,0,4.143134726,0,5.068904202,4.532599493,0,0,3.784189634,2.234542627,5.983936281,2.397895273,2.197224577,43.90371,0.1869856,44.090694,1.725047902,1.686836528,9.943227587,Ok,Ok,Ok,,,
moving_average_filter,1000,0.9,0.63,355,355,0,62,0,158,92,0,0,43,8.342208,0.023499177,396,10,8,244,83.84788732,1.881690141,1,1,0,1,0.01,0,0,0.072699427,0.080777141,42.8946,0.2043102,43.0989102,0.825,25,FF,saed05rvt_base_ff0p825v25c,680.625,5.874930731,5.874930731,0,4.143134726,0,5.068904202,4.532599493,0,0,3.784189634,2.234542627,5.983936281,2.397895273,2.197224577,44.211956,0.18795174,44.399906,3.018628435,3.071146541,8.006676317,Ok,Ok,Ok,,,
moving_average_filter,1000,0.9,0.9,355,355,0,62,0,158,92,0,0,43,8.342208,0.023499177,396,10,8,244,83.84788732,1.881690141,1,1,0,1,0.01,0,0,0.06988726,0.077652511,40.4818,0.2008513,40.6826513,0.825,25,FF,saed05rvt_base_ff0p825v25c,680.625,5.874930731,5.874930731,0,4.143134726,0,5.068904202,4.532599493,0,0,3.784189634,2.234542627,5.983936281,2.397895273,2.197224577,44.11072,0.19047715,44.301197,8.894567184,8.964328632,5.165090941,Ok,Ok,Ok,,,
moving_average_filter,10,0.1,0.1,355,355,0,62,0,161,87,0,0,45,8.358336,0.023544608,396,10,8,283,84.87323944,1.881690141,1,1,0,1,0.01,0,0,0.004550152,0.045501515,3.8784,16.7658,20.6442,0.825,125,FF,saed05rvt_base_ff0p825v125c,6.80625,5.874930731,5.874930731,0,4.143134726,0,5.087596335,4.477336814,0,0,3.828641396,2.236267497,5.983936281,2.397895273,2.197224577,3.82791,14.666952,18.494862,10.41134264,1.301826876,12.51862641,Ok,Ok,Ok,,,
moving_average_filter,10,0.1,0.37,355,355,0,62,0,161,87,0,0,45,8.358336,0.023544608,396,10,8,283,84.87323944,1.881690141,1,1,0,1,0.01,0,0,0.004777303,0.04777303,3.9647,16.3124,20.2771,0.825,125,FF,saed05rvt_base_ff0p825v125c,6.80625,5.874930731,5.874930731,0,4.143134726,0,5.087596335,4.477336814,0,0,3.828641396,2.236267497,5.983936281,2.397895273,2.197224577,3.8438191,14.658468,18.502287,8.752795464,3.048928257,10.13910739,Ok,Ok,Ok,,,
moving_average_filter,10,0.1,0.63,355,355,0,62,0,161,87,0,0,45,8.358336,0.023544608,396,10,8,283,84.87323944,1.881690141,1,1,0,1,0.01,0,0,0.004777311,0.047773106,3.946,15.8904,19.8364,0.825,125,FF,saed05rvt_base_ff0p825v125c,6.80625,5.874930731,5.874930731,0,4.143134726,0,5.087596335,4.477336814,0,0,3.828641396,2.236267497,5.983936281,2.397895273,2.197224577,3.8615751,14.574695,18.43627,7.05838882,2.139505153,8.279875689,Ok,Ok,Ok,,,
moving_average_filter,10,0.1,0.9,355,355,0,62,0,161,87,0,0,45,8.358336,0.023544608,396,10,8,283,84.87323944,1.881690141,1,1,0,1,0.01,0,0,0.004550023,0.045500227,3.8699,15.396,19.2659,0.825,125,FF,saed05rvt_base_ff0p825v125c,6.80625,5.874930731,5.874930731,0,4.143134726,0,5.087596335,4.477336814,0,0,3.828641396,2.236267497,5.983936281,2.397895273,2.197224577,3.874733,14.410326,18.285059,5.091072957,0.124886204,6.402143388,Ok,Ok,Ok,,,
moving_average_filter,10,0.37,0.1,355,355,0,62,0,161,87,0,0,45,8.358336,0.023544608,396,10,8,283,84.87323944,1.881690141,1,1,0,1,0.01,0,0,0.016822768,0.04546694,14.3468,16.7658,31.1126,0.825,125,FF,saed05rvt_base_ff0p825v125c,6.80625,5.874930731,5.874930731,0,4.143134726,0,5.087596335,4.477336814,0,0,3.828641396,2.236267497,5.983936281,2.397895273,2.197224577,14.780936,14.606073,29.387009,5.546278141,3.02601445,12.88173914,Ok,Ok,Ok,,,
moving_average_filter,10,0.37,0.37,355,355,0,62,0,161,87,0,0,45,8.358336,0.023544608,396,10,8,283,84.87323944,1.881690141,1,1,0,1,0.01,0,0,0.01705003,0.046081163,14.4255,16.3124,30.7379,0.825,125,FF,saed05rvt_base_ff0p825v125c,6.80625,5.874930731,5.874930731,0,4.143134726,0,5.087596335,4.477336814,0,0,3.828641396,2.236267497,5.983936281,2.397895273,2.197224577,14.813873,14.646705,29.460579,4.155524878,2.692269183,10.21122169,Ok,Ok,Ok,,,
moving_average_filter,10,0.37,0.63,355,355,0,62,0,161,87,0,0,45,8.358336,0.023544608,396,10,8,283,84.87323944,1.881690141,1,1,0,1,0.01,0,0,0.017050038,0.046081183,14.3992,15.8904,30.2896,0.825,125,FF,saed05rvt_base_ff0p825v125c,6.80625,5.874930731,5.874930731,0,4.143134726,0,5.087596335,4.477336814,0,0,3.828641396,2.236267497,5.983936281,2.397895273,2.197224577,14.83351,14.56764,29.40115,2.933185814,3.016212004,8.324269341,Ok,Ok,Ok,,,
moving_average_filter,10,0.37,0.9,355,355,0,62,0,161,87,0,0,45,8.358336,0.023544608,396,10,8,283,84.87323944,1.881690141,1,1,0,1,0.01,0,0,0.01682275,0.045466892,14.315,15.396,29.711,0.825,125,FF,saed05rvt_base_ff0p825v125c,6.80625,5.874930731,5.874930731,0,4.143134726,0,5.087596335,4.477336814,0,0,3.828641396,2.236267497,5.983936281,2.397895273,2.197224577,14.771191,14.368029,29.13922,1.924474827,3.18680156,6.676872949,Ok,Ok,Ok,,,
moving_average_filter,10,0.63,0.1,355,355,0,62,0,161,87,0,0,45,8.358336,0.023544608,396,10,8,283,84.87323944,1.881690141,1,1,0,1,0.01,0,0,0.028640949,0.045461825,24.4273,16.7658,41.1931,0.825,125,FF,saed05rvt_base_ff0p825v125c,6.80625,5.874930731,5.874930731,0,4.143134726,0,5.087596335,4.477336814,0,0,3.828641396,2.236267497,5.983936281,2.397895273,2.197224577,26.148674,14.557155,40.70583,1.182893202,7.04692705,13.17351599,Ok,Ok,Ok,,,
moving_average_filter,10,0.63,0.37,355,355,0,62,0,161,87,0,0,45,8.358336,0.023544608,396,10,8,283,84.87323944,1.881690141,1,1,0,1,0.01,0,0,0.028868212,0.045822559,24.4988,16.3124,40.8112,0.825,125,FF,saed05rvt_base_ff0p825v125c,6.80625,5.874930731,5.874930731,0,4.143134726,0,5.087596335,4.477336814,0,0,3.828641396,2.236267497,5.983936281,2.397895273,2.197224577,26.34567,14.626331,40.972,0.394009787,7.538616994,10.33611652,Ok,Ok,Ok,,,
moving_average_filter,10,0.63,0.63,355,355,0,62,0,161,87,0,0,45,8.358336,0.023544608,396,10,8,283,84.87323944,1.881690141,1,1,0,1,0.01,0,0,0.02886822,0.045822571,24.4654,15.8904,40.3558,0.825,125,FF,saed05rvt_base_ff0p825v125c,6.80625,5.874930731,5.874930731,0,4.143134726,0,5.087596335,4.477336814,0,0,3.828641396,2.236267497,5.983936281,2.397895273,2.197224577,26.493624,14.538602,41.032227,1.67615699,8.290171972,8.507011307,Ok,Ok,Ok,,,
moving_average_filter,10,0.63,0.9,355,355,0,62,0,161,87,0,0,45,8.358336,0.023544608,396,10,8,283,84.87323944,1.881690141,1,1,0,1,0.01,0,0,0.028640932,0.045461797,24.3732,15.396,39.7692,0.825,125,FF,saed05rvt_base_ff0p825v125c,6.80625,5.874930731,5.874930731,0,4.143134726,0,5.087596335,4.477336814,0,0,3.828641396,2.236267497,5.983936281,2.397895273,2.197224577,26.6808,14.325147,41.005947,3.109811394,9.467773966,6.955399616,Ok,Ok,Ok,,,
moving_average_filter,10,0.9,0.1,355,355,0,62,0,161,87,0,0,45,8.358336,0.023544608,396,10,8,283,84.87323944,1.881690141,1,1,0,1,0.01,0,0,0.040913677,0.045459641,34.8956,16.7658,51.6614,0.825,125,FF,saed05rvt_base_ff0p825v125c,6.80625,5.874930731,5.874930731,0,4.143134726,0,5.087596335,4.477336814,0,0,3.828641396,2.236267497,5.983936281,2.397895273,2.197224577,37.033337,14.516083,51.54942,0.216758735,6.126092228,13.41849024,Ok,Ok,Ok,,,
moving_average_filter,10,0.9,0.37,355,355,0,62,0,161,87,0,0,45,8.358336,0.023544608,396,10,8,283,84.87323944,1.881690141,1,1,0,1,0.01,0,0,0.041140939,0.045712155,34.9596,16.3124,51.272,0.825,125,FF,saed05rvt_base_ff0p825v125c,6.80625,5.874930731,5.874930731,0,4.143134726,0,5.087596335,4.477336814,0,0,3.828641396,2.236267497,5.983936281,2.397895273,2.197224577,37.13282,14.590425,51.723244,0.88009774,6.216375844,10.55623613,Ok,Ok,Ok,,,
moving_average_filter,10,0.9,0.63,355,355,0,62,0,161,87,0,0,45,8.358336,0.023544608,396,10,8,283,84.87323944,1.881690141,1,1,0,1,0.01,0,0,0.041140947,0.045712163,34.9186,15.8904,50.809,0.825,125,FF,saed05rvt_base_ff0p825v125c,6.80625,5.874930731,5.874930731,0,4.143134726,0,5.087596335,4.477336814,0,0,3.828641396,2.236267497,5.983936281,2.397895273,2.197224577,37.371365,14.482072,51.853436,2.055611243,7.024235203,8.862760682,Ok,Ok,Ok,,,
moving_average_filter,10,0.9,0.9,355,355,0,62,0,161,87,0,0,45,8.358336,0.023544608,396,10,8,283,84.87323944,1.881690141,1,1,0,1,0.01,0,0,0.040913659,0.045459621,34.8183,15.396,50.2143,0.825,125,FF,saed05rvt_base_ff0p825v125c,6.80625,5.874930731,5.874930731,0,4.143134726,0,5.087596335,4.477336814,0,0,3.828641396,2.236267497,5.983936281,2.397895273,2.197224577,37.387917,14.275684,51.6636,2.886231455,7.380074745,7.276666948,Ok,Ok,Ok,,,
moving_average_filter,50,0.1,0.1,355,355,0,62,0,161,87,0,0,45,8.358336,0.023544608,396,10,8,283,84.87323944,1.881690141,1,1,0,1,0.01,0,0,0.00456847,0.045684697,3.8835,16.7658,20.6493,0.825,125,FF,saed05rvt_base_ff0p825v125c,34.03125,5.874930731,5.874930731,0,4.143134726,0,5.087596335,4.477336814,0,0,3.828641396,2.236267497,5.983936281,2.397895273,2.197224577,3.9284601,14.66234,18.590801,9.96885493,1.157721673,12.54613461,Ok,Ok,Ok,,,
moving_average_filter,50,0.1,0.37,355,355,0,62,0,161,87,0,0,45,8.358336,0.023544608,396,10,8,283,84.87323944,1.881690141,1,1,0,1,0.01,0,0,0.005704424,0.057044242,4.3258,16.3124,20.6382,0.825,125,FF,saed05rvt_base_ff0p825v125c,34.03125,5.874930731,5.874930731,0,4.143134726,0,5.087596335,4.477336814,0,0,3.828641396,2.236267497,5.983936281,2.397895273,2.197224577,4.074381,14.646485,18.720867,9.290213502,5.8120839,10.21256634,Ok,Ok,Ok,,,
moving_average_filter,50,0.1,0.63,355,355,0,62,0,161,87,0,0,45,8.358336,0.023544608,396,10,8,283,84.87323944,1.881690141,1,1,0,1,0.01,0,0,0.005704455,0.057044545,4.2435,15.8904,20.1339,0.825,125,FF,saed05rvt_base_ff0p825v125c,34.03125,5.874930731,5.874930731,0,4.143134726,0,5.087596335,4.477336814,0,0,3.828641396,2.236267497,5.983936281,2.397895273,2.197224577,4.099188,14.562204,18.661392,7.313574559,3.400781172,8.35847832,Ok,Ok,Ok,,,
moving_average_filter,50,0.1,0.9,355,355,0,62,0,161,87,0,0,45,8.358336,0.023544608,396,10,8,283,84.87323944,1.881690141,1,1,0,1,0.01,0,0,0.004568005,0.045680051,3.875,15.396,19.271,0.825,125,FF,saed05rvt_base_ff0p825v125c,34.03125,5.874930731,5.874930731,0,4.143134726,0,5.087596335,4.477336814,0,0,3.828641396,2.236267497,5.983936281,2.397895273,2.197224577,4.0100656,14.414809,18.424875,4.390663383,3.485562724,6.373023987,Ok,Ok,Ok,,,
moving_average_filter,50,0.37,0.1,355,355,0,62,0,161,87,0,0,45,8.358336,0.023544608,396,10,8,283,84.87323944,1.881690141,1,1,0,1,0.01,0,0,0.016840841,0.045515786,14.3522,16.7658,31.118,0.825,125,FF,saed05rvt_base_ff0p825v125c,34.03125,5.874930731,5.874930731,0,4.143134726,0,5.087596335,4.477336814,0,0,3.828641396,2.236267497,5.983936281,2.397895273,2.197224577,15.205023,14.601118,29.80614,4.215756476,5.942105126,12.91129509,Ok,Ok,Ok,,,
moving_average_filter,50,0.37,0.37,355,355,0,62,0,161,87,0,0,45,8.358336,0.023544608,396,10,8,283,84.87323944,1.881690141,1,1,0,1,0.01,0,0,0.017977152,0.048586896,14.7866,16.3124,31.099,0.825,125,FF,saed05rvt_base_ff0p825v125c,34.03125,5.874930731,5.874930731,0,4.143134726,0,5.087596335,4.477336814,0,0,3.828641396,2.236267497,5.983936281,2.397895273,2.197224577,15.444826,14.641505,30.08633,3.256277006,4.451504241,10.2430958,Ok,Ok,Ok,,,
moving_average_filter,50,0.37,0.63,355,355,0,62,0,161,87,0,0,45,8.358336,0.023544608,396,10,8,283,84.87323944,1.881690141,1,1,0,1,0.01,0,0,0.017977182,0.048586978,14.6968,15.8904,30.5872,0.825,125,FF,saed05rvt_base_ff0p825v125c,34.03125,5.874930731,5.874930731,0,4.143134726,0,5.087596335,4.477336814,0,0,3.828641396,2.236267497,5.983936281,2.397895273,2.197224577,15.582785,14.563143,30.145927,1.442670695,6.02841879,8.35257277,Ok,Ok,Ok,,,
moving_average_filter,50,0.37,0.9,355,355,0,62,0,161,87,0,0,45,8.358336,0.023544608,396,10,8,283,84.87323944,1.881690141,1,1,0,1,0.01,0,0,0.016840732,0.045515493,14.3201,15.396,29.7161,0.825,125,FF,saed05rvt_base_ff0p825v125c,34.03125,5.874930731,5.874930731,0,4.143134726,0,5.087596335,4.477336814,0,0,3.828641396,2.236267497,5.983936281,2.397895273,2.197224577,15.546507,14.36852,29.915028,0.669427073,8.564234061,6.673682885,Ok,Ok,Ok,,,
moving_average_filter,50,0.63,0.1,355,355,0,62,0,161,87,0,0,45,8.358336,0.023544608,396,10,8,283,84.87323944,1.881690141,1,1,0,1,0.01,0,0,0.028659023,0.045490512,24.4327,16.7658,41.1985,0.825,125,FF,saed05rvt_base_ff0p825v125c,34.03125,5.874930731,5.874930731,0,4.143134726,0,5.087596335,4.477336814,0,0,3.828641396,2.236267497,5.983936281,2.397895273,2.197224577,26.70924,14.552256,41.261497,0.152912115,9.317594698,13.20273634,Ok,Ok,Ok,,,
moving_average_filter,50,0.63,0.37,355,355,0,62,0,161,87,0,0,45,8.358336,0.023544608,396,10,8,283,84.87323944,1.881690141,1,1,0,1,0.01,0,0,0.029795333,0.04729418,24.86,16.3124,41.1724,0.825,125,FF,saed05rvt_base_ff0p825v125c,34.03125,5.874930731,5.874930731,0,4.143134726,0,5.087596335,4.477336814,0,0,3.828641396,2.236267497,5.983936281,2.397895273,2.197224577,26.966097,14.621246,41.58734,1.007814236,8.471829759,10.36728907,Ok,Ok,Ok,,,
moving_average_filter,50,0.63,0.63,355,355,0,62,0,161,87,0,0,45,8.358336,0.023544608,396,10,8,283,84.87323944,1.881690141,1,1,0,1,0.01,0,0,0.029795364,0.047294228,24.7629,15.8904,40.6533,0.825,125,FF,saed05rvt_base_ff0p825v125c,34.03125,5.874930731,5.874930731,0,4.143134726,0,5.087596335,4.477336814,0,0,3.828641396,2.236267497,5.983936281,2.397895273,2.197224577,27.116629,14.533157,41.649788,2.451185766,9.505060582,8.5412743,Ok,Ok,Ok,,,
moving_average_filter,50,0.63,0.9,355,355,0,62,0,161,87,0,0,45,8.358336,0.023544608,396,10,8,283,84.87323944,1.881690141,1,1,0,1,0.01,0,0,0.028658914,0.04549034,24.3784,15.396,39.7744,0.825,125,FF,saed05rvt_base_ff0p825v125c,34.03125,5.874930731,5.874930731,0,4.143134726,0,5.087596335,4.477336814,0,0,3.828641396,2.236267497,5.983936281,2.397895273,2.197224577,27.26568,14.322798,41.588478,4.560918803,11.84360054,6.970656175,Ok,Ok,Ok,,,
moving_average_filter,50,0.9,0.1,355,355,0,62,0,161,87,0,0,45,8.358336,0.023544608,396,10,8,283,84.87323944,1.881690141,1,1,0,1,0.01,0,0,0.04093175,0.045479722,34.901,16.7658,51.6668,0.825,125,FF,saed05rvt_base_ff0p825v125c,34.03125,5.874930731,5.874930731,0,4.143134726,0,5.087596335,4.477336814,0,0,3.828641396,2.236267497,5.983936281,2.397895273,2.197224577,37.82237,14.515868,52.338238,1.299553606,8.370443889,13.41977009,Ok,Ok,Ok,,,
moving_average_filter,50,0.9,0.37,355,355,0,62,0,161,87,0,0,45,8.358336,0.023544608,396,10,8,283,84.87323944,1.881690141,1,1,0,1,0.01,0,0,0.042068061,0.04674229,35.3208,16.3124,51.6332,0.825,125,FF,saed05rvt_base_ff0p825v125c,34.03125,5.874930731,5.874930731,0,4.143134726,0,5.087596335,4.477336814,0,0,3.828641396,2.236267497,5.983936281,2.397895273,2.197224577,38.02699,14.584222,52.61121,1.894149248,7.661743174,10.59426056,Ok,Ok,Ok,,,
moving_average_filter,50,0.9,0.63,355,355,0,62,0,161,87,0,0,45,8.358336,0.023544608,396,10,8,283,84.87323944,1.881690141,1,1,0,1,0.01,0,0,0.042068091,0.046742323,35.2162,15.8904,51.1066,0.825,125,FF,saed05rvt_base_ff0p825v125c,34.03125,5.874930731,5.874930731,0,4.143134726,0,5.087596335,4.477336814,0,0,3.828641396,2.236267497,5.983936281,2.397895273,2.197224577,38.27361,14.473908,52.747517,3.210772448,8.681825868,8.914134167,Ok,Ok,Ok,,,
moving_average_filter,50,0.9,0.9,355,355,0,62,0,161,87,0,0,45,8.358336,0.023544608,396,10,8,283,84.87323944,1.881690141,1,1,0,1,0.01,0,0,0.040931641,0.045479602,34.8235,15.396,50.2195,0.825,125,FF,saed05rvt_base_ff0p825v125c,34.03125,5.874930731,5.874930731,0,4.143134726,0,5.087596335,4.477336814,0,0,3.828641396,2.236267497,5.983936281,2.397895273,2.197224577,38.276398,14.271348,52.547745,4.636136861,9.915424082,7.304832427,Ok,Ok,Ok,,,
moving_average_filter,100,0.1,0.1,355,355,0,62,0,161,87,0,0,45,8.358336,0.023544608,396,10,8,283,84.87323944,1.881690141,1,1,0,1,0.01,0,0,0.014202813,0.142028131,6.9525,16.4031,23.3556,0.825,125,FF,saed05rvt_base_ff0p825v125c,68.0625,5.874930731,5.874930731,0,4.143134726,0,5.087596335,4.477336814,0,0,3.828641396,2.236267497,5.983936281,2.397895273,2.197224577,5.4740033,14.459977,19.93398,14.6501013,21.26568407,11.84607086,Ok,Anomal,Ok,,,
moving_average_filter,100,0.1,0.37,355,355,0,62,0,161,87,0,0,45,8.358336,0.023544608,396,10,8,283,84.87323944,1.881690141,1,1,0,1,0.01,0,0,0.014991313,0.149913131,6.9243,16.0161,22.9404,0.825,125,FF,saed05rvt_base_ff0p825v125c,68.0625,5.874930731,5.874930731,0,4.143134726,0,5.087596335,4.477336814,0,0,3.828641396,2.236267497,5.983936281,2.397895273,2.197224577,5.56942,14.51838,20.0878,12.43483517,19.56703406,9.351339183,Ok,Anomal,Ok,,,
moving_average_filter,100,0.1,0.63,355,355,0,62,0,161,87,0,0,45,8.358336,0.023544608,396,10,8,283,84.87323944,1.881690141,1,1,0,1,0.01,0,0,0.014692513,0.146925126,6.5767,15.6203,22.197,0.825,125,FF,saed05rvt_base_ff0p825v125c,68.0625,5.874930731,5.874930731,0,4.143134726,0,5.087596335,4.477336814,0,0,3.828641396,2.236267497,5.983936281,2.397895273,2.197224577,5.564424,14.467022,20.031446,9.756064077,15.39185248,7.383200437,Ok,Anomal,Ok,,,
moving_average_filter,100,0.1,0.9,355,355,0,62,0,161,87,0,0,45,8.358336,0.023544608,396,10,8,283,84.87323944,1.881690141,1,1,0,1,0.01,0,0,0.01419954,0.141995404,6.2036,15.209,21.4126,0.825,125,FF,saed05rvt_base_ff0p825v125c,68.0625,5.874930731,5.874930731,0,4.143134726,0,5.087596335,4.477336814,0,0,3.828641396,2.236267497,5.983936281,2.397895273,2.197224577,5.557166,14.355298,19.912464,7.005855703,10.42030273,5.61313668,Ok,Ok,Ok,,,
moving_average_filter,100,0.37,0.1,355,355,0,62,0,161,87,0,0,45,8.358336,0.023544608,396,10,8,283,84.87323944,1.881690141,1,1,0,1,0.01,0,0,0.026560869,0.071786132,17.2864,16.4013,33.6877,0.825,125,FF,saed05rvt_base_ff0p825v125c,68.0625,5.874930731,5.874930731,0,4.143134726,0,5.087596335,4.477336814,0,0,3.828641396,2.236267497,5.983936281,2.397895273,2.197224577,17.685123,14.542322,32.227448,4.334675535,2.306573049,11.33433229,Ok,Ok,Ok,,,
moving_average_filter,100,0.37,0.37,355,355,0,62,0,161,87,0,0,45,8.358336,0.023544608,396,10,8,283,84.87323944,1.881690141,1,1,0,1,0.01,0,0,0.028834533,0.07793117,17.9539,16.0102,33.9641,0.825,125,FF,saed05rvt_base_ff0p825v125c,68.0625,5.874930731,5.874930731,0,4.143134726,0,5.087596335,4.477336814,0,0,3.828641396,2.236267497,5.983936281,2.397895273,2.197224577,18.280832,14.596439,32.877274,3.199927101,1.82095417,8.830374626,Ok,Ok,Ok,,,
moving_average_filter,100,0.37,0.63,355,355,0,62,0,161,87,0,0,45,8.358336,0.023544608,396,10,8,283,84.87323944,1.881690141,1,1,0,1,0.01,0,0,0.028833699,0.077928918,17.5798,15.6481,33.2279,0.825,125,FF,saed05rvt_base_ff0p825v125c,68.0625,5.874930731,5.874930731,0,4.143134726,0,5.087596335,4.477336814,0,0,3.828641396,2.236267497,5.983936281,2.397895273,2.197224577,18.402494,14.530347,32.932842,0.887981923,4.679771275,7.14305973,Ok,Ok,Ok,,,
moving_average_filter,100,0.37,0.9,355,355,0,62,0,161,87,0,0,45,8.358336,0.023544608,396,10,8,283,84.87323944,1.881690141,1,1,0,1,0.01,0,0,0.026560025,0.071783852,16.6253,15.2159,31.8412,0.825,125,FF,saed05rvt_base_ff0p825v125c,68.0625,5.874930731,5.874930731,0,4.143134726,0,5.087596335,4.477336814,0,0,3.828641396,2.236267497,5.983936281,2.397895273,2.197224577,17.9981,14.363387,32.36149,1.634009843,8.257296294,5.602776649,Ok,Ok,Ok,,,
moving_average_filter,100,0.63,0.1,355,355,0,62,0,161,87,0,0,45,8.358336,0.023544608,396,10,8,283,84.87323944,1.881690141,1,1,0,1,0.01,0,0,0.038379051,0.060919128,27.3539,16.4013,43.7552,0.825,125,FF,saed05rvt_base_ff0p825v125c,68.0625,5.874930731,5.874930731,0,4.143134726,0,5.087596335,4.477336814,0,0,3.828641396,2.236267497,5.983936281,2.397895273,2.197224577,28.646362,14.517999,43.16436,1.350330826,4.724965379,11.48263433,Ok,Ok,Ok,,,
moving_average_filter,100,0.63,0.37,355,355,0,62,0,161,87,0,0,45,8.358336,0.023544608,396,10,8,283,84.87323944,1.881690141,1,1,0,1,0.01,0,0,0.040652715,0.064528118,28.0139,16.0102,44.0241,0.825,125,FF,saed05rvt_base_ff0p825v125c,68.0625,5.874930731,5.874930731,0,4.143134726,0,5.087596335,4.477336814,0,0,3.828641396,2.236267497,5.983936281,2.397895273,2.197224577,29.092125,14.593699,43.685825,0.768385162,3.848892653,8.847488131,Ok,Ok,Ok,,,
moving_average_filter,100,0.63,0.63,355,355,0,62,0,161,87,0,0,45,8.358336,0.023544608,396,10,8,283,84.87323944,1.881690141,1,1,0,1,0.01,0,0,0.040651881,0.064526796,27.6324,15.6481,43.2805,0.825,125,FF,saed05rvt_base_ff0p825v125c,68.0625,5.874930731,5.874930731,0,4.143134726,0,5.087596335,4.477336814,0,0,3.828641396,2.236267497,5.983936281,2.397895273,2.197224577,29.298689,14.514211,43.8129,1.230116434,6.030199652,7.246178763,Ok,Ok,Ok,,,
moving_average_filter,100,0.63,0.9,355,355,0,62,0,161,87,0,0,45,8.358336,0.023544608,396,10,8,283,84.87323944,1.881690141,1,1,0,1,0.01,0,0,0.038378207,0.060917789,26.6699,15.2159,41.8858,0.825,125,FF,saed05rvt_base_ff0p825v125c,68.0625,5.874930731,5.874930731,0,4.143134726,0,5.087596335,4.477336814,0,0,3.828641396,2.236267497,5.983936281,2.397895273,2.197224577,29.363136,14.332354,43.695488,4.320528618,10.09841166,5.80673117,Ok,Ok,Ok,,,
moving_average_filter,100,0.9,0.1,355,355,0,62,0,161,87,0,0,45,8.358336,0.023544608,396,10,8,283,84.87323944,1.881690141,1,1,0,1,0.01,0,0,0.050651778,0.056279753,37.8081,16.4013,54.2094,0.825,125,FF,saed05rvt_base_ff0p825v125c,68.0625,5.874930731,5.874930731,0,4.143134726,0,5.087596335,4.477336814,0,0,3.828641396,2.236267497,5.983936281,2.397895273,2.197224577,39.994965,14.49984,54.494804,0.526485042,5.78411663,11.59335063,Ok,Ok,Ok,,,
moving_average_filter,100,0.9,0.37,355,355,0,62,0,161,87,0,0,45,8.358336,0.023544608,396,10,8,283,84.87323944,1.881690141,1,1,0,1,0.01,0,0,0.052925442,0.058806047,38.4607,16.0102,54.4709,0.825,125,FF,saed05rvt_base_ff0p825v125c,68.0625,5.874930731,5.874930731,0,4.143134726,0,5.087596335,4.477336814,0,0,3.828641396,2.236267497,5.983936281,2.397895273,2.197224577,40.399853,14.57019,54.970043,0.91634833,5.041907071,8.994325932,Ok,Ok,Ok,,,
moving_average_filter,100,0.9,0.63,355,355,0,62,0,161,87,0,0,45,8.358336,0.023544608,396,10,8,283,84.87323944,1.881690141,1,1,0,1,0.01,0,0,0.052924609,0.058805121,38.0715,15.6481,53.7196,0.825,125,FF,saed05rvt_base_ff0p825v125c,68.0625,5.874930731,5.874930731,0,4.143134726,0,5.087596335,4.477336814,0,0,3.828641396,2.236267497,5.983936281,2.397895273,2.197224577,40.70588,14.461308,55.167187,2.694708704,6.919557179,7.584259267,Ok,Ok,Ok,,,
moving_average_filter,100,0.9,0.9,355,355,0,62,0,161,87,0,0,45,8.358336,0.023544608,396,10,8,283,84.87323944,1.881690141,1,1,0,1,0.01,0,0,0.050650934,0.056278816,37.1008,15.2159,52.3167,0.825,125,FF,saed05rvt_base_ff0p825v125c,68.0625,5.874930731,5.874930731,0,4.143134726,0,5.087596335,4.477336814,0,0,3.828641396,2.236267497,5.983936281,2.397895273,2.197224577,40.745502,14.276905,55.022408,5.171785552,9.823784048,6.17114295,Ok,Ok,Ok,,,
moving_average_filter,200,0.1,0.1,355,355,0,62,0,161,87,0,0,45,8.358336,0.023544608,396,10,8,283,84.87323944,1.881690141,1,1,0,1,0.01,0,0,0.013241556,0.132415556,6.7946,16.4846,23.2792,0.825,125,FF,saed05rvt_base_ff0p825v125c,136.125,5.874930731,5.874930731,0,4.143134726,0,5.087596335,4.477336814,0,0,3.828641396,2.236267497,5.983936281,2.397895273,2.197224577,5.445056,14.4709835,19.916039,14.44706642,19.86200863,12.21513713,Ok,Anomal,Ok,,,
moving_average_filter,200,0.1,0.37,355,355,0,62,0,161,87,0,0,45,8.358336,0.023544608,396,10,8,283,84.87323944,1.881690141,1,1,0,1,0.01,0,0,0.013602437,0.136024369,6.5876,16.074,22.6616,0.825,125,FF,saed05rvt_base_ff0p825v125c,136.125,5.874930731,5.874930731,0,4.143134726,0,5.087596335,4.477336814,0,0,3.828641396,2.236267497,5.983936281,2.397895273,2.197224577,5.509107,14.530787,20.039894,11.56893554,16.37156001,9.600675202,Ok,Anomal,Ok,,,
moving_average_filter,200,0.1,0.63,355,355,0,62,0,161,87,0,0,45,8.358336,0.023544608,396,10,8,283,84.87323944,1.881690141,1,1,0,1,0.01,0,0,0.013377033,0.133770328,6.2744,15.6705,21.9449,0.825,125,FF,saed05rvt_base_ff0p825v125c,136.125,5.874930731,5.874930731,0,4.143134726,0,5.087596335,4.477336814,0,0,3.828641396,2.236267497,5.983936281,2.397895273,2.197224577,5.5475593,14.471057,20.018616,8.777822079,11.584227,7.65414672,Ok,Ok,Ok,,,
moving_average_filter,200,0.1,0.9,355,355,0,62,0,161,87,0,0,45,8.358336,0.023544608,396,10,8,283,84.87323944,1.881690141,1,1,0,1,0.01,0,0,0.013047634,0.130476338,5.938,15.2213,21.1593,0.825,125,FF,saed05rvt_base_ff0p825v125c,136.125,5.874930731,5.874930731,0,4.143134726,0,5.087596335,4.477336814,0,0,3.828641396,2.236267497,5.983936281,2.397895273,2.197224577,5.5949535,14.347579,19.942532,5.750513553,5.777138144,5.740120736,Ok,Ok,Ok,,,
moving_average_filter,200,0.37,0.1,355,355,0,62,0,161,87,0,0,45,8.358336,0.023544608,396,10,8,283,84.87323944,1.881690141,1,1,0,1,0.01,0,0,0.029636962,0.080099898,19.0695,16.488,35.5575,0.825,125,FF,saed05rvt_base_ff0p825v125c,136.125,5.874930731,5.874930731,0,4.143134726,0,5.087596335,4.477336814,0,0,3.828641396,2.236267497,5.983936281,2.397895273,2.197224577,18.667892,14.5199375,33.187828,6.664337864,2.106020315,11.93633239,Ok,Ok,Ok,,,
moving_average_filter,200,0.37,0.37,355,355,0,62,0,161,87,0,0,45,8.358336,0.023544608,396,10,8,283,84.87323944,1.881690141,1,1,0,1,0.01,0,0,0.030556707,0.082585695,18.9238,16.0713,34.9951,0.825,125,FF,saed05rvt_base_ff0p825v125c,136.125,5.874930731,5.874930731,0,4.143134726,0,5.087596335,4.477336814,0,0,3.828641396,2.236267497,5.983936281,2.397895273,2.197224577,18.88664,14.58268,33.469322,4.359975526,0.196363581,9.26260011,Ok,Ok,Ok,,,
moving_average_filter,200,0.37,0.63,355,355,0,62,0,161,87,0,0,45,8.358336,0.023544608,396,10,8,283,84.87323944,1.881690141,1,1,0,1,0.01,0,0,0.030417207,0.082208668,18.3149,15.6788,33.9937,0.825,125,FF,saed05rvt_base_ff0p825v125c,136.125,5.874930731,5.874930731,0,4.143134726,0,5.087596335,4.477336814,0,0,3.828641396,2.236267497,5.983936281,2.397895273,2.197224577,19.030197,14.517751,33.547947,1.311281414,3.905547634,7.405217618,Ok,Ok,Ok,,,
moving_average_filter,200,0.37,0.9,355,355,0,62,0,161,87,0,0,45,8.358336,0.023544608,396,10,8,283,84.87323944,1.881690141,1,1,0,1,0.01,0,0,0.029320644,0.079244984,17.4568,15.2883,32.7451,0.825,125,FF,saed05rvt_base_ff0p825v125c,136.125,5.874930731,5.874930731,0,4.143134726,0,5.087596335,4.477336814,0,0,3.828641396,2.236267497,5.983936281,2.397895273,2.197224577,19.083828,14.362145,33.445972,2.140388768,9.320310552,6.057930418,Ok,Ok,Ok,,,
moving_average_filter,200,0.63,0.1,355,355,0,62,0,161,87,0,0,45,8.358336,0.023544608,396,10,8,283,84.87323944,1.881690141,1,1,0,1,0.01,0,0,0.038576965,0.061233277,27.7796,16.4738,44.2534,0.825,125,FF,saed05rvt_base_ff0p825v125c,136.125,5.874930731,5.874930731,0,4.143134726,0,5.087596335,4.477336814,0,0,3.828641396,2.236267497,5.983936281,2.397895273,2.197224577,29.44835,14.517559,43.96591,0.649640784,6.007109197,11.87486159,Ok,Ok,Ok,,,
moving_average_filter,200,0.63,0.37,355,355,0,62,0,161,87,0,0,45,8.358336,0.023544608,396,10,8,283,84.87323944,1.881690141,1,1,0,1,0.01,0,0,0.043121884,0.068447435,29.2167,16.0683,45.285,0.825,125,FF,saed05rvt_base_ff0p825v125c,136.125,5.874930731,5.874930731,0,4.143134726,0,5.087596335,4.477336814,0,0,3.828641396,2.236267497,5.983936281,2.397895273,2.197224577,30.143291,14.581372,44.724663,1.237357225,3.171444665,9.253796226,Ok,Ok,Ok,,,
moving_average_filter,200,0.63,0.63,355,355,0,62,0,161,87,0,0,45,8.358336,0.023544608,396,10,8,283,84.87323944,1.881690141,1,1,0,1,0.01,0,0,0.043119199,0.068443174,28.5678,15.6923,44.2601,0.825,125,FF,saed05rvt_base_ff0p825v125c,136.125,5.874930731,5.874930731,0,4.143134726,0,5.087596335,4.477336814,0,0,3.828641396,2.236267497,5.983936281,2.397895273,2.197224577,30.42036,14.4929495,44.91331,1.475846202,6.484785546,7.64292369,Ok,Ok,Ok,,,
moving_average_filter,200,0.63,0.9,355,355,0,62,0,161,87,0,0,45,8.358336,0.023544608,396,10,8,283,84.87323944,1.881690141,1,1,0,1,0.01,0,0,0.038574636,0.061229582,26.7633,15.2459,42.0092,0.825,125,FF,saed05rvt_base_ff0p825v125c,136.125,5.874930731,5.874930731,0,4.143134726,0,5.087596335,4.477336814,0,0,3.828641396,2.236267497,5.983936281,2.397895273,2.197224577,30.356346,14.329462,44.685806,6.371476425,13.42527316,6.011045256,Ok,Ok,Ok,,,
moving_average_filter,200,0.9,0.1,355,355,0,62,0,161,87,0,0,45,8.358336,0.023544608,396,10,8,283,84.87323944,1.881690141,1,1,0,1,0.01,0,0,0.050849692,0.056499658,38.2377,16.4738,54.7115,0.825,125,FF,saed05rvt_base_ff0p825v125c,136.125,5.874930731,5.874930731,0,4.143134726,0,5.087596335,4.477336814,0,0,3.828641396,2.236267497,5.983936281,2.397895273,2.197224577,41.15286,14.506656,55.659515,1.732753408,7.623781593,11.94104765,Ok,Ok,Ok,,,
moving_average_filter,200,0.9,0.37,355,355,0,62,0,161,87,0,0,45,8.358336,0.023544608,396,10,8,283,84.87323944,1.881690141,1,1,0,1,0.01,0,0,0.055394611,0.061549568,39.6672,16.0683,55.7355,0.825,125,FF,saed05rvt_base_ff0p825v125c,136.125,5.874930731,5.874930731,0,4.143134726,0,5.087596335,4.477336814,0,0,3.828641396,2.236267497,5.983936281,2.397895273,2.197224577,41.897205,14.561599,56.458805,1.297745753,5.621786647,9.376855188,Ok,Ok,Ok,,,
moving_average_filter,200,0.9,0.63,355,355,0,62,0,161,87,0,0,45,8.358336,0.023544608,396,10,8,283,84.87323944,1.881690141,1,1,0,1,0.01,0,0,0.055391927,0.061546585,39.0106,15.6923,54.7029,0.825,125,FF,saed05rvt_base_ff0p825v125c,136.125,5.874930731,5.874930731,0,4.143134726,0,5.087596335,4.477336814,0,0,3.828641396,2.236267497,5.983936281,2.397895273,2.197224577,42.21226,14.441025,56.653286,3.565416057,8.207157029,7.973816583,Ok,Ok,Ok,,,
moving_average_filter,200,0.9,0.9,355,355,0,62,0,161,87,0,0,45,8.358336,0.023544608,396,10,8,283,84.87323944,1.881690141,1,1,0,1,0.01,0,0,0.050847364,0.056497071,37.1978,15.2459,52.4437,0.825,125,FF,saed05rvt_base_ff0p825v125c,136.125,5.874930731,5.874930731,0,4.143134726,0,5.087596335,4.477336814,0,0,3.828641396,2.236267497,5.983936281,2.397895273,2.197224577,42.080383,14.273722,56.354103,7.456382918,13.1260002,6.376654084,Ok,Ok,Ok,,,
moving_average_filter,300,0.1,0.1,355,355,0,62,0,161,87,0,0,45,8.358336,0.023544608,396,10,8,283,84.87323944,1.881690141,1,1,0,1,0.01,0,0,0.012660475,0.126604747,6.6551,16.5176,23.1727,0.825,125,FF,saed05rvt_base_ff0p825v125c,204.1875,5.874930731,5.874930731,0,4.143134726,0,5.087596335,4.477336814,0,0,3.828641396,2.236267497,5.983936281,2.397895273,2.197224577,5.5187464,14.485859,20.004604,13.67167253,17.07492936,12.30046183,Ok,Anomal,Ok,,,
moving_average_filter,300,0.1,0.37,355,355,0,62,0,161,87,0,0,45,8.358336,0.023544608,396,10,8,283,84.87323944,1.881690141,1,1,0,1,0.01,0,0,0.01293503,0.129350303,6.4149,16.0965,22.5114,0.825,125,FF,saed05rvt_base_ff0p825v125c,204.1875,5.874930731,5.874930731,0,4.143134726,0,5.087596335,4.477336814,0,0,3.828641396,2.236267497,5.983936281,2.397895273,2.197224577,5.597172,14.532375,20.129547,10.58065194,12.74732602,9.717172456,Ok,Ok,Ok,,,
moving_average_filter,300,0.1,0.63,355,355,0,62,0,161,87,0,0,45,8.358336,0.023544608,396,10,8,283,84.87323944,1.881690141,1,1,0,1,0.01,0,0,0.012744727,0.127447273,6.1177,15.6917,21.8094,0.825,125,FF,saed05rvt_base_ff0p825v125c,204.1875,5.874930731,5.874930731,0,4.143134726,0,5.087596335,4.477336814,0,0,3.828641396,2.236267497,5.983936281,2.397895273,2.197224577,5.6605134,14.4711895,20.131702,7.692543476,7.473177811,7.778064207,Ok,Ok,Ok,,,
moving_average_filter,300,0.1,0.9,355,355,0,62,0,161,87,0,0,45,8.358336,0.023544608,396,10,8,283,84.87323944,1.881690141,1,1,0,1,0.01,0,0,0.01244178,0.124417803,5.7906,15.2326,21.0232,0.825,125,FF,saed05rvt_base_ff0p825v125c,204.1875,5.874930731,5.874930731,0,4.143134726,0,5.087596335,4.477336814,0,0,3.828641396,2.236267497,5.983936281,2.397895273,2.197224577,5.723631,14.338156,20.061787,4.573106608,1.156513916,5.871907971,Ok,Ok,Ok,,,
moving_average_filter,300,0.37,0.1,355,355,0,62,0,161,87,0,0,45,8.358336,0.023544608,396,10,8,283,84.87323944,1.881690141,1,1,0,1,0.01,0,0,0.030097008,0.081343264,19.4196,16.5174,35.937,0.825,125,FF,saed05rvt_base_ff0p825v125c,204.1875,5.874930731,5.874930731,0,4.143134726,0,5.087596335,4.477336814,0,0,3.828641396,2.236267497,5.983936281,2.397895273,2.197224577,18.790648,14.521285,33.31193,7.304639758,3.238751021,12.08492222,Ok,Ok,Ok,,,
moving_average_filter,300,0.37,0.37,355,355,0,62,0,161,87,0,0,45,8.358336,0.023544608,396,10,8,283,84.87323944,1.881690141,1,1,0,1,0.01,0,0,0.031234894,0.084418632,19.2978,16.0963,35.3941,0.825,125,FF,saed05rvt_base_ff0p825v125c,204.1875,5.874930731,5.874930731,0,4.143134726,0,5.087596335,4.477336814,0,0,3.828641396,2.236267497,5.983936281,2.397895273,2.197224577,19.012093,14.572964,33.585056,5.111144781,1.480518037,9.46389099,Ok,Ok,Ok,,,
moving_average_filter,300,0.37,0.63,355,355,0,62,0,161,87,0,0,45,8.358336,0.023544608,396,10,8,283,84.87323944,1.881690141,1,1,0,1,0.01,0,0,0.030972513,0.083709494,18.5598,15.6904,34.2502,0.825,125,FF,saed05rvt_base_ff0p825v125c,204.1875,5.874930731,5.874930731,0,4.143134726,0,5.087596335,4.477336814,0,0,3.828641396,2.236267497,5.983936281,2.397895273,2.197224577,19.14164,14.503828,33.64547,1.765625703,3.13494601,7.562407276,Ok,Ok,Ok,,,
moving_average_filter,300,0.37,0.9,355,355,0,62,0,161,87,0,0,45,8.358336,0.023544608,396,10,8,283,84.87323944,1.881690141,1,1,0,1,0.01,0,0,0.029662237,0.080168209,17.5381,15.2827,32.8208,0.825,125,FF,saed05rvt_base_ff0p825v125c,204.1875,5.874930731,5.874930731,0,4.143134726,0,5.087596335,4.477336814,0,0,3.828641396,2.236267497,5.983936281,2.397895273,2.197224577,19.167894,14.351978,33.519875,2.129974202,9.292878723,6.09003447,Ok,Ok,Ok,,,
moving_average_filter,300,0.63,0.1,355,355,0,62,0,161,87,0,0,45,8.358336,0.023544608,396,10,8,283,84.87323944,1.881690141,1,1,0,1,0.01,0,0,0.039201545,0.062224675,28.2325,16.5062,44.7387,0.825,125,FF,saed05rvt_base_ff0p825v125c,204.1875,5.874930731,5.874930731,0,4.143134726,0,5.087596335,4.477336814,0,0,3.828641396,2.236267497,5.983936281,2.397895273,2.197224577,29.933933,14.526803,44.460735,0.621307009,6.026505829,11.99183933,Ok,Ok,Ok,,,
moving_average_filter,300,0.63,0.37,355,355,0,62,0,161,87,0,0,45,8.358336,0.023544608,396,10,8,283,84.87323944,1.881690141,1,1,0,1,0.01,0,0,0.046019146,0.073046264,30.4644,16.0943,46.5587,0.825,125,FF,saed05rvt_base_ff0p825v125c,204.1875,5.874930731,5.874930731,0,4.143134726,0,5.087596335,4.477336814,0,0,3.828641396,2.236267497,5.983936281,2.397895273,2.197224577,30.71308,14.5694,45.28248,2.741102452,0.816295258,9.474784031,Ok,Ok,Ok,,,
moving_average_filter,300,0.63,0.63,355,355,0,62,0,161,87,0,0,45,8.358336,0.023544608,396,10,8,283,84.87323944,1.881690141,1,1,0,1,0.01,0,0,0.046017667,0.073043915,29.5655,15.7122,45.2777,0.825,125,FF,saed05rvt_base_ff0p825v125c,204.1875,5.874930731,5.874930731,0,4.143134726,0,5.087596335,4.477336814,0,0,3.828641396,2.236267497,5.983936281,2.397895273,2.197224577,30.995995,14.470006,45.466,0.415877139,4.83839126,7.90592031,Ok,Ok,Ok,,,
moving_average_filter,300,0.63,0.9,355,355,0,62,0,161,87,0,0,45,8.358336,0.023544608,396,10,8,283,84.87323944,1.881690141,1,1,0,1,0.01,0,0,0.039200177,0.062222503,26.9353,15.2594,42.1947,0.825,125,FF,saed05rvt_base_ff0p825v125c,204.1875,5.874930731,5.874930731,0,4.143134726,0,5.087596335,4.477336814,0,0,3.828641396,2.236267497,5.983936281,2.397895273,2.197224577,30.611622,14.322082,44.933704,6.491346961,13.64871324,6.142564152,Ok,Ok,Ok,,,
moving_average_filter,300,0.9,0.1,355,355,0,62,0,161,87,0,0,45,8.358336,0.023544608,396,10,8,283,84.87323944,1.881690141,1,1,0,1,0.01,0,0,0.051474273,0.057193636,38.6921,16.5062,55.1983,0.825,125,FF,saed05rvt_base_ff0p825v125c,204.1875,5.874930731,5.874930731,0,4.143134726,0,5.087596335,4.477336814,0,0,3.828641396,2.236267497,5.983936281,2.397895273,2.197224577,41.71828,14.513948,56.23223,1.873121346,7.821185183,12.06971659,Ok,Ok,Ok,,,
moving_average_filter,300,0.9,0.37,355,355,0,62,0,161,87,0,0,45,8.358336,0.023544608,396,10,8,283,84.87323944,1.881690141,1,1,0,1,0.01,0,0,0.058291874,0.064768749,40.9163,16.0943,57.0106,0.825,125,FF,saed05rvt_base_ff0p825v125c,204.1875,5.874930731,5.874930731,0,4.143134726,0,5.087596335,4.477336814,0,0,3.828641396,2.236267497,5.983936281,2.397895273,2.197224577,42.625244,14.554107,57.17935,0.296000755,4.176682986,9.569806004,Ok,Ok,Ok,,,
moving_average_filter,300,0.9,0.63,355,355,0,62,0,161,87,0,0,45,8.358336,0.023544608,396,10,8,283,84.87323944,1.881690141,1,1,0,1,0.01,0,0,0.058290394,0.064767104,40.0097,15.7122,55.7219,0.825,125,FF,saed05rvt_base_ff0p825v125c,204.1875,5.874930731,5.874930731,0,4.143134726,0,5.087596335,4.477336814,0,0,3.828641396,2.236267497,5.983936281,2.397895273,2.197224577,42.937523,14.425184,57.36271,2.944639442,7.317782658,8.191187422,Ok,Ok,Ok,,,
moving_average_filter,300,0.9,0.9,355,355,0,62,0,161,87,0,0,45,8.358336,0.023544608,396,10,8,283,84.87323944,1.881690141,1,1,0,1,0.01,0,0,0.051472904,0.057192116,37.3712,15.2594,52.6306,0.825,125,FF,saed05rvt_base_ff0p825v125c,204.1875,5.874930731,5.874930731,0,4.143134726,0,5.087596335,4.477336814,0,0,3.828641396,2.236267497,5.983936281,2.397895273,2.197224577,42.847652,14.268763,57.116417,8.523210701,14.65420547,6.491981411,Ok,Ok,Ok,,,
moving_average_filter,450,0.1,0.1,355,355,0,62,0,161,87,0,0,45,8.358336,0.023544608,396,10,8,283,84.87323944,1.881690141,1,1,0,1,0.01,0,0,0.013070533,0.130705328,6.7958,16.4972,23.293,0.825,125,FF,saed05rvt_base_ff0p825v125c,306.28125,5.874930731,5.874930731,0,4.143134726,0,5.087596335,4.477336814,0,0,3.828641396,2.236267497,5.983936281,2.397895273,2.197224577,5.746337,14.508028,20.254364,13.04527535,15.44281855,12.05763384,Ok,Anomal,Ok,,,
moving_average_filter,450,0.1,0.37,355,355,0,62,0,161,87,0,0,45,8.358336,0.023544608,396,10,8,283,84.87323944,1.881690141,1,1,0,1,0.01,0,0,0.013353924,0.133539242,6.5368,16.0746,22.6114,0.825,125,FF,saed05rvt_base_ff0p825v125c,306.28125,5.874930731,5.874930731,0,4.143134726,0,5.087596335,4.477336814,0,0,3.828641396,2.236267497,5.983936281,2.397895273,2.197224577,5.8215404,14.516926,20.338467,10.05215668,10.94204572,9.690282733,Ok,Ok,Ok,,,
moving_average_filter,450,0.1,0.63,355,355,0,62,0,161,87,0,0,45,8.358336,0.023544608,396,10,8,283,84.87323944,1.881690141,1,1,0,1,0.01,0,0,0.013099788,0.130997879,6.2061,15.669,21.8751,0.825,125,FF,saed05rvt_base_ff0p825v125c,306.28125,5.874930731,5.874930731,0,4.143134726,0,5.087596335,4.477336814,0,0,3.828641396,2.236267497,5.983936281,2.397895273,2.197224577,5.8904815,14.457629,20.34811,6.980492894,5.085617827,7.731002592,Ok,Ok,Ok,,,
moving_average_filter,450,0.1,0.9,355,355,0,62,0,161,87,0,0,45,8.358336,0.023544608,396,10,8,283,84.87323944,1.881690141,1,1,0,1,0.01,0,0,0.012851523,0.128515227,5.8854,15.2119,21.0973,0.825,125,FF,saed05rvt_base_ff0p825v125c,306.28125,5.874930731,5.874930731,0,4.143134726,0,5.087596335,4.477336814,0,0,3.828641396,2.236267497,5.983936281,2.397895273,2.197224577,5.963523,14.29566,20.259182,3.972631681,1.327401894,6.023179097,Ok,Ok,Ok,,,
moving_average_filter,450,0.37,0.1,355,355,0,62,0,161,87,0,0,45,8.358336,0.023544608,396,10,8,283,84.87323944,1.881690141,1,1,0,1,0.01,0,0,0.03185574,0.086096594,20.1811,16.4915,36.6726,0.825,125,FF,saed05rvt_base_ff0p825v125c,306.28125,5.874930731,5.874930731,0,4.143134726,0,5.087596335,4.477336814,0,0,3.828641396,2.236267497,5.983936281,2.397895273,2.197224577,18.914444,14.539202,33.453644,8.77755109,6.276446924,11.83820916,Ok,Ok,Ok,,,
moving_average_filter,450,0.37,0.37,355,355,0,62,0,161,87,0,0,45,8.358336,0.023544608,396,10,8,283,84.87323944,1.881690141,1,1,0,1,0.01,0,0,0.032640727,0.088218182,19.8127,16.0735,35.8862,0.825,125,FF,saed05rvt_base_ff0p825v125c,306.28125,5.874930731,5.874930731,0,4.143134726,0,5.087596335,4.477336814,0,0,3.828641396,2.236267497,5.983936281,2.397895273,2.197224577,19.040998,14.561826,33.602825,6.362821461,3.894984233,9.404760928,Ok,Ok,Ok,,,
moving_average_filter,450,0.37,0.63,355,355,0,62,0,161,87,0,0,45,8.358336,0.023544608,396,10,8,283,84.87323944,1.881690141,1,1,0,1,0.01,0,0,0.032413336,0.08760361,19.0053,15.67,34.6753,0.825,125,FF,saed05rvt_base_ff0p825v125c,306.28125,5.874930731,5.874930731,0,4.143134726,0,5.087596335,4.477336814,0,0,3.828641396,2.236267497,5.983936281,2.397895273,2.197224577,19.19134,14.474384,33.665726,2.911508457,0.978882169,7.629966127,Ok,Ok,Ok,,,
moving_average_filter,450,0.37,0.9,355,355,0,62,0,161,87,0,0,45,8.358336,0.023544608,396,10,8,283,84.87323944,1.881690141,1,1,0,1,0.01,0,0,0.031318606,0.084644881,17.9343,15.2421,33.1764,0.825,125,FF,saed05rvt_base_ff0p825v125c,306.28125,5.874930731,5.874930731,0,4.143134726,0,5.087596335,4.477336814,0,0,3.828641396,2.236267497,5.983936281,2.397895273,2.197224577,19.235971,14.33375,33.56972,1.185545213,7.257999759,5.959482151,Ok,Ok,Ok,,,
moving_average_filter,450,0.63,0.1,355,355,0,62,0,161,87,0,0,45,8.358336,0.023544608,396,10,8,283,84.87323944,1.881690141,1,1,0,1,0.01,0,0,0.047271912,0.07503478,31.959,16.4915,48.4505,0.825,125,FF,saed05rvt_base_ff0p825v125c,306.28125,5.874930731,5.874930731,0,4.143134726,0,5.087596335,4.477336814,0,0,3.828641396,2.236267497,5.983936281,2.397895273,2.197224577,30.738434,14.528565,45.267,6.570627153,3.819162559,11.90270499,Ok,Ok,Ok,,,
moving_average_filter,450,0.63,0.37,355,355,0,62,0,161,87,0,0,45,8.358336,0.023544608,396,10,8,283,84.87323944,1.881690141,1,1,0,1,0.01,0,0,0.049560904,0.078668102,31.9339,16.0737,48.0076,0.825,125,FF,saed05rvt_base_ff0p825v125c,306.28125,5.874930731,5.874930731,0,4.143134726,0,5.087596335,4.477336814,0,0,3.828641396,2.236267497,5.983936281,2.397895273,2.197224577,31.242767,14.559425,45.802193,4.593871204,2.164260131,9.420821877,Ok,Ok,Ok,,,
moving_average_filter,450,0.63,0.63,355,355,0,62,0,161,87,0,0,45,8.358336,0.023544608,396,10,8,283,84.87323944,1.881690141,1,1,0,1,0.01,0,0,0.049278949,0.078220555,30.7545,15.6693,46.4238,0.825,125,FF,saed05rvt_base_ff0p825v125c,306.28125,5.874930731,5.874930731,0,4.143134726,0,5.087596335,4.477336814,0,0,3.828641396,2.236267497,5.983936281,2.397895273,2.197224577,31.275555,14.441706,45.717262,1.521929984,1.694238752,7.83439143,Ok,Ok,Ok,,,
moving_average_filter,450,0.63,0.9,355,355,0,62,0,161,87,0,0,45,8.358336,0.023544608,396,10,8,283,84.87323944,1.881690141,1,1,0,1,0.01,0,0,0.046850487,0.074365853,28.9891,15.2697,44.2588,0.825,125,FF,saed05rvt_base_ff0p825v125c,306.28125,5.874930731,5.874930731,0,4.143134726,0,5.087596335,4.477336814,0,0,3.828641396,2.236267497,5.983936281,2.397895273,2.197224577,31.2655,14.302761,45.56826,2.958643689,7.852603616,6.332402877,Ok,Ok,Ok,,,
moving_average_filter,450,0.9,0.1,355,355,0,62,0,161,87,0,0,45,8.358336,0.023544608,396,10,8,283,84.87323944,1.881690141,1,1,0,1,0.01,0,0,0.055006303,0.061118114,40.3077,16.4787,56.7864,0.825,125,FF,saed05rvt_base_ff0p825v125c,306.28125,5.874930731,5.874930731,0,4.143134726,0,5.087596335,4.477336814,0,0,3.828641396,2.236267497,5.983936281,2.397895273,2.197224577,42.380436,14.519091,56.89953,0.1992176,5.142282848,11.89177148,Ok,Ok,Ok,,,
moving_average_filter,450,0.9,0.37,355,355,0,62,0,161,87,0,0,45,8.358336,0.023544608,396,10,8,283,84.87323944,1.881690141,1,1,0,1,0.01,0,0,0.065235111,0.072483457,43.6172,16.0696,59.6868,0.825,125,FF,saed05rvt_base_ff0p825v125c,306.28125,5.874930731,5.874930731,0,4.143134726,0,5.087596335,4.477336814,0,0,3.828641396,2.236267497,5.983936281,2.397895273,2.197224577,43.70135,14.531427,58.23278,2.436082255,0.19293115,9.571940911,Ok,Ok,Ok,,,
moving_average_filter,450,0.9,0.63,355,355,0,62,0,161,87,0,0,45,8.358336,0.023544608,396,10,8,283,84.87323944,1.881690141,1,1,0,1,0.01,0,0,0.065238439,0.072487155,42.2327,15.6902,57.9229,0.825,125,FF,saed05rvt_base_ff0p825v125c,306.28125,5.874930731,5.874930731,0,4.143134726,0,5.087596335,4.477336814,0,0,3.828641396,2.236267497,5.983936281,2.397895273,2.197224577,44.140575,14.401871,58.542446,1.069604831,4.517531223,8.211044298,Ok,Ok,Ok,,,
moving_average_filter,450,0.9,0.9,355,355,0,62,0,161,87,0,0,45,8.358336,0.023544608,396,10,8,283,84.87323944,1.881690141,1,1,0,1,0.01,0,0,0.055011159,0.06112351,38.2473,15.2401,53.4874,0.825,125,FF,saed05rvt_base_ff0p825v125c,306.28125,5.874930731,5.874930731,0,4.143134726,0,5.087596335,4.477336814,0,0,3.828641396,2.236267497,5.983936281,2.397895273,2.197224577,43.6448,14.258963,57.903763,8.25682837,14.11210276,6.437867001,Ok,Ok,Ok,,,
moving_average_filter,600,0.1,0.1,355,355,0,62,0,161,87,0,0,45,8.358336,0.023544608,396,10,8,283,84.87323944,1.881690141,1,1,0,1,0.01,0,0,0.013293462,0.132934621,6.8592,16.4971,23.3563,0.825,125,FF,saed05rvt_base_ff0p825v125c,408.375,5.874930731,5.874930731,0,4.143134726,0,5.087596335,4.477336814,0,0,3.828641396,2.236267497,5.983936281,2.397895273,2.197224577,5.90472,14.530068,20.434788,12.50845489,13.91532789,11.9234993,Ok,Ok,Ok,,,
moving_average_filter,600,0.1,0.37,355,355,0,62,0,161,87,0,0,45,8.358336,0.023544608,396,10,8,283,84.87323944,1.881690141,1,1,0,1,0.01,0,0,0.013620982,0.136209823,6.6097,16.0705,22.6802,0.825,125,FF,saed05rvt_base_ff0p825v125c,408.375,5.874930731,5.874930731,0,4.143134726,0,5.087596335,4.477336814,0,0,3.828641396,2.236267497,5.983936281,2.397895273,2.197224577,6.021342,14.528362,20.549704,9.393640276,8.901435758,9.596078067,Ok,Ok,Ok,,,
moving_average_filter,600,0.1,0.63,355,355,0,62,0,161,87,0,0,45,8.358336,0.023544608,396,10,8,283,84.87323944,1.881690141,1,1,0,1,0.01,0,0,0.013378561,0.133785606,6.2773,15.6668,21.9441,0.825,125,FF,saed05rvt_base_ff0p825v125c,408.375,5.874930731,5.874930731,0,4.143134726,0,5.087596335,4.477336814,0,0,3.828641396,2.236267497,5.983936281,2.397895273,2.197224577,6.113545,14.439331,20.552876,6.339856641,2.608686203,7.834841482,Ok,Ok,Ok,,,
moving_average_filter,600,0.1,0.9,355,355,0,62,0,161,87,0,0,45,8.358336,0.023544608,396,10,8,283,84.87323944,1.881690141,1,1,0,1,0.01,0,0,0.013150412,0.131504116,5.9546,15.2102,21.1648,0.825,125,FF,saed05rvt_base_ff0p825v125c,408.375,5.874930731,5.874930731,0,4.143134726,0,5.087596335,4.477336814,0,0,3.828641396,2.236267497,5.983936281,2.397895273,2.197224577,6.1915894,14.257391,20.44898,3.382123472,3.979937451,6.264276762,Ok,Ok,Ok,,,
moving_average_filter,600,0.37,0.1,355,355,0,62,0,161,87,0,0,45,8.358336,0.023544608,396,10,8,283,84.87323944,1.881690141,1,1,0,1,0.01,0,0,0.032929114,0.088997604,20.636,16.4863,37.1223,0.825,125,FF,saed05rvt_base_ff0p825v125c,408.375,5.874930731,5.874930731,0,4.143134726,0,5.087596335,4.477336814,0,0,3.828641396,2.236267497,5.983936281,2.397895273,2.197224577,19.05179,14.558242,33.61003,9.461344992,7.676922672,11.69491126,Ok,Ok,Ok,,,
moving_average_filter,600,0.37,0.37,355,355,0,62,0,161,87,0,0,45,8.358336,0.023544608,396,10,8,283,84.87323944,1.881690141,1,1,0,1,0.01,0,0,0.03332327,0.090062892,20.0489,16.0699,36.1188,0.825,125,FF,saed05rvt_base_ff0p825v125c,408.375,5.874930731,5.874930731,0,4.143134726,0,5.087596335,4.477336814,0,0,3.828641396,2.236267497,5.983936281,2.397895273,2.197224577,19.139425,14.570885,33.71031,6.66823956,4.536282401,9.328093488,Ok,Ok,Ok,,,
moving_average_filter,600,0.37,0.63,355,355,0,62,0,161,87,0,0,45,8.358336,0.023544608,396,10,8,283,84.87323944,1.881690141,1,1,0,1,0.01,0,0,0.033164616,0.089634098,19.2303,15.6675,34.8978,0.825,125,FF,saed05rvt_base_ff0p825v125c,408.375,5.874930731,5.874930731,0,4.143134726,0,5.087596335,4.477336814,0,0,3.828641396,2.236267497,5.983936281,2.397895273,2.197224577,19.365559,14.44689,33.812447,3.110091197,0.703362008,7.790714043,Ok,Ok,Ok,,,
moving_average_filter,600,0.37,0.9,355,355,0,62,0,161,87,0,0,45,8.358336,0.023544608,396,10,8,283,84.87323944,1.881690141,1,1,0,1,0.01,0,0,0.03228946,0.08726881,18.1581,15.2261,33.3842,0.825,125,FF,saed05rvt_base_ff0p825v125c,408.375,5.874930731,5.874930731,0,4.143134726,0,5.087596335,4.477336814,0,0,3.828641396,2.236267497,5.983936281,2.397895273,2.197224577,19.471558,14.3187685,33.790325,1.216519086,7.233452934,5.959053853,Ok,Ok,Ok,,,
moving_average_filter,600,0.63,0.1,355,355,0,62,0,161,87,0,0,45,8.358336,0.023544608,396,10,8,283,84.87323944,1.881690141,1,1,0,1,0.01,0,0,0.049267972,0.078203131,32.8469,16.4866,49.3335,0.825,125,FF,saed05rvt_base_ff0p825v125c,408.375,5.874930731,5.874930731,0,4.143134726,0,5.087596335,4.477336814,0,0,3.828641396,2.236267497,5.983936281,2.397895273,2.197224577,30.94629,14.544594,45.490883,7.789062455,5.786271878,11.7793007,Ok,Ok,Ok,,,
moving_average_filter,600,0.63,0.37,355,355,0,62,0,161,87,0,0,45,8.358336,0.023544608,396,10,8,283,84.87323944,1.881690141,1,1,0,1,0.01,0,0,0.051174091,0.081228716,32.5494,16.0701,48.6195,0.825,125,FF,saed05rvt_base_ff0p825v125c,408.375,5.874930731,5.874930731,0,4.143134726,0,5.087596335,4.477336814,0,0,3.828641396,2.236267497,5.983936281,2.397895273,2.197224577,31.317383,14.555964,45.87335,5.648251759,3.785068811,9.422066634,Ok,Ok,Ok,,,
moving_average_filter,600,0.63,0.63,355,355,0,62,0,161,87,0,0,45,8.358336,0.023544608,396,10,8,283,84.87323944,1.881690141,1,1,0,1,0.01,0,0,0.050886801,0.080772699,31.2736,15.6668,46.9404,0.825,125,FF,saed05rvt_base_ff0p825v125c,408.375,5.874930731,5.874930731,0,4.143134726,0,5.087596335,4.477336814,0,0,3.828641396,2.236267497,5.983936281,2.397895273,2.197224577,31.49562,14.417551,45.91317,2.188371082,0.709930189,7.973861665,Ok,Ok,Ok,,,
moving_average_filter,600,0.63,0.9,355,355,0,62,0,161,87,0,0,45,8.358336,0.023544608,396,10,8,283,84.87323944,1.881690141,1,1,0,1,0.01,0,0,0.048746225,0.07737496,29.4504,15.2522,44.7026,0.825,125,FF,saed05rvt_base_ff0p825v125c,408.375,5.874930731,5.874930731,0,4.143134726,0,5.087596335,4.477336814,0,0,3.828641396,2.236267497,5.983936281,2.397895273,2.197224577,31.553104,14.280584,45.833687,2.530248416,7.1398161,6.370331262,Ok,Ok,Ok,,,
moving_average_filter,600,0.9,0.1,355,355,0,62,0,161,87,0,0,45,8.358336,0.023544608,396,10,8,283,84.87323944,1.881690141,1,1,0,1,0.01,0,0,0.064942028,0.072157809,44.9212,16.4863,61.4075,0.825,125,FF,saed05rvt_base_ff0p825v125c,408.375,5.874930731,5.874930731,0,4.143134726,0,5.087596335,4.477336814,0,0,3.828641396,2.236267497,5.983936281,2.397895273,2.197224577,43.0027,14.524016,57.52672,6.319719677,4.270810206,11.90251069,Ok,Ok,Ok,,,
moving_average_filter,600,0.9,0.37,355,355,0,62,0,161,87,0,0,45,8.358336,0.023544608,396,10,8,283,84.87323944,1.881690141,1,1,0,1,0.01,0,0,0.068312745,0.07590305,44.9511,16.07,61.0211,0.825,125,FF,saed05rvt_base_ff0p825v125c,408.375,5.874930731,5.874930731,0,4.143134726,0,5.087596335,4.477336814,0,0,3.828641396,2.236267497,5.983936281,2.397895273,2.197224577,43.76114,14.509078,58.270218,4.508083441,2.647234626,9.713266796,Ok,Ok,Ok,,,
moving_average_filter,600,0.9,0.63,355,355,0,62,0,161,87,0,0,45,8.358336,0.023544608,396,10,8,283,84.87323944,1.881690141,1,1,0,1,0.01,0,0,0.068078503,0.075642781,43.3496,15.6673,59.0169,0.825,125,FF,saed05rvt_base_ff0p825v125c,408.375,5.874930731,5.874930731,0,4.143134726,0,5.087596335,4.477336814,0,0,3.828641396,2.236267497,5.983936281,2.397895273,2.197224577,44.19345,14.379781,58.57323,0.751766454,1.946617564,8.217875643,Ok,Ok,Ok,,,
moving_average_filter,600,0.9,0.9,355,355,0,62,0,161,87,0,0,45,8.358336,0.023544608,396,10,8,283,84.87323944,1.881690141,1,1,0,1,0.01,0,0,0.064510939,0.071678822,40.8318,15.2717,56.1035,0.825,125,FF,saed05rvt_base_ff0p825v125c,408.375,5.874930731,5.874930731,0,4.143134726,0,5.087596335,4.477336814,0,0,3.828641396,2.236267497,5.983936281,2.397895273,2.197224577,44.42301,14.2430105,58.666023,4.567492678,8.795134625,6.735919898,Ok,Ok,Ok,,,
moving_average_filter,750,0.1,0.1,355,355,0,62,0,161,87,0,0,45,8.358336,0.023544608,396,10,8,283,84.87323944,1.881690141,1,1,0,1,0.01,0,0,0.013409955,0.134099545,6.909,16.4875,23.3965,0.825,125,FF,saed05rvt_base_ff0p825v125c,510.46875,5.874930731,5.874930731,0,4.143134726,0,5.087596335,4.477336814,0,0,3.828641396,2.236267497,5.983936281,2.397895273,2.197224577,6.0422606,14.54939,20.59165,11.98833155,12.54507676,11.75502751,Ok,Ok,Ok,,,
moving_average_filter,750,0.1,0.37,355,355,0,62,0,161,87,0,0,45,8.358336,0.023544608,396,10,8,283,84.87323944,1.881690141,1,1,0,1,0.01,0,0,0.01376646,0.137664596,6.6534,16.0617,22.7151,0.825,125,FF,saed05rvt_base_ff0p825v125c,510.46875,5.874930731,5.874930731,0,4.143134726,0,5.087596335,4.477336814,0,0,3.828641396,2.236267497,5.983936281,2.397895273,2.197224577,6.1826,14.537646,20.720245,8.782064084,7.076081081,9.488744693,Ok,Ok,Ok,,,
moving_average_filter,750,0.1,0.63,355,355,0,62,0,161,87,0,0,45,8.358336,0.023544608,396,10,8,283,84.87323944,1.881690141,1,1,0,1,0.01,0,0,0.013531412,0.135314116,6.3173,15.6586,21.9759,0.825,125,FF,saed05rvt_base_ff0p825v125c,510.46875,5.874930731,5.874930731,0,4.143134726,0,5.087596335,4.477336814,0,0,3.828641396,2.236267497,5.983936281,2.397895273,2.197224577,6.2864356,14.429311,20.715746,5.734254679,0.488569419,7.850569025,Ok,Ok,Ok,,,
moving_average_filter,750,0.1,0.9,355,355,0,62,0,161,87,0,0,45,8.358336,0.023544608,396,10,8,283,84.87323944,1.881690141,1,1,0,1,0.01,0,0,0.013298644,0.132986439,5.9875,15.202,21.1895,0.825,125,FF,saed05rvt_base_ff0p825v125c,510.46875,5.874930731,5.874930731,0,4.143134726,0,5.087596335,4.477336814,0,0,3.828641396,2.236267497,5.983936281,2.397895273,2.197224577,6.4141054,14.236347,20.650452,2.543940819,7.124933868,6.352143149,Ok,Ok,Ok,,,
moving_average_filter,750,0.37,0.1,355,355,0,62,0,161,87,0,0,45,8.358336,0.023544608,396,10,8,283,84.87323944,1.881690141,1,1,0,1,0.01,0,0,0.033698356,0.091076638,20.9734,16.475,37.4484,0.825,125,FF,saed05rvt_base_ff0p825v125c,510.46875,5.874930731,5.874930731,0,4.143134726,0,5.087596335,4.477336814,0,0,3.828641396,2.236267497,5.983936281,2.397895273,2.197224577,19.315226,14.575114,33.89034,9.501236641,7.906082937,11.53193171,Ok,Ok,Ok,,,
moving_average_filter,750,0.37,0.37,355,355,0,62,0,161,87,0,0,45,8.358336,0.023544608,396,10,8,283,84.87323944,1.881690141,1,1,0,1,0.01,0,0,0.03392001,0.091675703,20.2716,16.0616,36.3332,0.825,125,FF,saed05rvt_base_ff0p825v125c,510.46875,5.874930731,5.874930731,0,4.143134726,0,5.087596335,4.477336814,0,0,3.828641396,2.236267497,5.983936281,2.397895273,2.197224577,19.450762,14.5822115,34.032974,6.330919811,4.04920285,9.2107169,Ok,Ok,Ok,,,
moving_average_filter,750,0.37,0.63,355,355,0,62,0,161,87,0,0,45,8.358336,0.023544608,396,10,8,283,84.87323944,1.881690141,1,1,0,1,0.01,0,0,0.033656801,0.090964326,19.3812,15.6586,35.0398,0.825,125,FF,saed05rvt_base_ff0p825v125c,510.46875,5.874930731,5.874930731,0,4.143134726,0,5.087596335,4.477336814,0,0,3.828641396,2.236267497,5.983936281,2.397895273,2.197224577,19.712297,14.4336195,34.145916,2.551053416,1.708343341,7.823052513,Ok,Ok,Ok,,,
moving_average_filter,750,0.37,0.9,355,355,0,62,0,161,87,0,0,45,8.358336,0.023544608,396,10,8,283,84.87323944,1.881690141,1,1,0,1,0.01,0,0,0.032992934,0.089170093,18.3209,15.2089,33.5298,0.825,125,FF,saed05rvt_base_ff0p825v125c,510.46875,5.874930731,5.874930731,0,4.143134726,0,5.087596335,4.477336814,0,0,3.828641396,2.236267497,5.983936281,2.397895273,2.197224577,19.861462,14.294894,34.156357,1.868656573,8.40876616,6.009677107,Ok,Ok,Ok,,,
moving_average_filter,750,0.63,0.1,355,355,0,62,0,161,87,0,0,45,8.358336,0.023544608,396,10,8,283,84.87323944,1.881690141,1,1,0,1,0.01,0,0,0.050774806,0.080594929,33.5346,16.4752,50.0098,0.825,125,FF,saed05rvt_base_ff0p825v125c,510.46875,5.874930731,5.874930731,0,4.143134726,0,5.087596335,4.477336814,0,0,3.828641396,2.236267497,5.983936281,2.397895273,2.197224577,31.05333,14.561002,45.61433,8.78921673,7.399135616,11.61866455,Ok,Ok,Ok,,,
moving_average_filter,750,0.63,0.37,355,355,0,62,0,161,87,0,0,45,8.358336,0.023544608,396,10,8,283,84.87323944,1.881690141,1,1,0,1,0.01,0,0,0.052384545,0.083150072,33.0154,16.0613,49.0767,0.825,125,FF,saed05rvt_base_ff0p825v125c,510.46875,5.874930731,5.874930731,0,4.143134726,0,5.087596335,4.477336814,0,0,3.828641396,2.236267497,5.983936281,2.397895273,2.197224577,31.594109,14.553261,46.14737,5.968882617,4.304934723,9.38927233,Ok,Ok,Ok,,,
moving_average_filter,750,0.63,0.63,355,355,0,62,0,161,87,0,0,45,8.358336,0.023544608,396,10,8,283,84.87323944,1.881690141,1,1,0,1,0.01,0,0,0.052127348,0.082741823,31.6718,15.6593,47.3311,0.825,125,FF,saed05rvt_base_ff0p825v125c,510.46875,5.874930731,5.874930731,0,4.143134726,0,5.087596335,4.477336814,0,0,3.828641396,2.236267497,5.983936281,2.397895273,2.197224577,31.885906,14.394965,46.280872,2.218895515,0.676015318,8.074018814,Ok,Ok,Ok,,,
moving_average_filter,750,0.63,0.9,355,355,0,62,0,161,87,0,0,45,8.358336,0.023544608,396,10,8,283,84.87323944,1.881690141,1,1,0,1,0.01,0,0,0.050214573,0.079705672,29.8011,15.2335,45.0346,0.825,125,FF,saed05rvt_base_ff0p825v125c,510.46875,5.874930731,5.874930731,0,4.143134726,0,5.087596335,4.477336814,0,0,3.828641396,2.236267497,5.983936281,2.397895273,2.197224577,31.925224,14.265134,46.190357,2.566376094,7.127670805,6.356819787,Ok,Ok,Ok,,,
moving_average_filter,750,0.9,0.1,355,355,0,62,0,161,87,0,0,45,8.358336,0.023544608,396,10,8,283,84.87323944,1.881690141,1,1,0,1,0.01,0,0,0.067298896,0.074776552,46.0064,16.4751,62.4815,0.825,125,FF,saed05rvt_base_ff0p825v125c,510.46875,5.874930731,5.874930731,0,4.143134726,0,5.087596335,4.477336814,0,0,3.828641396,2.236267497,5.983936281,2.397895273,2.197224577,43.169918,14.540058,57.709976,7.636698549,6.165407291,11.7452511,Ok,Ok,Ok,,,
moving_average_filter,750,0.9,0.37,355,355,0,62,0,161,87,0,0,45,8.358336,0.023544608,396,10,8,283,84.87323944,1.881690141,1,1,0,1,0.01,0,0,0.070517354,0.078352615,45.8312,16.0614,61.8926,0.825,125,FF,saed05rvt_base_ff0p825v125c,510.46875,5.874930731,5.874930731,0,4.143134726,0,5.087596335,4.477336814,0,0,3.828641396,2.236267497,5.983936281,2.397895273,2.197224577,43.99231,14.508186,58.500496,5.480629493,4.012311329,9.670474925,Ok,Ok,Ok,,,
moving_average_filter,750,0.9,0.63,355,355,0,62,0,161,87,0,0,45,8.358336,0.023544608,396,10,8,283,84.87323944,1.881690141,1,1,0,1,0.01,0,0,0.070190376,0.077989307,44.0662,15.6588,59.725,0.825,125,FF,saed05rvt_base_ff0p825v125c,510.46875,5.874930731,5.874930731,0,4.143134726,0,5.087596335,4.477336814,0,0,3.828641396,2.236267497,5.983936281,2.397895273,2.197224577,44.5133,14.357927,58.87123,1.429500077,1.014614034,8.307614106,Ok,Ok,Ok,,,
moving_average_filter,750,0.9,0.9,355,355,0,62,0,161,87,0,0,45,8.358336,0.023544608,396,10,8,283,84.87323944,1.881690141,1,1,0,1,0.01,0,0,0.066798485,0.074220539,41.4023,15.2527,56.655,0.825,125,FF,saed05rvt_base_ff0p825v125c,510.46875,5.874930731,5.874930731,0,4.143134726,0,5.087596335,4.477336814,0,0,3.828641396,2.236267497,5.983936281,2.397895273,2.197224577,44.71654,14.219748,58.936287,4.02662947,8.004969024,6.772259709,Ok,Ok,Ok,,,
moving_average_filter,900,0.1,0.1,355,355,0,62,0,161,87,0,0,45,8.358336,0.023544608,396,10,8,283,84.87323944,1.881690141,1,1,0,1,0.01,0,0,0.013773018,0.137730177,7.0196,16.4719,23.4915,0.825,125,FF,saed05rvt_base_ff0p825v125c,612.5625,5.874930731,5.874930731,0,4.143134726,0,5.087596335,4.477336814,0,0,3.828641396,2.236267497,5.983936281,2.397895273,2.197224577,6.225153,14.564326,20.789478,11.50212502,11.31755414,11.58077522,Ok,Ok,Ok,,,
moving_average_filter,900,0.1,0.37,355,355,0,62,0,161,87,0,0,45,8.358336,0.023544608,396,10,8,283,84.87323944,1.881690141,1,1,0,1,0.01,0,0,0.014175295,0.141752955,6.7592,16.0452,22.8044,0.825,125,FF,saed05rvt_base_ff0p825v125c,612.5625,5.874930731,5.874930731,0,4.143134726,0,5.087596335,4.477336814,0,0,3.828641396,2.236267497,5.983936281,2.397895273,2.197224577,6.391574,14.543378,20.934952,8.197752266,5.438899486,9.359946425,Ok,Ok,Ok,,,
moving_average_filter,900,0.1,0.63,355,355,0,62,0,161,87,0,0,45,8.358336,0.023544608,396,10,8,283,84.87323944,1.881690141,1,1,0,1,0.01,0,0,0.013915056,0.139150556,6.4101,15.6435,22.0536,0.825,125,FF,saed05rvt_base_ff0p825v125c,612.5625,5.874930731,5.874930731,0,4.143134726,0,5.087596335,4.477336814,0,0,3.828641396,2.236267497,5.983936281,2.397895273,2.197224577,6.471496,14.4071045,20.878601,5.327923449,0.957802611,7.903573419,Ok,Ok,Ok,,,
moving_average_filter,900,0.1,0.9,355,355,0,62,0,161,87,0,0,45,8.358336,0.023544608,396,10,8,283,84.87323944,1.881690141,1,1,0,1,0.01,0,0,0.013688323,0.136883232,6.0754,15.1879,21.2633,0.825,125,FF,saed05rvt_base_ff0p825v125c,612.5625,5.874930731,5.874930731,0,4.143134726,0,5.087596335,4.477336814,0,0,3.828641396,2.236267497,5.983936281,2.397895273,2.197224577,6.5885854,14.218358,20.806944,2.146214871,8.446939736,6.383647246,Ok,Ok,Ok,,,
moving_average_filter,900,0.37,0.1,355,355,0,62,0,161,87,0,0,45,8.358336,0.023544608,396,10,8,283,84.87323944,1.881690141,1,1,0,1,0.01,0,0,0.034510626,0.093271963,21.2752,16.457,37.7322,0.825,125,FF,saed05rvt_base_ff0p825v125c,612.5625,5.874930731,5.874930731,0,4.143134726,0,5.087596335,4.477336814,0,0,3.828641396,2.236267497,5.983936281,2.397895273,2.197224577,19.616856,14.591851,34.208706,9.33816236,7.794729914,11.33346762,Ok,Ok,Ok,,,
moving_average_filter,900,0.37,0.37,355,355,0,62,0,161,87,0,0,45,8.358336,0.023544608,396,10,8,283,84.87323944,1.881690141,1,1,0,1,0.01,0,0,0.034572765,0.093439906,20.4718,16.0447,36.5165,0.825,125,FF,saed05rvt_base_ff0p825v125c,612.5625,5.874930731,5.874930731,0,4.143134726,0,5.087596335,4.477336814,0,0,3.828641396,2.236267497,5.983936281,2.397895273,2.197224577,19.811863,14.580161,34.392025,5.817849482,3.223639614,9.127867179,Ok,Ok,Ok,,,
moving_average_filter,900,0.37,0.63,355,355,0,62,0,161,87,0,0,45,8.358336,0.023544608,396,10,8,283,84.87323944,1.881690141,1,1,0,1,0.01,0,0,0.034412131,0.09300576,19.5931,15.6448,35.2379,0.825,125,FF,saed05rvt_base_ff0p825v125c,612.5625,5.874930731,5.874930731,0,4.143134726,0,5.087596335,4.477336814,0,0,3.828641396,2.236267497,5.983936281,2.397895273,2.197224577,20.056469,14.434006,34.490475,2.121083547,2.364959928,7.739276071,Ok,Ok,Ok,,,
moving_average_filter,900,0.37,0.9,355,355,0,62,0,161,87,0,0,45,8.358336,0.023544608,396,10,8,283,84.87323944,1.881690141,1,1,0,1,0.01,0,0,0.03366403,0.090983866,18.4717,15.186,33.6577,0.825,125,FF,saed05rvt_base_ff0p825v125c,612.5625,5.874930731,5.874930731,0,4.143134726,0,5.087596335,4.477336814,0,0,3.828641396,2.236267497,5.983936281,2.397895273,2.197224577,20.245375,14.266626,34.512,2.538203851,9.602119348,6.054086935,Ok,Ok,Ok,,,
moving_average_filter,900,0.63,0.1,355,355,0,62,0,161,87,0,0,45,8.358336,0.023544608,396,10,8,283,84.87323944,1.881690141,1,1,0,1,0.01,0,0,0.052202258,0.082860726,34.121,16.4572,50.5782,0.825,125,FF,saed05rvt_base_ff0p825v125c,612.5625,5.874930731,5.874930731,0,4.143134726,0,5.087596335,4.477336814,0,0,3.828641396,2.236267497,5.983936281,2.397895273,2.197224577,31.463104,14.577599,46.040703,8.971250816,7.789618569,11.42114958,Ok,Ok,Ok,,,
moving_average_filter,900,0.63,0.37,355,355,0,62,0,161,87,0,0,45,8.358336,0.023544608,396,10,8,283,84.87323944,1.881690141,1,1,0,1,0.01,0,0,0.053412434,0.084781642,33.3653,16.0448,49.4101,0.825,125,FF,saed05rvt_base_ff0p825v125c,612.5625,5.874930731,5.874930731,0,4.143134726,0,5.087596335,4.477336814,0,0,3.828641396,2.236267497,5.983936281,2.397895273,2.197224577,32.043114,14.545806,46.58892,5.709722115,3.962758589,9.34255378,Ok,Ok,Ok,,,
moving_average_filter,900,0.63,0.63,355,355,0,62,0,161,87,0,0,45,8.358336,0.023544608,396,10,8,283,84.87323944,1.881690141,1,1,0,1,0.01,0,0,0.053197823,0.084440989,31.9881,15.6438,47.6319,0.825,125,FF,saed05rvt_base_ff0p825v125c,612.5625,5.874930731,5.874930731,0,4.143134726,0,5.087596335,4.477336814,0,0,3.828641396,2.236267497,5.983936281,2.397895273,2.197224577,32.28792,14.392708,46.68063,1.997128542,0.93729201,7.997367489,Ok,Ok,Ok,,,
moving_average_filter,900,0.63,0.9,355,355,0,62,0,161,87,0,0,45,8.358336,0.023544608,396,10,8,283,84.87323944,1.881690141,1,1,0,1,0.01,0,0,0.051581013,0.081874623,30.1215,15.2093,45.3308,0.825,125,FF,saed05rvt_base_ff0p825v125c,612.5625,5.874930731,5.874930731,0,4.143134726,0,5.087596335,4.477336814,0,0,3.828641396,2.236267497,5.983936281,2.397895273,2.197224577,32.29636,14.249896,46.546257,2.681305027,7.220291207,6.30800859,Ok,Ok,Ok,,,
moving_average_filter,900,0.9,0.1,355,355,0,62,0,161,87,0,0,45,8.358336,0.023544608,396,10,8,283,84.87323944,1.881690141,1,1,0,1,0.01,0,0,0.069324505,0.077027228,46.8777,16.4572,63.3349,0.825,125,FF,saed05rvt_base_ff0p825v125c,612.5625,5.874930731,5.874930731,0,4.143134726,0,5.087596335,4.477336814,0,0,3.828641396,2.236267497,5.983936281,2.397895273,2.197224577,43.461338,14.547977,58.009315,8.408609644,7.287819063,11.60113842,Ok,Ok,Ok,,,
moving_average_filter,900,0.9,0.37,355,355,0,62,0,161,87,0,0,45,8.358336,0.023544608,396,10,8,283,84.87323944,1.881690141,1,1,0,1,0.01,0,0,0.072154386,0.08017154,46.429,16.0449,62.4739,0.825,125,FF,saed05rvt_base_ff0p825v125c,612.5625,5.874930731,5.874930731,0,4.143134726,0,5.087596335,4.477336814,0,0,3.828641396,2.236267497,5.983936281,2.397895273,2.197224577,44.24438,14.50239,58.746773,5.965894932,4.705289903,9.613709603,Ok,Ok,Ok,,,
moving_average_filter,900,0.9,0.63,355,355,0,62,0,161,87,0,0,45,8.358336,0.023544608,396,10,8,283,84.87323944,1.881690141,1,1,0,1,0.01,0,0,0.071849556,0.07983284,44.5742,15.6434,60.2176,0.825,125,FF,saed05rvt_base_ff0p825v125c,612.5625,5.874930731,5.874930731,0,4.143134726,0,5.087596335,4.477336814,0,0,3.828641396,2.236267497,5.983936281,2.397895273,2.197224577,44.760323,14.350467,59.11079,1.838017037,0.417556727,8.265040028,Ok,Ok,Ok,,,
moving_average_filter,900,0.9,0.9,355,355,0,62,0,161,87,0,0,45,8.358336,0.023544608,396,10,8,283,84.87323944,1.881690141,1,1,0,1,0.01,0,0,0.068790035,0.076433373,41.8856,15.2277,57.1133,0.825,125,FF,saed05rvt_base_ff0p825v125c,612.5625,5.874930731,5.874930731,0,4.143134726,0,5.087596335,4.477336814,0,0,3.828641396,2.236267497,5.983936281,2.397895273,2.197224577,44.882725,14.2003355,59.08306,3.448866058,7.155501561,6.746682016,Ok,Ok,Ok,,,
moving_average_filter,1000,0.1,0.1,355,355,0,62,0,161,87,0,0,45,8.358336,0.023544608,396,10,8,283,84.87323944,1.881690141,1,1,0,1,0.01,0,0,0.01381703,0.138170303,7.0332,16.4706,23.5038,0.825,125,FF,saed05rvt_base_ff0p825v125c,680.625,5.874930731,5.874930731,0,4.143134726,0,5.087596335,4.477336814,0,0,3.828641396,2.236267497,5.983936281,2.397895273,2.197224577,6.2926054,14.573922,20.866528,11.22062153,10.52998066,11.51553582,Ok,Ok,Ok,,,
moving_average_filter,1000,0.1,0.37,355,355,0,62,0,161,87,0,0,45,8.358336,0.023544608,396,10,8,283,84.87323944,1.881690141,1,1,0,1,0.01,0,0,0.014185548,0.14185548,6.7579,16.0306,22.7885,0.825,125,FF,saed05rvt_base_ff0p825v125c,680.625,5.874930731,5.874930731,0,4.143134726,0,5.087596335,4.477336814,0,0,3.828641396,2.236267497,5.983936281,2.397895273,2.197224577,6.4503446,14.548734,20.999079,7.852299403,4.551050437,9.243985183,Ok,Ok,Ok,,,
moving_average_filter,1000,0.1,0.63,355,355,0,62,0,161,87,0,0,45,8.358336,0.023544608,396,10,8,283,84.87323944,1.881690141,1,1,0,1,0.01,0,0,0.013965149,0.13965149,6.4222,15.6311,22.0533,0.825,125,FF,saed05rvt_base_ff0p825v125c,680.625,5.874930731,5.874930731,0,4.143134726,0,5.087596335,4.477336814,0,0,3.828641396,2.236267497,5.983936281,2.397895273,2.197224577,6.5859933,14.391071,20.977064,4.880157923,2.550423374,7.933086478,Ok,Ok,Ok,,,
moving_average_filter,1000,0.1,0.9,355,355,0,62,0,161,87,0,0,45,8.358336,0.023544608,396,10,8,283,84.87323944,1.881690141,1,1,0,1,0.01,0,0,0.013709073,0.137090732,6.0794,15.1731,21.2525,0.825,125,FF,saed05rvt_base_ff0p825v125c,680.625,5.874930731,5.874930731,0,4.143134726,0,5.087596335,4.477336814,0,0,3.828641396,2.236267497,5.983936281,2.397895273,2.197224577,6.687384,14.21049,20.897875,1.66862801,10.00072587,6.344186575,Ok,Ok,Ok,,,
moving_average_filter,1000,0.37,0.1,355,355,0,62,0,161,87,0,0,45,8.358336,0.023544608,396,10,8,283,84.87323944,1.881690141,1,1,0,1,0.01,0,0,0.034649091,0.093646192,21.3342,16.4428,37.777,0.825,125,FF,saed05rvt_base_ff0p825v125c,680.625,5.874930731,5.874930731,0,4.143134726,0,5.087596335,4.477336814,0,0,3.828641396,2.236267497,5.983936281,2.397895273,2.197224577,19.830444,14.607163,34.437607,8.8397522,7.048568327,11.1637712,Ok,Ok,Ok,,,
moving_average_filter,1000,0.37,0.37,355,355,0,62,0,161,87,0,0,45,8.358336,0.023544608,396,10,8,283,84.87323944,1.881690141,1,1,0,1,0.01,0,0,0.034697025,0.093775744,20.5188,16.0305,36.5493,0.825,125,FF,saed05rvt_base_ff0p825v125c,680.625,5.874930731,5.874930731,0,4.143134726,0,5.087596335,4.477336814,0,0,3.828641396,2.236267497,5.983936281,2.397895273,2.197224577,20.065397,14.57462,34.64002,5.223852541,2.209694219,9.081936016,Ok,Ok,Ok,,,
moving_average_filter,1000,0.37,0.63,355,355,0,62,0,161,87,0,0,45,8.358336,0.023544608,396,10,8,283,84.87323944,1.881690141,1,1,0,1,0.01,0,0,0.03451701,0.093289216,19.6216,15.6313,35.2529,0.825,125,FF,saed05rvt_base_ff0p825v125c,680.625,5.874930731,5.874930731,0,4.143134726,0,5.087596335,4.477336814,0,0,3.828641396,2.236267497,5.983936281,2.397895273,2.197224577,20.297565,14.435889,34.733456,1.473479748,3.44500683,7.647545348,Ok,Ok,Ok,,,
moving_average_filter,1000,0.37,0.9,355,355,0,62,0,161,87,0,0,45,8.358336,0.023544608,396,10,8,283,84.87323944,1.881690141,1,1,0,1,0.01,0,0,0.03377603,0.091286568,18.4947,15.1709,33.6656,0.825,125,FF,saed05rvt_base_ff0p825v125c,680.625,5.874930731,5.874930731,0,4.143134726,0,5.087596335,4.477336814,0,0,3.828641396,2.236267497,5.983936281,2.397895273,2.197224577,20.305363,14.258638,34.564003,2.668608285,9.790170705,6.013233348,Ok,Ok,Ok,,,
moving_average_filter,1000,0.63,0.1,355,355,0,62,0,161,87,0,0,45,8.358336,0.023544608,396,10,8,283,84.87323944,1.881690141,1,1,0,1,0.01,0,0,0.052686227,0.083628932,34.3421,16.4429,50.785,0.825,125,FF,saed05rvt_base_ff0p825v125c,680.625,5.874930731,5.874930731,0,4.143134726,0,5.087596335,4.477336814,0,0,3.828641396,2.236267497,5.983936281,2.397895273,2.197224577,31.575829,14.58964,46.165466,9.096256161,8.055044531,11.27088492,Ok,Ok,Ok,,,
moving_average_filter,1000,0.63,0.37,355,355,0,62,0,161,87,0,0,45,8.358336,0.023544608,396,10,8,283,84.87323944,1.881690141,1,1,0,1,0.01,0,0,0.053611932,0.085098304,33.4377,16.0305,49.4682,0.825,125,FF,saed05rvt_base_ff0p825v125c,680.625,5.874930731,5.874930731,0,4.143134726,0,5.087596335,4.477336814,0,0,3.828641396,2.236267497,5.983936281,2.397895273,2.197224577,32.118027,14.541351,46.659378,5.678035482,3.946662799,9.289471206,Ok,Ok,Ok,,,
moving_average_filter,1000,0.63,0.63,355,355,0,62,0,161,87,0,0,45,8.358336,0.023544608,396,10,8,283,84.87323944,1.881690141,1,1,0,1,0.01,0,0,0.053458717,0.084855107,32.0651,15.6302,47.6953,0.825,125,FF,saed05rvt_base_ff0p825v125c,680.625,5.874930731,5.874930731,0,4.143134726,0,5.087596335,4.477336814,0,0,3.828641396,2.236267497,5.983936281,2.397895273,2.197224577,32.33076,14.391669,46.72243,2.039758251,0.828504997,7.923959557,Ok,Ok,Ok,,,
moving_average_filter,1000,0.63,0.9,355,355,0,62,0,161,87,0,0,45,8.358336,0.023544608,396,10,8,283,84.87323944,1.881690141,1,1,0,1,0.01,0,0,0.052026169,0.082581221,30.2211,15.1904,45.4115,0.825,125,FF,saed05rvt_base_ff0p825v125c,680.625,5.874930731,5.874930731,0,4.143134726,0,5.087596335,4.477336814,0,0,3.828641396,2.236267497,5.983936281,2.397895273,2.197224577,32.387905,14.244349,46.632256,2.688207952,7.169842001,6.227956301,Ok,Ok,Ok,,,
moving_average_filter,1000,0.9,0.1,355,355,0,62,0,161,87,0,0,45,8.358336,0.023544608,396,10,8,283,84.87323944,1.881690141,1,1,0,1,0.01,0,0,0.070109801,0.077899778,47.2393,16.4429,63.6822,0.825,125,FF,saed05rvt_base_ff0p825v125c,680.625,5.874930731,5.874930731,0,4.143134726,0,5.087596335,4.477336814,0,0,3.828641396,2.236267497,5.983936281,2.397895273,2.197224577,43.512463,14.551366,58.063828,8.822516316,7.889273093,11.50365293,Ok,Ok,Ok,,,
moving_average_filter,1000,0.9,0.37,355,355,0,62,0,161,87,0,0,45,8.358336,0.023544608,396,10,8,283,84.87323944,1.881690141,1,1,0,1,0.01,0,0,0.072718434,0.08079826,46.6477,16.031,62.6787,0.825,125,FF,saed05rvt_base_ff0p825v125c,680.625,5.874930731,5.874930731,0,4.143134726,0,5.087596335,4.477336814,0,0,3.828641396,2.236267497,5.983936281,2.397895273,2.197224577,44.359043,14.497856,58.8569,6.09744736,4.906258784,9.563619611,Ok,Ok,Ok,,,
moving_average_filter,1000,0.9,0.63,355,355,0,62,0,161,87,0,0,45,8.358336,0.023544608,396,10,8,283,84.87323944,1.881690141,1,1,0,1,0.01,0,0,0.072340975,0.080378861,44.7213,15.6294,60.3507,0.825,125,FF,saed05rvt_base_ff0p825v125c,680.625,5.874930731,5.874930731,0,4.143134726,0,5.087596335,4.477336814,0,0,3.828641396,2.236267497,5.983936281,2.397895273,2.197224577,44.75642,14.349442,59.10586,2.062674229,0.078531115,8.189428076,Ok,Ok,Ok,,,
moving_average_filter,1000,0.9,0.9,355,355,0,62,0,161,87,0,0,45,8.358336,0.023544608,396,10,8,283,84.87323944,1.881690141,1,1,0,1,0.01,0,0,0.069556167,0.07728463,42.0612,15.2081,57.2693,0.825,125,FF,saed05rvt_base_ff0p825v125c,680.625,5.874930731,5.874930731,0,4.143134726,0,5.087596335,4.477336814,0,0,3.828641396,2.236267497,5.983936281,2.397895273,2.197224577,44.950687,14.192749,59.143436,3.272497537,6.869721759,6.676382826,Ok,Ok,Ok,,,
moving_average_filter,10,0.1,0.1,357,357,0,64,0,194,59,0,0,40,8.334144,0.023344941,398,10,8,248,84.67787115,1.8767507,1,1,0,1,0.04,0,0,0.004526759,0.045267588,1.5992,0.0196106,1.6188106,0.54,25,SS,saed05rvt_base_ss0p540v25c,2.916,5.880532986,5.880532986,0,4.17438727,0,5.272999559,4.094344562,0,0,3.713572067,2.233679075,5.988961417,2.397895273,2.197224577,1.6490278,0.015905678,1.6649334,2.84918094,3.115796924,18.89244453,Ok,Ok,Anomal,,,
moving_average_filter,10,0.1,0.37,357,357,0,64,0,194,59,0,0,40,8.334144,0.023344941,398,10,8,248,84.67787115,1.8767507,1,1,0,1,0.04,0,0,0.004752817,0.047528166,1.6297,0.0194396,1.6491396,0.54,25,SS,saed05rvt_base_ss0p540v25c,2.916,5.880532986,5.880532986,0,4.17438727,0,5.272999559,4.094344562,0,0,3.713572067,2.233679075,5.988961417,2.397895273,2.197224577,1.6597509,0.016470883,1.6762218,1.64220467,1.843955232,15.271492,Ok,Ok,Anomal,,,
moving_average_filter,10,0.1,0.63,357,357,0,64,0,194,59,0,0,40,8.334144,0.023344941,398,10,8,248,84.67787115,1.8767507,1,1,0,1,0.04,0,0,0.004752796,0.047527965,1.6218,0.019243,1.641043,0.54,25,SS,saed05rvt_base_ss0p540v25c,2.916,5.880532986,5.880532986,0,4.17438727,0,5.272999559,4.094344562,0,0,3.713572067,2.233679075,5.988961417,2.397895273,2.197224577,1.6747706,0.017287187,1.6920577,3.10867715,3.266160664,10.163762,Ok,Ok,Ok,,,
moving_average_filter,10,0.1,0.9,357,357,0,64,0,194,59,0,0,40,8.334144,0.023344941,398,10,8,248,84.67787115,1.8767507,1,1,0,1,0.04,0,0,0.004526658,0.045266583,1.5934,0.0190295,1.6124295,0.54,25,SS,saed05rvt_base_ss0p540v25c,2.916,5.880532986,5.880532986,0,4.17438727,0,5.272999559,4.094344562,0,0,3.713572067,2.233679075,5.988961417,2.397895273,2.197224577,1.6973112,0.018702758,1.7160139,6.424120148,6.521348246,1.717026322,Ok,Ok,Ok,,,
moving_average_filter,10,0.37,0.1,357,357,0,64,0,194,59,0,0,40,8.334144,0.023344941,398,10,8,248,84.67787115,1.8767507,1,1,0,1,0.04,0,0,0.016737744,0.045237145,5.9158,0.0196107,5.9354107,0.54,25,SS,saed05rvt_base_ss0p540v25c,2.916,5.880532986,5.880532986,0,4.17438727,0,5.272999559,4.094344562,0,0,3.713572067,2.233679075,5.988961417,2.397895273,2.197224577,6.00652,0.016147736,6.0226674,1.470103964,1.533516929,17.6585412,Ok,Ok,Anomal,,,
moving_average_filter,10,0.37,0.37,357,357,0,64,0,194,59,0,0,40,8.334144,0.023344941,398,10,8,248,84.67787115,1.8767507,1,1,0,1,0.04,0,0,0.016963872,0.045848302,5.9407,0.0194396,5.9601396,0.54,25,SS,saed05rvt_base_ss0p540v25c,2.916,5.880532986,5.880532986,0,4.17438727,0,5.272999559,4.094344562,0,0,3.713572067,2.233679075,5.988961417,2.397895273,2.197224577,6.011026,0.01667255,6.0276985,1.133512323,1.1837983,14.23409037,Ok,Ok,Ok,,,
moving_average_filter,10,0.37,0.63,357,357,0,64,0,194,59,0,0,40,8.334144,0.023344941,398,10,8,248,84.67787115,1.8767507,1,1,0,1,0.04,0,0,0.016963852,0.045848248,5.9278,0.019243,5.947043,0.54,25,SS,saed05rvt_base_ss0p540v25c,2.916,5.880532986,5.880532986,0,4.17438727,0,5.272999559,4.094344562,0,0,3.713572067,2.233679075,5.988961417,2.397895273,2.197224577,6.0552607,0.017210018,6.0724707,2.10907614,2.150218602,10.56478777,Ok,Ok,Ok,,,
moving_average_filter,10,0.37,0.9,357,357,0,64,0,194,59,0,0,40,8.334144,0.023344941,398,10,8,248,84.67787115,1.8767507,1,1,0,1,0.04,0,0,0.016737714,0.045237064,5.8945,0.0190295,5.9135295,0.54,25,SS,saed05rvt_base_ss0p540v25c,2.916,5.880532986,5.880532986,0,4.17438727,0,5.272999559,4.094344562,0,0,3.713572067,2.233679075,5.988961417,2.397895273,2.197224577,6.174466,0.018528294,6.1929946,4.725859482,4.749616305,2.633837893,Ok,Ok,Ok,,,
moving_average_filter,10,0.63,0.1,357,357,0,64,0,194,59,0,0,40,8.334144,0.023344941,398,10,8,248,84.67787115,1.8767507,1,1,0,1,0.04,0,0,0.028496538,0.0452326,10.0726,0.0196107,10.0922107,0.54,25,SS,saed05rvt_base_ss0p540v25c,2.916,5.880532986,5.880532986,0,4.17438727,0,5.272999559,4.094344562,0,0,3.713572067,2.233679075,5.988961417,2.397895273,2.197224577,10.519203,0.0162549,10.535458,4.391970444,4.433842166,17.11208665,Ok,Ok,Anomal,,,
moving_average_filter,10,0.63,0.37,357,357,0,64,0,194,59,0,0,40,8.334144,0.023344941,398,10,8,248,84.67787115,1.8767507,1,1,0,1,0.04,0,0,0.028722666,0.045591533,10.0921,0.0194396,10.1115396,0.54,25,SS,saed05rvt_base_ss0p540v25c,2.916,5.880532986,5.880532986,0,4.17438727,0,5.272999559,4.094344562,0,0,3.713572067,2.233679075,5.988961417,2.397895273,2.197224577,10.4851055,0.016810693,10.501916,3.86070121,3.894189659,13.52346321,Ok,Ok,Ok,,,
moving_average_filter,10,0.63,0.63,357,357,0,64,0,194,59,0,0,40,8.334144,0.023344941,398,10,8,248,84.67787115,1.8767507,1,1,0,1,0.04,0,0,0.028722646,0.045591501,10.0743,0.019243,10.093543,0.54,25,SS,saed05rvt_base_ss0p540v25c,2.916,5.880532986,5.880532986,0,4.17438727,0,5.272999559,4.094344562,0,0,3.713572067,2.233679075,5.988961417,2.397895273,2.197224577,10.478319,0.017393077,10.495712,3.98442133,4.01039445,9.613486502,Ok,Ok,Ok,,,
moving_average_filter,10,0.63,0.9,357,357,0,64,0,194,59,0,0,40,8.334144,0.023344941,398,10,8,248,84.67787115,1.8767507,1,1,0,1,0.04,0,0,0.028496508,0.045232552,10.0363,0.0190295,10.0553295,0.54,25,SS,saed05rvt_base_ss0p540v25c,2.916,5.880532986,5.880532986,0,4.17438727,0,5.272999559,4.094344562,0,0,3.713572067,2.233679075,5.988961417,2.397895273,2.197224577,10.523291,0.018307112,10.541597,4.83592175,4.85229252,3.796147259,Ok,Ok,Ok,,,
moving_average_filter,10,0.9,0.1,357,357,0,64,0,194,59,0,0,40,8.334144,0.023344941,398,10,8,248,84.67787115,1.8767507,1,1,0,1,0.04,0,0,0.040707593,0.045230659,14.3892,0.0196107,14.4088107,0.54,25,SS,saed05rvt_base_ss0p540v25c,2.916,5.880532986,5.880532986,0,4.17438727,0,5.272999559,4.094344562,0,0,3.713572067,2.233679075,5.988961417,2.397895273,2.197224577,14.64776,0.016404059,14.664165,1.772206246,1.796905952,16.35148779,Ok,Ok,Anomal,,,
moving_average_filter,10,0.9,0.37,357,357,0,64,0,194,59,0,0,40,8.334144,0.023344941,398,10,8,248,84.67787115,1.8767507,1,1,0,1,0.04,0,0,0.040933721,0.045481912,14.4032,0.0194396,14.4226396,0.54,25,SS,saed05rvt_base_ss0p540v25c,2.916,5.880532986,5.880532986,0,4.17438727,0,5.272999559,4.094344562,0,0,3.713572067,2.233679075,5.988961417,2.397895273,2.197224577,14.729137,0.016951416,14.746089,2.242650379,2.262951432,12.79956538,Ok,Ok,Ok,,,
moving_average_filter,10,0.9,0.63,357,357,0,64,0,194,59,0,0,40,8.334144,0.023344941,398,10,8,248,84.67787115,1.8767507,1,1,0,1,0.04,0,0,0.040933701,0.04548189,14.3803,0.019243,14.399543,0.54,25,SS,saed05rvt_base_ss0p540v25c,2.916,5.880532986,5.880532986,0,4.17438727,0,5.272999559,4.094344562,0,0,3.713572067,2.233679075,5.988961417,2.397895273,2.197224577,14.81344,0.017601674,14.831042,2.996617946,3.012039546,8.529468261,Ok,Ok,Ok,,,
moving_average_filter,10,0.9,0.9,357,357,0,64,0,194,59,0,0,40,8.334144,0.023344941,398,10,8,248,84.67787115,1.8767507,1,1,0,1,0.04,0,0,0.040707563,0.045230625,14.3374,0.0190295,14.3564295,0.54,25,SS,saed05rvt_base_ss0p540v25c,2.916,5.880532986,5.880532986,0,4.17438727,0,5.272999559,4.094344562,0,0,3.713572067,2.233679075,5.988961417,2.397895273,2.197224577,14.947006,0.018545901,14.965552,4.24285739,4.251860348,2.541310056,Ok,Ok,Ok,,,
moving_average_filter,50,0.1,0.1,357,357,0,64,0,194,59,0,0,40,8.334144,0.023344941,398,10,8,248,84.67787115,1.8767507,1,1,0,1,0.04,0,0,0.004542927,0.045429271,1.6008,0.0196106,1.6204106,0.54,25,SS,saed05rvt_base_ss0p540v25c,14.58,5.880532986,5.880532986,0,4.17438727,0,5.272999559,4.094344562,0,0,3.713572067,2.233679075,5.988961417,2.397895273,2.197224577,1.6709442,0.015948007,1.6868923,4.10276698,4.381822455,18.67659897,Ok,Ok,Anomal,,,
moving_average_filter,50,0.1,0.37,357,357,0,64,0,194,59,0,0,40,8.334144,0.023344941,398,10,8,248,84.67787115,1.8767507,1,1,0,1,0.04,0,0,0.005673407,0.05673407,1.7617,0.0194396,1.7811396,0.54,25,SS,saed05rvt_base_ss0p540v25c,14.58,5.880532986,5.880532986,0,4.17438727,0,5.272999559,4.094344562,0,0,3.713572067,2.233679075,5.988961417,2.397895273,2.197224577,1.7166812,0.016504176,1.7331854,2.692331892,2.555415679,15.1002286,Ok,Ok,Anomal,,,
moving_average_filter,50,0.1,0.63,357,357,0,64,0,194,59,0,0,40,8.334144,0.023344941,398,10,8,248,84.67787115,1.8767507,1,1,0,1,0.04,0,0,0.005673307,0.056733065,1.7297,0.019243,1.748943,0.54,25,SS,saed05rvt_base_ss0p540v25c,14.58,5.880532986,5.880532986,0,4.17438727,0,5.272999559,4.094344562,0,0,3.713572067,2.233679075,5.988961417,2.397895273,2.197224577,1.7420361,0.017321054,1.7593572,0.595457598,0.713193282,9.987767539,Ok,Ok,Ok,,,
moving_average_filter,50,0.1,0.9,357,357,0,64,0,194,59,0,0,40,8.334144,0.023344941,398,10,8,248,84.67787115,1.8767507,1,1,0,1,0.04,0,0,0.004542616,0.045426156,1.5951,0.0190295,1.6141295,0.54,25,SS,saed05rvt_base_ss0p540v25c,14.58,5.880532986,5.880532986,0,4.17438727,0,5.272999559,4.094344562,0,0,3.713572067,2.233679075,5.988961417,2.397895273,2.197224577,1.7383661,0.018607236,1.7569734,8.849592663,8.981639208,2.218994483,Ok,Ok,Ok,,,
moving_average_filter,50,0.37,0.1,357,357,0,64,0,194,59,0,0,40,8.334144,0.023344941,398,10,8,248,84.67787115,1.8767507,1,1,0,1,0.04,0,0,0.016753817,0.045280585,5.9176,0.0196107,5.9372107,0.54,25,SS,saed05rvt_base_ss0p540v25c,14.58,5.880532986,5.880532986,0,4.17438727,0,5.272999559,4.094344562,0,0,3.713572067,2.233679075,5.988961417,2.397895273,2.197224577,6.0769424,0.016171115,6.0931134,2.625858004,2.692686965,17.53933047,Ok,Ok,Anomal,,,
moving_average_filter,50,0.37,0.37,357,357,0,64,0,194,59,0,0,40,8.334144,0.023344941,398,10,8,248,84.67787115,1.8767507,1,1,0,1,0.04,0,0,0.017884462,0.048336385,6.0727,0.0194396,6.0921396,0.54,25,SS,saed05rvt_base_ss0p540v25c,14.58,5.880532986,5.880532986,0,4.17438727,0,5.272999559,4.094344562,0,0,3.713572067,2.233679075,5.988961417,2.397895273,2.197224577,6.1288333,0.016706077,6.1455393,0.876534145,0.9243548,14.06161967,Ok,Ok,Ok,,,
moving_average_filter,50,0.37,0.63,357,357,0,64,0,194,59,0,0,40,8.334144,0.023344941,398,10,8,248,84.67787115,1.8767507,1,1,0,1,0.04,0,0,0.017884362,0.048336113,6.0357,0.019243,6.054943,0.54,25,SS,saed05rvt_base_ss0p540v25c,14.58,5.880532986,5.880532986,0,4.17438727,0,5.272999559,4.094344562,0,0,3.713572067,2.233679075,5.988961417,2.397895273,2.197224577,6.1603947,0.017239591,6.1776342,2.026298831,2.065952062,10.41110478,Ok,Ok,Ok,,,
moving_average_filter,50,0.37,0.9,357,357,0,64,0,194,59,0,0,40,8.334144,0.023344941,398,10,8,248,84.67787115,1.8767507,1,1,0,1,0.04,0,0,0.016753671,0.045280191,5.8962,0.0190295,5.9152295,0.54,25,SS,saed05rvt_base_ss0p540v25c,14.58,5.880532986,5.880532986,0,4.17438727,0,5.272999559,4.094344562,0,0,3.713572067,2.233679075,5.988961417,2.397895273,2.197224577,6.231939,0.018402103,6.250341,5.665231392,5.694156219,3.296968735,Ok,Ok,Ok,,,
moving_average_filter,50,0.63,0.1,357,357,0,64,0,194,59,0,0,40,8.334144,0.023344941,398,10,8,248,84.67787115,1.8767507,1,1,0,1,0.04,0,0,0.028512611,0.045258112,10.0743,0.0196107,10.0939107,0.54,25,SS,saed05rvt_base_ss0p540v25c,14.58,5.880532986,5.880532986,0,4.17438727,0,5.272999559,4.094344562,0,0,3.713572067,2.233679075,5.988961417,2.397895273,2.197224577,10.556866,0.01629753,10.573163,4.747935134,4.790066726,16.89470349,Ok,Ok,Anomal,,,
moving_average_filter,50,0.63,0.37,357,357,0,64,0,194,59,0,0,40,8.334144,0.023344941,398,10,8,248,84.67787115,1.8767507,1,1,0,1,0.04,0,0,0.029643256,0.047052788,10.2241,0.0194396,10.2435396,0.54,25,SS,saed05rvt_base_ss0p540v25c,14.58,5.880532986,5.880532986,0,4.17438727,0,5.272999559,4.094344562,0,0,3.713572067,2.233679075,5.988961417,2.397895273,2.197224577,10.553161,0.016852558,10.570013,3.187115577,3.218480526,13.3081048,Ok,Ok,Ok,,,
moving_average_filter,50,0.63,0.63,357,357,0,64,0,194,59,0,0,40,8.334144,0.023344941,398,10,8,248,84.67787115,1.8767507,1,1,0,1,0.04,0,0,0.029643156,0.047052628,10.1822,0.019243,10.201443,0.54,25,SS,saed05rvt_base_ss0p540v25c,14.58,5.880532986,5.880532986,0,4.17438727,0,5.272999559,4.094344562,0,0,3.713572067,2.233679075,5.988961417,2.397895273,2.197224577,10.538755,0.01741174,10.556168,3.47720026,3.501752243,9.516496925,Ok,Ok,Ok,,,
moving_average_filter,50,0.63,0.9,357,357,0,64,0,194,59,0,0,40,8.334144,0.023344941,398,10,8,248,84.67787115,1.8767507,1,1,0,1,0.04,0,0,0.028512465,0.045257881,10.038,0.0190295,10.0570295,0.54,25,SS,saed05rvt_base_ss0p540v25c,14.58,5.880532986,5.880532986,0,4.17438727,0,5.272999559,4.094344562,0,0,3.713572067,2.233679075,5.988961417,2.397895273,2.197224577,10.537949,0.018186713,10.556135,4.962754436,4.980559956,4.428846593,Ok,Ok,Ok,,,
moving_average_filter,50,0.9,0.1,357,357,0,64,0,194,59,0,0,40,8.334144,0.023344941,398,10,8,248,84.67787115,1.8767507,1,1,0,1,0.04,0,0,0.040723666,0.045248518,14.3909,0.0196107,14.4105107,0.54,25,SS,saed05rvt_base_ss0p540v25c,14.58,5.880532986,5.880532986,0,4.17438727,0,5.272999559,4.094344562,0,0,3.713572067,2.233679075,5.988961417,2.397895273,2.197224577,14.798898,0.016448861,14.815347,2.809310692,2.835109293,16.12302984,Ok,Ok,Anomal,,,
moving_average_filter,50,0.9,0.37,357,357,0,64,0,194,59,0,0,40,8.334144,0.023344941,398,10,8,248,84.67787115,1.8767507,1,1,0,1,0.04,0,0,0.041854312,0.046504791,14.5352,0.0194396,14.5546396,0.54,25,SS,saed05rvt_base_ss0p540v25c,14.58,5.880532986,5.880532986,0,4.17438727,0,5.272999559,4.094344562,0,0,3.713572067,2.233679075,5.988961417,2.397895273,2.197224577,14.915864,0.017009273,14.932874,2.598718596,2.618911269,12.50193846,Ok,Ok,Ok,,,
moving_average_filter,50,0.9,0.63,357,357,0,64,0,194,59,0,0,40,8.334144,0.023344941,398,10,8,248,84.67787115,1.8767507,1,1,0,1,0.04,0,0,0.041854211,0.046504679,14.4883,0.019243,14.507543,0.54,25,SS,saed05rvt_base_ss0p540v25c,14.58,5.880532986,5.880532986,0,4.17438727,0,5.272999559,4.094344562,0,0,3.713572067,2.233679075,5.988961417,2.397895273,2.197224577,14.995591,0.017598294,15.013189,3.48540284,3.501385005,8.547036732,Ok,Ok,Ok,,,
moving_average_filter,50,0.9,0.9,357,357,0,64,0,194,59,0,0,40,8.334144,0.023344941,398,10,8,248,84.67787115,1.8767507,1,1,0,1,0.04,0,0,0.04072352,0.045248356,14.3391,0.0190295,14.3581295,0.54,25,SS,saed05rvt_base_ss0p540v25c,14.58,5.880532986,5.880532986,0,4.17438727,0,5.272999559,4.094344562,0,0,3.713572067,2.233679075,5.988961417,2.397895273,2.197224577,15.077147,0.018422728,15.09557,5.136045824,5.147091032,3.188584017,Ok,Ok,Ok,,,
moving_average_filter,100,0.1,0.1,357,357,0,64,0,194,59,0,0,40,8.334144,0.023344941,398,10,8,248,84.67787115,1.8767507,1,1,0,1,0.04,0,0,0.014391847,0.143918467,2.7187,0.0194539,2.7381539,0.54,25,SS,saed05rvt_base_ss0p540v25c,29.16,5.880532986,5.880532986,0,4.17438727,0,5.272999559,4.094344562,0,0,3.713572067,2.233679075,5.988961417,2.397895273,2.197224577,2.0225747,0.015867047,2.0384417,25.55416049,25.60508099,18.43770652,Anomal,Anomal,Anomal,,,
moving_average_filter,100,0.1,0.37,357,357,0,64,0,194,59,0,0,40,8.334144,0.023344941,398,10,8,248,84.67787115,1.8767507,1,1,0,1,0.04,0,0,0.015141138,0.151411382,2.6991,0.0192469,2.7183469,0.54,25,SS,saed05rvt_base_ss0p540v25c,29.16,5.880532986,5.880532986,0,4.17438727,0,5.272999559,4.094344562,0,0,3.713572067,2.233679075,5.988961417,2.397895273,2.197224577,2.080007,0.016423307,2.0964303,22.87848539,22.93701322,14.67037622,Anomal,Anomal,Ok,,,
moving_average_filter,100,0.1,0.63,357,357,0,64,0,194,59,0,0,40,8.334144,0.023344941,398,10,8,248,84.67787115,1.8767507,1,1,0,1,0.04,0,0,0.014877945,0.148779447,2.5755,0.0190294,2.5945294,0.54,25,SS,saed05rvt_base_ss0p540v25c,29.16,5.880532986,5.880532986,0,4.17438727,0,5.272999559,4.094344562,0,0,3.713572067,2.233679075,5.988961417,2.397895273,2.197224577,2.095473,0.01703322,2.1125064,18.57843701,18.63820419,10.48998215,Anomal,Anomal,Ok,,,
moving_average_filter,100,0.1,0.9,357,357,0,64,0,194,59,0,0,40,8.334144,0.023344941,398,10,8,248,84.67787115,1.8767507,1,1,0,1,0.04,0,0,0.014358636,0.143586357,2.4363,0.018815,2.455115,0.54,25,SS,saed05rvt_base_ss0p540v25c,29.16,5.880532986,5.880532986,0,4.17438727,0,5.272999559,4.094344562,0,0,3.713572067,2.233679075,5.988961417,2.397895273,2.197224577,2.1329699,0.017990265,2.1509602,12.38861695,12.45044304,4.38339069,Ok,Ok,Ok,,,
moving_average_filter,100,0.37,0.1,357,357,0,64,0,194,59,0,0,40,8.334144,0.023344941,398,10,8,248,84.67787115,1.8767507,1,1,0,1,0.04,0,0,0.026683638,0.072117941,6.9889,0.0194271,7.0083271,0.54,25,SS,saed05rvt_base_ss0p540v25c,29.16,5.880532986,5.880532986,0,4.17438727,0,5.272999559,4.094344562,0,0,3.713572067,2.233679075,5.988961417,2.397895273,2.197224577,6.6496844,0.01616503,6.6658497,4.886721317,4.853633202,16.7913417,Ok,Ok,Anomal,,,
moving_average_filter,100,0.37,0.37,357,357,0,64,0,194,59,0,0,40,8.334144,0.023344941,398,10,8,248,84.67787115,1.8767507,1,1,0,1,0.04,0,0,0.028945867,0.078232073,7.2257,0.0192472,7.2449472,0.54,25,SS,saed05rvt_base_ss0p540v25c,29.16,5.880532986,5.880532986,0,4.17438727,0,5.272999559,4.094344562,0,0,3.713572067,2.233679075,5.988961417,2.397895273,2.197224577,6.77783,0.016673049,6.794503,6.217353634,6.198290492,13.37415854,Ok,Ok,Ok,,,
moving_average_filter,100,0.37,0.63,357,357,0,64,0,194,59,0,0,40,8.334144,0.023344941,398,10,8,248,84.67787115,1.8767507,1,1,0,1,0.04,0,0,0.028945987,0.078232398,7.0804,0.0190422,7.0994422,0.54,25,SS,saed05rvt_base_ss0p540v25c,29.16,5.880532986,5.880532986,0,4.17438727,0,5.272999559,4.094344562,0,0,3.713572067,2.233679075,5.988961417,2.397895273,2.197224577,6.873754,0.01727318,6.891027,2.935656357,2.918563577,9.289997024,Ok,Ok,Ok,,,
moving_average_filter,100,0.37,0.9,357,357,0,64,0,194,59,0,0,40,8.334144,0.023344941,398,10,8,248,84.67787115,1.8767507,1,1,0,1,0.04,0,0,0.026684734,0.072120902,6.727,0.0188198,6.7458198,0.54,25,SS,saed05rvt_base_ss0p540v25c,29.16,5.880532986,5.880532986,0,4.17438727,0,5.272999559,4.094344562,0,0,3.713572067,2.233679075,5.988961417,2.397895273,2.197224577,6.9562225,0.018109307,6.974332,3.387461607,3.407500136,3.775243663,Ok,Ok,Ok,,,
moving_average_filter,100,0.63,0.1,357,357,0,64,0,194,59,0,0,40,8.334144,0.023344941,398,10,8,248,84.67787115,1.8767507,1,1,0,1,0.04,0,0,0.038442432,0.061019734,11.1367,0.0194271,11.1561271,0.54,25,SS,saed05rvt_base_ss0p540v25c,29.16,5.880532986,5.880532986,0,4.17438727,0,5.272999559,4.094344562,0,0,3.713572067,2.233679075,5.988961417,2.397895273,2.197224577,10.98687,0.016307069,11.003177,1.370999178,1.345373297,16.06019947,Ok,Ok,Anomal,,,
moving_average_filter,100,0.63,0.37,357,357,0,64,0,194,59,0,0,40,8.334144,0.023344941,398,10,8,248,84.67787115,1.8767507,1,1,0,1,0.04,0,0,0.040704661,0.064610573,11.368,0.0192472,11.3872472,0.54,25,SS,saed05rvt_base_ss0p540v25c,29.16,5.880532986,5.880532986,0,4.17438727,0,5.272999559,4.094344562,0,0,3.713572067,2.233679075,5.988961417,2.397895273,2.197224577,11.028857,0.016836436,11.045693,2.999441362,2.983310775,12.52526879,Ok,Ok,Ok,,,
moving_average_filter,100,0.63,0.63,357,357,0,64,0,194,59,0,0,40,8.334144,0.023344941,398,10,8,248,84.67787115,1.8767507,1,1,0,1,0.04,0,0,0.040704781,0.064610764,11.2176,0.0190422,11.2366422,0.54,25,SS,saed05rvt_base_ss0p540v25c,29.16,5.880532986,5.880532986,0,4.17438727,0,5.272999559,4.094344562,0,0,3.713572067,2.233679075,5.988961417,2.397895273,2.197224577,11.04784,0.017446399,11.065287,1.524971256,1.51333513,8.380340848,Ok,Ok,Ok,,,
moving_average_filter,100,0.63,0.9,357,357,0,64,0,194,59,0,0,40,8.334144,0.023344941,398,10,8,248,84.67787115,1.8767507,1,1,0,1,0.04,0,0,0.038443528,0.061021472,10.8592,0.0188198,10.8780198,0.54,25,SS,saed05rvt_base_ss0p540v25c,29.16,5.880532986,5.880532986,0,4.17438727,0,5.272999559,4.094344562,0,0,3.713572067,2.233679075,5.988961417,2.397895273,2.197224577,11.087755,0.017953968,11.105709,2.09311327,2.104714926,4.600645726,Ok,Ok,Ok,,,
moving_average_filter,100,0.9,0.1,357,357,0,64,0,194,59,0,0,40,8.334144,0.023344941,398,10,8,248,84.67787115,1.8767507,1,1,0,1,0.04,0,0,0.050653487,0.056281653,15.4436,0.0194271,15.4630271,0.54,25,SS,saed05rvt_base_ss0p540v25c,29.16,5.880532986,5.880532986,0,4.17438727,0,5.272999559,4.094344562,0,0,3.713572067,2.233679075,5.988961417,2.397895273,2.197224577,15.508631,0.016465975,15.525097,0.401407777,0.42108545,15.24223908,Ok,Ok,Anomal,,,
moving_average_filter,100,0.9,0.37,357,357,0,64,0,194,59,0,0,40,8.334144,0.023344941,398,10,8,248,84.67787115,1.8767507,1,1,0,1,0.04,0,0,0.052915716,0.05879524,15.6692,0.0192472,15.6884472,0.54,25,SS,saed05rvt_base_ss0p540v25c,29.16,5.880532986,5.880532986,0,4.17438727,0,5.272999559,4.094344562,0,0,3.713572067,2.233679075,5.988961417,2.397895273,2.197224577,15.704128,0.017015094,15.721144,0.208411464,0.22291033,11.59704301,Ok,Ok,Ok,,,
moving_average_filter,100,0.9,0.63,357,357,0,64,0,194,59,0,0,40,8.334144,0.023344941,398,10,8,248,84.67787115,1.8767507,1,1,0,1,0.04,0,0,0.052915837,0.058795374,15.5137,0.0190422,15.5327422,0.54,25,SS,saed05rvt_base_ss0p540v25c,29.16,5.880532986,5.880532986,0,4.17438727,0,5.272999559,4.094344562,0,0,3.713572067,2.233679075,5.988961417,2.397895273,2.197224577,15.829138,0.017637627,15.846775,2.021747679,2.033285432,7.376105706,Ok,Ok,Ok,,,
moving_average_filter,100,0.9,0.9,357,357,0,64,0,194,59,0,0,40,8.334144,0.023344941,398,10,8,248,84.67787115,1.8767507,1,1,0,1,0.04,0,0,0.050654583,0.05628287,15.1503,0.0188198,15.1691198,0.54,25,SS,saed05rvt_base_ss0p540v25c,29.16,5.880532986,5.880532986,0,4.17438727,0,5.272999559,4.094344562,0,0,3.713572067,2.233679075,5.988961417,2.397895273,2.197224577,15.8536625,0.018214159,15.871877,4.632812753,4.642564773,3.21810692,Ok,Ok,Ok,,,
moving_average_filter,200,0.1,0.1,357,357,0,64,0,194,59,0,0,40,8.334144,0.023344941,398,10,8,248,84.67787115,1.8767507,1,1,0,1,0.04,0,0,0.013377425,0.133774246,2.6605,0.0194785,2.6799785,0.54,25,SS,saed05rvt_base_ss0p540v25c,58.32,5.880532986,5.880532986,0,4.17438727,0,5.272999559,4.094344562,0,0,3.713572067,2.233679075,5.988961417,2.397895273,2.197224577,2.0157447,0.015997268,2.0317419,24.18812847,24.23436624,17.87217568,Anomal,Anomal,Anomal,,,
moving_average_filter,200,0.1,0.37,357,357,0,64,0,194,59,0,0,40,8.334144,0.023344941,398,10,8,248,84.67787115,1.8767507,1,1,0,1,0.04,0,0,0.013745784,0.137457839,2.5833,0.0192689,2.6025689,0.54,25,SS,saed05rvt_base_ss0p540v25c,58.32,5.880532986,5.880532986,0,4.17438727,0,5.272999559,4.094344562,0,0,3.713572067,2.233679075,5.988961417,2.397895273,2.197224577,2.0568094,0.016573764,2.073383,20.33321028,20.38054328,13.98697184,Anomal,Anomal,Ok,,,
moving_average_filter,200,0.1,0.63,357,357,0,64,0,194,59,0,0,40,8.334144,0.023344941,398,10,8,248,84.67787115,1.8767507,1,1,0,1,0.04,0,0,0.013526839,0.135268392,2.467,0.0190564,2.4860564,0.54,25,SS,saed05rvt_base_ss0p540v25c,58.32,5.880532986,5.880532986,0,4.17438727,0,5.272999559,4.094344562,0,0,3.713572067,2.233679075,5.988961417,2.397895273,2.197224577,2.0739532,0.017336803,2.09129,15.87922152,15.93217869,9.023726637,Anomal,Anomal,Ok,,,
moving_average_filter,200,0.1,0.9,357,357,0,64,0,194,59,0,0,40,8.334144,0.023344941,398,10,8,248,84.67787115,1.8767507,1,1,0,1,0.04,0,0,0.013189415,0.131894146,2.3433,0.0188404,2.3621404,0.54,25,SS,saed05rvt_base_ss0p540v25c,58.32,5.880532986,5.880532986,0,4.17438727,0,5.272999559,4.094344562,0,0,3.713572067,2.233679075,5.988961417,2.397895273,2.197224577,2.113352,0.018155398,2.1315074,9.763729679,9.812996188,3.635815337,Ok,Ok,Ok,,,
moving_average_filter,200,0.37,0.1,357,357,0,64,0,194,59,0,0,40,8.334144,0.023344941,398,10,8,248,84.67787115,1.8767507,1,1,0,1,0.04,0,0,0.029723394,0.080333499,7.638,0.0194818,7.6574818,0.54,25,SS,saed05rvt_base_ss0p540v25c,58.32,5.880532986,5.880532986,0,4.17438727,0,5.272999559,4.094344562,0,0,3.713572067,2.233679075,5.988961417,2.397895273,2.197224577,7.1383343,0.016233835,7.154568,6.567610839,6.541839823,16.67178921,Ok,Ok,Anomal,,,
moving_average_filter,200,0.37,0.37,357,357,0,64,0,194,59,0,0,40,8.334144,0.023344941,398,10,8,248,84.67787115,1.8767507,1,1,0,1,0.04,0,0,0.030663505,0.082874338,7.5759,0.0192667,7.5951667,0.54,25,SS,saed05rvt_base_ss0p540v25c,58.32,5.880532986,5.880532986,0,4.17438727,0,5.272999559,4.094344562,0,0,3.713572067,2.233679075,5.988961417,2.397895273,2.197224577,7.215065,0.01676583,7.2318306,4.783780494,4.762932425,12.98027594,Ok,Ok,Ok,,,
moving_average_filter,200,0.37,0.63,357,357,0,64,0,194,59,0,0,40,8.334144,0.023344941,398,10,8,248,84.67787115,1.8767507,1,1,0,1,0.04,0,0,0.030533309,0.082522457,7.3413,0.0190586,7.3603586,0.54,25,SS,saed05rvt_base_ss0p540v25c,58.32,5.880532986,5.880532986,0,4.17438727,0,5.272999559,4.094344562,0,0,3.713572067,2.233679075,5.988961417,2.397895273,2.197224577,7.288871,0.017443245,7.306314,0.73426597,0.714167634,8.475726041,Ok,Ok,Ok,,,
moving_average_filter,200,0.37,0.9,357,357,0,64,0,194,59,0,0,40,8.334144,0.023344941,398,10,8,248,84.67787115,1.8767507,1,1,0,1,0.04,0,0,0.029436214,0.079557334,7.0181,0.018849,7.036949,0.54,25,SS,saed05rvt_base_ss0p540v25c,58.32,5.880532986,5.880532986,0,4.17438727,0,5.272999559,4.094344562,0,0,3.713572067,2.233679075,5.988961417,2.397895273,2.197224577,7.390485,0.018134383,7.4086194,5.281698131,5.306063035,3.791270175,Ok,Ok,Ok,,,
moving_average_filter,200,0.63,0.1,357,357,0,64,0,194,59,0,0,40,8.334144,0.023344941,398,10,8,248,84.67787115,1.8767507,1,1,0,1,0.04,0,0,0.038537216,0.061170184,11.2881,0.0194461,11.3075461,0.54,25,SS,saed05rvt_base_ss0p540v25c,58.32,5.880532986,5.880532986,0,4.17438727,0,5.272999559,4.094344562,0,0,3.713572067,2.233679075,5.988961417,2.397895273,2.197224577,11.20508,0.016403256,11.221483,0.761110047,0.735464495,15.6475798,Ok,Ok,Anomal,,,
moving_average_filter,200,0.63,0.37,357,357,0,64,0,194,59,0,0,40,8.334144,0.023344941,398,10,8,248,84.67787115,1.8767507,1,1,0,1,0.04,0,0,0.043061505,0.068351595,11.8032,0.0192686,11.8224686,0.54,25,SS,saed05rvt_base_ss0p540v25c,58.32,5.880532986,5.880532986,0,4.17438727,0,5.272999559,4.094344562,0,0,3.713572067,2.233679075,5.988961417,2.397895273,2.197224577,11.323405,0.016954537,11.34036,4.077903935,4.064954709,12.00950001,Ok,Ok,Ok,,,
moving_average_filter,200,0.63,0.63,357,357,0,64,0,194,59,0,0,40,8.334144,0.023344941,398,10,8,248,84.67787115,1.8767507,1,1,0,1,0.04,0,0,0.043059626,0.068348612,11.552,0.0190658,11.5710658,0.54,25,SS,saed05rvt_base_ss0p540v25c,58.32,5.880532986,5.880532986,0,4.17438727,0,5.272999559,4.094344562,0,0,3.713572067,2.233679075,5.988961417,2.397895273,2.197224577,11.344634,0.01760671,11.362241,1.804717148,1.795065304,7.652922235,Ok,Ok,Ok,,,
moving_average_filter,200,0.63,0.9,357,357,0,64,0,194,59,0,0,40,8.334144,0.023344941,398,10,8,248,84.67787115,1.8767507,1,1,0,1,0.04,0,0,0.03853504,0.06116673,10.8862,0.0188458,10.9050458,0.54,25,SS,saed05rvt_base_ss0p540v25c,58.32,5.880532986,5.880532986,0,4.17438727,0,5.272999559,4.094344562,0,0,3.713572067,2.233679075,5.988961417,2.397895273,2.197224577,11.279299,0.01797942,11.297278,3.596799238,3.61098255,4.597200854,Ok,Ok,Ok,,,
moving_average_filter,200,0.9,0.1,357,357,0,64,0,194,59,0,0,40,8.334144,0.023344941,398,10,8,248,84.67787115,1.8767507,1,1,0,1,0.04,0,0,0.050748271,0.056386968,15.5978,0.0194461,15.6172461,0.54,25,SS,saed05rvt_base_ss0p540v25c,58.32,5.880532986,5.880532986,0,4.17438727,0,5.272999559,4.094344562,0,0,3.713572067,2.233679075,5.988961417,2.397895273,2.197224577,15.8706455,0.01657787,15.887223,1.728711592,1.749256453,14.7496431,Ok,Ok,Ok,,,
moving_average_filter,200,0.9,0.37,357,357,0,64,0,194,59,0,0,40,8.334144,0.023344941,398,10,8,248,84.67787115,1.8767507,1,1,0,1,0.04,0,0,0.05527256,0.061413956,16.1072,0.0192686,16.1264686,0.54,25,SS,saed05rvt_base_ss0p540v25c,58.32,5.880532986,5.880532986,0,4.17438727,0,5.272999559,4.094344562,0,0,3.713572067,2.233679075,5.988961417,2.397895273,2.197224577,16.149975,0.017159348,16.167133,0.252161414,0.265563369,10.94657446,Ok,Ok,Ok,,,
moving_average_filter,200,0.9,0.63,357,357,0,64,0,194,59,0,0,40,8.334144,0.023344941,398,10,8,248,84.67787115,1.8767507,1,1,0,1,0.04,0,0,0.055270681,0.061411868,15.8508,0.0190658,15.8698658,0.54,25,SS,saed05rvt_base_ss0p540v25c,58.32,5.880532986,5.880532986,0,4.17438727,0,5.272999559,4.094344562,0,0,3.713572067,2.233679075,5.988961417,2.397895273,2.197224577,16.249655,0.01783942,16.267494,2.50555617,2.516306873,6.432352239,Ok,Ok,Ok,,,
moving_average_filter,200,0.9,0.9,357,357,0,64,0,194,59,0,0,40,8.334144,0.023344941,398,10,8,248,84.67787115,1.8767507,1,1,0,1,0.04,0,0,0.050746095,0.056384551,15.1799,0.0188458,15.1987458,0.54,25,SS,saed05rvt_base_ss0p540v25c,58.32,5.880532986,5.880532986,0,4.17438727,0,5.272999559,4.094344562,0,0,3.713572067,2.233679075,5.988961417,2.397895273,2.197224577,16.149925,0.018239133,16.168165,6.378285548,6.390195139,3.21910951,Ok,Ok,Ok,,,
moving_average_filter,300,0.1,0.1,357,357,0,64,0,194,59,0,0,40,8.334144,0.023344941,398,10,8,248,84.67787115,1.8767507,1,1,0,1,0.04,0,0,0.012768962,0.127689623,2.6094,0.0194914,2.6288914,0.54,25,SS,saed05rvt_base_ss0p540v25c,87.48,5.880532986,5.880532986,0,4.17438727,0,5.272999559,4.094344562,0,0,3.713572067,2.233679075,5.988961417,2.397895273,2.197224577,2.022848,0.016157685,2.0390055,22.43857932,22.47842834,17.10351823,Anomal,Anomal,Anomal,,,
moving_average_filter,300,0.1,0.37,357,357,0,64,0,194,59,0,0,40,8.334144,0.023344941,398,10,8,248,84.67787115,1.8767507,1,1,0,1,0.04,0,0,0.012986372,0.129863719,2.514,0.0192824,2.5332824,0.54,25,SS,saed05rvt_base_ss0p540v25c,87.48,5.880532986,5.880532986,0,4.17438727,0,5.272999559,4.094344562,0,0,3.713572067,2.233679075,5.988961417,2.397895273,2.197224577,2.0607781,0.016737226,2.0775154,17.99116578,18.02791802,13.19946481,Anomal,Anomal,Ok,,,
moving_average_filter,300,0.1,0.63,357,357,0,64,0,194,59,0,0,40,8.334144,0.023344941,398,10,8,248,84.67787115,1.8767507,1,1,0,1,0.04,0,0,0.012795535,0.127955352,2.4035,0.0190719,2.4225719,0.54,25,SS,saed05rvt_base_ss0p540v25c,87.48,5.880532986,5.880532986,0,4.17438727,0,5.272999559,4.094344562,0,0,3.713572067,2.233679075,5.988961417,2.397895273,2.197224577,2.0867944,0.017592622,2.104387,13.13417592,13.17685141,7.7563223,Ok,Ok,Ok,,,
moving_average_filter,300,0.1,0.9,357,357,0,64,0,194,59,0,0,40,8.334144,0.023344941,398,10,8,248,84.67787115,1.8767507,1,1,0,1,0.04,0,0,0.012536271,0.125362714,2.289,0.0188566,2.3078566,0.54,25,SS,saed05rvt_base_ss0p540v25c,87.48,5.880532986,5.880532986,0,4.17438727,0,5.272999559,4.094344562,0,0,3.713572067,2.233679075,5.988961417,2.397895273,2.197224577,2.1354544,0.018287217,2.1537416,6.67784133,6.707976572,3.019540933,Ok,Ok,Ok,,,
moving_average_filter,300,0.37,0.1,357,357,0,64,0,194,59,0,0,40,8.334144,0.023344941,398,10,8,248,84.67787115,1.8767507,1,1,0,1,0.04,0,0,0.03005004,0.081216325,7.7538,0.0194943,7.7732943,0.54,25,SS,saed05rvt_base_ss0p540v25c,87.48,5.880532986,5.880532986,0,4.17438727,0,5.272999559,4.094344562,0,0,3.713572067,2.233679075,5.988961417,2.397895273,2.197224577,7.245796,0.016369661,7.262166,6.575439666,6.551675261,16.02847337,Ok,Ok,Anomal,,,
moving_average_filter,300,0.37,0.37,357,357,0,64,0,194,59,0,0,40,8.334144,0.023344941,398,10,8,248,84.67787115,1.8767507,1,1,0,1,0.04,0,0,0.031199216,0.084322206,7.6965,0.0192816,7.7157816,0.54,25,SS,saed05rvt_base_ss0p540v25c,87.48,5.880532986,5.880532986,0,4.17438727,0,5.272999559,4.094344562,0,0,3.713572067,2.233679075,5.988961417,2.397895273,2.197224577,7.2997684,0.01693499,7.3167033,5.172234015,5.154700866,12.17019914,Ok,Ok,Ok,,,
moving_average_filter,300,0.37,0.63,357,357,0,64,0,194,59,0,0,40,8.334144,0.023344941,398,10,8,248,84.67787115,1.8767507,1,1,0,1,0.04,0,0,0.031022151,0.083843651,7.4268,0.019072,7.445872,0.54,25,SS,saed05rvt_base_ss0p540v25c,87.48,5.880532986,5.880532986,0,4.17438727,0,5.272999559,4.094344562,0,0,3.713572067,2.233679075,5.988961417,2.397895273,2.197224577,7.384514,0.017627407,7.402141,0.587317453,0.569372341,7.574418701,Ok,Ok,Ok,,,
moving_average_filter,300,0.37,0.9,357,357,0,64,0,194,59,0,0,40,8.334144,0.023344941,398,10,8,248,84.67787115,1.8767507,1,1,0,1,0.04,0,0,0.029686839,0.080234701,7.0444,0.018863,7.063263,0.54,25,SS,saed05rvt_base_ss0p540v25c,87.48,5.880532986,5.880532986,0,4.17438727,0,5.272999559,4.094344562,0,0,3.713572067,2.233679075,5.988961417,2.397895273,2.197224577,7.4986324,0.018231183,7.516864,6.421972719,6.448135129,3.349502781,Ok,Ok,Ok,,,
moving_average_filter,300,0.63,0.1,357,357,0,64,0,194,59,0,0,40,8.334144,0.023344941,398,10,8,248,84.67787115,1.8767507,1,1,0,1,0.04,0,0,0.03928357,0.062354874,11.4809,0.0194553,11.5003553,0.54,25,SS,saed05rvt_base_ss0p540v25c,87.48,5.880532986,5.880532986,0,4.17438727,0,5.272999559,4.094344562,0,0,3.713572067,2.233679075,5.988961417,2.397895273,2.197224577,11.42889,0.016554404,11.445445,0.47746559,0.453011277,14.9105691,Ok,Ok,Ok,,,
moving_average_filter,300,0.63,0.37,357,357,0,64,0,194,59,0,0,40,8.334144,0.023344941,398,10,8,248,84.67787115,1.8767507,1,1,0,1,0.04,0,0,0.046067173,0.073122497,12.2805,0.0192784,12.2997784,0.54,25,SS,saed05rvt_base_ss0p540v25c,87.48,5.880532986,5.880532986,0,4.17438727,0,5.272999559,4.094344562,0,0,3.713572067,2.233679075,5.988961417,2.397895273,2.197224577,11.622862,0.017135506,11.6399975,5.364169144,5.355141385,11.11551531,Ok,Ok,Ok,,,
moving_average_filter,300,0.63,0.63,357,357,0,64,0,194,59,0,0,40,8.334144,0.023344941,398,10,8,248,84.67787115,1.8767507,1,1,0,1,0.04,0,0,0.046071133,0.073128783,11.9307,0.0190764,11.9497764,0.54,25,SS,saed05rvt_base_ss0p540v25c,87.48,5.880532986,5.880532986,0,4.17438727,0,5.272999559,4.094344562,0,0,3.713572067,2.233679075,5.988961417,2.397895273,2.197224577,11.610462,0.017785305,11.628247,2.690670756,2.68414939,6.768021444,Ok,Ok,Ok,,,
moving_average_filter,300,0.63,0.9,357,357,0,64,0,194,59,0,0,40,8.334144,0.023344941,398,10,8,248,84.67787115,1.8767507,1,1,0,1,0.04,0,0,0.039283736,0.062355137,10.9584,0.0188571,10.9772571,0.54,25,SS,saed05rvt_base_ss0p540v25c,87.48,5.880532986,5.880532986,0,4.17438727,0,5.272999559,4.094344562,0,0,3.713572067,2.233679075,5.988961417,2.397895273,2.197224577,11.499381,0.01809277,11.517474,4.921239155,4.936679309,4.053273677,Ok,Ok,Ok,,,
moving_average_filter,300,0.9,0.1,357,357,0,64,0,194,59,0,0,40,8.334144,0.023344941,398,10,8,248,84.67787115,1.8767507,1,1,0,1,0.04,0,0,0.051494626,0.057216251,15.7916,0.0194553,15.8110553,0.54,25,SS,saed05rvt_base_ss0p540v25c,87.48,5.880532986,5.880532986,0,4.17438727,0,5.272999559,4.094344562,0,0,3.713572067,2.233679075,5.988961417,2.397895273,2.197224577,16.329947,0.01672212,16.346668,3.387585036,3.409068859,14.04850943,Ok,Ok,Ok,,,
moving_average_filter,300,0.9,0.37,357,357,0,64,0,194,59,0,0,40,8.334144,0.023344941,398,10,8,248,84.67787115,1.8767507,1,1,0,1,0.04,0,0,0.058278229,0.064753587,16.5855,0.0192784,16.6047784,0.54,25,SS,saed05rvt_base_ss0p540v25c,87.48,5.880532986,5.880532986,0,4.17438727,0,5.272999559,4.094344562,0,0,3.713572067,2.233679075,5.988961417,2.397895273,2.197224577,16.675976,0.017352404,16.693329,0.533282982,0.545511438,9.990434513,Ok,Ok,Ok,,,
moving_average_filter,300,0.9,0.63,357,357,0,64,0,194,59,0,0,40,8.334144,0.023344941,398,10,8,248,84.67787115,1.8767507,1,1,0,1,0.04,0,0,0.058282188,0.064757987,16.2304,0.0190764,16.2494764,0.54,25,SS,saed05rvt_base_ss0p540v25c,87.48,5.880532986,5.880532986,0,4.17438727,0,5.272999559,4.094344562,0,0,3.713572067,2.233679075,5.988961417,2.397895273,2.197224577,16.750025,0.017977737,16.768003,3.191038597,3.201552614,5.759279055,Ok,Ok,Ok,,,
moving_average_filter,300,0.9,0.9,357,357,0,64,0,194,59,0,0,40,8.334144,0.023344941,398,10,8,248,84.67787115,1.8767507,1,1,0,1,0.04,0,0,0.051494791,0.057216435,15.253,0.0188571,15.2718571,0.54,25,SS,saed05rvt_base_ss0p540v25c,87.48,5.880532986,5.880532986,0,4.17438727,0,5.272999559,4.094344562,0,0,3.713572067,2.233679075,5.988961417,2.397895273,2.197224577,16.53911,0.018361783,16.557472,8.418197738,8.431850677,2.626688859,Ok,Ok,Ok,,,
moving_average_filter,450,0.1,0.1,357,357,0,64,0,194,59,0,0,40,8.334144,0.023344941,398,10,8,248,84.67787115,1.8767507,1,1,0,1,0.04,0,0,0.013199844,0.131998442,2.6614,0.0194847,2.6808847,0.54,25,SS,saed05rvt_base_ss0p540v25c,131.22,5.880532986,5.880532986,0,4.17438727,0,5.272999559,4.094344562,0,0,3.713572067,2.233679075,5.988961417,2.397895273,2.197224577,2.0411327,0.016494753,2.0576274,23.24819342,23.30605364,15.34510237,Anomal,Anomal,Anomal,,,
moving_average_filter,450,0.1,0.37,357,357,0,64,0,194,59,0,0,40,8.334144,0.023344941,398,10,8,248,84.67787115,1.8767507,1,1,0,1,0.04,0,0,0.013442216,0.134422161,2.56,0.0192678,2.5792678,0.54,25,SS,saed05rvt_base_ss0p540v25c,131.22,5.880532986,5.880532986,0,4.17438727,0,5.272999559,4.094344562,0,0,3.713572067,2.233679075,5.988961417,2.397895273,2.197224577,2.0746098,0.017034888,2.0916448,18.90548302,18.96055639,11.58882557,Anomal,Anomal,Ok,,,
moving_average_filter,450,0.1,0.63,357,357,0,64,0,194,59,0,0,40,8.334144,0.023344941,398,10,8,248,84.67787115,1.8767507,1,1,0,1,0.04,0,0,0.013214264,0.132142638,2.4408,0.0190557,2.4598557,0.54,25,SS,saed05rvt_base_ss0p540v25c,131.22,5.880532986,5.880532986,0,4.17438727,0,5.272999559,4.094344562,0,0,3.713572067,2.233679075,5.988961417,2.397895273,2.197224577,2.1030045,0.017796937,2.1208014,13.78350166,13.83954214,6.605701306,Ok,Ok,Ok,,,
moving_average_filter,450,0.1,0.9,357,357,0,64,0,194,59,0,0,40,8.334144,0.023344941,398,10,8,248,84.67787115,1.8767507,1,1,0,1,0.04,0,0,0.012939065,0.129390653,2.3212,0.0188401,2.3400401,0.54,25,SS,saed05rvt_base_ss0p540v25c,131.22,5.880532986,5.880532986,0,4.17438727,0,5.272999559,4.094344562,0,0,3.713572067,2.233679075,5.988961417,2.397895273,2.197224577,2.1538012,0.018429982,2.1722312,7.171197735,7.21173519,2.176837997,Ok,Ok,Ok,,,
moving_average_filter,450,0.37,0.1,357,357,0,64,0,194,59,0,0,40,8.334144,0.023344941,398,10,8,248,84.67787115,1.8767507,1,1,0,1,0.04,0,0,0.031819621,0.085998975,8.0301,0.0194794,8.0495794,0.54,25,SS,saed05rvt_base_ss0p540v25c,131.22,5.880532986,5.880532986,0,4.17438727,0,5.272999559,4.094344562,0,0,3.713572067,2.233679075,5.988961417,2.397895273,2.197224577,7.303773,0.016685108,7.320458,9.057882759,9.045056396,14.34485804,Ok,Ok,Ok,,,
moving_average_filter,450,0.37,0.37,357,357,0,64,0,194,59,0,0,40,8.334144,0.023344941,398,10,8,248,84.67787115,1.8767507,1,1,0,1,0.04,0,0,0.032585653,0.088069333,7.8767,0.0192664,7.8959664,0.54,25,SS,saed05rvt_base_ss0p540v25c,131.22,5.880532986,5.880532986,0,4.17438727,0,5.272999559,4.094344562,0,0,3.713572067,2.233679075,5.988961417,2.397895273,2.197224577,7.3286676,0.01724476,7.3459125,6.966264997,6.957639104,10.49308668,Ok,Ok,Ok,,,
moving_average_filter,450,0.37,0.63,357,357,0,64,0,194,59,0,0,40,8.334144,0.023344941,398,10,8,248,84.67787115,1.8767507,1,1,0,1,0.04,0,0,0.032443711,0.087685706,7.5828,0.0190562,7.6018562,0.54,25,SS,saed05rvt_base_ss0p540v25c,131.22,5.880532986,5.880532986,0,4.17438727,0,5.272999559,4.094344562,0,0,3.713572067,2.233679075,5.988961417,2.397895273,2.197224577,7.409148,0.017825298,7.4269733,2.300528351,2.290074692,6.459325515,Ok,Ok,Ok,,,
moving_average_filter,450,0.37,0.9,357,357,0,64,0,194,59,0,0,40,8.334144,0.023344941,398,10,8,248,84.67787115,1.8767507,1,1,0,1,0.04,0,0,0.031284214,0.084551929,7.1801,0.0188439,7.1989439,0.54,25,SS,saed05rvt_base_ss0p540v25c,131.22,5.880532986,5.880532986,0,4.17438727,0,5.272999559,4.094344562,0,0,3.713572067,2.233679075,5.988961417,2.397895273,2.197224577,7.5264263,0.018348824,7.544775,4.80391449,4.823419107,2.627246839,Ok,Ok,Ok,,,
moving_average_filter,450,0.63,0.1,357,357,0,64,0,194,59,0,0,40,8.334144,0.023344941,398,10,8,248,84.67787115,1.8767507,1,1,0,1,0.04,0,0,0.047164673,0.074864561,12.8017,0.0194796,12.8211796,0.54,25,SS,saed05rvt_base_ss0p540v25c,131.22,5.880532986,5.880532986,0,4.17438727,0,5.272999559,4.094344562,0,0,3.713572067,2.233679075,5.988961417,2.397895273,2.197224577,11.81565,0.016849602,11.8324995,7.711303692,7.702492745,13.5012955,Ok,Ok,Ok,,,
moving_average_filter,450,0.63,0.37,357,357,0,64,0,194,59,0,0,40,8.334144,0.023344941,398,10,8,248,84.67787115,1.8767507,1,1,0,1,0.04,0,0,0.049384121,0.078387493,12.7588,0.0192664,12.7780664,0.54,25,SS,saed05rvt_base_ss0p540v25c,131.22,5.880532986,5.880532986,0,4.17438727,0,5.272999559,4.094344562,0,0,3.713572067,2.233679075,5.988961417,2.397895273,2.197224577,11.851957,0.017448537,11.869406,7.111096664,7.107585971,9.435405412,Ok,Ok,Ok,,,
moving_average_filter,450,0.63,0.63,357,357,0,64,0,194,59,0,0,40,8.334144,0.023344941,398,10,8,248,84.67787115,1.8767507,1,1,0,1,0.04,0,0,0.049223131,0.078131953,12.3246,0.0190558,12.3436558,0.54,25,SS,saed05rvt_base_ss0p540v25c,131.22,5.880532986,5.880532986,0,4.17438727,0,5.272999559,4.094344562,0,0,3.713572067,2.233679075,5.988961417,2.397895273,2.197224577,11.839352,0.017914863,11.857266,3.940399682,3.937234036,5.987346093,Ok,Ok,Ok,,,
moving_average_filter,450,0.63,0.9,357,357,0,64,0,194,59,0,0,40,8.334144,0.023344941,398,10,8,248,84.67787115,1.8767507,1,1,0,1,0.04,0,0,0.046849714,0.074364625,11.6742,0.0188475,11.6930475,0.54,25,SS,saed05rvt_base_ss0p540v25c,131.22,5.880532986,5.880532986,0,4.17438727,0,5.272999559,4.094344562,0,0,3.713572067,2.233679075,5.988961417,2.397895273,2.197224577,11.86287,0.018260451,11.88113,1.608500423,1.616129725,3.114731218,Ok,Ok,Ok,,,
moving_average_filter,450,0.9,0.1,357,357,0,64,0,194,59,0,0,40,8.334144,0.023344941,398,10,8,248,84.67787115,1.8767507,1,1,0,1,0.04,0,0,0.055241817,0.061379796,16.4194,0.019447,16.438847,0.54,25,SS,saed05rvt_base_ss0p540v25c,131.22,5.880532986,5.880532986,0,4.17438727,0,5.272999559,4.094344562,0,0,3.713572067,2.233679075,5.988961417,2.397895273,2.197224577,16.850422,0.01705154,16.867474,2.607400642,2.625077077,12.31788803,Ok,Ok,Ok,,,
moving_average_filter,450,0.9,0.37,357,357,0,64,0,194,59,0,0,40,8.334144,0.023344941,398,10,8,248,84.67787115,1.8767507,1,1,0,1,0.04,0,0,0.065417937,0.072686597,17.6001,0.0192697,17.6193697,0.54,25,SS,saed05rvt_base_ss0p540v25c,131.22,5.880532986,5.880532986,0,4.17438727,0,5.272999559,4.094344562,0,0,3.713572067,2.233679075,5.988961417,2.397895273,2.197224577,17.245806,0.017667653,17.263474,2.01991442,2.013024129,8.313813712,Ok,Ok,Ok,,,
moving_average_filter,450,0.9,0.63,357,357,0,64,0,194,59,0,0,40,8.334144,0.023344941,398,10,8,248,84.67787115,1.8767507,1,1,0,1,0.04,0,0,0.065416837,0.072685374,17.0562,0.0190672,17.0752672,0.54,25,SS,saed05rvt_base_ss0p540v25c,131.22,5.880532986,5.880532986,0,4.17438727,0,5.272999559,4.094344562,0,0,3.713572067,2.233679075,5.988961417,2.397895273,2.197224577,17.322523,0.018134309,17.340658,1.554242079,1.561444619,4.892648218,Ok,Ok,Ok,,,
moving_average_filter,450,0.9,0.9,357,357,0,64,0,194,59,0,0,40,8.334144,0.023344941,398,10,8,248,84.67787115,1.8767507,1,1,0,1,0.04,0,0,0.055237673,0.061375193,15.5791,0.0188475,15.5979475,0.54,25,SS,saed05rvt_base_ss0p540v25c,131.22,5.880532986,5.880532986,0,4.17438727,0,5.272999559,4.094344562,0,0,3.713572067,2.233679075,5.988961417,2.397895273,2.197224577,17.15259,0.018538617,17.17113,10.08582525,10.10000448,1.638856094,Ok,Ok,Ok,,,
moving_average_filter,600,0.1,0.1,357,357,0,64,0,194,59,0,0,40,8.334144,0.023344941,398,10,8,248,84.67787115,1.8767507,1,1,0,1,0.04,0,0,0.013422369,0.134223693,2.6837,0.0194874,2.7031874,0.54,25,SS,saed05rvt_base_ss0p540v25c,174.96,5.880532986,5.880532986,0,4.17438727,0,5.272999559,4.094344562,0,0,3.713572067,2.233679075,5.988961417,2.397895273,2.197224577,2.0239875,0.016895773,2.0408833,24.50085767,24.58219877,13.29898863,Anomal,Anomal,Ok,,,
moving_average_filter,600,0.1,0.37,357,357,0,64,0,194,59,0,0,40,8.334144,0.023344941,398,10,8,248,84.67787115,1.8767507,1,1,0,1,0.04,0,0,0.013667487,0.136674874,2.5794,0.0192576,2.5986576,0.54,25,SS,saed05rvt_base_ss0p540v25c,174.96,5.880532986,5.880532986,0,4.17438727,0,5.272999559,4.094344562,0,0,3.713572067,2.233679075,5.988961417,2.397895273,2.197224577,2.0681748,0.01738392,2.0855587,19.74476927,19.81953792,9.729561166,Anomal,Anomal,Ok,,,
moving_average_filter,600,0.1,0.63,357,357,0,64,0,194,59,0,0,40,8.334144,0.023344941,398,10,8,248,84.67787115,1.8767507,1,1,0,1,0.04,0,0,0.01344356,0.134435603,2.4594,0.0190453,2.4784453,0.54,25,SS,saed05rvt_base_ss0p540v25c,174.96,5.880532986,5.880532986,0,4.17438727,0,5.272999559,4.094344562,0,0,3.713572067,2.233679075,5.988961417,2.397895273,2.197224577,2.1061106,0.018004952,2.1241155,14.29645564,14.36486245,5.462492066,Ok,Ok,Ok,,,
moving_average_filter,600,0.1,0.9,357,357,0,64,0,194,59,0,0,40,8.334144,0.023344941,398,10,8,248,84.67787115,1.8767507,1,1,0,1,0.04,0,0,0.013177467,0.131774673,2.3396,0.0188297,2.3584297,0.54,25,SS,saed05rvt_base_ss0p540v25c,174.96,5.880532986,5.880532986,0,4.17438727,0,5.272999559,4.094344562,0,0,3.713572067,2.233679075,5.988961417,2.397895273,2.197224577,2.1523573,0.018598842,2.1709561,7.949084308,8.00319115,1.226033855,Ok,Ok,Ok,,,
moving_average_filter,600,0.37,0.1,357,357,0,64,0,194,59,0,0,40,8.334144,0.023344941,398,10,8,248,84.67787115,1.8767507,1,1,0,1,0.04,0,0,0.032729359,0.088457728,8.1688,0.0194683,8.1882683,0.54,25,SS,saed05rvt_base_ss0p540v25c,174.96,5.880532986,5.880532986,0,4.17438727,0,5.272999559,4.094344562,0,0,3.713572067,2.233679075,5.988961417,2.397895273,2.197224577,7.274103,0.017050225,7.2911534,10.95610007,10.95261036,12.42057454,Ok,Ok,Ok,,,
moving_average_filter,600,0.37,0.37,357,357,0,64,0,194,59,0,0,40,8.334144,0.023344941,398,10,8,248,84.67787115,1.8767507,1,1,0,1,0.04,0,0,0.033167055,0.08964069,7.9469,0.0192565,7.9661565,0.54,25,SS,saed05rvt_base_ss0p540v25c,174.96,5.880532986,5.880532986,0,4.17438727,0,5.272999559,4.094344562,0,0,3.713572067,2.233679075,5.988961417,2.397895273,2.197224577,7.306921,0.017575184,7.3244963,8.054828333,8.053190486,8.731161513,Ok,Ok,Ok,,,
moving_average_filter,600,0.37,0.63,357,357,0,64,0,194,59,0,0,40,8.334144,0.023344941,398,10,8,248,84.67787115,1.8767507,1,1,0,1,0.04,0,0,0.032955661,0.089069354,7.6337,0.0190454,7.6527454,0.54,25,SS,saed05rvt_base_ss0p540v25c,174.96,5.880532986,5.880532986,0,4.17438727,0,5.272999559,4.094344562,0,0,3.713572067,2.233679075,5.988961417,2.397895273,2.197224577,7.385787,0.018028297,7.4038153,3.252821275,3.247612427,5.340415375,Ok,Ok,Ok,,,
moving_average_filter,600,0.37,0.9,357,357,0,64,0,194,59,0,0,40,8.334144,0.023344941,398,10,8,248,84.67787115,1.8767507,1,1,0,1,0.04,0,0,0.032124731,0.086823598,7.2492,0.0188318,7.2680318,0.54,25,SS,saed05rvt_base_ss0p540v25c,174.96,5.880532986,5.880532986,0,4.17438727,0,5.272999559,4.094344562,0,0,3.713572067,2.233679075,5.988961417,2.397895273,2.197224577,7.5202875,0.018585272,7.5388727,3.726468544,3.739550761,1.309104104,Ok,Ok,Ok,,,
moving_average_filter,600,0.63,0.1,357,357,0,64,0,194,59,0,0,40,8.334144,0.023344941,398,10,8,248,84.67787115,1.8767507,1,1,0,1,0.04,0,0,0.048934065,0.07767312,13.0887,0.0194695,13.1081695,0.54,25,SS,saed05rvt_base_ss0p540v25c,174.96,5.880532986,5.880532986,0,4.17438727,0,5.272999559,4.094344562,0,0,3.713572067,2.233679075,5.988961417,2.397895273,2.197224577,11.942635,0.017170578,11.9598055,8.760674108,8.756143983,11.80781098,Ok,Ok,Ok,,,
moving_average_filter,600,0.63,0.37,357,357,0,64,0,194,59,0,0,40,8.334144,0.023344941,398,10,8,248,84.67787115,1.8767507,1,1,0,1,0.04,0,0,0.050807121,0.080646223,12.9516,0.019256,12.970856,0.54,25,SS,saed05rvt_base_ss0p540v25c,174.96,5.880532986,5.880532986,0,4.17438727,0,5.272999559,4.094344562,0,0,3.713572067,2.233679075,5.988961417,2.397895273,2.197224577,11.92278,0.017750923,11.940531,7.943386489,7.943574254,7.816147744,Ok,Ok,Ok,,,
moving_average_filter,600,0.63,0.63,357,357,0,64,0,194,59,0,0,40,8.334144,0.023344941,398,10,8,248,84.67787115,1.8767507,1,1,0,1,0.04,0,0,0.05065497,0.080404714,12.4876,0.0190457,12.5066457,0.54,25,SS,saed05rvt_base_ss0p540v25c,174.96,5.880532986,5.880532986,0,4.17438727,0,5.272999559,4.094344562,0,0,3.713572067,2.233679075,5.988961417,2.397895273,2.197224577,11.910028,0.018113371,11.928142,4.625573635,4.625160498,4.895220523,Ok,Ok,Ok,,,
moving_average_filter,600,0.63,0.9,357,357,0,64,0,194,59,0,0,40,8.334144,0.023344941,398,10,8,248,84.67787115,1.8767507,1,1,0,1,0.04,0,0,0.048467332,0.076932272,11.8138,0.018835,11.832635,0.54,25,SS,saed05rvt_base_ss0p540v25c,174.96,5.880532986,5.880532986,0,4.17438727,0,5.272999559,4.094344562,0,0,3.713572067,2.233679075,5.988961417,2.397895273,2.197224577,11.929403,0.018484768,11.947888,0.974029659,0.978544626,1.859476897,Ok,Ok,Ok,,,
moving_average_filter,600,0.9,0.1,357,357,0,64,0,194,59,0,0,40,8.334144,0.023344941,398,10,8,248,84.67787115,1.8767507,1,1,0,1,0.04,0,0,0.064481734,0.071646371,17.9761,0.0194694,17.9955694,0.54,25,SS,saed05rvt_base_ss0p540v25c,174.96,5.880532986,5.880532986,0,4.17438727,0,5.272999559,4.094344562,0,0,3.713572067,2.233679075,5.988961417,2.397895273,2.197224577,17.485123,0.01736156,17.502483,2.740041291,2.731278305,10.82642076,Ok,Ok,Ok,,,
moving_average_filter,600,0.9,0.37,357,357,0,64,0,194,59,0,0,40,8.334144,0.023344941,398,10,8,248,84.67787115,1.8767507,1,1,0,1,0.04,0,0,0.067660492,0.075178325,17.9336,0.019256,17.952856,0.54,25,SS,saed05rvt_base_ss0p540v25c,174.96,5.880532986,5.880532986,0,4.17438727,0,5.272999559,4.094344562,0,0,3.713572067,2.233679075,5.988961417,2.397895273,2.197224577,17.639517,0.017992603,17.657509,1.645126268,1.639844591,6.561058053,Ok,Ok,Ok,,,
moving_average_filter,600,0.9,0.63,357,357,0,64,0,194,59,0,0,40,8.334144,0.023344941,398,10,8,248,84.67787115,1.8767507,1,1,0,1,0.04,0,0,0.067523133,0.075025704,17.3423,0.0190456,17.3613456,0.54,25,SS,saed05rvt_base_ss0p540v25c,174.96,5.880532986,5.880532986,0,4.17438727,0,5.272999559,4.094344562,0,0,3.713572067,2.233679075,5.988961417,2.397895273,2.197224577,17.707506,0.018358506,17.725864,2.09959999,2.105869347,3.607624531,Ok,Ok,Ok,,,
moving_average_filter,600,0.9,0.9,357,357,0,64,0,194,59,0,0,40,8.334144,0.023344941,398,10,8,248,84.67787115,1.8767507,1,1,0,1,0.04,0,0,0.064194186,0.071326873,16.4387,0.0188375,16.4575375,0.54,25,SS,saed05rvt_base_ss0p540v25c,174.96,5.880532986,5.880532986,0,4.17438727,0,5.272999559,4.094344562,0,0,3.713572067,2.233679075,5.988961417,2.397895273,2.197224577,17.71144,0.018680792,17.73012,7.732518946,7.742334447,0.831892226,Ok,Ok,Ok,,,
moving_average_filter,750,0.1,0.1,357,357,0,64,0,194,59,0,0,40,8.334144,0.023344941,398,10,8,248,84.67787115,1.8767507,1,1,0,1,0.04,0,0,0.01354544,0.135454397,2.7026,0.019485,2.722085,0.54,25,SS,saed05rvt_base_ss0p540v25c,218.7,5.880532986,5.880532986,0,4.17438727,0,5.272999559,4.094344562,0,0,3.713572067,2.233679075,5.988961417,2.397895273,2.197224577,2.0394092,0.017310169,2.0567193,24.44323733,24.53899354,11.16156739,Anomal,Anomal,Ok,,,
moving_average_filter,750,0.1,0.37,357,357,0,64,0,194,59,0,0,40,8.334144,0.023344941,398,10,8,248,84.67787115,1.8767507,1,1,0,1,0.04,0,0,0.013866857,0.138668568,2.6022,0.0192566,2.6214566,0.54,25,SS,saed05rvt_base_ss0p540v25c,218.7,5.880532986,5.880532986,0,4.17438727,0,5.272999559,4.094344562,0,0,3.713572067,2.233679075,5.988961417,2.397895273,2.197224577,2.0911045,0.017693508,2.108798,19.55624873,19.64089972,8.117173248,Anomal,Anomal,Ok,,,
moving_average_filter,750,0.1,0.63,357,357,0,64,0,194,59,0,0,40,8.334144,0.023344941,398,10,8,248,84.67787115,1.8767507,1,1,0,1,0.04,0,0,0.013638721,0.136387211,2.4786,0.0190436,2.4976436,0.54,25,SS,saed05rvt_base_ss0p540v25c,218.7,5.880532986,5.880532986,0,4.17438727,0,5.272999559,4.094344562,0,0,3.713572067,2.233679075,5.988961417,2.397895273,2.197224577,2.1340272,0.018244063,2.1522713,13.82792682,13.90191065,4.198452595,Ok,Ok,Ok,,,
moving_average_filter,750,0.1,0.9,357,357,0,64,0,194,59,0,0,40,8.334144,0.023344941,398,10,8,248,84.67787115,1.8767507,1,1,0,1,0.04,0,0,0.013386211,0.133862111,2.3566,0.0188274,2.3754274,0.54,25,SS,saed05rvt_base_ss0p540v25c,218.7,5.880532986,5.880532986,0,4.17438727,0,5.272999559,4.094344562,0,0,3.713572067,2.233679075,5.988961417,2.397895273,2.197224577,2.1751018,0.018860882,2.1939626,7.639249509,7.701699183,0.177837344,Ok,Ok,Ok,,,
moving_average_filter,750,0.37,0.1,357,357,0,64,0,194,59,0,0,40,8.334144,0.023344941,398,10,8,248,84.67787115,1.8767507,1,1,0,1,0.04,0,0,0.033524332,0.090606302,8.2981,0.0194682,8.3175682,0.54,25,SS,saed05rvt_base_ss0p540v25c,218.7,5.880532986,5.880532986,0,4.17438727,0,5.272999559,4.094344562,0,0,3.713572067,2.233679075,5.988961417,2.397895273,2.197224577,7.340398,0.01743286,7.3578305,11.53868117,11.54122227,10.45469449,Ok,Ok,Ok,,,
moving_average_filter,750,0.37,0.37,357,357,0,64,0,194,59,0,0,40,8.334144,0.023344941,398,10,8,248,84.67787115,1.8767507,1,1,0,1,0.04,0,0,0.033814412,0.091390303,8.034,0.019256,8.053256,0.54,25,SS,saed05rvt_base_ss0p540v25c,218.7,5.880532986,5.880532986,0,4.17438727,0,5.272999559,4.094344562,0,0,3.713572067,2.233679075,5.988961417,2.397895273,2.197224577,7.3783474,0.01781124,7.3961587,8.159399189,8.160973402,7.502904921,Ok,Ok,Ok,,,
moving_average_filter,750,0.37,0.63,357,357,0,64,0,194,59,0,0,40,8.334144,0.023344941,398,10,8,248,84.67787115,1.8767507,1,1,0,1,0.04,0,0,0.033594776,0.090796693,7.7052,0.0190436,7.7242436,0.54,25,SS,saed05rvt_base_ss0p540v25c,218.7,5.880532986,5.880532986,0,4.17438727,0,5.272999559,4.094344562,0,0,3.713572067,2.233679075,5.988961417,2.397895273,2.197224577,7.4591074,0.018311996,7.4774194,3.195448466,3.193850919,3.841731537,Ok,Ok,Ok,,,
moving_average_filter,750,0.37,0.9,357,357,0,64,0,194,59,0,0,40,8.334144,0.023344941,398,10,8,248,84.67787115,1.8767507,1,1,0,1,0.04,0,0,0.032908372,0.088941546,7.3154,0.0188284,7.3342284,0.54,25,SS,saed05rvt_base_ss0p540v25c,218.7,5.880532986,5.880532986,0,4.17438727,0,5.272999559,4.094344562,0,0,3.713572067,2.233679075,5.988961417,2.397895273,2.197224577,7.6088314,0.018835528,7.627667,4.000946442,4.011146426,0.037856761,Ok,Ok,Ok,,,
moving_average_filter,750,0.63,0.1,357,357,0,64,0,194,59,0,0,40,8.334144,0.023344941,398,10,8,248,84.67787115,1.8767507,1,1,0,1,0.04,0,0,0.050526995,0.080201579,13.3537,0.0194695,13.3731695,0.54,25,SS,saed05rvt_base_ss0p540v25c,218.7,5.880532986,5.880532986,0,4.17438727,0,5.272999559,4.094344562,0,0,3.713572067,2.233679075,5.988961417,2.397895273,2.197224577,11.986343,0.017531697,12.003875,10.23911887,10.23953373,9.953020329,Ok,Ok,Ok,,,
moving_average_filter,750,0.63,0.37,357,357,0,64,0,194,59,0,0,40,8.334144,0.023344941,398,10,8,248,84.67787115,1.8767507,1,1,0,1,0.04,0,0,0.052071377,0.082652979,13.1272,0.0192553,13.1464553,0.54,25,SS,saed05rvt_base_ss0p540v25c,218.7,5.880532986,5.880532986,0,4.17438727,0,5.272999559,4.094344562,0,0,3.713572067,2.233679075,5.988961417,2.397895273,2.197224577,11.980527,0.017930806,11.998458,8.732372074,8.735092601,6.87859611,Ok,Ok,Ok,,,
moving_average_filter,750,0.63,0.63,357,357,0,64,0,194,59,0,0,40,8.334144,0.023344941,398,10,8,248,84.67787115,1.8767507,1,1,0,1,0.04,0,0,0.051951636,0.082462914,12.6365,0.019044,12.655544,0.54,25,SS,saed05rvt_base_ss0p540v25c,218.7,5.880532986,5.880532986,0,4.17438727,0,5.272999559,4.094344562,0,0,3.713572067,2.233679075,5.988961417,2.397895273,2.197224577,11.993851,0.018344726,12.012196,5.083530292,5.08565894,3.671883987,Ok,Ok,Ok,,,
moving_average_filter,750,0.63,0.9,357,357,0,64,0,194,59,0,0,40,8.334144,0.023344941,398,10,8,248,84.67787115,1.8767507,1,1,0,1,0.04,0,0,0.049997291,0.07936078,11.9466,0.0188314,11.9654314,0.54,25,SS,saed05rvt_base_ss0p540v25c,218.7,5.880532986,5.880532986,0,4.17438727,0,5.272999559,4.094344562,0,0,3.713572067,2.233679075,5.988961417,2.397895273,2.197224577,12.008131,0.018682659,12.0268135,0.512995353,0.515050535,0.789858044,Ok,Ok,Ok,,,
moving_average_filter,750,0.9,0.1,357,357,0,64,0,194,59,0,0,40,8.334144,0.023344941,398,10,8,248,84.67787115,1.8767507,1,1,0,1,0.04,0,0,0.066878339,0.074309266,18.3796,0.0194698,18.3990698,0.54,25,SS,saed05rvt_base_ss0p540v25c,218.7,5.880532986,5.880532986,0,4.17438727,0,5.272999559,4.094344562,0,0,3.713572067,2.233679075,5.988961417,2.397895273,2.197224577,17.781445,0.017709054,17.799154,3.260575262,3.254453037,9.043472183,Ok,Ok,Ok,,,
moving_average_filter,750,0.9,0.37,357,357,0,64,0,194,59,0,0,40,8.334144,0.023344941,398,10,8,248,84.67787115,1.8767507,1,1,0,1,0.04,0,0,0.070042719,0.077825243,18.273,0.0192554,18.2922554,0.54,25,SS,saed05rvt_base_ss0p540v25c,218.7,5.880532986,5.880532986,0,4.17438727,0,5.272999559,4.094344562,0,0,3.713572067,2.233679075,5.988961417,2.397895273,2.197224577,17.958872,0.018203735,17.977076,1.723023303,1.719083668,5.461660877,Ok,Ok,Ok,,,
moving_average_filter,750,0.9,0.63,357,357,0,64,0,194,59,0,0,40,8.334144,0.023344941,398,10,8,248,84.67787115,1.8767507,1,1,0,1,0.04,0,0,0.069911209,0.077679121,17.6264,0.0190438,17.6454438,0.54,25,SS,saed05rvt_base_ss0p540v25c,218.7,5.880532986,5.880532986,0,4.17438727,0,5.272999559,4.094344562,0,0,3.713572067,2.233679075,5.988961417,2.397895273,2.197224577,18.02944,0.018585334,18.048025,2.281503009,2.286569726,2.407431287,Ok,Ok,Ok,,,
moving_average_filter,750,0.9,0.9,357,357,0,64,0,194,59,0,0,40,8.334144,0.023344941,398,10,8,248,84.67787115,1.8767507,1,1,0,1,0.04,0,0,0.06653105,0.073923389,16.6471,0.0188338,16.6659338,0.54,25,SS,saed05rvt_base_ss0p540v25c,218.7,5.880532986,5.880532986,0,4.17438727,0,5.272999559,4.094344562,0,0,3.713572067,2.233679075,5.988961417,2.397895273,2.197224577,18.00042,0.018829063,18.019249,8.120248038,8.129461688,0.025153814,Ok,Ok,Ok,,,
moving_average_filter,900,0.1,0.1,357,357,0,64,0,194,59,0,0,40,8.334144,0.023344941,398,10,8,248,84.67787115,1.8767507,1,1,0,1,0.04,0,0,0.013925656,0.139256558,2.7428,0.0194734,2.7622734,0.54,25,SS,saed05rvt_base_ss0p540v25c,262.44,5.880532986,5.880532986,0,4.17438727,0,5.272999559,4.094344562,0,0,3.713572067,2.233679075,5.988961417,2.397895273,2.197224577,2.067904,0.017725023,2.085629,24.49592476,24.60609612,8.978285714,Anomal,Anomal,Ok,,,
moving_average_filter,900,0.1,0.37,357,357,0,64,0,194,59,0,0,40,8.334144,0.023344941,398,10,8,248,84.67787115,1.8767507,1,1,0,1,0.04,0,0,0.014285565,0.142855653,2.6412,0.0192402,2.6604402,0.54,25,SS,saed05rvt_base_ss0p540v25c,262.44,5.880532986,5.880532986,0,4.17438727,0,5.272999559,4.094344562,0,0,3.713572067,2.233679075,5.988961417,2.397895273,2.197224577,2.122869,0.01796137,2.1408303,19.53097542,19.62482906,6.646657377,Anomal,Anomal,Ok,,,
moving_average_filter,900,0.1,0.63,357,357,0,64,0,194,59,0,0,40,8.334144,0.023344941,398,10,8,248,84.67787115,1.8767507,1,1,0,1,0.04,0,0,0.014045663,0.140456633,2.513,0.0190271,2.5320271,0.54,25,SS,saed05rvt_base_ss0p540v25c,262.44,5.880532986,5.880532986,0,4.17438727,0,5.272999559,4.094344562,0,0,3.713572067,2.233679075,5.988961417,2.397895273,2.197224577,2.168453,0.018521722,2.1869748,13.62751355,13.71058583,2.656093645,Ok,Ok,Ok,,,
moving_average_filter,900,0.1,0.9,357,357,0,64,0,194,59,0,0,40,8.334144,0.023344941,398,10,8,248,84.67787115,1.8767507,1,1,0,1,0.04,0,0,0.013774394,0.137743945,2.3878,0.0188102,2.4066102,0.54,25,SS,saed05rvt_base_ss0p540v25c,262.44,5.880532986,5.880532986,0,4.17438727,0,5.272999559,4.094344562,0,0,3.713572067,2.233679075,5.988961417,2.397895273,2.197224577,2.216338,0.018967377,2.2353053,7.118098756,7.180755539,0.835594634,Ok,Ok,Ok,,,
moving_average_filter,900,0.37,0.1,357,357,0,64,0,194,59,0,0,40,8.334144,0.023344941,398,10,8,248,84.67787115,1.8767507,1,1,0,1,0.04,0,0,0.034404837,0.092986045,8.4189,0.0194518,8.4383518,0.54,25,SS,saed05rvt_base_ss0p540v25c,262.44,5.880532986,5.880532986,0,4.17438727,0,5.272999559,4.094344562,0,0,3.713572067,2.233679075,5.988961417,2.397895273,2.197224577,7.455861,0.01781397,7.4736753,11.43204943,11.43901113,8.419943638,Ok,Ok,Ok,,,
moving_average_filter,900,0.37,0.37,357,357,0,64,0,194,59,0,0,40,8.334144,0.023344941,398,10,8,248,84.67787115,1.8767507,1,1,0,1,0.04,0,0,0.034483849,0.093199593,8.109,0.0192392,8.1282392,0.54,25,SS,saed05rvt_base_ss0p540v25c,262.44,5.880532986,5.880532986,0,4.17438727,0,5.272999559,4.094344562,0,0,3.713572067,2.233679075,5.988961417,2.397895273,2.197224577,7.493515,0.018034516,7.5115495,7.587002695,7.59014657,6.261612217,Ok,Ok,Ok,,,
moving_average_filter,900,0.37,0.63,357,357,0,64,0,194,59,0,0,40,8.334144,0.023344941,398,10,8,248,84.67787115,1.8767507,1,1,0,1,0.04,0,0,0.034261153,0.092597712,7.7705,0.0190267,7.7895267,0.54,25,SS,saed05rvt_base_ss0p540v25c,262.44,5.880532986,5.880532986,0,4.17438727,0,5.272999559,4.094344562,0,0,3.713572067,2.233679075,5.988961417,2.397895273,2.197224577,7.582096,0.018626072,7.6007223,2.423823608,2.424604596,2.105612047,Ok,Ok,Ok,,,
moving_average_filter,900,0.37,0.9,357,357,0,64,0,194,59,0,0,40,8.334144,0.023344941,398,10,8,248,84.67787115,1.8767507,1,1,0,1,0.04,0,0,0.033750832,0.091218464,7.3851,0.0188102,7.4039102,0.54,25,SS,saed05rvt_base_ss0p540v25c,262.44,5.880532986,5.880532986,0,4.17438727,0,5.272999559,4.094344562,0,0,3.713572067,2.233679075,5.988961417,2.397895273,2.197224577,7.7398577,0.018924102,7.758782,4.793030984,4.803694921,0.605534163,Ok,Ok,Ok,,,
moving_average_filter,900,0.63,0.1,357,357,0,64,0,194,59,0,0,40,8.334144,0.023344941,398,10,8,248,84.67787115,1.8767507,1,1,0,1,0.04,0,0,0.051961666,0.082478835,13.5701,0.0194533,13.5895533,0.54,25,SS,saed05rvt_base_ss0p540v25c,262.44,5.880532986,5.880532986,0,4.17438727,0,5.272999559,4.094344562,0,0,3.713572067,2.233679075,5.988961417,2.397895273,2.197224577,12.125227,0.01792677,12.143154,10.64346358,10.64747515,7.847155336,Ok,Ok,Ok,,,
moving_average_filter,900,0.63,0.37,357,357,0,64,0,194,59,0,0,40,8.334144,0.023344941,398,10,8,248,84.67787115,1.8767507,1,1,0,1,0.04,0,0,0.053128337,0.084330693,13.2567,0.0192391,13.2759391,0.54,25,SS,saed05rvt_base_ss0p540v25c,262.44,5.880532986,5.880532986,0,4.17438727,0,5.272999559,4.094344562,0,0,3.713572067,2.233679075,5.988961417,2.397895273,2.197224577,12.139144,0.018151209,12.157295,8.426099762,8.430122551,5.65458489,Ok,Ok,Ok,,,
moving_average_filter,900,0.63,0.63,357,357,0,64,0,194,59,0,0,40,8.334144,0.023344941,398,10,8,248,84.67787115,1.8767507,1,1,0,1,0.04,0,0,0.052917324,0.083995753,12.7369,0.0190268,12.7559268,0.54,25,SS,saed05rvt_base_ss0p540v25c,262.44,5.880532986,5.880532986,0,4.17438727,0,5.272999559,4.094344562,0,0,3.713572067,2.233679075,5.988961417,2.397895273,2.197224577,12.149222,0.018586881,12.1678095,4.610541616,4.613976918,2.312099466,Ok,Ok,Ok,,,
moving_average_filter,900,0.63,0.9,357,357,0,64,0,194,59,0,0,40,8.334144,0.023344941,398,10,8,248,84.67787115,1.8767507,1,1,0,1,0.04,0,0,0.051367776,0.081536153,12.0626,0.018813,12.081413,0.54,25,SS,saed05rvt_base_ss0p540v25c,262.44,5.880532986,5.880532986,0,4.17438727,0,5.272999559,4.094344562,0,0,3.713572067,2.233679075,5.988961417,2.397895273,2.197224577,12.148027,0.018773649,12.166801,0.70677538,0.70820072,0.209169788,Ok,Ok,Ok,,,
moving_average_filter,900,0.9,0.1,357,357,0,64,0,194,59,0,0,40,8.334144,0.023344941,398,10,8,248,84.67787115,1.8767507,1,1,0,1,0.04,0,0,0.068890646,0.076545162,18.695,0.0194539,18.7144539,0.54,25,SS,saed05rvt_base_ss0p540v25c,262.44,5.880532986,5.880532986,0,4.17438727,0,5.272999559,4.094344562,0,0,3.713572067,2.233679075,5.988961417,2.397895273,2.197224577,18.0084,0.01813745,18.026537,3.675859109,3.672639939,6.76702667,Ok,Ok,Ok,,,
moving_average_filter,900,0.9,0.37,357,357,0,64,0,194,59,0,0,40,8.334144,0.023344941,398,10,8,248,84.67787115,1.8767507,1,1,0,1,0.04,0,0,0.071736254,0.079706949,18.4947,0.0192388,18.5139388,0.54,25,SS,saed05rvt_base_ss0p540v25c,262.44,5.880532986,5.880532986,0,4.17438727,0,5.272999559,4.094344562,0,0,3.713572067,2.233679075,5.988961417,2.397895273,2.197224577,18.193336,0.018409722,18.211746,1.632243616,1.629458781,4.309408314,Ok,Ok,Ok,,,
moving_average_filter,900,0.9,0.63,357,357,0,64,0,194,59,0,0,40,8.334144,0.023344941,398,10,8,248,84.67787115,1.8767507,1,1,0,1,0.04,0,0,0.071618656,0.079576284,17.816,0.0190269,17.8350269,0.54,25,SS,saed05rvt_base_ss0p540v25c,262.44,5.880532986,5.880532986,0,4.17438727,0,5.272999559,4.094344562,0,0,3.713572067,2.233679075,5.988961417,2.397895273,2.197224577,18.269716,0.018754508,18.288471,2.542436995,2.546678619,1.431613419,Ok,Ok,Ok,,,
moving_average_filter,900,0.9,0.9,357,357,0,64,0,194,59,0,0,40,8.334144,0.023344941,398,10,8,248,84.67787115,1.8767507,1,1,0,1,0.04,0,0,0.068357525,0.075952806,16.8045,0.0188152,16.8233152,0.54,25,SS,saed05rvt_base_ss0p540v25c,262.44,5.880532986,5.880532986,0,4.17438727,0,5.272999559,4.094344562,0,0,3.713572067,2.233679075,5.988961417,2.397895273,2.197224577,18.228512,0.01894132,18.247454,8.465266641,8.473990957,0.670311657,Ok,Ok,Ok,,,
moving_average_filter,1000,0.1,0.1,357,357,0,64,0,194,59,0,0,40,8.334144,0.023344941,398,10,8,248,84.67787115,1.8767507,1,1,0,1,0.04,0,0,0.013988198,0.139881985,2.7489,0.0194722,2.7683722,0.54,25,SS,saed05rvt_base_ss0p540v25c,291.6,5.880532986,5.880532986,0,4.17438727,0,5.272999559,4.094344562,0,0,3.713572067,2.233679075,5.988961417,2.397895273,2.197224577,2.0927558,0.01799477,2.1107507,23.75480887,23.86933702,7.587376977,Anomal,Anomal,Ok,,,
moving_average_filter,1000,0.1,0.37,357,357,0,64,0,194,59,0,0,40,8.334144,0.023344941,398,10,8,248,84.67787115,1.8767507,1,1,0,1,0.04,0,0,0.014318616,0.143186156,2.6419,0.0192331,2.6611331,0.54,25,SS,saed05rvt_base_ss0p540v25c,291.6,5.880532986,5.880532986,0,4.17438727,0,5.272999559,4.094344562,0,0,3.713572067,2.233679075,5.988961417,2.397895273,2.197224577,2.1453557,0.018178731,2.1635344,18.69875269,18.79496947,5.482053319,Anomal,Anomal,Ok,,,
moving_average_filter,1000,0.1,0.63,357,357,0,64,0,194,59,0,0,40,8.334144,0.023344941,398,10,8,248,84.67787115,1.8767507,1,1,0,1,0.04,0,0,0.014099847,0.140998467,2.5176,0.0190211,2.5366211,0.54,25,SS,saed05rvt_base_ss0p540v25c,291.6,5.880532986,5.880532986,0,4.17438727,0,5.272999559,4.094344562,0,0,3.713572067,2.233679075,5.988961417,2.397895273,2.197224577,2.1919615,0.018738674,2.2107003,12.84862081,12.93448018,1.484803718,Ok,Ok,Ok,,,
moving_average_filter,1000,0.1,0.9,357,357,0,64,0,194,59,0,0,40,8.334144,0.023344941,398,10,8,248,84.67787115,1.8767507,1,1,0,1,0.04,0,0,0.0138245,0.138245,2.391,0.0188032,2.4098032,0.54,25,SS,saed05rvt_base_ss0p540v25c,291.6,5.880532986,5.880532986,0,4.17438727,0,5.272999559,4.094344562,0,0,3.713572067,2.233679075,5.988961417,2.397895273,2.197224577,2.2381196,0.019032015,2.2571516,6.334608415,6.393994053,1.216891454,Ok,Ok,Ok,,,
moving_average_filter,1000,0.37,0.1,357,357,0,64,0,194,59,0,0,40,8.334144,0.023344941,398,10,8,248,84.67787115,1.8767507,1,1,0,1,0.04,0,0,0.034605852,0.093529329,8.4476,0.0194459,8.4670459,0.54,25,SS,saed05rvt_base_ss0p540v25c,291.6,5.880532986,5.880532986,0,4.17438727,0,5.272999559,4.094344562,0,0,3.713572067,2.233679075,5.988961417,2.397895273,2.197224577,7.5277214,0.01809186,7.545813,10.88021522,10.88923002,6.963116667,Ok,Ok,Ok,,,
moving_average_filter,1000,0.37,0.37,357,357,0,64,0,194,59,0,0,40,8.334144,0.023344941,398,10,8,248,84.67787115,1.8767507,1,1,0,1,0.04,0,0,0.034597807,0.093507585,8.1212,0.0192324,8.1404324,0.54,25,SS,saed05rvt_base_ss0p540v25c,291.6,5.880532986,5.880532986,0,4.17438727,0,5.272999559,4.094344562,0,0,3.713572067,2.233679075,5.988961417,2.397895273,2.197224577,7.566572,0.018222094,7.584794,6.825661442,6.829382489,5.253147906,Ok,Ok,Ok,,,
moving_average_filter,1000,0.37,0.63,357,357,0,64,0,194,59,0,0,40,8.334144,0.023344941,398,10,8,248,84.67787115,1.8767507,1,1,0,1,0.04,0,0,0.034457791,0.093129166,7.7906,0.0190202,7.8096202,0.54,25,SS,saed05rvt_base_ss0p540v25c,291.6,5.880532986,5.880532986,0,4.17438727,0,5.272999559,4.094344562,0,0,3.713572067,2.233679075,5.988961417,2.397895273,2.197224577,7.6587906,0.018801553,7.6775923,1.69058058,1.691903212,1.14955061,Ok,Ok,Ok,,,
moving_average_filter,1000,0.37,0.9,357,357,0,64,0,194,59,0,0,40,8.334144,0.023344941,398,10,8,248,84.67787115,1.8767507,1,1,0,1,0.04,0,0,0.033896899,0.091613242,7.3968,0.0188032,7.4156032,0.54,25,SS,saed05rvt_base_ss0p540v25c,291.6,5.880532986,5.880532986,0,4.17438727,0,5.272999559,4.094344562,0,0,3.713572067,2.233679075,5.988961417,2.397895273,2.197224577,7.8180943,0.0190033,7.8370976,5.683886171,5.695628563,1.064180545,Ok,Ok,Ok,,,
moving_average_filter,1000,0.63,0.1,357,357,0,64,0,194,59,0,0,40,8.334144,0.023344941,398,10,8,248,84.67787115,1.8767507,1,1,0,1,0.04,0,0,0.052482814,0.083306054,13.6546,0.019447,13.674047,0.54,25,SS,saed05rvt_base_ss0p540v25c,291.6,5.880532986,5.880532986,0,4.17438727,0,5.272999559,4.094344562,0,0,3.713572067,2.233679075,5.988961417,2.397895273,2.197224577,12.245201,0.018168446,12.26337,10.31645891,10.32178818,6.57455815,Ok,Ok,Ok,,,
moving_average_filter,1000,0.63,0.37,357,357,0,64,0,194,59,0,0,40,8.334144,0.023344941,398,10,8,248,84.67787115,1.8767507,1,1,0,1,0.04,0,0,0.05346896,0.084871365,13.3022,0.0192327,13.3214327,0.54,25,SS,saed05rvt_base_ss0p540v25c,291.6,5.880532986,5.880532986,0,4.17438727,0,5.272999559,4.094344562,0,0,3.713572067,2.233679075,5.988961417,2.397895273,2.197224577,12.254672,0.018309023,12.272981,7.870414794,7.87484739,4.802637013,Ok,Ok,Ok,,,
moving_average_filter,1000,0.63,0.63,357,357,0,64,0,194,59,0,0,40,8.334144,0.023344941,398,10,8,248,84.67787115,1.8767507,1,1,0,1,0.04,0,0,0.053233259,0.084497236,12.771,0.0190199,12.7900199,0.54,25,SS,saed05rvt_base_ss0p540v25c,291.6,5.880532986,5.880532986,0,4.17438727,0,5.272999559,4.094344562,0,0,3.713572067,2.233679075,5.988961417,2.397895273,2.197224577,12.260475,0.018748676,12.279223,3.993711205,3.997532232,1.425999062,Ok,Ok,Ok,,,
moving_average_filter,1000,0.63,0.9,357,357,0,64,0,194,59,0,0,40,8.334144,0.023344941,398,10,8,248,84.67787115,1.8767507,1,1,0,1,0.04,0,0,0.051852138,0.082304981,12.1017,0.0188055,12.1205055,0.54,25,SS,saed05rvt_base_ss0p540v25c,291.6,5.880532986,5.880532986,0,4.17438727,0,5.272999559,4.094344562,0,0,3.713572067,2.233679075,5.988961417,2.397895273,2.197224577,12.224341,0.018880438,12.243222,1.012472101,1.013422846,0.39849012,Ok,Ok,Ok,,,
moving_average_filter,1000,0.9,0.1,357,357,0,64,0,194,59,0,0,40,8.334144,0.023344941,398,10,8,248,84.67787115,1.8767507,1,1,0,1,0.04,0,0,0.069791992,0.077546658,18.8444,0.0194478,18.8638478,0.54,25,SS,saed05rvt_base_ss0p540v25c,291.6,5.880532986,5.880532986,0,4.17438727,0,5.272999559,4.094344562,0,0,3.713572067,2.233679075,5.988961417,2.397895273,2.197224577,18.12132,0.018387279,18.139708,3.838772674,3.837104262,5.453169295,Ok,Ok,Ok,,,
moving_average_filter,1000,0.9,0.37,357,357,0,64,0,194,59,0,0,40,8.334144,0.023344941,398,10,8,248,84.67787115,1.8767507,1,1,0,1,0.04,0,0,0.072341965,0.080379961,18.5782,0.0192325,18.5974325,0.54,25,SS,saed05rvt_base_ss0p540v25c,291.6,5.880532986,5.880532986,0,4.17438727,0,5.272999559,4.094344562,0,0,3.713572067,2.233679075,5.988961417,2.397895273,2.197224577,18.332575,0.018520432,18.351095,1.32457693,1.322114928,3.702422498,Ok,Ok,Ok,,,
moving_average_filter,1000,0.9,0.63,357,357,0,64,0,194,59,0,0,40,8.334144,0.023344941,398,10,8,248,84.67787115,1.8767507,1,1,0,1,0.04,0,0,0.072242369,0.080269299,17.8866,0.0190202,17.9056202,0.54,25,SS,saed05rvt_base_ss0p540v25c,291.6,5.880532986,5.880532986,0,4.17438727,0,5.272999559,4.094344562,0,0,3.713572067,2.233679075,5.988961417,2.397895273,2.197224577,18.41,0.018866787,18.428867,2.922250859,2.926212066,0.806580723,Ok,Ok,Ok,,,
moving_average_filter,1000,0.9,0.9,357,357,0,64,0,194,59,0,0,40,8.334144,0.023344941,398,10,8,248,84.67787115,1.8767507,1,1,0,1,0.04,0,0,0.069142377,0.076824863,16.8709,0.0188076,16.8897076,0.54,25,SS,saed05rvt_base_ss0p540v25c,291.6,5.880532986,5.880532986,0,4.17438727,0,5.272999559,4.094344562,0,0,3.713572067,2.233679075,5.988961417,2.397895273,2.197224577,18.326704,0.019050041,18.345755,8.62091315,8.629083364,1.289059814,Ok,Ok,Ok,,,
moving_average_filter,10,0.1,0.1,357,357,0,63,0,159,93,0,0,42,8.350272,0.023390118,398,10,8,244,83.99719888,1.8767507,1,1,0,1,0.03,0,0,0.004528141,0.045281407,1.6247,2.4444,4.0691,0.54,125,SS,saed05rvt_base_ss0p540v125c,2.916,5.880532986,5.880532986,0,4.158883083,0,5.075173815,4.543294782,0,0,3.761200116,2.235405434,5.988961417,2.397895273,2.197224577,1.6281018,2.029703,3.6578047,10.10777008,0.209381776,16.96518975,Ok,Ok,Anomal,,,
moving_average_filter,10,0.1,0.37,357,357,0,63,0,159,93,0,0,42,8.350272,0.023390118,398,10,8,244,83.99719888,1.8767507,1,1,0,1,0.03,0,0,0.004754359,0.047543593,1.6565,2.3838,4.0403,0.54,125,SS,saed05rvt_base_ss0p540v125c,2.916,5.880532986,5.880532986,0,4.158883083,0,5.075173815,4.543294782,0,0,3.761200116,2.235405434,5.988961417,2.397895273,2.197224577,1.633626,2.0180788,3.6517048,9.617979155,1.38086422,15.34194127,Ok,Ok,Anomal,,,
moving_average_filter,10,0.1,0.63,357,357,0,63,0,159,93,0,0,42,8.350272,0.023390118,398,10,8,244,83.99719888,1.8767507,1,1,0,1,0.03,0,0,0.004754352,0.047543518,1.6488,2.3273,3.9761,0.54,125,SS,saed05rvt_base_ss0p540v125c,2.916,5.880532986,5.880532986,0,4.158883083,0,5.075173815,4.543294782,0,0,3.761200116,2.235405434,5.988961417,2.397895273,2.197224577,1.6398537,2.0059526,3.6458063,8.30697637,0.54259365,13.80773443,Ok,Ok,Ok,,,
moving_average_filter,10,0.1,0.9,357,357,0,63,0,159,93,0,0,42,8.350272,0.023390118,398,10,8,244,83.99719888,1.8767507,1,1,0,1,0.03,0,0,0.004528201,0.04528201,1.6198,2.2613,3.8811,0.54,125,SS,saed05rvt_base_ss0p540v125c,2.916,5.880532986,5.880532986,0,4.158883083,0,5.075173815,4.543294782,0,0,3.761200116,2.235405434,5.988961417,2.397895273,2.197224577,1.6551044,1.9844763,3.6395807,6.2229593,2.179552953,12.24179331,Ok,Ok,Ok,,,
moving_average_filter,10,0.37,0.1,357,357,0,63,0,159,93,0,0,42,8.350272,0.023390118,398,10,8,244,83.99719888,1.8767507,1,1,0,1,0.03,0,0,0.016739281,0.045241301,6.0099,2.4445,8.4544,0.54,125,SS,saed05rvt_base_ss0p540v125c,2.916,5.880532986,5.880532986,0,4.158883083,0,5.075173815,4.543294782,0,0,3.761200116,2.235405434,5.988961417,2.397895273,2.197224577,6.1264615,2.0170057,8.143467,3.677766022,1.939491604,17.48800646,Ok,Ok,Anomal,,,
moving_average_filter,10,0.37,0.37,357,357,0,63,0,159,93,0,0,42,8.350272,0.023390118,398,10,8,244,83.99719888,1.8767507,1,1,0,1,0.03,0,0,0.016965415,0.045852472,6.0369,2.3838,8.4207,0.54,125,SS,saed05rvt_base_ss0p540v125c,2.916,5.880532986,5.880532986,0,4.158883083,0,5.075173815,4.543294782,0,0,3.761200116,2.235405434,5.988961417,2.397895273,2.197224577,6.1676044,2.0055933,8.173198,2.939212342,2.165092124,15.86570602,Ok,Ok,Anomal,,,
moving_average_filter,10,0.37,0.63,357,357,0,63,0,159,93,0,0,42,8.350272,0.023390118,398,10,8,244,83.99719888,1.8767507,1,1,0,1,0.03,0,0,0.016965407,0.045852451,6.025,2.3273,8.3523,0.54,125,SS,saed05rvt_base_ss0p540v125c,2.916,5.880532986,5.880532986,0,4.158883083,0,5.075173815,4.543294782,0,0,3.761200116,2.235405434,5.988961417,2.397895273,2.197224577,6.2138786,2.0006793,8.214558,1.649154751,3.134915047,14.03432069,Ok,Ok,Ok,,,
moving_average_filter,10,0.37,0.9,357,357,0,63,0,159,93,0,0,42,8.350272,0.023390118,398,10,8,244,83.99719888,1.8767507,1,1,0,1,0.03,0,0,0.016739256,0.045241233,5.9918,2.2613,8.2531,0.54,125,SS,saed05rvt_base_ss0p540v125c,2.916,5.880532986,5.880532986,0,4.158883083,0,5.075173815,4.543294782,0,0,3.761200116,2.235405434,5.988961417,2.397895273,2.197224577,6.3027334,1.9745069,8.277241,0.292505279,5.189315754,12.68266683,Ok,Ok,Ok,,,
moving_average_filter,10,0.63,0.1,357,357,0,63,0,159,93,0,0,42,8.350272,0.023390118,398,10,8,244,83.99719888,1.8767507,1,1,0,1,0.03,0,0,0.028498075,0.04523504,10.2326,2.4445,12.6771,0.54,125,SS,saed05rvt_base_ss0p540v125c,2.916,5.880532986,5.880532986,0,4.158883083,0,5.075173815,4.543294782,0,0,3.761200116,2.235405434,5.988961417,2.397895273,2.197224577,10.3171835,2.0115924,12.328775,2.747667796,0.826608043,17.70945436,Ok,Ok,Anomal,,,
moving_average_filter,10,0.63,0.37,357,357,0,63,0,159,93,0,0,42,8.350272,0.023390118,398,10,8,244,83.99719888,1.8767507,1,1,0,1,0.03,0,0,0.028724209,0.045593982,10.2551,2.3838,12.6389,0.54,125,SS,saed05rvt_base_ss0p540v125c,2.916,5.880532986,5.880532986,0,4.158883083,0,5.075173815,4.543294782,0,0,3.761200116,2.235405434,5.988961417,2.397895273,2.197224577,10.3924265,2.0111601,12.403586,1.861820351,1.339104356,15.63217823,Ok,Ok,Anomal,,,
moving_average_filter,10,0.63,0.63,357,357,0,63,0,159,93,0,0,42,8.350272,0.023390118,398,10,8,244,83.99719888,1.8767507,1,1,0,1,0.03,0,0,0.028724201,0.04559397,10.239,2.3273,12.5663,0.54,125,SS,saed05rvt_base_ss0p540v125c,2.916,5.880532986,5.880532986,0,4.158883083,0,5.075173815,4.543294782,0,0,3.761200116,2.235405434,5.988961417,2.397895273,2.197224577,10.488718,2.0032773,12.491995,0.591304857,2.438890837,13.92268716,Ok,Ok,Ok,,,
moving_average_filter,10,0.63,0.9,357,357,0,63,0,159,93,0,0,42,8.350272,0.023390118,398,10,8,244,83.99719888,1.8767507,1,1,0,1,0.03,0,0,0.02849805,0.045235,10.2019,2.2613,12.4632,0.54,125,SS,saed05rvt_base_ss0p540v125c,2.916,5.880532986,5.880532986,0,4.158883083,0,5.075173815,4.543294782,0,0,3.761200116,2.235405434,5.988961417,2.397895273,2.197224577,10.655132,1.97785,12.632982,1.362268551,4.442626312,12.53482686,Ok,Ok,Ok,,,
moving_average_filter,10,0.9,0.1,357,357,0,63,0,159,93,0,0,42,8.350272,0.023390118,398,10,8,244,83.99719888,1.8767507,1,1,0,1,0.03,0,0,0.040709131,0.045232367,14.6178,2.4445,17.0623,0.54,125,SS,saed05rvt_base_ss0p540v125c,2.916,5.880532986,5.880532986,0,4.158883083,0,5.075173815,4.543294782,0,0,3.761200116,2.235405434,5.988961417,2.397895273,2.197224577,14.403615,2.0159848,16.4196,3.766786816,1.465234181,17.52976995,Ok,Ok,Anomal,,,
moving_average_filter,10,0.9,0.37,357,357,0,63,0,159,93,0,0,42,8.350272,0.023390118,398,10,8,244,83.99719888,1.8767507,1,1,0,1,0.03,0,0,0.040935264,0.045483626,14.6355,2.3838,17.0193,0.54,125,SS,saed05rvt_base_ss0p540v125c,2.916,5.880532986,5.880532986,0,4.158883083,0,5.075173815,4.543294782,0,0,3.761200116,2.235405434,5.988961417,2.397895273,2.197224577,14.4916935,2.024227,16.51592,2.957697208,0.982586883,15.08402954,Ok,Ok,Anomal,,,
moving_average_filter,10,0.9,0.63,357,357,0,63,0,159,93,0,0,42,8.350272,0.023390118,398,10,8,244,83.99719888,1.8767507,1,1,0,1,0.03,0,0,0.040935256,0.045483618,14.6152,2.3273,16.9425,0.54,125,SS,saed05rvt_base_ss0p540v125c,2.916,5.880532986,5.880532986,0,4.158883083,0,5.075173815,4.543294782,0,0,3.761200116,2.235405434,5.988961417,2.397895273,2.197224577,14.5957775,2.01555,16.611328,1.954681275,0.132892389,13.39535521,Ok,Ok,Ok,,,
moving_average_filter,10,0.9,0.9,357,357,0,63,0,159,93,0,0,42,8.350272,0.023390118,398,10,8,244,83.99719888,1.8767507,1,1,0,1,0.03,0,0,0.040709106,0.045232339,14.5739,2.2613,16.8352,0.54,125,SS,saed05rvt_base_ss0p540v125c,2.916,5.880532986,5.880532986,0,4.158883083,0,5.075173815,4.543294782,0,0,3.761200116,2.235405434,5.988961417,2.397895273,2.197224577,14.735311,1.9919178,16.727228,0.641345724,1.107531646,11.91271178,Ok,Ok,Ok,,,
moving_average_filter,50,0.1,0.1,357,357,0,63,0,159,93,0,0,42,8.350272,0.023390118,398,10,8,244,83.99719888,1.8767507,1,1,0,1,0.03,0,0,0.004549698,0.045496985,1.6268,2.4444,4.0712,0.54,125,SS,saed05rvt_base_ss0p540v125c,14.58,5.880532986,5.880532986,0,4.158883083,0,5.075173815,4.543294782,0,0,3.761200116,2.235405434,5.988961417,2.397895273,2.197224577,1.6542919,2.0301163,3.6844082,9.500683143,1.689935346,16.94827689,Ok,Ok,Anomal,,,
moving_average_filter,50,0.1,0.37,357,357,0,63,0,159,93,0,0,42,8.350272,0.023390118,398,10,8,244,83.99719888,1.8767507,1,1,0,1,0.03,0,0,0.00568102,0.056810201,1.7929,2.3838,4.1767,0.54,125,SS,saed05rvt_base_ss0p540v125c,14.58,5.880532986,5.880532986,0,4.158883083,0,5.075173815,4.543294782,0,0,3.761200116,2.235405434,5.988961417,2.397895273,2.197224577,1.6947482,2.0157015,3.7104497,11.1631265,5.474473578,15.44166741,Ok,Ok,Anomal,,,
moving_average_filter,50,0.1,0.63,357,357,0,63,0,159,93,0,0,42,8.350272,0.023390118,398,10,8,244,83.99719888,1.8767507,1,1,0,1,0.03,0,0,0.00568096,0.056809598,1.7609,2.3273,4.0882,0.54,125,SS,saed05rvt_base_ss0p540v125c,14.58,5.880532986,5.880532986,0,4.158883083,0,5.075173815,4.543294782,0,0,3.761200116,2.235405434,5.988961417,2.397895273,2.197224577,1.7041888,2.0029583,3.7071471,9.32079836,3.220579039,13.9363942,Ok,Ok,Ok,,,
moving_average_filter,50,0.1,0.9,357,357,0,63,0,159,93,0,0,42,8.350272,0.023390118,398,10,8,244,83.99719888,1.8767507,1,1,0,1,0.03,0,0,0.004550219,0.045502186,1.6221,2.2613,3.8834,0.54,125,SS,saed05rvt_base_ss0p540v125c,14.58,5.880532986,5.880532986,0,4.158883083,0,5.075173815,4.543294782,0,0,3.761200116,2.235405434,5.988961417,2.397895273,2.197224577,1.6994066,1.982018,3.6814246,5.200993517,4.765835882,12.35050661,Ok,Ok,Ok,,,
moving_average_filter,50,0.37,0.1,357,357,0,63,0,159,93,0,0,42,8.350272,0.023390118,398,10,8,244,83.99719888,1.8767507,1,1,0,1,0.03,0,0,0.016761384,0.045301039,6.0122,2.4445,8.4567,0.54,125,SS,saed05rvt_base_ss0p540v125c,14.58,5.880532986,5.880532986,0,4.158883083,0,5.075173815,4.543294782,0,0,3.761200116,2.235405434,5.988961417,2.397895273,2.197224577,6.197793,2.0180893,8.215882,2.847655689,3.086940004,17.44367787,Ok,Ok,Anomal,,,
moving_average_filter,50,0.37,0.37,357,357,0,63,0,159,93,0,0,42,8.350272,0.023390118,398,10,8,244,83.99719888,1.8767507,1,1,0,1,0.03,0,0,0.017892075,0.04835696,6.1733,2.3838,8.5571,0.54,125,SS,saed05rvt_base_ss0p540v125c,14.58,5.880532986,5.880532986,0,4.158883083,0,5.075173815,4.543294782,0,0,3.761200116,2.235405434,5.988961417,2.397895273,2.197224577,6.273379,2.0046904,8.2780695,3.26080686,1.621156416,15.90358215,Ok,Ok,Anomal,,,
moving_average_filter,50,0.37,0.63,357,357,0,63,0,159,93,0,0,42,8.350272,0.023390118,398,10,8,244,83.99719888,1.8767507,1,1,0,1,0.03,0,0,0.017892015,0.048356798,6.137,2.3273,8.4643,0.54,125,SS,saed05rvt_base_ss0p540v125c,14.58,5.880532986,5.880532986,0,4.158883083,0,5.075173815,4.543294782,0,0,3.761200116,2.235405434,5.988961417,2.397895273,2.197224577,6.315539,1.9988227,8.314362,1.771421473,2.909220844,14.11409406,Ok,Ok,Ok,,,
moving_average_filter,50,0.37,0.9,357,357,0,63,0,159,93,0,0,42,8.350272,0.023390118,398,10,8,244,83.99719888,1.8767507,1,1,0,1,0.03,0,0,0.016761274,0.04530074,5.9941,2.2613,8.2554,0.54,125,SS,saed05rvt_base_ss0p540v125c,14.58,5.880532986,5.880532986,0,4.158883083,0,5.075173815,4.543294782,0,0,3.761200116,2.235405434,5.988961417,2.397895273,2.197224577,6.366907,1.9729505,8.339857,1.023052807,6.219567904,12.75149434,Ok,Ok,Ok,,,
moving_average_filter,50,0.63,0.1,357,357,0,63,0,159,93,0,0,42,8.350272,0.023390118,398,10,8,244,83.99719888,1.8767507,1,1,0,1,0.03,0,0,0.028520178,0.045270124,10.235,2.4445,12.6795,0.54,125,SS,saed05rvt_base_ss0p540v125c,14.58,5.880532986,5.880532986,0,4.158883083,0,5.075173815,4.543294782,0,0,3.761200116,2.235405434,5.988961417,2.397895273,2.197224577,10.33319,2.0112944,12.344484,2.64218361,0.959354805,17.72164594,Ok,Ok,Anomal,,,
moving_average_filter,50,0.63,0.37,357,357,0,63,0,159,93,0,0,42,8.350272,0.023390118,398,10,8,244,83.99719888,1.8767507,1,1,0,1,0.03,0,0,0.029650869,0.047064872,10.3915,2.3838,12.7753,0.54,125,SS,saed05rvt_base_ss0p540v125c,14.58,5.880532986,5.880532986,0,4.158883083,0,5.075173815,4.543294782,0,0,3.761200116,2.235405434,5.988961417,2.397895273,2.197224577,10.409095,2.0088444,12.417939,2.797279233,0.169319256,15.72932395,Ok,Ok,Anomal,,,
moving_average_filter,50,0.63,0.63,357,357,0,63,0,159,93,0,0,42,8.350272,0.023390118,398,10,8,244,83.99719888,1.8767507,1,1,0,1,0.03,0,0,0.029650809,0.047064776,10.3511,2.3273,12.6784,0.54,125,SS,saed05rvt_base_ss0p540v125c,14.58,5.880532986,5.880532986,0,4.158883083,0,5.075173815,4.543294782,0,0,3.761200116,2.235405434,5.988961417,2.397895273,2.197224577,10.490499,2.0013483,12.491847,1.471423537,1.346702696,14.00557483,Ok,Ok,Ok,,,
moving_average_filter,50,0.63,0.9,357,357,0,63,0,159,93,0,0,42,8.350272,0.023390118,398,10,8,244,83.99719888,1.8767507,1,1,0,1,0.03,0,0,0.028520068,0.045269949,10.2042,2.2613,12.4655,0.54,125,SS,saed05rvt_base_ss0p540v125c,14.58,5.880532986,5.880532986,0,4.158883083,0,5.075173815,4.543294782,0,0,3.761200116,2.235405434,5.988961417,2.397895273,2.197224577,10.63284,1.9759438,12.608784,1.149442236,4.200624807,12.61912158,Ok,Ok,Ok,,,
moving_average_filter,50,0.9,0.1,357,357,0,63,0,159,93,0,0,42,8.350272,0.023390118,398,10,8,244,83.99719888,1.8767507,1,1,0,1,0.03,0,0,0.040731234,0.045256926,14.6201,2.4445,17.0646,0.54,125,SS,saed05rvt_base_ss0p540v125c,14.58,5.880532986,5.880532986,0,4.158883083,0,5.075173815,4.543294782,0,0,3.761200116,2.235405434,5.988961417,2.397895273,2.197224577,14.568766,2.0141797,16.582945,2.822539819,0.35112181,17.60361192,Ok,Ok,Anomal,,,
moving_average_filter,50,0.9,0.37,357,357,0,63,0,159,93,0,0,42,8.350272,0.023390118,398,10,8,244,83.99719888,1.8767507,1,1,0,1,0.03,0,0,0.041861925,0.04651325,14.7719,2.3838,17.1557,0.54,125,SS,saed05rvt_base_ss0p540v125c,14.58,5.880532986,5.880532986,0,4.158883083,0,5.075173815,4.543294782,0,0,3.761200116,2.235405434,5.988961417,2.397895273,2.197224577,14.670946,2.0225992,16.693546,2.693878448,0.683418374,15.15231058,Ok,Ok,Anomal,,,
moving_average_filter,50,0.9,0.63,357,357,0,63,0,159,93,0,0,42,8.350272,0.023390118,398,10,8,244,83.99719888,1.8767507,1,1,0,1,0.03,0,0,0.041861864,0.046513183,14.7273,2.3273,17.0546,0.54,125,SS,saed05rvt_base_ss0p540v125c,14.58,5.880532986,5.880532986,0,4.158883083,0,5.075173815,4.543294782,0,0,3.761200116,2.235405434,5.988961417,2.397895273,2.197224577,14.752221,2.0132444,16.765465,1.695350329,0.169217083,13.49441883,Ok,Ok,Ok,,,
moving_average_filter,50,0.9,0.9,357,357,0,63,0,159,93,0,0,42,8.350272,0.023390118,398,10,8,244,83.99719888,1.8767507,1,1,0,1,0.03,0,0,0.040731123,0.045256803,14.5762,2.2613,16.8375,0.54,125,SS,saed05rvt_base_ss0p540v125c,14.58,5.880532986,5.880532986,0,4.158883083,0,5.075173815,4.543294782,0,0,3.761200116,2.235405434,5.988961417,2.397895273,2.197224577,14.851017,1.9894018,16.84042,0.017340872,1.885381638,12.02397659,Ok,Ok,Ok,,,
moving_average_filter,100,0.1,0.1,357,357,0,63,0,159,93,0,0,42,8.350272,0.023390118,398,10,8,244,83.99719888,1.8767507,1,1,0,1,0.03,0,0,0.014348869,0.143488693,2.7951,2.3913,5.1864,0.54,125,SS,saed05rvt_base_ss0p540v125c,29.16,5.880532986,5.880532986,0,4.158883083,0,5.075173815,4.543294782,0,0,3.761200116,2.235405434,5.988961417,2.397895273,2.197224577,2.0901012,2.0131235,4.1032248,20.88491527,25.22266674,15.81468188,Anomal,Anomal,Anomal,,,
moving_average_filter,100,0.1,0.37,357,357,0,63,0,159,93,0,0,42,8.350272,0.023390118,398,10,8,244,83.99719888,1.8767507,1,1,0,1,0.03,0,0,0.015135731,0.151357312,2.7826,2.3398,5.1224,0.54,125,SS,saed05rvt_base_ss0p540v125c,29.16,5.880532986,5.880532986,0,4.158883083,0,5.075173815,4.543294782,0,0,3.761200116,2.235405434,5.988961417,2.397895273,2.197224577,2.119504,2.007468,4.126972,19.4328401,23.83008787,14.20343683,Anomal,Anomal,Ok,,,
moving_average_filter,100,0.1,0.63,357,357,0,63,0,159,93,0,0,42,8.350272,0.023390118,398,10,8,244,83.99719888,1.8767507,1,1,0,1,0.03,0,0,0.014836611,0.148366106,2.6511,2.2872,4.9383,0.54,125,SS,saed05rvt_base_ss0p540v125c,29.16,5.880532986,5.880532986,0,4.158883083,0,5.075173815,4.543294782,0,0,3.761200116,2.235405434,5.988961417,2.397895273,2.197224577,2.104476,1.9908164,4.095292,17.07081199,20.61876296,12.95836154,Anomal,Anomal,Ok,,,
moving_average_filter,100,0.1,0.9,357,357,0,63,0,159,93,0,0,42,8.350272,0.023390118,398,10,8,244,83.99719888,1.8767507,1,1,0,1,0.03,0,0,0.014349794,0.14349794,2.5108,2.2328,4.7436,0.54,125,SS,saed05rvt_base_ss0p540v125c,29.16,5.880532986,5.880532986,0,4.158883083,0,5.075173815,4.543294782,0,0,3.761200116,2.235405434,5.988961417,2.397895273,2.197224577,2.1113653,1.9742625,4.0856276,13.87074045,15.90866185,11.5790722,Ok,Anomal,Ok,,,
moving_average_filter,100,0.37,0.1,357,357,0,63,0,159,93,0,0,42,8.350272,0.023390118,398,10,8,244,83.99719888,1.8767507,1,1,0,1,0.03,0,0,0.026640598,0.072001616,7.1313,2.3909,9.5222,0.54,125,SS,saed05rvt_base_ss0p540v125c,29.16,5.880532986,5.880532986,0,4.158883083,0,5.075173815,4.543294782,0,0,3.761200116,2.235405434,5.988961417,2.397895273,2.197224577,6.7710795,2.0117364,8.782816,7.76484496,5.051259374,15.8586142,Ok,Ok,Anomal,,,
moving_average_filter,100,0.37,0.37,357,357,0,63,0,159,93,0,0,42,8.350272,0.023390118,398,10,8,244,83.99719888,1.8767507,1,1,0,1,0.03,0,0,0.028903857,0.078118532,7.3779,2.339,9.7169,0.54,125,SS,saed05rvt_base_ss0p540v125c,29.16,5.880532986,5.880532986,0,4.158883083,0,5.075173815,4.543294782,0,0,3.761200116,2.235405434,5.988961417,2.397895273,2.197224577,6.9034066,2.003524,8.906931,8.335673687,6.431279632,14.34270778,Ok,Ok,Ok,,,
moving_average_filter,100,0.37,0.63,357,357,0,63,0,159,93,0,0,42,8.350272,0.023390118,398,10,8,244,83.99719888,1.8767507,1,1,0,1,0.03,0,0,0.028902771,0.078115598,7.2319,2.291,9.5229,0.54,125,SS,saed05rvt_base_ss0p540v125c,29.16,5.880532986,5.880532986,0,4.158883083,0,5.075173815,4.543294782,0,0,3.761200116,2.235405434,5.988961417,2.397895273,2.197224577,6.9481173,1.9941614,8.942279,6.097104222,3.924041315,12.95672774,Ok,Ok,Ok,,,
moving_average_filter,100,0.37,0.9,357,357,0,63,0,159,93,0,0,42,8.350272,0.023390118,398,10,8,244,83.99719888,1.8767507,1,1,0,1,0.03,0,0,0.026640296,0.072000801,6.8694,2.2337,9.1031,0.54,125,SS,saed05rvt_base_ss0p540v125c,29.16,5.880532986,5.880532986,0,4.158883083,0,5.075173815,4.543294782,0,0,3.761200116,2.235405434,5.988961417,2.397895273,2.197224577,6.9254785,1.9693501,8.894829,2.287915146,0.816351623,11.83461971,Ok,Ok,Ok,,,
moving_average_filter,100,0.63,0.1,357,357,0,63,0,159,93,0,0,42,8.350272,0.023390118,398,10,8,244,83.99719888,1.8767507,1,1,0,1,0.03,0,0,0.038399392,0.060951416,11.3466,2.3909,13.7375,0.54,125,SS,saed05rvt_base_ss0p540v125c,29.16,5.880532986,5.880532986,0,4.158883083,0,5.075173815,4.543294782,0,0,3.761200116,2.235405434,5.988961417,2.397895273,2.197224577,10.6356945,2.0071383,12.642833,7.968460375,6.265361397,16.05093261,Ok,Ok,Anomal,,,
moving_average_filter,100,0.63,0.37,357,357,0,63,0,159,93,0,0,42,8.350272,0.023390118,398,10,8,244,83.99719888,1.8767507,1,1,0,1,0.03,0,0,0.040662651,0.06454389,11.5884,2.339,13.9274,0.54,125,SS,saed05rvt_base_ss0p540v125c,29.16,5.880532986,5.880532986,0,4.158883083,0,5.075173815,4.543294782,0,0,3.761200116,2.235405434,5.988961417,2.397895273,2.197224577,10.7177925,2.00729,12.725082,8.632749849,7.512749724,14.18170644,Ok,Ok,Ok,,,
moving_average_filter,100,0.63,0.63,357,357,0,63,0,159,93,0,0,42,8.350272,0.023390118,398,10,8,244,83.99719888,1.8767507,1,1,0,1,0.03,0,0,0.040661565,0.064542167,11.4381,2.291,13.7291,0.54,125,SS,saed05rvt_base_ss0p540v125c,29.16,5.880532986,5.880532986,0,4.158883083,0,5.075173815,4.543294782,0,0,3.761200116,2.235405434,5.988961417,2.397895273,2.197224577,10.747623,1.9969556,12.744579,7.171050432,6.036636823,12.83476067,Ok,Ok,Ok,,,
moving_average_filter,100,0.63,0.9,357,357,0,63,0,159,93,0,0,42,8.350272,0.023390118,398,10,8,244,83.99719888,1.8767507,1,1,0,1,0.03,0,0,0.03839909,0.060950937,11.0713,2.2337,13.305,0.54,125,SS,saed05rvt_base_ss0p540v125c,29.16,5.880532986,5.880532986,0,4.158883083,0,5.075173815,4.543294782,0,0,3.761200116,2.235405434,5.988961417,2.397895273,2.197224577,10.839052,1.9715357,12.810588,3.715987351,2.097746423,11.73677384,Ok,Ok,Ok,,,
moving_average_filter,100,0.9,0.1,357,357,0,63,0,159,93,0,0,42,8.350272,0.023390118,398,10,8,244,83.99719888,1.8767507,1,1,0,1,0.03,0,0,0.050610447,0.05623383,15.7235,2.3909,18.1144,0.54,125,SS,saed05rvt_base_ss0p540v125c,29.16,5.880532986,5.880532986,0,4.158883083,0,5.075173815,4.543294782,0,0,3.761200116,2.235405434,5.988961417,2.397895273,2.197224577,15.148754,2.011483,17.160236,5.267431664,3.65533043,15.86921435,Ok,Ok,Anomal,,,
moving_average_filter,100,0.9,0.37,357,357,0,63,0,159,93,0,0,42,8.350272,0.023390118,398,10,8,244,83.99719888,1.8767507,1,1,0,1,0.03,0,0,0.052873706,0.058748562,15.9605,2.339,18.2995,0.54,125,SS,saed05rvt_base_ss0p540v125c,29.16,5.880532986,5.880532986,0,4.158883083,0,5.075173815,4.543294782,0,0,3.761200116,2.235405434,5.988961417,2.397895273,2.197224577,15.286343,2.0202134,17.306557,5.426067916,4.223911401,13.62918488,Ok,Ok,Ok,,,
moving_average_filter,100,0.9,0.63,357,357,0,63,0,159,93,0,0,42,8.350272,0.023390118,398,10,8,244,83.99719888,1.8767507,1,1,0,1,0.03,0,0,0.052872621,0.058747356,15.8058,2.291,18.0968,0.54,125,SS,saed05rvt_base_ss0p540v125c,29.16,5.880532986,5.880532986,0,4.158883083,0,5.075173815,4.543294782,0,0,3.761200116,2.235405434,5.988961417,2.397895273,2.197224577,15.364288,2.008239,17.372528,4.002209915,2.79335225,12.34225095,Ok,Ok,Ok,,,
moving_average_filter,100,0.9,0.9,357,357,0,63,0,159,93,0,0,42,8.350272,0.023390118,398,10,8,244,83.99719888,1.8767507,1,1,0,1,0.03,0,0,0.050610146,0.056233495,15.4348,2.2337,17.6685,0.54,125,SS,saed05rvt_base_ss0p540v125c,29.16,5.880532986,5.880532986,0,4.158883083,0,5.075173815,4.543294782,0,0,3.761200116,2.235405434,5.988961417,2.397895273,2.197224577,15.417389,1.9845715,17.40196,1.508558322,0.112804079,11.15317827,Ok,Ok,Ok,,,
moving_average_filter,200,0.1,0.1,357,357,0,63,0,159,93,0,0,42,8.350272,0.023390118,398,10,8,244,83.99719888,1.8767507,1,1,0,1,0.03,0,0,0.013329259,0.133292588,2.7315,2.4027,5.1342,0.54,125,SS,saed05rvt_base_ss0p540v125c,58.32,5.880532986,5.880532986,0,4.158883083,0,5.075173815,4.543294782,0,0,3.761200116,2.235405434,5.988961417,2.397895273,2.197224577,2.0996964,2.0156739,4.1153703,19.84398205,23.13028015,16.10796705,Anomal,Anomal,Anomal,,,
moving_average_filter,200,0.1,0.37,357,357,0,63,0,159,93,0,0,42,8.350272,0.023390118,398,10,8,244,83.99719888,1.8767507,1,1,0,1,0.03,0,0,0.013694136,0.136941357,2.6526,2.3474,5,0.54,125,SS,saed05rvt_base_ss0p540v125c,58.32,5.880532986,5.880532986,0,4.158883083,0,5.075173815,4.543294782,0,0,3.761200116,2.235405434,5.988961417,2.397895273,2.197224577,2.1116242,2.0083964,4.120021,17.59958267,20.39417022,14.44166367,Anomal,Anomal,Ok,,,
moving_average_filter,200,0.1,0.63,357,357,0,63,0,159,93,0,0,42,8.350272,0.023390118,398,10,8,244,83.99719888,1.8767507,1,1,0,1,0.03,0,0,0.013456128,0.134561281,2.5318,2.2936,4.8254,0.54,125,SS,saed05rvt_base_ss0p540v125c,58.32,5.880532986,5.880532986,0,4.158883083,0,5.075173815,4.543294782,0,0,3.761200116,2.235405434,5.988961417,2.397895273,2.197224577,2.0985787,1.9888823,4.087461,15.29280485,17.1111979,13.28556404,Anomal,Anomal,Ok,,,
moving_average_filter,200,0.1,0.9,357,357,0,63,0,159,93,0,0,42,8.350272,0.023390118,398,10,8,244,83.99719888,1.8767507,1,1,0,1,0.03,0,0,0.013140244,0.131402437,2.4069,2.2339,4.6408,0.54,125,SS,saed05rvt_base_ss0p540v125c,58.32,5.880532986,5.880532986,0,4.158883083,0,5.075173815,4.543294782,0,0,3.761200116,2.235405434,5.988961417,2.397895273,2.197224577,2.1012852,1.9696105,4.0708957,12.28030357,12.69744405,11.83085847,Ok,Ok,Ok,,,
moving_average_filter,200,0.37,0.1,357,357,0,63,0,159,93,0,0,42,8.350272,0.023390118,398,10,8,244,83.99719888,1.8767507,1,1,0,1,0.03,0,0,0.029658726,0.080158719,7.7968,2.4028,10.1996,0.54,125,SS,saed05rvt_base_ss0p540v125c,58.32,5.880532986,5.880532986,0,4.158883083,0,5.075173815,4.543294782,0,0,3.761200116,2.235405434,5.988961417,2.397895273,2.197224577,7.345253,2.0130687,9.358322,8.248145579,5.791440197,16.21988197,Ok,Ok,Anomal,,,
moving_average_filter,200,0.37,0.37,357,357,0,63,0,159,93,0,0,42,8.350272,0.023390118,398,10,8,244,83.99719888,1.8767507,1,1,0,1,0.03,0,0,0.030560224,0.082595199,7.7332,2.347,10.0802,0.54,125,SS,saed05rvt_base_ss0p540v125c,58.32,5.880532986,5.880532986,0,4.158883083,0,5.075173815,4.543294782,0,0,3.761200116,2.235405434,5.988961417,2.397895273,2.197224577,7.3951454,2.0033536,9.398499,6.762777175,4.37147085,14.64194309,Ok,Ok,Ok,,,
moving_average_filter,200,0.37,0.63,357,357,0,63,0,159,93,0,0,42,8.350272,0.023390118,398,10,8,244,83.99719888,1.8767507,1,1,0,1,0.03,0,0,0.030417256,0.082208801,7.4977,2.2947,9.7924,0.54,125,SS,saed05rvt_base_ss0p540v125c,58.32,5.880532986,5.880532986,0,4.158883083,0,5.075173815,4.543294782,0,0,3.761200116,2.235405434,5.988961417,2.397895273,2.197224577,7.4189053,1.9898093,9.408714,3.918198864,1.050918839,13.28673575,Ok,Ok,Ok,,,
moving_average_filter,200,0.37,0.9,357,357,0,63,0,159,93,0,0,42,8.350272,0.023390118,398,10,8,244,83.99719888,1.8767507,1,1,0,1,0.03,0,0,0.029350668,0.079326131,7.1734,2.2432,9.4166,0.54,125,SS,saed05rvt_base_ss0p540v125c,58.32,5.880532986,5.880532986,0,4.158883083,0,5.075173815,4.543294782,0,0,3.761200116,2.235405434,5.988961417,2.397895273,2.197224577,7.4179697,1.964535,9.382504,0.36207906,3.409397269,12.42265523,Ok,Ok,Ok,,,
moving_average_filter,200,0.63,0.1,357,357,0,63,0,159,93,0,0,42,8.350272,0.023390118,398,10,8,244,83.99719888,1.8767507,1,1,0,1,0.03,0,0,0.038526324,0.061152895,11.5038,2.4011,13.9049,0.54,125,SS,saed05rvt_base_ss0p540v125c,58.32,5.880532986,5.880532986,0,4.158883083,0,5.075173815,4.543294782,0,0,3.761200116,2.235405434,5.988961417,2.397895273,2.197224577,10.923944,2.0090742,12.933019,6.989487991,5.040556396,16.3269247,Ok,Ok,Anomal,,,
moving_average_filter,200,0.63,0.37,357,357,0,63,0,159,93,0,0,42,8.350272,0.023390118,398,10,8,244,83.99719888,1.8767507,1,1,0,1,0.03,0,0,0.04304794,0.068330063,12.0371,2.3471,14.3842,0.54,125,SS,saed05rvt_base_ss0p540v125c,58.32,5.880532986,5.880532986,0,4.158883083,0,5.075173815,4.543294782,0,0,3.761200116,2.235405434,5.988961417,2.397895273,2.197224577,11.078646,2.005419,13.0840645,9.038636256,7.962501714,14.55758102,Ok,Ok,Ok,,,
moving_average_filter,200,0.63,0.63,357,357,0,63,0,159,93,0,0,42,8.350272,0.023390118,398,10,8,244,83.99719888,1.8767507,1,1,0,1,0.03,0,0,0.043044251,0.068324208,11.7841,2.2972,14.0813,0.54,125,SS,saed05rvt_base_ss0p540v125c,58.32,5.880532986,5.880532986,0,4.158883083,0,5.075173815,4.543294782,0,0,3.761200116,2.235405434,5.988961417,2.397895273,2.197224577,11.118479,1.9937549,13.112234,6.881934796,5.648468911,13.20934774,Ok,Ok,Ok,,,
moving_average_filter,200,0.63,0.9,357,357,0,63,0,159,93,0,0,42,8.350272,0.023390118,398,10,8,244,83.99719888,1.8767507,1,1,0,1,0.03,0,0,0.03852306,0.061147715,11.1001,2.2378,13.3379,0.54,125,SS,saed05rvt_base_ss0p540v125c,58.32,5.880532986,5.880532986,0,4.158883083,0,5.075173815,4.543294782,0,0,3.761200116,2.235405434,5.988961417,2.397895273,2.197224577,11.122449,1.9662821,13.088731,1.868129075,0.201339819,12.1332501,Ok,Ok,Ok,,,
moving_average_filter,200,0.9,0.1,357,357,0,63,0,159,93,0,0,42,8.350272,0.023390118,398,10,8,244,83.99719888,1.8767507,1,1,0,1,0.03,0,0,0.050737379,0.056374866,15.8832,2.4011,18.2843,0.54,125,SS,saed05rvt_base_ss0p540v125c,58.32,5.880532986,5.880532986,0,4.158883083,0,5.075173815,4.543294782,0,0,3.761200116,2.235405434,5.988961417,2.397895273,2.197224577,15.521093,2.0090508,17.530144,4.124611072,2.279809053,16.32789779,Ok,Ok,Anomal,,,
moving_average_filter,200,0.9,0.37,357,357,0,63,0,159,93,0,0,42,8.350272,0.023390118,398,10,8,244,83.99719888,1.8767507,1,1,0,1,0.03,0,0,0.055258995,0.061398883,16.4116,2.3471,18.7587,0.54,125,SS,saed05rvt_base_ss0p540v125c,58.32,5.880532986,5.880532986,0,4.158883083,0,5.075173815,4.543294782,0,0,3.761200116,2.235405434,5.988961417,2.397895273,2.197224577,15.768156,2.0173042,17.78546,5.188208573,3.920665556,14.05120438,Ok,Ok,Ok,,,
moving_average_filter,200,0.9,0.63,357,357,0,63,0,159,93,0,0,42,8.350272,0.023390118,398,10,8,244,83.99719888,1.8767507,1,1,0,1,0.03,0,0,0.055255307,0.061394785,16.1542,2.2972,18.4514,0.54,125,SS,saed05rvt_base_ss0p540v125c,58.32,5.880532986,5.880532986,0,4.158883083,0,5.075173815,4.543294782,0,0,3.761200116,2.235405434,5.988961417,2.397895273,2.197224577,15.841581,2.0054708,17.847052,3.275352437,1.935215952,12.69934038,Ok,Ok,Ok,,,
moving_average_filter,200,0.9,0.9,357,357,0,63,0,159,93,0,0,42,8.350272,0.023390118,398,10,8,244,83.99719888,1.8767507,1,1,0,1,0.03,0,0,0.050734116,0.05637124,15.4658,2.2378,17.7036,0.54,125,SS,saed05rvt_base_ss0p540v125c,58.32,5.880532986,5.880532986,0,4.158883083,0,5.075173815,4.543294782,0,0,3.761200116,2.235405434,5.988961417,2.397895273,2.197224577,15.758816,1.9803257,17.739141,0.200758401,1.894604646,11.50568867,Ok,Ok,Ok,,,
moving_average_filter,300,0.1,0.1,357,357,0,63,0,159,93,0,0,42,8.350272,0.023390118,398,10,8,244,83.99719888,1.8767507,1,1,0,1,0.03,0,0,0.012720555,0.127205553,2.6768,2.4073,5.0841,0.54,125,SS,saed05rvt_base_ss0p540v125c,87.48,5.880532986,5.880532986,0,4.158883083,0,5.075173815,4.543294782,0,0,3.761200116,2.235405434,5.988961417,2.397895273,2.197224577,2.1151946,2.019391,4.1345854,18.67615939,20.98047822,16.11385952,Anomal,Anomal,Anomal,,,
moving_average_filter,300,0.1,0.37,357,357,0,63,0,159,93,0,0,42,8.350272,0.023390118,398,10,8,244,83.99719888,1.8767507,1,1,0,1,0.03,0,0,0.012972621,0.129726206,2.5833,2.3514,4.9347,0.54,125,SS,saed05rvt_base_ss0p540v125c,87.48,5.880532986,5.880532986,0,4.158883083,0,5.075173815,4.543294782,0,0,3.761200116,2.235405434,5.988961417,2.397895273,2.197224577,2.1173556,2.0102623,4.127618,16.35524275,18.03679073,14.50785698,Anomal,Anomal,Ok,,,
moving_average_filter,300,0.1,0.63,357,357,0,63,0,159,93,0,0,42,8.350272,0.023390118,398,10,8,244,83.99719888,1.8767507,1,1,0,1,0.03,0,0,0.012794698,0.127946985,2.472,2.2974,4.7694,0.54,125,SS,saed05rvt_base_ss0p540v125c,87.48,5.880532986,5.880532986,0,4.158883083,0,5.075173815,4.543294782,0,0,3.761200116,2.235405434,5.988961417,2.397895273,2.197224577,2.1032822,1.9868221,4.090104,14.24279567,14.91576807,13.5186677,Ok,Ok,Ok,,,
moving_average_filter,300,0.1,0.9,357,357,0,63,0,159,93,0,0,42,8.350272,0.023390118,398,10,8,244,83.99719888,1.8767507,1,1,0,1,0.03,0,0,0.012484724,0.124847236,2.3486,2.2364,4.585,0.54,125,SS,saed05rvt_base_ss0p540v125c,87.48,5.880532986,5.880532986,0,4.158883083,0,5.075173815,4.543294782,0,0,3.761200116,2.235405434,5.988961417,2.397895273,2.197224577,2.0969052,1.9654679,4.062373,11.39862244,10.71680016,12.11465168,Ok,Ok,Ok,,,
moving_average_filter,300,0.37,0.1,357,357,0,63,0,159,93,0,0,42,8.350272,0.023390118,398,10,8,244,83.99719888,1.8767507,1,1,0,1,0.03,0,0,0.030054827,0.081229261,7.9238,2.4077,10.3315,0.54,125,SS,saed05rvt_base_ss0p540v125c,87.48,5.880532986,5.880532986,0,4.158883083,0,5.075173815,4.543294782,0,0,3.761200116,2.235405434,5.988961417,2.397895273,2.197224577,7.5048504,2.0163825,9.521233,7.842688816,5.287231031,16.25275342,Ok,Ok,Anomal,,,
moving_average_filter,300,0.37,0.37,357,357,0,63,0,159,93,0,0,42,8.350272,0.023390118,398,10,8,244,83.99719888,1.8767507,1,1,0,1,0.03,0,0,0.031227294,0.084398092,7.876,2.3514,10.2274,0.54,125,SS,saed05rvt_base_ss0p540v125c,87.48,5.880532986,5.880532986,0,4.158883083,0,5.075173815,4.543294782,0,0,3.761200116,2.235405434,5.988961417,2.397895273,2.197224577,7.550071,2.004329,9.5543995,6.580367539,4.138258473,14.76018686,Ok,Ok,Ok,,,
moving_average_filter,300,0.37,0.63,357,357,0,63,0,159,93,0,0,42,8.350272,0.023390118,398,10,8,244,83.99719888,1.8767507,1,1,0,1,0.03,0,0,0.03096648,0.083693189,7.592,2.2973,9.8893,0.54,125,SS,saed05rvt_base_ss0p540v125c,87.48,5.880532986,5.880532986,0,4.158883083,0,5.075173815,4.543294782,0,0,3.761200116,2.235405434,5.988961417,2.397895273,2.197224577,7.576339,1.987215,9.563554,3.293925656,0.206285985,13.49779993,Ok,Ok,Ok,,,
moving_average_filter,300,0.37,0.9,357,357,0,63,0,159,93,0,0,42,8.350272,0.023390118,398,10,8,244,83.99719888,1.8767507,1,1,0,1,0.03,0,0,0.029639211,0.080105976,7.2015,2.2433,9.4448,0.54,125,SS,saed05rvt_base_ss0p540v125c,87.48,5.880532986,5.880532986,0,4.158883083,0,5.075173815,4.543294782,0,0,3.761200116,2.235405434,5.988961417,2.397895273,2.197224577,7.589327,1.9611902,9.550517,1.119315202,5.385362196,12.5756598,Ok,Ok,Ok,,,
moving_average_filter,300,0.63,0.1,357,357,0,63,0,159,93,0,0,42,8.350272,0.023390118,398,10,8,244,83.99719888,1.8767507,1,1,0,1,0.03,0,0,0.039179726,0.062190041,11.681,2.4053,14.0863,0.54,125,SS,saed05rvt_base_ss0p540v125c,87.48,5.880532986,5.880532986,0,4.158883083,0,5.075173815,4.543294782,0,0,3.761200116,2.235405434,5.988961417,2.397895273,2.197224577,11.147443,2.0094078,13.156851,6.598249258,4.567735488,16.45916274,Ok,Ok,Anomal,,,
moving_average_filter,300,0.63,0.37,357,357,0,63,0,159,93,0,0,42,8.350272,0.023390118,398,10,8,244,83.99719888,1.8767507,1,1,0,1,0.03,0,0,0.045961812,0.072955256,12.5115,2.3505,14.862,0.54,125,SS,saed05rvt_base_ss0p540v125c,87.48,5.880532986,5.880532986,0,4.158883083,0,5.075173815,4.543294782,0,0,3.761200116,2.235405434,5.988961417,2.397895273,2.197224577,11.343065,2.0025382,13.345604,10.20317627,9.33888613,14.8037352,Ok,Ok,Ok,,,
moving_average_filter,300,0.63,0.63,357,357,0,63,0,159,93,0,0,42,8.350272,0.023390118,398,10,8,244,83.99719888,1.8767507,1,1,0,1,0.03,0,0,0.045960013,0.072952401,12.1617,2.2997,14.4614,0.54,125,SS,saed05rvt_base_ss0p540v125c,87.48,5.880532986,5.880532986,0,4.158883083,0,5.075173815,4.543294782,0,0,3.761200116,2.235405434,5.988961417,2.397895273,2.197224577,11.382687,1.9915943,13.374281,7.517384696,6.405464573,13.39764689,Ok,Ok,Ok,,,
moving_average_filter,300,0.63,0.9,357,357,0,63,0,159,93,0,0,42,8.350272,0.023390118,398,10,8,244,83.99719888,1.8767507,1,1,0,1,0.03,0,0,0.039177766,0.062186931,11.1653,2.2395,13.4048,0.54,125,SS,saed05rvt_base_ss0p540v125c,87.48,5.880532986,5.880532986,0,4.158883083,0,5.075173815,4.543294782,0,0,3.761200116,2.235405434,5.988961417,2.397895273,2.197224577,11.343175,1.962676,13.305851,0.738161087,1.593104837,12.36097128,Ok,Ok,Ok,,,
moving_average_filter,300,0.9,0.1,357,357,0,63,0,159,93,0,0,42,8.350272,0.023390118,398,10,8,244,83.99719888,1.8767507,1,1,0,1,0.03,0,0,0.051390781,0.057100868,16.0615,2.4053,18.4668,0.54,125,SS,saed05rvt_base_ss0p540v125c,87.48,5.880532986,5.880532986,0,4.158883083,0,5.075173815,4.543294782,0,0,3.761200116,2.235405434,5.988961417,2.397895273,2.197224577,15.95142,2.0093067,17.960726,2.740454306,0.685366682,16.46336552,Ok,Ok,Anomal,,,
moving_average_filter,300,0.9,0.37,357,357,0,63,0,159,93,0,0,42,8.350272,0.023390118,398,10,8,244,83.99719888,1.8767507,1,1,0,1,0.03,0,0,0.058172867,0.064636519,16.887,2.3505,19.2375,0.54,125,SS,saed05rvt_base_ss0p540v125c,87.48,5.880532986,5.880532986,0,4.158883083,0,5.075173815,4.543294782,0,0,3.761200116,2.235405434,5.988961417,2.397895273,2.197224577,16.256956,2.0134745,18.270432,5.026996655,3.730940366,14.33846142,Ok,Ok,Ok,,,
moving_average_filter,300,0.9,0.63,357,357,0,63,0,159,93,0,0,42,8.350272,0.023390118,398,10,8,244,83.99719888,1.8767507,1,1,0,1,0.03,0,0,0.058171068,0.06463452,16.5326,2.2997,18.8323,0.54,125,SS,saed05rvt_base_ss0p540v125c,87.48,5.880532986,5.880532986,0,4.158883083,0,5.075173815,4.543294782,0,0,3.761200116,2.235405434,5.988961417,2.397895273,2.197224577,16.338263,2.0023506,18.340612,2.61087381,1.175480215,12.92992265,Ok,Ok,Ok,,,
moving_average_filter,300,0.9,0.9,357,357,0,63,0,159,93,0,0,42,8.350272,0.023390118,398,10,8,244,83.99719888,1.8767507,1,1,0,1,0.03,0,0,0.051388822,0.057098691,15.5318,2.2395,17.7713,0.54,125,SS,saed05rvt_base_ss0p540v125c,87.48,5.880532986,5.880532986,0,4.158883083,0,5.075173815,4.543294782,0,0,3.761200116,2.235405434,5.988961417,2.397895273,2.197224577,16.225872,1.9760749,18.201946,2.423268183,4.468716052,11.76267319,Ok,Ok,Ok,,,
moving_average_filter,450,0.1,0.1,357,357,0,63,0,159,93,0,0,42,8.350272,0.023390118,398,10,8,244,83.99719888,1.8767507,1,1,0,1,0.03,0,0,0.013143317,0.131433166,2.7303,2.4042,5.1345,0.54,125,SS,saed05rvt_base_ss0p540v125c,131.22,5.880532986,5.880532986,0,4.158883083,0,5.075173815,4.543294782,0,0,3.761200116,2.235405434,5.988961417,2.397895273,2.197224577,2.1570404,2.02091,4.1779504,18.62984941,20.99621442,15.94251624,Anomal,Anomal,Anomal,,,
moving_average_filter,450,0.1,0.37,357,357,0,63,0,159,93,0,0,42,8.350272,0.023390118,398,10,8,244,83.99719888,1.8767507,1,1,0,1,0.03,0,0,0.013409467,0.134094673,2.6307,2.3481,4.9788,0.54,125,SS,saed05rvt_base_ss0p540v125c,131.22,5.880532986,5.880532986,0,4.158883083,0,5.075173815,4.543294782,0,0,3.761200116,2.235405434,5.988961417,2.397895273,2.197224577,2.1442122,2.0089626,4.153175,16.58281359,18.49271122,14.44305476,Anomal,Anomal,Ok,,,
moving_average_filter,450,0.1,0.63,357,357,0,63,0,159,93,0,0,42,8.350272,0.023390118,398,10,8,244,83.99719888,1.8767507,1,1,0,1,0.03,0,0,0.013168354,0.131683543,2.5072,2.294,4.8012,0.54,125,SS,saed05rvt_base_ss0p540v125c,131.22,5.880532986,5.880532986,0,4.158883083,0,5.075173815,4.543294782,0,0,3.761200116,2.235405434,5.988961417,2.397895273,2.197224577,2.1251116,1.9859891,4.1111007,14.37347593,15.23964662,13.42680498,Ok,Anomal,Ok,,,
moving_average_filter,450,0.1,0.9,357,357,0,63,0,159,93,0,0,42,8.350272,0.023390118,398,10,8,244,83.99719888,1.8767507,1,1,0,1,0.03,0,0,0.012916352,0.129163518,2.3858,2.2334,4.6192,0.54,125,SS,saed05rvt_base_ss0p540v125c,131.22,5.880532986,5.880532986,0,4.158883083,0,5.075173815,4.543294782,0,0,3.761200116,2.235405434,5.988961417,2.397895273,2.197224577,2.1170921,1.9612253,4.0783176,11.70943795,11.26279937,12.18656438,Ok,Ok,Ok,,,
moving_average_filter,450,0.37,0.1,357,357,0,63,0,159,93,0,0,42,8.350272,0.023390118,398,10,8,244,83.99719888,1.8767507,1,1,0,1,0.03,0,0,0.031830281,0.086027788,8.2135,2.4039,10.6174,0.54,125,SS,saed05rvt_base_ss0p540v125c,131.22,5.880532986,5.880532986,0,4.158883083,0,5.075173815,4.543294782,0,0,3.761200116,2.235405434,5.988961417,2.397895273,2.197224577,7.5521183,2.0166407,9.568759,9.87662738,8.052373514,16.10962756,Ok,Ok,Anomal,,,
moving_average_filter,450,0.37,0.37,357,357,0,63,0,159,93,0,0,42,8.350272,0.023390118,398,10,8,244,83.99719888,1.8767507,1,1,0,1,0.03,0,0,0.032603809,0.088118403,8.0651,2.348,10.4131,0.54,125,SS,saed05rvt_base_ss0p540v125c,131.22,5.880532986,5.880532986,0,4.158883083,0,5.075173815,4.543294782,0,0,3.761200116,2.235405434,5.988961417,2.397895273,2.197224577,7.558708,2.002202,9.56091,8.183823982,6.278803847,14.72734097,Ok,Ok,Ok,,,
moving_average_filter,450,0.37,0.63,357,357,0,63,0,159,93,0,0,42,8.350272,0.023390118,398,10,8,244,83.99719888,1.8767507,1,1,0,1,0.03,0,0,0.032371497,0.087490534,7.7549,2.2942,10.0491,0.54,125,SS,saed05rvt_base_ss0p540v125c,131.22,5.880532986,5.880532986,0,4.158883083,0,5.075173815,4.543294782,0,0,3.761200116,2.235405434,5.988961417,2.397895273,2.197224577,7.5994177,1.98734,9.586758,4.600833309,2.004955751,13.37546973,Ok,Ok,Ok,,,
moving_average_filter,450,0.37,0.9,357,357,0,63,0,159,93,0,0,42,8.350272,0.023390118,398,10,8,244,83.99719888,1.8767507,1,1,0,1,0.03,0,0,0.031295329,0.084581971,7.3499,2.2375,9.5874,0.54,125,SS,saed05rvt_base_ss0p540v125c,131.22,5.880532986,5.880532986,0,4.158883083,0,5.075173815,4.543294782,0,0,3.761200116,2.235405434,5.988961417,2.397895273,2.197224577,7.645323,1.9576526,9.602976,0.16246162,4.019412505,12.50714776,Ok,Ok,Ok,,,
moving_average_filter,450,0.63,0.1,357,357,0,63,0,159,93,0,0,42,8.350272,0.023390118,398,10,8,244,83.99719888,1.8767507,1,1,0,1,0.03,0,0,0.047208671,0.074934398,13.0801,2.4039,15.484,0.54,125,SS,saed05rvt_base_ss0p540v125c,131.22,5.880532986,5.880532986,0,4.158883083,0,5.075173815,4.543294782,0,0,3.761200116,2.235405434,5.988961417,2.397895273,2.197224577,11.531584,2.01006,13.541644,12.54427734,11.83871847,16.38337402,Ok,Ok,Anomal,,,
moving_average_filter,450,0.63,0.37,357,357,0,63,0,159,93,0,0,42,8.350272,0.023390118,398,10,8,244,83.99719888,1.8767507,1,1,0,1,0.03,0,0,0.049491917,0.078558599,13.0569,2.348,15.4049,0.54,125,SS,saed05rvt_base_ss0p540v125c,131.22,5.880532986,5.880532986,0,4.158883083,0,5.075173815,4.543294782,0,0,3.761200116,2.235405434,5.988961417,2.397895273,2.197224577,11.613563,2.001256,13.614819,11.62020803,11.05421207,14.76763249,Ok,Ok,Ok,,,
moving_average_filter,450,0.63,0.63,357,357,0,63,0,159,93,0,0,42,8.350272,0.023390118,398,10,8,244,83.99719888,1.8767507,1,1,0,1,0.03,0,0,0.049208123,0.078108132,12.6004,2.2942,14.8946,0.54,125,SS,saed05rvt_base_ss0p540v125c,131.22,5.880532986,5.880532986,0,4.158883083,0,5.075173815,4.543294782,0,0,3.761200116,2.235405434,5.988961417,2.397895273,2.197224577,11.637358,1.9900491,13.627407,8.50773385,7.64295013,13.2573828,Ok,Ok,Ok,,,
moving_average_filter,450,0.63,0.9,357,357,0,63,0,159,93,0,0,42,8.350272,0.023390118,398,10,8,244,83.99719888,1.8767507,1,1,0,1,0.03,0,0,0.046775565,0.074246929,11.9272,2.2414,14.1686,0.54,125,SS,saed05rvt_base_ss0p540v125c,131.22,5.880532986,5.880532986,0,4.158883083,0,5.075173815,4.543294782,0,0,3.761200116,2.235405434,5.988961417,2.397895273,2.197224577,11.648514,1.9562876,13.604801,3.979213345,2.336560182,12.72028096,Ok,Ok,Ok,,,
moving_average_filter,450,0.9,0.1,357,357,0,63,0,159,93,0,0,42,8.350272,0.023390118,398,10,8,244,83.99719888,1.8767507,1,1,0,1,0.03,0,0,0.05509903,0.061221145,16.7026,2.4014,19.104,0.54,125,SS,saed05rvt_base_ss0p540v125c,131.22,5.880532986,5.880532986,0,4.158883083,0,5.075173815,4.543294782,0,0,3.761200116,2.235405434,5.988961417,2.397895273,2.197224577,16.522985,2.0151515,18.538137,2.962010909,1.075368755,16.08430496,Ok,Ok,Anomal,,,
moving_average_filter,450,0.9,0.37,357,357,0,63,0,159,93,0,0,42,8.350272,0.023390118,398,10,8,244,83.99719888,1.8767507,1,1,0,1,0.03,0,0,0.065272837,0.072525374,17.9286,2.3471,20.2757,0.54,125,SS,saed05rvt_base_ss0p540v125c,131.22,5.880532986,5.880532986,0,4.158883083,0,5.075173815,4.543294782,0,0,3.761200116,2.235405434,5.988961417,2.397895273,2.197224577,16.86807,2.012016,18.880087,6.883180858,5.915293986,14.27650897,Ok,Ok,Ok,,,
moving_average_filter,450,0.9,0.63,357,357,0,63,0,159,93,0,0,42,8.350272,0.023390118,398,10,8,244,83.99719888,1.8767507,1,1,0,1,0.03,0,0,0.065272216,0.072524685,17.385,2.2968,19.6818,0.54,125,SS,saed05rvt_base_ss0p540v125c,131.22,5.880532986,5.880532986,0,4.158883083,0,5.075173815,4.543294782,0,0,3.761200116,2.235405434,5.988961417,2.397895273,2.197224577,16.906206,1.998986,18.905191,3.945820903,2.754063095,12.96647484,Ok,Ok,Ok,,,
moving_average_filter,450,0.9,0.9,357,357,0,63,0,159,93,0,0,42,8.350272,0.023390118,398,10,8,244,83.99719888,1.8767507,1,1,0,1,0.03,0,0,0.055096646,0.061218495,15.8702,2.2371,18.1073,0.54,125,SS,saed05rvt_base_ss0p540v125c,131.22,5.880532986,5.880532986,0,4.158883083,0,5.075173815,4.543294782,0,0,3.761200116,2.235405434,5.988961417,2.397895273,2.197224577,16.71638,1.9689128,18.685291,3.192034651,5.331874618,11.98816146,Ok,Ok,Ok,,,
moving_average_filter,600,0.1,0.1,357,357,0,63,0,159,93,0,0,42,8.350272,0.023390118,398,10,8,244,83.99719888,1.8767507,1,1,0,1,0.03,0,0,0.013359746,0.133597462,2.7533,2.4036,5.1569,0.54,125,SS,saed05rvt_base_ss0p540v125c,174.96,5.880532986,5.880532986,0,4.158883083,0,5.075173815,4.543294782,0,0,3.761200116,2.235405434,5.988961417,2.397895273,2.197224577,2.1280766,2.0224867,4.1505632,19.51437414,22.70814828,15.85593748,Anomal,Anomal,Anomal,,,
moving_average_filter,600,0.1,0.37,357,357,0,63,0,159,93,0,0,42,8.350272,0.023390118,398,10,8,244,83.99719888,1.8767507,1,1,0,1,0.03,0,0,0.013658497,0.136584975,2.6563,2.3477,5.004,0.54,125,SS,saed05rvt_base_ss0p540v125c,174.96,5.880532986,5.880532986,0,4.158883083,0,5.075173815,4.543294782,0,0,3.761200116,2.235405434,5.988961417,2.397895273,2.197224577,2.113878,2.0080428,4.1219206,17.6274863,20.42020812,14.46765718,Anomal,Anomal,Ok,,,
moving_average_filter,600,0.1,0.63,357,357,0,63,0,159,93,0,0,42,8.350272,0.023390118,398,10,8,244,83.99719888,1.8767507,1,1,0,1,0.03,0,0,0.013425344,0.134253442,2.5317,2.2939,4.8256,0.54,125,SS,saed05rvt_base_ss0p540v125c,174.96,5.880532986,5.880532986,0,4.158883083,0,5.075173815,4.543294782,0,0,3.761200116,2.235405434,5.988961417,2.397895273,2.197224577,2.1112533,1.9891233,4.1003766,15.02866781,16.60728911,13.28639677,Anomal,Anomal,Ok,,,
moving_average_filter,600,0.1,0.9,357,357,0,63,0,159,93,0,0,42,8.350272,0.023390118,398,10,8,244,83.99719888,1.8767507,1,1,0,1,0.03,0,0,0.01319292,0.131929196,2.4098,2.2332,4.643,0.54,125,SS,saed05rvt_base_ss0p540v125c,174.96,5.880532986,5.880532986,0,4.158883083,0,5.075173815,4.543294782,0,0,3.761200116,2.235405434,5.988961417,2.397895273,2.197224577,2.1053927,1.9615324,4.066925,12.40738641,12.63205683,12.1649492,Ok,Ok,Ok,,,
moving_average_filter,600,0.37,0.1,357,357,0,63,0,159,93,0,0,42,8.350272,0.023390118,398,10,8,244,83.99719888,1.8767507,1,1,0,1,0.03,0,0,0.03287508,0.088851569,8.3824,2.4033,10.7857,0.54,125,SS,saed05rvt_base_ss0p540v125c,174.96,5.880532986,5.880532986,0,4.158883083,0,5.075173815,4.543294782,0,0,3.761200116,2.235405434,5.988961417,2.397895273,2.197224577,7.512621,2.021209,9.53383,11.60675998,10.37625351,15.8985977,Ok,Ok,Anomal,,,
moving_average_filter,600,0.37,0.37,357,357,0,63,0,159,93,0,0,42,8.350272,0.023390118,398,10,8,244,83.99719888,1.8767507,1,1,0,1,0.03,0,0,0.033297156,0.089992313,8.1562,2.3476,10.5038,0.54,125,SS,saed05rvt_base_ss0p540v125c,174.96,5.880532986,5.880532986,0,4.158883083,0,5.075173815,4.543294782,0,0,3.761200116,2.235405434,5.988961417,2.397895273,2.197224577,7.5141163,2.0015256,9.515642,9.407622326,7.872338991,14.74162377,Ok,Ok,Ok,,,
moving_average_filter,600,0.37,0.63,357,357,0,63,0,159,93,0,0,42,8.350272,0.023390118,398,10,8,244,83.99719888,1.8767507,1,1,0,1,0.03,0,0,0.033118917,0.089510587,7.8383,2.294,10.1323,0.54,125,SS,saed05rvt_base_ss0p540v125c,174.96,5.880532986,5.880532986,0,4.158883083,0,5.075173815,4.543294782,0,0,3.761200116,2.235405434,5.988961417,2.397895273,2.197224577,7.565071,1.9908841,9.555955,5.688195837,3.485818277,13.21342347,Ok,Ok,Ok,,,
moving_average_filter,600,0.37,0.9,357,357,0,63,0,159,93,0,0,42,8.350272,0.023390118,398,10,8,244,83.99719888,1.8767507,1,1,0,1,0.03,0,0,0.03224659,0.087152947,7.4317,2.2354,9.6671,0.54,125,SS,saed05rvt_base_ss0p540v125c,174.96,5.880532986,5.880532986,0,4.158883083,0,5.075173815,4.543294782,0,0,3.761200116,2.235405434,5.988961417,2.397895273,2.197224577,7.6403418,1.9571915,9.597533,0.719624024,2.807456689,12.44558167,Ok,Ok,Ok,,,
moving_average_filter,600,0.63,0.1,357,357,0,63,0,159,93,0,0,42,8.350272,0.023390118,398,10,8,244,83.99719888,1.8767507,1,1,0,1,0.03,0,0,0.049170204,0.078047942,13.4111,2.4033,15.8144,0.54,125,SS,saed05rvt_base_ss0p540v125c,174.96,5.880532986,5.880532986,0,4.158883083,0,5.075173815,4.543294782,0,0,3.761200116,2.235405434,5.988961417,2.397895273,2.197224577,11.692008,2.0164516,13.70846,13.31659845,12.81842639,16.09655069,Ok,Ok,Anomal,,,
moving_average_filter,600,0.63,0.37,357,357,0,63,0,159,93,0,0,42,8.350272,0.023390118,398,10,8,244,83.99719888,1.8767507,1,1,0,1,0.03,0,0,0.05110146,0.081113428,13.288,2.3477,15.6357,0.54,125,SS,saed05rvt_base_ss0p540v125c,174.96,5.880532986,5.880532986,0,4.158883083,0,5.075173815,4.543294782,0,0,3.761200116,2.235405434,5.988961417,2.397895273,2.197224577,11.740197,2.0005505,13.740747,12.11939695,11.64812476,14.78679097,Ok,Ok,Ok,,,
moving_average_filter,600,0.63,0.63,357,357,0,63,0,159,93,0,0,42,8.350272,0.023390118,398,10,8,244,83.99719888,1.8767507,1,1,0,1,0.03,0,0,0.050794415,0.080626055,12.7921,2.2939,15.086,0.54,125,SS,saed05rvt_base_ss0p540v125c,174.96,5.880532986,5.880532986,0,4.158883083,0,5.075173815,4.543294782,0,0,3.761200116,2.235405434,5.988961417,2.397895273,2.197224577,11.761979,1.9912941,13.753273,8.834197201,8.052789588,13.19176313,Ok,Ok,Ok,,,
moving_average_filter,600,0.63,0.9,357,357,0,63,0,159,93,0,0,42,8.350272,0.023390118,398,10,8,244,83.99719888,1.8767507,1,1,0,1,0.03,0,0,0.048654935,0.077230055,12.0979,2.239,14.3369,0.54,125,SS,saed05rvt_base_ss0p540v125c,174.96,5.880532986,5.880532986,0,4.158883083,0,5.075173815,4.543294782,0,0,3.761200116,2.235405434,5.988961417,2.397895273,2.197224577,11.77461,1.9540291,13.728639,4.242628121,2.672285556,12.72759789,Ok,Ok,Ok,,,
moving_average_filter,600,0.9,0.1,357,357,0,63,0,159,93,0,0,42,8.350272,0.023390118,398,10,8,244,83.99719888,1.8767507,1,1,0,1,0.03,0,0,0.064818399,0.072020444,18.407,2.4033,20.8103,0.54,125,SS,saed05rvt_base_ss0p540v125c,174.96,5.880532986,5.880532986,0,4.158883083,0,5.075173815,4.543294782,0,0,3.761200116,2.235405434,5.988961417,2.397895273,2.197224577,17.084791,2.0190666,19.103857,8.199992117,7.183184748,15.98774301,Ok,Ok,Anomal,,,
moving_average_filter,600,0.9,0.37,357,357,0,63,0,159,93,0,0,42,8.350272,0.023390118,398,10,8,244,83.99719888,1.8767507,1,1,0,1,0.03,0,0,0.068144427,0.07571603,18.3931,2.3476,20.7407,0.54,125,SS,saed05rvt_base_ss0p540v125c,174.96,5.880532986,5.880532986,0,4.158883083,0,5.075173815,4.543294782,0,0,3.761200116,2.235405434,5.988961417,2.397895273,2.197224577,17.210651,2.0122592,19.22291,7.317930796,6.428761885,14.2844077,Ok,Ok,Ok,,,
moving_average_filter,600,0.9,0.63,357,357,0,63,0,159,93,0,0,42,8.350272,0.023390118,398,10,8,244,83.99719888,1.8767507,1,1,0,1,0.03,0,0,0.067887256,0.075430285,17.77,2.294,20.064,0.54,125,SS,saed05rvt_base_ss0p540v125c,174.96,5.880532986,5.880532986,0,4.158883083,0,5.075173815,4.543294782,0,0,3.761200116,2.235405434,5.988961417,2.397895273,2.197224577,17.253946,2.0000772,19.254025,4.036959202,2.90407257,12.81267447,Ok,Ok,Ok,,,
moving_average_filter,600,0.9,0.9,357,357,0,63,0,159,93,0,0,42,8.350272,0.023390118,398,10,8,244,83.99719888,1.8767507,1,1,0,1,0.03,0,0,0.0643655,0.071517222,16.8148,2.2417,19.0565,0.54,125,SS,saed05rvt_base_ss0p540v125c,174.96,5.880532986,5.880532986,0,4.158883083,0,5.075173815,4.543294782,0,0,3.761200116,2.235405434,5.988961417,2.397895273,2.197224577,17.237803,1.9611704,19.198973,0.747633102,2.515655883,12.51414396,Ok,Ok,Ok,,,
moving_average_filter,750,0.1,0.1,357,357,0,63,0,159,93,0,0,42,8.350272,0.023390118,398,10,8,244,83.99719888,1.8767507,1,1,0,1,0.03,0,0,0.013466658,0.134666583,2.7712,2.402,5.1732,0.54,125,SS,saed05rvt_base_ss0p540v125c,218.7,5.880532986,5.880532986,0,4.158883083,0,5.075173815,4.543294782,0,0,3.761200116,2.235405434,5.988961417,2.397895273,2.197224577,2.1380696,2.025777,4.163847,19.51119289,22.84679454,15.66290169,Anomal,Anomal,Anomal,,,
moving_average_filter,750,0.1,0.37,357,357,0,63,0,159,93,0,0,42,8.350272,0.023390118,398,10,8,244,83.99719888,1.8767507,1,1,0,1,0.03,0,0,0.013810985,0.138109849,2.6736,2.3456,5.0192,0.54,125,SS,saed05rvt_base_ss0p540v125c,218.7,5.880532986,5.880532986,0,4.158883083,0,5.075173815,4.543294782,0,0,3.761200116,2.235405434,5.988961417,2.397895273,2.197224577,2.1419938,2.0071433,4.149137,17.33469437,19.88353676,14.42943132,Anomal,Anomal,Ok,,,
moving_average_filter,750,0.1,0.63,357,357,0,63,0,159,93,0,0,42,8.350272,0.023390118,398,10,8,244,83.99719888,1.8767507,1,1,0,1,0.03,0,0,0.013587907,0.13587907,2.5478,2.2919,4.8397,0.54,125,SS,saed05rvt_base_ss0p540v125c,218.7,5.880532986,5.880532986,0,4.158883083,0,5.075173815,4.543294782,0,0,3.761200116,2.235405434,5.988961417,2.397895273,2.197224577,2.133158,1.992861,4.126019,14.74638922,16.27451258,13.04764464,Ok,Anomal,Ok,,,
moving_average_filter,750,0.1,0.9,357,357,0,63,0,159,93,0,0,42,8.350272,0.023390118,398,10,8,244,83.99719888,1.8767507,1,1,0,1,0.03,0,0,0.013342412,0.133424121,2.4221,2.2312,4.6533,0.54,125,SS,saed05rvt_base_ss0p540v125c,218.7,5.880532986,5.880532986,0,4.158883083,0,5.075173815,4.543294782,0,0,3.761200116,2.235405434,5.988961417,2.397895273,2.197224577,2.1283708,1.9636133,4.091984,12.06275557,12.12704835,11.99295125,Ok,Ok,Ok,,,
moving_average_filter,750,0.37,0.1,357,357,0,63,0,159,93,0,0,42,8.350272,0.023390118,398,10,8,244,83.99719888,1.8767507,1,1,0,1,0.03,0,0,0.033642651,0.090926083,8.5102,2.4009,10.9111,0.54,125,SS,saed05rvt_base_ss0p540v125c,218.7,5.880532986,5.880532986,0,4.158883083,0,5.075173815,4.543294782,0,0,3.761200116,2.235405434,5.988961417,2.397895273,2.197224577,7.597747,2.0242088,9.621956,11.81497859,10.7218767,15.68958374,Ok,Ok,Anomal,,,
moving_average_filter,750,0.37,0.37,357,357,0,63,0,159,93,0,0,42,8.350272,0.023390118,398,10,8,244,83.99719888,1.8767507,1,1,0,1,0.03,0,0,0.033889535,0.091593338,8.2387,2.3456,10.5843,0.54,125,SS,saed05rvt_base_ss0p540v125c,218.7,5.880532986,5.880532986,0,4.158883083,0,5.075173815,4.543294782,0,0,3.761200116,2.235405434,5.988961417,2.397895273,2.197224577,7.567794,2.0051117,9.572906,9.555610286,8.143349726,14.51604305,Ok,Ok,Ok,,,
moving_average_filter,750,0.37,0.63,357,357,0,63,0,159,93,0,0,42,8.350272,0.023390118,398,10,8,244,83.99719888,1.8767507,1,1,0,1,0.03,0,0,0.033576922,0.090748438,7.8905,2.2918,10.1823,0.54,125,SS,saed05rvt_base_ss0p540v125c,218.7,5.880532986,5.880532986,0,4.158883083,0,5.075173815,4.543294782,0,0,3.761200116,2.235405434,5.988961417,2.397895273,2.197224577,7.5991373,1.9926188,9.591756,5.79971257,3.692575804,13.05442014,Ok,Ok,Ok,,,
moving_average_filter,750,0.37,0.9,357,357,0,63,0,159,93,0,0,42,8.350272,0.023390118,398,10,8,244,83.99719888,1.8767507,1,1,0,1,0.03,0,0,0.032949106,0.089051637,7.4921,2.2322,9.7243,0.54,125,SS,saed05rvt_base_ss0p540v125c,218.7,5.880532986,5.880532986,0,4.158883083,0,5.075173815,4.543294782,0,0,3.761200116,2.235405434,5.988961417,2.397895273,2.197224577,7.6942453,1.9588251,9.65307,0.732490258,2.698113192,12.24688149,Ok,Ok,Ok,,,
moving_average_filter,750,0.63,0.1,357,357,0,63,0,159,93,0,0,42,8.350272,0.023390118,398,10,8,244,83.99719888,1.8767507,1,1,0,1,0.03,0,0,0.050690636,0.080461326,13.6738,2.4009,16.0747,0.54,125,SS,saed05rvt_base_ss0p540v125c,218.7,5.880532986,5.880532986,0,4.158883083,0,5.075173815,4.543294782,0,0,3.761200116,2.235405434,5.988961417,2.397895273,2.197224577,11.809219,2.020632,13.829851,13.96510572,13.63615557,15.83855935,Ok,Ok,Anomal,,,
moving_average_filter,750,0.63,0.37,357,357,0,63,0,159,93,0,0,42,8.350272,0.023390118,398,10,8,244,83.99719888,1.8767507,1,1,0,1,0.03,0,0,0.052258475,0.08294996,13.4557,2.3455,15.8012,0.54,125,SS,saed05rvt_base_ss0p540v125c,218.7,5.880532986,5.880532986,0,4.158883083,0,5.075173815,4.543294782,0,0,3.761200116,2.235405434,5.988961417,2.397895273,2.197224577,11.871629,2.0018814,13.87351,12.19964078,11.77249224,14.65012317,Ok,Ok,Ok,,,
moving_average_filter,750,0.63,0.63,357,357,0,63,0,159,93,0,0,42,8.350272,0.023390118,398,10,8,244,83.99719888,1.8767507,1,1,0,1,0.03,0,0,0.051992274,0.082527419,12.9351,2.292,15.2271,0.54,125,SS,saed05rvt_base_ss0p540v125c,218.7,5.880532986,5.880532986,0,4.158883083,0,5.075173815,4.543294782,0,0,3.761200116,2.235405434,5.988961417,2.397895273,2.197224577,11.908905,1.9942541,13.903159,8.694635607,7.933413508,12.99065828,Ok,Ok,Ok,,,
moving_average_filter,750,0.63,0.9,357,357,0,63,0,159,93,0,0,42,8.350272,0.023390118,398,10,8,244,83.99719888,1.8767507,1,1,0,1,0.03,0,0,0.050130442,0.07957213,12.2294,2.2356,14.465,0.54,125,SS,saed05rvt_base_ss0p540v125c,218.7,5.880532986,5.880532986,0,4.158883083,0,5.075173815,4.543294782,0,0,3.761200116,2.235405434,5.988961417,2.397895273,2.197224577,11.9045105,1.9534781,13.857988,4.19641647,2.65662667,12.61951611,Ok,Ok,Ok,,,
moving_average_filter,750,0.9,0.1,357,357,0,63,0,159,93,0,0,42,8.350272,0.023390118,398,10,8,244,83.99719888,1.8767507,1,1,0,1,0.03,0,0,0.067108399,0.074564888,18.8062,2.4009,21.2071,0.54,125,SS,saed05rvt_base_ss0p540v125c,218.7,5.880532986,5.880532986,0,4.158883083,0,5.075173815,4.543294782,0,0,3.761200116,2.235405434,5.988961417,2.397895273,2.197224577,17.335157,2.0239005,19.359058,8.714258998,7.822115077,15.70242372,Ok,Ok,Anomal,,,
moving_average_filter,750,0.9,0.37,357,357,0,63,0,159,93,0,0,42,8.350272,0.023390118,398,10,8,244,83.99719888,1.8767507,1,1,0,1,0.03,0,0,0.07038003,0.078200034,18.7282,2.3456,21.0738,0.54,125,SS,saed05rvt_base_ss0p540v125c,218.7,5.880532986,5.880532986,0,4.158883083,0,5.075173815,4.543294782,0,0,3.761200116,2.235405434,5.988961417,2.397895273,2.197224577,17.482306,2.0147798,19.497086,7.481870516,6.65250517,14.10386229,Ok,Ok,Ok,,,
moving_average_filter,750,0.9,0.63,357,357,0,63,0,159,93,0,0,42,8.350272,0.023390118,398,10,8,244,83.99719888,1.8767507,1,1,0,1,0.03,0,0,0.070049641,0.077832934,18.0423,2.2919,20.3342,0.54,125,SS,saed05rvt_base_ss0p540v125c,218.7,5.880532986,5.880532986,0,4.158883083,0,5.075173815,4.543294782,0,0,3.761200116,2.235405434,5.988961417,2.397895273,2.197224577,17.535067,2.0031378,19.538204,3.914566626,2.81135662,12.59924836,Ok,Ok,Ok,,,
moving_average_filter,750,0.9,0.9,357,357,0,63,0,159,93,0,0,42,8.350272,0.023390118,398,10,8,244,83.99719888,1.8767507,1,1,0,1,0.03,0,0,0.066624229,0.074026921,17.0232,2.2382,19.2614,0.54,125,SS,saed05rvt_base_ss0p540v125c,218.7,5.880532986,5.880532986,0,4.158883083,0,5.075173815,4.543294782,0,0,3.761200116,2.235405434,5.988961417,2.397895273,2.197224577,17.510075,1.9574974,19.467571,1.070385634,2.860065179,12.54144588,Ok,Ok,Ok,,,
moving_average_filter,900,0.1,0.1,357,357,0,63,0,159,93,0,0,42,8.350272,0.023390118,398,10,8,244,83.99719888,1.8767507,1,1,0,1,0.03,0,0,0.013825663,0.138256633,2.8119,2.3995,5.2114,0.54,125,SS,saed05rvt_base_ss0p540v125c,262.44,5.880532986,5.880532986,0,4.158883083,0,5.075173815,4.543294782,0,0,3.761200116,2.235405434,5.988961417,2.397895273,2.197224577,2.1759021,2.0294178,4.20532,19.30537127,22.61808285,15.4233068,Anomal,Anomal,Anomal,,,
moving_average_filter,900,0.1,0.37,357,357,0,63,0,159,93,0,0,42,8.350272,0.023390118,398,10,8,244,83.99719888,1.8767507,1,1,0,1,0.03,0,0,0.014226663,0.142266633,2.7159,2.3441,5.06,0.54,125,SS,saed05rvt_base_ss0p540v125c,262.44,5.880532986,5.880532986,0,4.158883083,0,5.075173815,4.543294782,0,0,3.761200116,2.235405434,5.988961417,2.397895273,2.197224577,2.1819563,2.0088048,4.190761,17.1786346,19.65991785,14.30379258,Anomal,Anomal,Ok,,,
moving_average_filter,900,0.1,0.63,357,357,0,63,0,159,93,0,0,42,8.350272,0.023390118,398,10,8,244,83.99719888,1.8767507,1,1,0,1,0.03,0,0,0.013977339,0.139773392,2.584,2.2906,4.8746,0.54,125,SS,saed05rvt_base_ss0p540v125c,262.44,5.880532986,5.880532986,0,4.158883083,0,5.075173815,4.543294782,0,0,3.761200116,2.235405434,5.988961417,2.397895273,2.197224577,2.184268,1.9951406,4.1794086,14.26150761,15.46950473,12.89877969,Ok,Anomal,Ok,,,
moving_average_filter,900,0.1,0.9,357,357,0,63,0,159,93,0,0,42,8.350272,0.023390118,398,10,8,244,83.99719888,1.8767507,1,1,0,1,0.03,0,0,0.01373292,0.137329196,2.4554,2.23,4.6854,0.54,125,SS,saed05rvt_base_ss0p540v125c,262.44,5.880532986,5.880532986,0,4.158883083,0,5.075173815,4.543294782,0,0,3.761200116,2.235405434,5.988961417,2.397895273,2.197224577,2.183537,1.9664557,4.149993,11.42713658,11.07204503,11.81813013,Ok,Ok,Ok,,,
moving_average_filter,900,0.37,0.1,357,357,0,63,0,159,93,0,0,42,8.350272,0.023390118,398,10,8,244,83.99719888,1.8767507,1,1,0,1,0.03,0,0,0.03449095,0.093218783,8.6322,2.399,11.0312,0.54,125,SS,saed05rvt_base_ss0p540v125c,262.44,5.880532986,5.880532986,0,4.158883083,0,5.075173815,4.543294782,0,0,3.761200116,2.235405434,5.988961417,2.397895273,2.197224577,7.724969,2.0295281,9.754498,11.57355929,10.50984789,15.40107791,Ok,Ok,Anomal,,,
moving_average_filter,900,0.37,0.37,357,357,0,63,0,159,93,0,0,42,8.350272,0.023390118,398,10,8,244,83.99719888,1.8767507,1,1,0,1,0.03,0,0,0.034580932,0.093461979,8.3226,2.344,10.6666,0.54,125,SS,saed05rvt_base_ss0p540v125c,262.44,5.880532986,5.880532986,0,4.158883083,0,5.075173815,4.543294782,0,0,3.761200116,2.235405434,5.988961417,2.397895273,2.197224577,7.6846256,2.0119762,9.696602,9.093789327,7.665565741,14.16483609,Ok,Ok,Ok,,,
moving_average_filter,900,0.37,0.63,357,357,0,63,0,159,93,0,0,42,8.350272,0.023390118,398,10,8,244,83.99719888,1.8767507,1,1,0,1,0.03,0,0,0.034426294,0.093044038,7.9834,2.2908,10.2742,0.54,125,SS,saed05rvt_base_ss0p540v125c,262.44,5.880532986,5.880532986,0,4.158883083,0,5.075173815,4.543294782,0,0,3.761200116,2.235405434,5.988961417,2.397895273,2.197224577,7.7039394,1.9958642,9.699803,5.590670297,3.500520607,12.87479689,Ok,Ok,Ok,,,
moving_average_filter,900,0.37,0.9,357,357,0,63,0,159,93,0,0,42,8.350272,0.023390118,398,10,8,244,83.99719888,1.8767507,1,1,0,1,0.03,0,0,0.033681739,0.091031726,7.5558,2.2298,9.7856,0.54,125,SS,saed05rvt_base_ss0p540v125c,262.44,5.880532986,5.880532986,0,4.158883083,0,5.075173815,4.543294782,0,0,3.761200116,2.235405434,5.988961417,2.397895273,2.197224577,7.8086023,1.9606569,9.769259,0.166985644,3.345804985,12.07028068,Ok,Ok,Ok,,,
moving_average_filter,900,0.63,0.1,357,357,0,63,0,159,93,0,0,42,8.350272,0.023390118,398,10,8,244,83.99719888,1.8767507,1,1,0,1,0.03,0,0,0.052164068,0.082800108,13.9062,2.3991,16.3053,0.54,125,SS,saed05rvt_base_ss0p540v125c,262.44,5.880532986,5.880532986,0,4.158883083,0,5.075173815,4.543294782,0,0,3.761200116,2.235405434,5.988961417,2.397895273,2.197224577,11.969774,2.0238755,13.9936495,14.17729522,13.92490942,15.64022029,Ok,Ok,Anomal,,,
moving_average_filter,900,0.63,0.37,357,357,0,63,0,159,93,0,0,42,8.350272,0.023390118,398,10,8,244,83.99719888,1.8767507,1,1,0,1,0.03,0,0,0.05336856,0.084712,13.6019,2.344,15.9459,0.54,125,SS,saed05rvt_base_ss0p540v125c,262.44,5.880532986,5.880532986,0,4.158883083,0,5.075173815,4.543294782,0,0,3.761200116,2.235405434,5.988961417,2.397895273,2.197224577,12.030471,2.0104427,14.040914,11.94655942,11.55301209,14.2302588,Ok,Ok,Ok,,,
moving_average_filter,900,0.63,0.63,357,357,0,63,0,159,93,0,0,42,8.350272,0.023390118,398,10,8,244,83.99719888,1.8767507,1,1,0,1,0.03,0,0,0.053173611,0.084402556,13.0687,2.2906,15.3593,0.54,125,SS,saed05rvt_base_ss0p540v125c,262.44,5.880532986,5.880532986,0,4.158883083,0,5.075173815,4.543294782,0,0,3.761200116,2.235405434,5.988961417,2.397895273,2.197224577,12.071285,1.9978309,14.069117,8.400014373,7.632088518,12.78132944,Ok,Ok,Ok,,,
moving_average_filter,900,0.63,0.9,357,357,0,63,0,159,93,0,0,42,8.350272,0.023390118,398,10,8,244,83.99719888,1.8767507,1,1,0,1,0.03,0,0,0.051571621,0.081859715,12.3579,2.2331,14.591,0.54,125,SS,saed05rvt_base_ss0p540v125c,262.44,5.880532986,5.880532986,0,4.158883083,0,5.075173815,4.543294782,0,0,3.761200116,2.235405434,5.988961417,2.397895273,2.197224577,12.041278,1.953907,13.995185,4.083442544,2.562102902,12.50248475,Ok,Ok,Ok,,,
moving_average_filter,900,0.9,0.1,357,357,0,63,0,159,93,0,0,42,8.350272,0.023390118,398,10,8,244,83.99719888,1.8767507,1,1,0,1,0.03,0,0,0.069271776,0.07696864,19.1619,2.3991,21.561,0.54,125,SS,saed05rvt_base_ss0p540v125c,262.44,5.880532986,5.880532986,0,4.158883083,0,5.075173815,4.543294782,0,0,3.761200116,2.235405434,5.988961417,2.397895273,2.197224577,17.599,2.0267088,19.62571,8.975884543,8.156284446,15.52211907,Ok,Ok,Anomal,,,
moving_average_filter,900,0.9,0.37,357,357,0,63,0,159,93,0,0,42,8.350272,0.023390118,398,10,8,244,83.99719888,1.8767507,1,1,0,1,0.03,0,0,0.072149055,0.080165617,18.9747,2.344,21.3187,0.54,125,SS,saed05rvt_base_ss0p540v125c,262.44,5.880532986,5.880532986,0,4.158883083,0,5.075173815,4.543294782,0,0,3.761200116,2.235405434,5.988961417,2.397895273,2.197224577,17.754616,2.0185692,19.773186,7.249570893,6.430058005,13.88356523,Ok,Ok,Ok,,,
moving_average_filter,900,0.9,0.63,357,357,0,63,0,159,93,0,0,42,8.350272,0.023390118,398,10,8,244,83.99719888,1.8767507,1,1,0,1,0.03,0,0,0.071811809,0.079790899,18.2497,2.2906,20.5403,0.54,125,SS,saed05rvt_base_ss0p540v125c,262.44,5.880532986,5.880532986,0,4.158883083,0,5.075173815,4.543294782,0,0,3.761200116,2.235405434,5.988961417,2.397895273,2.197224577,17.812359,2.0071845,19.819544,3.508985563,2.396429222,12.37298064,Ok,Ok,Ok,,,
moving_average_filter,900,0.9,0.9,357,357,0,63,0,159,93,0,0,42,8.350272,0.023390118,398,10,8,244,83.99719888,1.8767507,1,1,0,1,0.03,0,0,0.068757864,0.076397627,17.2194,2.2356,19.455,0.54,125,SS,saed05rvt_base_ss0p540v125c,262.44,5.880532986,5.880532986,0,4.158883083,0,5.075173815,4.543294782,0,0,3.761200116,2.235405434,5.988961417,2.397895273,2.197224577,17.775791,1.9586952,19.734486,1.436574794,3.231187894,12.38615256,Ok,Ok,Ok,,,
moving_average_filter,1000,0.1,0.1,357,357,0,63,0,159,93,0,0,42,8.350272,0.023390118,398,10,8,244,83.99719888,1.8767507,1,1,0,1,0.03,0,0,0.013888538,0.138885377,2.8182,2.399,5.2172,0.54,125,SS,saed05rvt_base_ss0p540v125c,291.6,5.880532986,5.880532986,0,4.158883083,0,5.075173815,4.543294782,0,0,3.761200116,2.235405434,5.988961417,2.397895273,2.197224577,2.200503,2.0333931,4.2338963,18.84734617,21.9181353,15.23996896,Anomal,Anomal,Anomal,,,
moving_average_filter,1000,0.1,0.37,357,357,0,63,0,159,93,0,0,42,8.350272,0.023390118,398,10,8,244,83.99719888,1.8767507,1,1,0,1,0.03,0,0,0.014267256,0.142672563,2.7189,2.3426,5.0615,0.54,125,SS,saed05rvt_base_ss0p540v125c,291.6,5.880532986,5.880532986,0,4.158883083,0,5.075173815,4.543294782,0,0,3.761200116,2.235405434,5.988961417,2.397895273,2.197224577,2.2165213,2.0123944,4.2289157,16.44935906,18.47727893,14.09568735,Anomal,Anomal,Ok,,,
moving_average_filter,1000,0.1,0.63,357,357,0,63,0,159,93,0,0,42,8.350272,0.023390118,398,10,8,244,83.99719888,1.8767507,1,1,0,1,0.03,0,0,0.014022729,0.140227286,2.5875,2.2893,4.8768,0.54,125,SS,saed05rvt_base_ss0p540v125c,291.6,5.880532986,5.880532986,0,4.158883083,0,5.075173815,4.543294782,0,0,3.761200116,2.235405434,5.988961417,2.397895273,2.197224577,2.2199416,1.9955292,4.215471,13.56072033,14.20515493,12.83234286,Ok,Ok,Ok,,,
moving_average_filter,1000,0.1,0.9,357,357,0,63,0,159,93,0,0,42,8.350272,0.023390118,398,10,8,244,83.99719888,1.8767507,1,1,0,1,0.03,0,0,0.013769171,0.137691709,2.4582,2.2285,4.6867,0.54,125,SS,saed05rvt_base_ss0p540v125c,291.6,5.880532986,5.880532986,0,4.158883083,0,5.075173815,4.543294782,0,0,3.761200116,2.235405434,5.988961417,2.397895273,2.197224577,2.2200503,1.9687004,4.1887507,10.62473075,9.687969452,11.65804761,Ok,Ok,Ok,,,
moving_average_filter,1000,0.37,0.1,357,357,0,63,0,159,93,0,0,42,8.350272,0.023390118,398,10,8,244,83.99719888,1.8767507,1,1,0,1,0.03,0,0,0.034681867,0.093734775,8.6627,2.3975,11.0602,0.54,125,SS,saed05rvt_base_ss0p540v125c,291.6,5.880532986,5.880532986,0,4.158883083,0,5.075173815,4.543294782,0,0,3.761200116,2.235405434,5.988961417,2.397895273,2.197224577,7.8103685,2.0334752,9.843843,10.99759986,9.839097072,15.18351781,Ok,Ok,Anomal,,,
moving_average_filter,1000,0.37,0.37,357,357,0,63,0,159,93,0,0,42,8.350272,0.023390118,398,10,8,244,83.99719888,1.8767507,1,1,0,1,0.03,0,0,0.034734864,0.093878012,8.343,2.3425,10.6855,0.54,125,SS,saed05rvt_base_ss0p540v125c,291.6,5.880532986,5.880532986,0,4.158883083,0,5.075173815,4.543294782,0,0,3.761200116,2.235405434,5.988961417,2.397895273,2.197224577,7.7669277,2.0180924,9.78502,8.427122039,6.904857736,13.84877721,Ok,Ok,Ok,,,
moving_average_filter,1000,0.37,0.63,357,357,0,63,0,159,93,0,0,42,8.350272,0.023390118,398,10,8,244,83.99719888,1.8767507,1,1,0,1,0.03,0,0,0.034569384,0.093430769,7.9984,2.2894,10.2878,0.54,125,SS,saed05rvt_base_ss0p540v125c,291.6,5.880532986,5.880532986,0,4.158883083,0,5.075173815,4.543294782,0,0,3.761200116,2.235405434,5.988961417,2.397895273,2.197224577,7.7819166,1.9986832,9.7806,4.930115339,2.706583587,12.69838324,Ok,Ok,Ok,,,
moving_average_filter,1000,0.37,0.9,357,357,0,63,0,159,93,0,0,42,8.350272,0.023390118,398,10,8,244,83.99719888,1.8767507,1,1,0,1,0.03,0,0,0.033829598,0.091431346,7.5682,2.2283,9.7965,0.54,125,SS,saed05rvt_base_ss0p540v125c,291.6,5.880532986,5.880532986,0,4.158883083,0,5.075173815,4.543294782,0,0,3.761200116,2.235405434,5.988961417,2.397895273,2.197224577,7.901966,1.9620585,9.864025,0.689277966,4.410111981,11.94818722,Ok,Ok,Ok,,,
moving_average_filter,1000,0.63,0.1,357,357,0,63,0,159,93,0,0,42,8.350272,0.023390118,398,10,8,244,83.99719888,1.8767507,1,1,0,1,0.03,0,0,0.052697239,0.083646411,13.9983,2.3976,16.3959,0.54,125,SS,saed05rvt_base_ss0p540v125c,291.6,5.880532986,5.880532986,0,4.158883083,0,5.075173815,4.543294782,0,0,3.761200116,2.235405434,5.988961417,2.397895273,2.197224577,12.074661,2.0268435,14.101505,13.99371014,13.74194542,15.46364916,Ok,Ok,Anomal,,,
moving_average_filter,1000,0.63,0.37,357,357,0,63,0,159,93,0,0,42,8.350272,0.023390118,398,10,8,244,83.99719888,1.8767507,1,1,0,1,0.03,0,0,0.053690354,0.085222785,13.6468,2.3426,15.9894,0.54,125,SS,saed05rvt_base_ss0p540v125c,291.6,5.880532986,5.880532986,0,4.158883083,0,5.075173815,4.543294782,0,0,3.761200116,2.235405434,5.988961417,2.397895273,2.197224577,12.12866,2.0168805,14.14554,11.53176331,11.12451123,13.90418713,Ok,Ok,Ok,,,
moving_average_filter,1000,0.63,0.63,357,357,0,63,0,159,93,0,0,42,8.350272,0.023390118,398,10,8,244,83.99719888,1.8767507,1,1,0,1,0.03,0,0,0.053504724,0.084928133,13.1079,2.2893,15.3972,0.54,125,SS,saed05rvt_base_ss0p540v125c,291.6,5.880532986,5.880532986,0,4.158883083,0,5.075173815,4.543294782,0,0,3.761200116,2.235405434,5.988961417,2.397895273,2.197224577,12.176343,1.999335,14.175678,7.933401832,7.106836609,12.6660966,Ok,Ok,Ok,,,
moving_average_filter,1000,0.63,0.9,357,357,0,63,0,159,93,0,0,42,8.350272,0.023390118,398,10,8,244,83.99719888,1.8767507,1,1,0,1,0.03,0,0,0.052064789,0.082642522,12.4002,2.231,14.6312,0.54,125,SS,saed05rvt_base_ss0p540v125c,291.6,5.880532986,5.880532986,0,4.158883083,0,5.075173815,4.543294782,0,0,3.761200116,2.235405434,5.988961417,2.397895273,2.197224577,12.125158,1.955332,14.08049,3.76394204,2.218042371,12.35625097,Ok,Ok,Ok,,,
moving_average_filter,1000,0.9,0.1,357,357,0,63,0,159,93,0,0,42,8.350272,0.023390118,398,10,8,244,83.99719888,1.8767507,1,1,0,1,0.03,0,0,0.070133085,0.07792565,19.3123,2.3976,21.7099,0.54,125,SS,saed05rvt_base_ss0p540v125c,291.6,5.880532986,5.880532986,0,4.158883083,0,5.075173815,4.543294782,0,0,3.761200116,2.235405434,5.988961417,2.397895273,2.197224577,17.772408,2.0292802,19.801687,8.789597186,7.973635809,15.36202095,Ok,Ok,Anomal,,,
moving_average_filter,1000,0.9,0.37,357,357,0,63,0,159,93,0,0,42,8.350272,0.023390118,398,10,8,244,83.99719888,1.8767507,1,1,0,1,0.03,0,0,0.072710967,0.080789964,19.057,2.3426,21.3996,0.54,125,SS,saed05rvt_base_ss0p540v125c,291.6,5.880532986,5.880532986,0,4.158883083,0,5.075173815,4.543294782,0,0,3.761200116,2.235405434,5.988961417,2.397895273,2.197224577,17.922329,2.0236404,19.945969,6.792796931,5.954090628,13.61562391,Ok,Ok,Ok,,,
moving_average_filter,1000,0.9,0.63,357,357,0,63,0,159,93,0,0,42,8.350272,0.023390118,398,10,8,244,83.99719888,1.8767507,1,1,0,1,0.03,0,0,0.072399658,0.080444065,18.3182,2.2892,20.6074,0.54,125,SS,saed05rvt_base_ss0p540v125c,291.6,5.880532986,5.880532986,0,4.158883083,0,5.075173815,4.543294782,0,0,3.761200116,2.235405434,5.988961417,2.397895273,2.197224577,17.981386,2.011053,19.99244,2.984174277,1.838684015,12.15039816,Ok,Ok,Ok,,,
moving_average_filter,1000,0.9,0.9,357,357,0,63,0,159,93,0,0,42,8.350272,0.023390118,398,10,8,244,83.99719888,1.8767507,1,1,0,1,0.03,0,0,0.069593807,0.077326452,17.2925,2.2335,19.526,0.54,125,SS,saed05rvt_base_ss0p540v125c,291.6,5.880532986,5.880532986,0,4.158883083,0,5.075173815,4.543294782,0,0,3.761200116,2.235405434,5.988961417,2.397895273,2.197224577,17.93033,1.9621637,19.892494,1.876954838,3.688479263,12.14848056,Ok,Ok,Ok,,,
moving_average_filter,10,0.1,0.1,355,355,0,62,0,158,92,0,0,43,8.342208,0.023499177,396,10,8,244,83.84788732,1.881690141,1,1,0,1,0.02,0,0,0.00455096,0.045509596,2.5282,0.0580497,2.5862497,0.675,25,SS,saed05rvt_base_ss0p675v25c,4.55625,5.874930731,5.874930731,0,4.143134726,0,5.068904202,4.532599493,0,0,3.784189634,2.234542627,5.983936281,2.397895273,2.197224577,2.3785985,0.049757116,2.4283555,6.10514308,5.917314626,14.28531837,Ok,Ok,Ok,,,
moving_average_filter,10,0.1,0.37,355,355,0,62,0,158,92,0,0,43,8.342208,0.023499177,396,10,8,244,83.84788732,1.881690141,1,1,0,1,0.02,0,0,0.004778321,0.047783207,2.5765,0.057441,2.633941,0.675,25,SS,saed05rvt_base_ss0p675v25c,4.55625,5.874930731,5.874930731,0,4.143134726,0,5.068904202,4.532599493,0,0,3.784189634,2.234542627,5.983936281,2.397895273,2.197224577,2.4245846,0.049280122,2.4738648,6.077440847,5.896191455,14.20740948,Ok,Ok,Ok,,,
moving_average_filter,10,0.1,0.63,355,355,0,62,0,158,92,0,0,43,8.342208,0.023499177,396,10,8,244,83.84788732,1.881690141,1,1,0,1,0.02,0,0,0.004778313,0.047783131,2.5646,0.0567641,2.6213641,0.675,25,SS,saed05rvt_base_ss0p675v25c,4.55625,5.874930731,5.874930731,0,4.143134726,0,5.068904202,4.532599493,0,0,3.784189634,2.234542627,5.983936281,2.397895273,2.197224577,2.474034,0.05051808,2.524552,3.693191386,3.531386143,11.0034677,Ok,Ok,Ok,,,
moving_average_filter,10,0.1,0.9,355,355,0,62,0,158,92,0,0,43,8.342208,0.023499177,396,10,8,244,83.84788732,1.881690141,1,1,0,1,0.02,0,0,0.00455102,0.045510202,2.5206,0.056015,2.576615,0.675,25,SS,saed05rvt_base_ss0p675v25c,4.55625,5.874930731,5.874930731,0,4.143134726,0,5.068904202,4.532599493,0,0,3.784189634,2.234542627,5.983936281,2.397895273,2.197224577,2.516363,0.051283237,2.567646,0.348091329,0.168098647,8.447314839,Ok,Ok,Ok,,,
moving_average_filter,10,0.37,0.1,355,355,0,62,0,158,92,0,0,43,8.342208,0.023499177,396,10,8,244,83.84788732,1.881690141,1,1,0,1,0.02,0,0,0.016823773,0.045469656,9.3522,0.058051,9.410251,0.675,25,SS,saed05rvt_base_ss0p675v25c,4.55625,5.874930731,5.874930731,0,4.143134726,0,5.068904202,4.532599493,0,0,3.784189634,2.234542627,5.983936281,2.397895273,2.197224577,9.55006,0.05030008,9.60036,2.020232156,2.115654843,13.35191413,Ok,Ok,Ok,,,
moving_average_filter,10,0.37,0.37,355,355,0,62,0,158,92,0,0,43,8.342208,0.023499177,396,10,8,244,83.84788732,1.881690141,1,1,0,1,0.02,0,0,0.017051048,0.046083913,9.3929,0.057441,9.450341,0.675,25,SS,saed05rvt_base_ss0p675v25c,4.55625,5.874930731,5.874930731,0,4.143134726,0,5.068904202,4.532599493,0,0,3.784189634,2.234542627,5.983936281,2.397895273,2.197224577,9.603646,0.049516402,9.653163,2.146186643,2.243676377,13.79606521,Ok,Ok,Ok,,,
moving_average_filter,10,0.37,0.63,355,355,0,62,0,158,92,0,0,43,8.342208,0.023499177,396,10,8,244,83.84788732,1.881690141,1,1,0,1,0.02,0,0,0.01705104,0.046083893,9.3743,0.0567641,9.4310641,0.675,25,SS,saed05rvt_base_ss0p675v25c,4.55625,5.874930731,5.874930731,0,4.143134726,0,5.068904202,4.532599493,0,0,3.784189634,2.234542627,5.983936281,2.397895273,2.197224577,9.686919,0.049999494,9.736918,3.243052387,3.334853934,11.9170495,Ok,Ok,Ok,,,
moving_average_filter,10,0.37,0.9,355,355,0,62,0,158,92,0,0,43,8.342208,0.023499177,396,10,8,244,83.84788732,1.881690141,1,1,0,1,0.02,0,0,0.016823747,0.045469588,9.3241,0.056015,9.380115,0.675,25,SS,saed05rvt_base_ss0p675v25c,4.55625,5.874930731,5.874930731,0,4.143134726,0,5.068904202,4.532599493,0,0,3.784189634,2.234542627,5.983936281,2.397895273,2.197224577,9.76199,0.050504055,9.812493,4.609520505,4.696320219,9.83833817,Ok,Ok,Ok,,,
moving_average_filter,10,0.63,0.1,355,355,0,62,0,158,92,0,0,43,8.342208,0.023499177,396,10,8,244,83.84788732,1.881690141,1,1,0,1,0.02,0,0,0.028641955,0.04546342,15.9234,0.058051,15.981451,0.675,25,SS,saed05rvt_base_ss0p675v25c,4.55625,5.874930731,5.874930731,0,4.143134726,0,5.068904202,4.532599493,0,0,3.784189634,2.234542627,5.983936281,2.397895273,2.197224577,17.033459,0.051066324,17.084524,6.902209034,6.971241756,12.0319648,Ok,Ok,Ok,,,
moving_average_filter,10,0.63,0.37,355,355,0,62,0,158,92,0,0,43,8.342208,0.023499177,396,10,8,244,83.84788732,1.881690141,1,1,0,1,0.02,0,0,0.02886923,0.045824174,15.9567,0.057441,16.014141,0.675,25,SS,saed05rvt_base_ss0p675v25c,4.55625,5.874930731,5.874930731,0,4.143134726,0,5.068904202,4.532599493,0,0,3.784189634,2.234542627,5.983936281,2.397895273,2.197224577,17.014782,0.049998067,17.06478,6.56069084,6.630957227,12.9575263,Ok,Ok,Ok,,,
moving_average_filter,10,0.63,0.63,355,355,0,62,0,158,92,0,0,43,8.342208,0.023499177,396,10,8,244,83.84788732,1.881690141,1,1,0,1,0.02,0,0,0.028869222,0.045824162,15.9317,0.0567641,15.9884641,0.675,25,SS,saed05rvt_base_ss0p675v25c,4.55625,5.874930731,5.874930731,0,4.143134726,0,5.068904202,4.532599493,0,0,3.784189634,2.234542627,5.983936281,2.397895273,2.197224577,16.978947,0.050050344,17.028997,6.508025504,6.573351782,11.82746786,Ok,Ok,Ok,,,
moving_average_filter,10,0.63,0.9,355,355,0,62,0,158,92,0,0,43,8.342208,0.023499177,396,10,8,244,83.84788732,1.881690141,1,1,0,1,0.02,0,0,0.028641929,0.04546338,15.8755,0.056015,15.931515,0.675,25,SS,saed05rvt_base_ss0p675v25c,4.55625,5.874930731,5.874930731,0,4.143134726,0,5.068904202,4.532599493,0,0,3.784189634,2.234542627,5.983936281,2.397895273,2.197224577,16.917984,0.050293878,16.968277,6.507616994,6.566621579,10.21355401,Ok,Ok,Ok,,,
moving_average_filter,10,0.9,0.1,355,355,0,62,0,158,92,0,0,43,8.342208,0.023499177,396,10,8,244,83.84788732,1.881690141,1,1,0,1,0.02,0,0,0.040914682,0.045460758,22.7474,0.058051,22.805451,0.675,25,SS,saed05rvt_base_ss0p675v25c,4.55625,5.874930731,5.874930731,0,4.143134726,0,5.068904202,4.532599493,0,0,3.784189634,2.234542627,5.983936281,2.397895273,2.197224577,23.619947,0.05171692,23.671665,3.798276963,3.835811712,10.91123325,Ok,Ok,Ok,,,
moving_average_filter,10,0.9,0.37,355,355,0,62,0,158,92,0,0,43,8.342208,0.023499177,396,10,8,244,83.84788732,1.881690141,1,1,0,1,0.02,0,0,0.041141957,0.045713286,22.7731,0.057441,22.830541,0.675,25,SS,saed05rvt_base_ss0p675v25c,4.55625,5.874930731,5.874930731,0,4.143134726,0,5.068904202,4.532599493,0,0,3.784189634,2.234542627,5.983936281,2.397895273,2.197224577,23.647905,0.050712027,23.698618,3.802261782,3.841397744,11.71458252,Ok,Ok,Ok,,,
moving_average_filter,10,0.9,0.63,355,355,0,62,0,158,92,0,0,43,8.342208,0.023499177,396,10,8,244,83.84788732,1.881690141,1,1,0,1,0.02,0,0,0.041141949,0.045713277,22.7414,0.0567641,22.7981641,0.675,25,SS,saed05rvt_base_ss0p675v25c,4.55625,5.874930731,5.874930731,0,4.143134726,0,5.068904202,4.532599493,0,0,3.784189634,2.234542627,5.983936281,2.397895273,2.197224577,23.689598,0.050442886,23.740042,4.131374915,4.169479819,11.13593696,Ok,Ok,Ok,,,
moving_average_filter,10,0.9,0.9,355,355,0,62,0,158,92,0,0,43,8.342208,0.023499177,396,10,8,244,83.84788732,1.881690141,1,1,0,1,0.02,0,0,0.040914657,0.04546073,22.679,0.056015,22.735015,0.675,25,SS,saed05rvt_base_ss0p675v25c,4.55625,5.874930731,5.874930731,0,4.143134726,0,5.068904202,4.532599493,0,0,3.784189634,2.234542627,5.983936281,2.397895273,2.197224577,23.727507,0.05078377,23.77829,4.588845861,4.623248986,9.338983672,Ok,Ok,Ok,,,
moving_average_filter,50,0.1,0.1,355,355,0,62,0,158,92,0,0,43,8.342208,0.023499177,396,10,8,244,83.84788732,1.881690141,1,1,0,1,0.02,0,0,0.004572429,0.045724293,2.5314,0.0580497,2.5894497,0.675,25,SS,saed05rvt_base_ss0p675v25c,22.78125,5.874930731,5.874930731,0,4.143134726,0,5.068904202,4.532599493,0,0,3.784189634,2.234542627,5.983936281,2.397895273,2.197224577,2.4244409,0.050029088,2.47447,4.440317951,4.225295854,13.81680213,Ok,Ok,Ok,,,
moving_average_filter,50,0.1,0.37,355,355,0,62,0,158,92,0,0,43,8.342208,0.023499177,396,10,8,244,83.84788732,1.881690141,1,1,0,1,0.02,0,0,0.005709465,0.057094646,2.7843,0.057441,2.841741,0.675,25,SS,saed05rvt_base_ss0p675v25c,22.78125,5.874930731,5.874930731,0,4.143134726,0,5.068904202,4.532599493,0,0,3.784189634,2.234542627,5.983936281,2.397895273,2.197224577,2.5393112,0.049273565,2.5885847,8.908494424,8.798937953,14.21882382,Ok,Ok,Ok,,,
moving_average_filter,50,0.1,0.63,355,355,0,62,0,158,92,0,0,43,8.342208,0.023499177,396,10,8,244,83.84788732,1.881690141,1,1,0,1,0.02,0,0,0.005709404,0.05709404,2.7346,0.0567641,2.7913641,0.675,25,SS,saed05rvt_base_ss0p675v25c,22.78125,5.874930731,5.874930731,0,4.143134726,0,5.068904202,4.532599493,0,0,3.784189634,2.234542627,5.983936281,2.397895273,2.197224577,2.593629,0.050470065,2.644099,5.27573966,5.155090932,11.08805508,Ok,Ok,Ok,,,
moving_average_filter,50,0.1,0.9,355,355,0,62,0,158,92,0,0,43,8.342208,0.023499177,396,10,8,244,83.84788732,1.881690141,1,1,0,1,0.02,0,0,0.004572952,0.04572952,2.524,0.056015,2.580015,0.675,25,SS,saed05rvt_base_ss0p675v25c,22.78125,5.874930731,5.874930731,0,4.143134726,0,5.068904202,4.532599493,0,0,3.784189634,2.234542627,5.983936281,2.397895273,2.197224577,2.5724168,0.051248077,2.6236649,1.691845046,1.918256037,8.510082472,Ok,Ok,Ok,,,
moving_average_filter,50,0.37,0.1,355,355,0,62,0,158,92,0,0,43,8.342208,0.023499177,396,10,8,244,83.84788732,1.881690141,1,1,0,1,0.02,0,0,0.01684579,0.045529163,9.3558,0.058051,9.413851,0.675,25,SS,saed05rvt_base_ss0p675v25c,22.78125,5.874930731,5.874930731,0,4.143134726,0,5.068904202,4.532599493,0,0,3.784189634,2.234542627,5.983936281,2.397895273,2.197224577,9.908451,0.05051608,9.958967,5.790576129,5.90704248,12.97982789,Ok,Ok,Ok,,,
moving_average_filter,50,0.37,0.37,355,355,0,62,0,158,92,0,0,43,8.342208,0.023499177,396,10,8,244,83.84788732,1.881690141,1,1,0,1,0.02,0,0,0.017982192,0.048600519,9.6007,0.057441,9.658141,0.675,25,SS,saed05rvt_base_ss0p675v25c,22.78125,5.874930731,5.874930731,0,4.143134726,0,5.068904202,4.532599493,0,0,3.784189634,2.234542627,5.983936281,2.397895273,2.197224577,10.074339,0.049483027,10.123822,4.821644375,4.933378951,13.85416809,Ok,Ok,Ok,,,
moving_average_filter,50,0.37,0.63,355,355,0,62,0,158,92,0,0,43,8.342208,0.023499177,396,10,8,244,83.84788732,1.881690141,1,1,0,1,0.02,0,0,0.017982131,0.048600355,9.5442,0.0567641,9.6009641,0.675,25,SS,saed05rvt_base_ss0p675v25c,22.78125,5.874930731,5.874930731,0,4.143134726,0,5.068904202,4.532599493,0,0,3.784189634,2.234542627,5.983936281,2.397895273,2.197224577,10.17541,0.050013036,10.225423,6.504125551,6.613548235,11.89319387,Ok,Ok,Ok,,,
moving_average_filter,50,0.37,0.9,355,355,0,62,0,158,92,0,0,43,8.342208,0.023499177,396,10,8,244,83.84788732,1.881690141,1,1,0,1,0.02,0,0,0.016845679,0.045528863,9.3274,0.056015,9.383415,0.675,25,SS,saed05rvt_base_ss0p675v25c,22.78125,5.874930731,5.874930731,0,4.143134726,0,5.068904202,4.532599493,0,0,3.784189634,2.234542627,5.983936281,2.397895273,2.197224577,10.195265,0.050495815,10.245761,9.190107415,9.304466585,9.853049126,Ok,Ok,Ok,,,
moving_average_filter,50,0.63,0.1,355,355,0,62,0,158,92,0,0,43,8.342208,0.023499177,396,10,8,244,83.84788732,1.881690141,1,1,0,1,0.02,0,0,0.028663972,0.045498369,15.927,0.058051,15.985051,0.675,25,SS,saed05rvt_base_ss0p675v25c,22.78125,5.874930731,5.874930731,0,4.143134726,0,5.068904202,4.532599493,0,0,3.784189634,2.234542627,5.983936281,2.397895273,2.197224577,17.29089,0.051050972,17.34194,8.488486688,8.563381302,12.05841037,Ok,Ok,Ok,,,
moving_average_filter,50,0.63,0.37,355,355,0,62,0,158,92,0,0,43,8.342208,0.023499177,396,10,8,244,83.84788732,1.881690141,1,1,0,1,0.02,0,0,0.029800374,0.047302181,16.1646,0.057441,16.222041,0.675,25,SS,saed05rvt_base_ss0p675v25c,22.78125,5.874930731,5.874930731,0,4.143134726,0,5.068904202,4.532599493,0,0,3.784189634,2.234542627,5.983936281,2.397895273,2.197224577,17.31933,0.049979545,17.36931,7.072287507,7.143574326,12.98977181,Ok,Ok,Ok,,,
moving_average_filter,50,0.63,0.63,355,355,0,62,0,158,92,0,0,43,8.342208,0.023499177,396,10,8,244,83.84788732,1.881690141,1,1,0,1,0.02,0,0,0.029800313,0.047302084,16.1017,0.0567641,16.1584641,0.675,25,SS,saed05rvt_base_ss0p675v25c,22.78125,5.874930731,5.874930731,0,4.143134726,0,5.068904202,4.532599493,0,0,3.784189634,2.234542627,5.983936281,2.397895273,2.197224577,17.27447,0.050087582,17.324556,7.216603283,7.28351277,11.76186653,Ok,Ok,Ok,,,
moving_average_filter,50,0.63,0.9,355,355,0,62,0,158,92,0,0,43,8.342208,0.023499177,396,10,8,244,83.84788732,1.881690141,1,1,0,1,0.02,0,0,0.028663861,0.045498192,15.8789,0.056015,15.934915,0.675,25,SS,saed05rvt_base_ss0p675v25c,22.78125,5.874930731,5.874930731,0,4.143134726,0,5.068904202,4.532599493,0,0,3.784189634,2.234542627,5.983936281,2.397895273,2.197224577,17.190062,0.050295208,17.240356,8.192333911,8.257256921,10.21117977,Ok,Ok,Ok,,,
moving_average_filter,50,0.9,0.1,355,355,0,62,0,158,92,0,0,43,8.342208,0.023499177,396,10,8,244,83.84788732,1.881690141,1,1,0,1,0.02,0,0,0.040936699,0.045485222,22.7509,0.058051,22.808951,0.675,25,SS,saed05rvt_base_ss0p675v25c,22.78125,5.874930731,5.874930731,0,4.143134726,0,5.068904202,4.532599493,0,0,3.784189634,2.234542627,5.983936281,2.397895273,2.197224577,24.205326,0.051762823,24.25709,6.348992616,6.392828769,10.83215963,Ok,Ok,Ok,,,
moving_average_filter,50,0.9,0.37,355,355,0,62,0,158,92,0,0,43,8.342208,0.023499177,396,10,8,244,83.84788732,1.881690141,1,1,0,1,0.02,0,0,0.042073101,0.04674789,22.9809,0.057441,23.038341,0.675,25,SS,saed05rvt_base_ss0p675v25c,22.78125,5.874930731,5.874930731,0,4.143134726,0,5.068904202,4.532599493,0,0,3.784189634,2.234542627,5.983936281,2.397895273,2.197224577,24.291872,0.050792545,24.342665,5.661534911,5.704615679,11.57440664,Ok,Ok,Ok,,,
moving_average_filter,50,0.9,0.63,355,355,0,62,0,158,92,0,0,43,8.342208,0.023499177,396,10,8,244,83.84788732,1.881690141,1,1,0,1,0.02,0,0,0.04207304,0.046747823,22.9114,0.0567641,22.9681641,0.675,25,SS,saed05rvt_base_ss0p675v25c,22.78125,5.874930731,5.874930731,0,4.143134726,0,5.068904202,4.532599493,0,0,3.784189634,2.234542627,5.983936281,2.397895273,2.197224577,24.345366,0.05054019,24.395906,6.216179674,6.258742479,10.96451773,Ok,Ok,Ok,,,
moving_average_filter,50,0.9,0.9,355,355,0,62,0,158,92,0,0,43,8.342208,0.023499177,396,10,8,244,83.84788732,1.881690141,1,1,0,1,0.02,0,0,0.040936588,0.045485098,22.6823,0.056015,22.738315,0.675,25,SS,saed05rvt_base_ss0p675v25c,22.78125,5.874930731,5.874930731,0,4.143134726,0,5.068904202,4.532599493,0,0,3.784189634,2.234542627,5.983936281,2.397895273,2.197224577,24.312551,0.050820112,24.36337,7.146773608,7.187328879,9.274101172,Ok,Ok,Ok,,,
moving_average_filter,100,0.1,0.1,355,355,0,62,0,158,92,0,0,43,8.342208,0.023499177,396,10,8,244,83.84788732,1.881690141,1,1,0,1,0.02,0,0,0.014394212,0.143942121,4.3026,0.057453,4.360053,0.675,25,SS,saed05rvt_base_ss0p675v25c,45.5625,5.874930731,5.874930731,0,4.143134726,0,5.068904202,4.532599493,0,0,3.784189634,2.234542627,5.983936281,2.397895273,2.197224577,3.325015,0.050798565,3.3758137,22.57402094,22.72079515,11.58239753,Anomal,Anomal,Ok,,,
moving_average_filter,100,0.1,0.37,355,355,0,62,0,158,92,0,0,43,8.342208,0.023499177,396,10,8,244,83.84788732,1.881690141,1,1,0,1,0.02,0,0,0.015188609,0.151886086,4.2815,0.0567736,4.3382736,0.675,25,SS,saed05rvt_base_ss0p675v25c,45.5625,5.874930731,5.874930731,0,4.143134726,0,5.068904202,4.532599493,0,0,3.784189634,2.234542627,5.983936281,2.397895273,2.197224577,3.3741121,0.04970945,3.4238217,21.07870542,21.19322365,12.44266622,Anomal,Anomal,Ok,,,
moving_average_filter,100,0.1,0.63,355,355,0,62,0,158,92,0,0,43,8.342208,0.023499177,396,10,8,244,83.84788732,1.881690141,1,1,0,1,0.02,0,0,0.014886737,0.148867374,4.0801,0.0560401,4.1361401,0.675,25,SS,saed05rvt_base_ss0p675v25c,45.5625,5.874930731,5.874930731,0,4.143134726,0,5.068904202,4.532599493,0,0,3.784189634,2.234542627,5.983936281,2.397895273,2.197224577,3.3655243,0.05044268,3.415967,17.4117195,17.51368123,9.988239285,Anomal,Anomal,Ok,,,
moving_average_filter,100,0.1,0.9,355,355,0,62,0,158,92,0,0,43,8.342208,0.023499177,396,10,8,244,83.84788732,1.881690141,1,1,0,1,0.02,0,0,0.014397212,0.143972121,3.8667,0.0553132,3.9220132,0.675,25,SS,saed05rvt_base_ss0p675v25c,45.5625,5.874930731,5.874930731,0,4.143134726,0,5.068904202,4.532599493,0,0,3.784189634,2.234542627,5.983936281,2.397895273,2.197224577,3.383833,0.05119465,3.4350276,12.41672518,12.48783377,7.445873336,Ok,Ok,Ok,,,
moving_average_filter,100,0.37,0.1,355,355,0,62,0,158,92,0,0,43,8.342208,0.023499177,396,10,8,244,83.84788732,1.881690141,1,1,0,1,0.02,0,0,0.026750641,0.072299031,11.058,0.0573755,11.1153755,0.675,25,SS,saed05rvt_base_ss0p675v25c,45.5625,5.874930731,5.874930731,0,4.143134726,0,5.068904202,4.532599493,0,0,3.784189634,2.234542627,5.983936281,2.397895273,2.197224577,11.023546,0.050657626,11.0742035,0.370405919,0.311573351,11.7086104,Ok,Ok,Ok,,,
moving_average_filter,100,0.37,0.37,355,355,0,62,0,158,92,0,0,43,8.342208,0.023499177,396,10,8,244,83.84788732,1.881690141,1,1,0,1,0.02,0,0,0.029025177,0.078446424,11.4308,0.056758,11.487558,0.675,25,SS,saed05rvt_base_ss0p675v25c,45.5625,5.874930731,5.874930731,0,4.143134726,0,5.068904202,4.532599493,0,0,3.784189634,2.234542627,5.983936281,2.397895273,2.197224577,11.294508,0.049483374,11.343991,1.249758394,1.192322669,12.81691786,Ok,Ok,Ok,,,
moving_average_filter,100,0.37,0.63,355,355,0,62,0,158,92,0,0,43,8.342208,0.023499177,396,10,8,244,83.84788732,1.881690141,1,1,0,1,0.02,0,0,0.029024341,0.078444165,11.2037,0.0560738,11.2597738,0.675,25,SS,saed05rvt_base_ss0p675v25c,45.5625,5.874930731,5.874930731,0,4.143134726,0,5.068904202,4.532599493,0,0,3.784189634,2.234542627,5.983936281,2.397895273,2.197224577,11.377671,0.049936708,11.427608,1.490560461,1.552801679,10.94466923,Ok,Ok,Ok,,,
moving_average_filter,100,0.37,0.9,355,355,0,62,0,158,92,0,0,43,8.342208,0.023499177,396,10,8,244,83.84788732,1.881690141,1,1,0,1,0.02,0,0,0.026750045,0.07229742,10.6508,0.0553171,10.7061171,0.675,25,SS,saed05rvt_base_ss0p675v25c,45.5625,5.874930731,5.874930731,0,4.143134726,0,5.068904202,4.532599493,0,0,3.784189634,2.234542627,5.983936281,2.397895273,2.197224577,11.261833,0.050539173,11.312372,5.662698268,5.736969908,8.637341463,Ok,Ok,Ok,,,
moving_average_filter,100,0.63,0.1,355,355,0,62,0,158,92,0,0,43,8.342208,0.023499177,396,10,8,244,83.84788732,1.881690141,1,1,0,1,0.02,0,0,0.038568823,0.061220354,17.6173,0.0573755,17.6746755,0.675,25,SS,saed05rvt_base_ss0p675v25c,45.5625,5.874930731,5.874930731,0,4.143134726,0,5.068904202,4.532599493,0,0,3.784189634,2.234542627,5.983936281,2.397895273,2.197224577,18.080235,0.05112637,18.131361,2.583840975,2.62772688,10.89163782,Ok,Ok,Ok,,,
moving_average_filter,100,0.63,0.37,355,355,0,62,0,158,92,0,0,43,8.342208,0.023499177,396,10,8,244,83.84788732,1.881690141,1,1,0,1,0.02,0,0,0.040843359,0.064830728,17.9824,0.056758,18.039158,0.675,25,SS,saed05rvt_base_ss0p675v25c,45.5625,5.874930731,5.874930731,0,4.143134726,0,5.068904202,4.532599493,0,0,3.784189634,2.234542627,5.983936281,2.397895273,2.197224577,18.17579,0.049985223,18.225777,1.034519862,1.075444806,11.93272751,Ok,Ok,Ok,,,
moving_average_filter,100,0.63,0.63,355,355,0,62,0,158,92,0,0,43,8.342208,0.023499177,396,10,8,244,83.84788732,1.881690141,1,1,0,1,0.02,0,0,0.040842523,0.064829401,17.7486,0.0560738,17.8046738,0.675,25,SS,saed05rvt_base_ss0p675v25c,45.5625,5.874930731,5.874930731,0,4.143134726,0,5.068904202,4.532599493,0,0,3.784189634,2.234542627,5.983936281,2.397895273,2.197224577,18.121078,0.050137915,18.171217,2.058690706,2.098635899,10.58584452,Ok,Ok,Ok,,,
moving_average_filter,100,0.63,0.9,355,355,0,62,0,158,92,0,0,43,8.342208,0.023499177,396,10,8,244,83.84788732,1.881690141,1,1,0,1,0.02,0,0,0.038568227,0.061219408,17.1892,0.0553171,17.2445171,0.675,25,SS,saed05rvt_base_ss0p675v25c,45.5625,5.874930731,5.874930731,0,4.143134726,0,5.068904202,4.532599493,0,0,3.784189634,2.234542627,5.983936281,2.397895273,2.197224577,17.950935,0.050281152,18.001217,4.388060182,4.43147653,9.103781418,Ok,Ok,Ok,,,
moving_average_filter,100,0.9,0.1,355,355,0,62,0,158,92,0,0,43,8.342208,0.023499177,396,10,8,244,83.84788732,1.881690141,1,1,0,1,0.02,0,0,0.050841551,0.056490612,24.4281,0.0573755,24.4854755,0.675,25,SS,saed05rvt_base_ss0p675v25c,45.5625,5.874930731,5.874930731,0,4.143134726,0,5.068904202,4.532599493,0,0,3.784189634,2.234542627,5.983936281,2.397895273,2.197224577,25.376207,0.051843636,25.428051,3.84952906,3.881216106,9.641509463,Ok,Ok,Ok,,,
moving_average_filter,100,0.9,0.37,355,355,0,62,0,158,92,0,0,43,8.342208,0.023499177,396,10,8,244,83.84788732,1.881690141,1,1,0,1,0.02,0,0,0.053116086,0.059017873,24.7855,0.056758,24.842258,0.675,25,SS,saed05rvt_base_ss0p675v25c,45.5625,5.874930731,5.874930731,0,4.143134726,0,5.068904202,4.532599493,0,0,3.784189634,2.234542627,5.983936281,2.397895273,2.197224577,25.575138,0.050841205,25.625978,3.154787579,3.185887281,10.42460125,Ok,Ok,Ok,,,
moving_average_filter,100,0.9,0.63,355,355,0,62,0,158,92,0,0,43,8.342208,0.023499177,396,10,8,244,83.84788732,1.881690141,1,1,0,1,0.02,0,0,0.05311525,0.059016944,24.5448,0.0560738,24.6008738,0.675,25,SS,saed05rvt_base_ss0p675v25c,45.5625,5.874930731,5.874930731,0,4.143134726,0,5.068904202,4.532599493,0,0,3.784189634,2.234542627,5.983936281,2.397895273,2.197224577,25.634153,0.05061063,25.684765,4.405904729,4.438224659,9.742818029,Ok,Ok,Ok,,,
moving_average_filter,100,0.9,0.9,355,355,0,62,0,158,92,0,0,43,8.342208,0.023499177,396,10,8,244,83.84788732,1.881690141,1,1,0,1,0.02,0,0,0.050840955,0.056489949,23.979,0.0553171,24.0343171,0.675,25,SS,saed05rvt_base_ss0p675v25c,45.5625,5.874930731,5.874930731,0,4.143134726,0,5.068904202,4.532599493,0,0,3.784189634,2.234542627,5.983936281,2.397895273,2.197224577,25.5489,0.050798383,25.599699,6.513111706,6.546981126,8.168753224,Ok,Ok,Ok,,,
moving_average_filter,200,0.1,0.1,355,355,0,62,0,158,92,0,0,43,8.342208,0.023499177,396,10,8,244,83.84788732,1.881690141,1,1,0,1,0.02,0,0,0.013378331,0.133783308,4.2065,0.0575602,4.2640602,0.675,25,SS,saed05rvt_base_ss0p675v25c,91.125,5.874930731,5.874930731,0,4.143134726,0,5.068904202,4.532599493,0,0,3.784189634,2.234542627,5.983936281,2.397895273,2.197224577,3.2804651,0.05088716,3.3313522,21.8737054,22.01437951,11.59314943,Anomal,Anomal,Ok,,,
moving_average_filter,200,0.1,0.37,355,355,0,62,0,158,92,0,0,43,8.342208,0.023499177,396,10,8,244,83.84788732,1.881690141,1,1,0,1,0.02,0,0,0.013740598,0.137405985,4.0834,0.0568564,4.1402564,0.675,25,SS,saed05rvt_base_ss0p675v25c,91.125,5.874930731,5.874930731,0,4.143134726,0,5.068904202,4.532599493,0,0,3.784189634,2.234542627,5.983936281,2.397895273,2.197224577,3.2958536,0.04963486,3.3454885,19.19610224,19.28653537,12.70136877,Anomal,Anomal,Ok,,,
moving_average_filter,200,0.1,0.63,355,355,0,62,0,158,92,0,0,43,8.342208,0.023499177,396,10,8,244,83.84788732,1.881690141,1,1,0,1,0.02,0,0,0.013501747,0.135017475,3.8983,0.0561364,3.9544364,0.675,25,SS,saed05rvt_base_ss0p675v25c,91.125,5.874930731,5.874930731,0,4.143134726,0,5.068904202,4.532599493,0,0,3.784189634,2.234542627,5.983936281,2.397895273,2.197224577,3.3253326,0.05013502,3.3754678,14.64098962,14.6978775,10.69071019,Ok,Ok,Ok,,,
moving_average_filter,200,0.1,0.9,355,355,0,62,0,158,92,0,0,43,8.342208,0.023499177,396,10,8,244,83.84788732,1.881690141,1,1,0,1,0.02,0,0,0.013184992,0.131849924,3.7087,0.0553938,3.7640938,0.675,25,SS,saed05rvt_base_ss0p675v25c,91.125,5.874930731,5.874930731,0,4.143134726,0,5.068904202,4.532599493,0,0,3.784189634,2.234542627,5.983936281,2.397895273,2.197224577,3.360465,0.051090926,3.411556,9.365807901,9.389676983,7.76779002,Ok,Ok,Ok,,,
moving_average_filter,200,0.37,0.1,355,355,0,62,0,158,92,0,0,43,8.342208,0.023499177,396,10,8,244,83.84788732,1.881690141,1,1,0,1,0.02,0,0,0.029782477,0.080493182,12.0619,0.0575778,12.1194778,0.675,25,SS,saed05rvt_base_ss0p675v25c,91.125,5.874930731,5.874930731,0,4.143134726,0,5.068904202,4.532599493,0,0,3.784189634,2.234542627,5.983936281,2.397895273,2.197224577,12.218491,0.050796594,12.269287,1.236103666,1.298224994,11.7774655,Ok,Ok,Ok,,,
moving_average_filter,200,0.37,0.37,355,355,0,62,0,158,92,0,0,43,8.342208,0.023499177,396,10,8,244,83.84788732,1.881690141,1,1,0,1,0.02,0,0,0.030684922,0.082932221,11.958,0.0568494,12.0148494,0.675,25,SS,saed05rvt_base_ss0p675v25c,91.125,5.874930731,5.874930731,0,4.143134726,0,5.068904202,4.532599493,0,0,3.784189634,2.234542627,5.983936281,2.397895273,2.197224577,12.28583,0.04952358,12.335353,2.667561506,2.741508146,12.88636148,Ok,Ok,Ok,,,
moving_average_filter,200,0.37,0.63,355,355,0,62,0,158,92,0,0,43,8.342208,0.023499177,396,10,8,244,83.84788732,1.881690141,1,1,0,1,0.02,0,0,0.030539707,0.082539749,11.5933,0.0561463,11.6494463,0.675,25,SS,saed05rvt_base_ss0p675v25c,91.125,5.874930731,5.874930731,0,4.143134726,0,5.068904202,4.532599493,0,0,3.784189634,2.234542627,5.983936281,2.397895273,2.197224577,12.302609,0.049739182,12.352348,6.033780572,6.118270412,11.41146969,Ok,Ok,Ok,,,
moving_average_filter,200,0.37,0.9,355,355,0,62,0,158,92,0,0,43,8.342208,0.023499177,396,10,8,244,83.84788732,1.881690141,1,1,0,1,0.02,0,0,0.029472384,0.079655091,11.0966,0.0554404,11.1520404,0.675,25,SS,saed05rvt_base_ss0p675v25c,91.125,5.874930731,5.874930731,0,4.143134726,0,5.068904202,4.532599493,0,0,3.784189634,2.234542627,5.983936281,2.397895273,2.197224577,12.270621,0.05041428,12.321035,10.48234173,10.58000919,9.065809223,Ok,Ok,Ok,,,
moving_average_filter,200,0.63,0.1,355,355,0,62,0,158,92,0,0,43,8.342208,0.023499177,396,10,8,244,83.84788732,1.881690141,1,1,0,1,0.02,0,0,0.038711664,0.061447086,17.8592,0.0574688,17.9166688,0.675,25,SS,saed05rvt_base_ss0p675v25c,91.125,5.874930731,5.874930731,0,4.143134726,0,5.068904202,4.532599493,0,0,3.784189634,2.234542627,5.983936281,2.397895273,2.197224577,18.532066,0.051379867,18.583447,3.721549525,3.767617504,10.59519792,Ok,Ok,Ok,,,
moving_average_filter,200,0.63,0.37,355,355,0,62,0,158,92,0,0,43,8.342208,0.023499177,396,10,8,244,83.84788732,1.881690141,1,1,0,1,0.02,0,0,0.043256162,0.068660574,18.6669,0.0568536,18.7237536,0.675,25,SS,saed05rvt_base_ss0p675v25c,91.125,5.874930731,5.874930731,0,4.143134726,0,5.068904202,4.532599493,0,0,3.784189634,2.234542627,5.983936281,2.397895273,2.197224577,18.763922,0.050162755,18.814085,0.48244283,0.519752812,11.76855124,Ok,Ok,Ok,,,
moving_average_filter,200,0.63,0.63,355,355,0,62,0,158,92,0,0,43,8.342208,0.023499177,396,10,8,244,83.84788732,1.881690141,1,1,0,1,0.02,0,0,0.043252548,0.068654838,18.2732,0.0561716,18.3293716,0.675,25,SS,saed05rvt_base_ss0p675v25c,91.125,5.874930731,5.874930731,0,4.143134726,0,5.068904202,4.532599493,0,0,3.784189634,2.234542627,5.983936281,2.397895273,2.197224577,18.706146,0.049968436,18.756115,2.328194163,2.369296238,11.04323829,Ok,Ok,Ok,,,
moving_average_filter,200,0.63,0.9,355,355,0,62,0,158,92,0,0,43,8.342208,0.023499177,396,10,8,244,83.84788732,1.881690141,1,1,0,1,0.02,0,0,0.038708523,0.0614421,17.2305,0.0554173,17.2859173,0.675,25,SS,saed05rvt_base_ss0p675v25c,91.125,5.874930731,5.874930731,0,4.143134726,0,5.068904202,4.532599493,0,0,3.784189634,2.234542627,5.983936281,2.397895273,2.197224577,18.377974,0.05020686,18.42818,6.608057731,6.659548803,9.4021927,Ok,Ok,Ok,,,
moving_average_filter,200,0.9,0.1,355,355,0,62,0,158,92,0,0,43,8.342208,0.023499177,396,10,8,244,83.84788732,1.881690141,1,1,0,1,0.02,0,0,0.050984391,0.056649324,24.6739,0.0574688,24.7313688,0.675,25,SS,saed05rvt_base_ss0p675v25c,91.125,5.874930731,5.874930731,0,4.143134726,0,5.068904202,4.532599493,0,0,3.784189634,2.234542627,5.983936281,2.397895273,2.197224577,25.99386,0.052179962,26.04604,5.315802744,5.349621441,9.202972053,Ok,Ok,Ok,,,
moving_average_filter,200,0.9,0.37,355,355,0,62,0,158,92,0,0,43,8.342208,0.023499177,396,10,8,244,83.84788732,1.881690141,1,1,0,1,0.02,0,0,0.055528889,0.061698765,25.4738,0.0568536,25.5306536,0.675,25,SS,saed05rvt_base_ss0p675v25c,91.125,5.874930731,5.874930731,0,4.143134726,0,5.068904202,4.532599493,0,0,3.784189634,2.234542627,5.983936281,2.397895273,2.197224577,26.35103,0.051148467,26.40218,3.413645932,3.443657208,10.03477921,Ok,Ok,Ok,,,
moving_average_filter,200,0.9,0.63,355,355,0,62,0,158,92,0,0,43,8.342208,0.023499177,396,10,8,244,83.84788732,1.881690141,1,1,0,1,0.02,0,0,0.055525275,0.06169475,25.0731,0.0561716,25.1292716,0.675,25,SS,saed05rvt_base_ss0p675v25c,91.125,5.874930731,5.874930731,0,4.143134726,0,5.068904202,4.532599493,0,0,3.784189634,2.234542627,5.983936281,2.397895273,2.197224577,26.366972,0.050597083,26.417568,5.126677077,5.160398872,9.924084727,Ok,Ok,Ok,,,
moving_average_filter,200,0.9,0.9,355,355,0,62,0,158,92,0,0,43,8.342208,0.023499177,396,10,8,244,83.84788732,1.881690141,1,1,0,1,0.02,0,0,0.05098125,0.056645833,24.0239,0.0554173,24.0793173,0.675,25,SS,saed05rvt_base_ss0p675v25c,91.125,5.874930731,5.874930731,0,4.143134726,0,5.068904202,4.532599493,0,0,3.784189634,2.234542627,5.983936281,2.397895273,2.197224577,26.132471,0.05097551,26.183447,8.738327412,8.776972451,8.015170375,Ok,Ok,Ok,,,
moving_average_filter,300,0.1,0.1,355,355,0,62,0,158,92,0,0,43,8.342208,0.023499177,396,10,8,244,83.84788732,1.881690141,1,1,0,1,0.02,0,0,0.012771391,0.127713914,4.1242,0.0576056,4.1818056,0.675,25,SS,saed05rvt_base_ss0p675v25c,136.6875,5.874930731,5.874930731,0,4.143134726,0,5.068904202,4.532599493,0,0,3.784189634,2.234542627,5.983936281,2.397895273,2.197224577,3.2408295,0.050904527,3.291734,21.28438538,21.41919723,11.6326758,Anomal,Anomal,Ok,,,
moving_average_filter,300,0.1,0.37,355,355,0,62,0,158,92,0,0,43,8.342208,0.023499177,396,10,8,244,83.84788732,1.881690141,1,1,0,1,0.02,0,0,0.013023649,0.13023649,3.9797,0.0569208,4.0366208,0.675,25,SS,saed05rvt_base_ss0p675v25c,136.6875,5.874930731,5.874930731,0,4.143134726,0,5.068904202,4.532599493,0,0,3.784189634,2.234542627,5.983936281,2.397895273,2.197224577,3.2745233,0.04968514,3.3242085,17.6487299,17.71934422,12.71180446,Anomal,Anomal,Ok,,,
moving_average_filter,300,0.1,0.63,355,355,0,62,0,158,92,0,0,43,8.342208,0.023499177,396,10,8,244,83.84788732,1.881690141,1,1,0,1,0.02,0,0,0.012844758,0.128447576,3.8087,0.0562086,3.8649086,0.675,25,SS,saed05rvt_base_ss0p675v25c,136.6875,5.874930731,5.874930731,0,4.143134726,0,5.068904202,4.532599493,0,0,3.784189634,2.234542627,5.983936281,2.397895273,2.197224577,3.3116393,0.049974356,3.3616138,13.02216693,13.05066535,11.09126389,Ok,Ok,Ok,,,
moving_average_filter,300,0.1,0.9,355,355,0,62,0,158,92,0,0,43,8.342208,0.023499177,396,10,8,244,83.84788732,1.881690141,1,1,0,1,0.02,0,0,0.012533101,0.12533101,3.6208,0.055462,3.676262,0.675,25,SS,saed05rvt_base_ss0p675v25c,136.6875,5.874930731,5.874930731,0,4.143134726,0,5.068904202,4.532599493,0,0,3.784189634,2.234542627,5.983936281,2.397895273,2.197224577,3.34556,0.050889827,3.3964498,7.611323559,7.601632958,8.243793388,Ok,Ok,Ok,,,
moving_average_filter,300,0.37,0.1,355,355,0,62,0,158,92,0,0,43,8.342208,0.023499177,396,10,8,244,83.84788732,1.881690141,1,1,0,1,0.02,0,0,0.030191503,0.081598655,12.2588,0.0576428,12.3164428,0.675,25,SS,saed05rvt_base_ss0p675v25c,136.6875,5.874930731,5.874930731,0,4.143134726,0,5.068904202,4.532599493,0,0,3.784189634,2.234542627,5.983936281,2.397895273,2.197224577,12.223748,0.0510506,12.274798,0.338120409,0.285931681,11.43629445,Ok,Ok,Ok,,,
moving_average_filter,300,0.37,0.37,355,355,0,62,0,158,92,0,0,43,8.342208,0.023499177,396,10,8,244,83.84788732,1.881690141,1,1,0,1,0.02,0,0,0.031366033,0.084773062,12.1749,0.0569207,12.2318207,0.675,25,SS,saed05rvt_base_ss0p675v25c,136.6875,5.874930731,5.874930731,0,4.143134726,0,5.068904202,4.532599493,0,0,3.784189634,2.234542627,5.983936281,2.397895273,2.197224577,12.335594,0.04966257,12.385257,1.254400886,1.31988088,12.75129891,Ok,Ok,Ok,,,
moving_average_filter,300,0.37,0.63,355,355,0,62,0,158,92,0,0,43,8.342208,0.023499177,396,10,8,244,83.84788732,1.881690141,1,1,0,1,0.02,0,0,0.031105586,0.084069151,11.7364,0.0562068,11.7926068,0.675,25,SS,saed05rvt_base_ss0p675v25c,136.6875,5.874930731,5.874930731,0,4.143134726,0,5.068904202,4.532599493,0,0,3.784189634,2.234542627,5.983936281,2.397895273,2.197224577,12.360124,0.04966213,12.409786,5.233613185,5.314437428,11.64390818,Ok,Ok,Ok,,,
moving_average_filter,300,0.37,0.9,355,355,0,62,0,158,92,0,0,43,8.342208,0.023499177,396,10,8,244,83.84788732,1.881690141,1,1,0,1,0.02,0,0,0.02977377,0.080469649,11.1402,0.0554969,11.1956969,0.675,25,SS,saed05rvt_base_ss0p675v25c,136.6875,5.874930731,5.874930731,0,4.143134726,0,5.068904202,4.532599493,0,0,3.784189634,2.234542627,5.983936281,2.397895273,2.197224577,12.324223,0.05024507,12.374468,10.52878584,10.62837799,9.463287197,Ok,Ok,Ok,,,
moving_average_filter,300,0.63,0.1,355,355,0,62,0,158,92,0,0,43,8.342208,0.023499177,396,10,8,244,83.84788732,1.881690141,1,1,0,1,0.02,0,0,0.03934346,0.062449936,18.1234,0.0575093,18.1809093,0.675,25,SS,saed05rvt_base_ss0p675v25c,136.6875,5.874930731,5.874930731,0,4.143134726,0,5.068904202,4.532599493,0,0,3.784189634,2.234542627,5.983936281,2.397895273,2.197224577,18.681566,0.051705208,18.73327,3.03813927,3.07980974,10.09244126,Ok,Ok,Ok,,,
moving_average_filter,300,0.63,0.37,355,355,0,62,0,158,92,0,0,43,8.342208,0.023499177,396,10,8,244,83.84788732,1.881690141,1,1,0,1,0.02,0,0,0.046159242,0.073268639,19.3838,0.0568949,19.4406949,0.675,25,SS,saed05rvt_base_ss0p675v25c,136.6875,5.874930731,5.874930731,0,4.143134726,0,5.068904202,4.532599493,0,0,3.784189634,2.234542627,5.983936281,2.397895273,2.197224577,19.006853,0.0503568,19.057209,1.972593506,1.944649121,11.49153685,Ok,Ok,Ok,,,
moving_average_filter,300,0.63,0.63,355,355,0,62,0,158,92,0,0,43,8.342208,0.023499177,396,10,8,244,83.84788732,1.881690141,1,1,0,1,0.02,0,0,0.04615776,0.073266286,18.8403,0.0562138,18.8965138,0.675,25,SS,saed05rvt_base_ss0p675v25c,136.6875,5.874930731,5.874930731,0,4.143134726,0,5.068904202,4.532599493,0,0,3.784189634,2.234542627,5.983936281,2.397895273,2.197224577,18.942173,0.04995645,18.99213,0.506000634,0.540718588,11.1313443,Ok,Ok,Ok,,,
moving_average_filter,300,0.63,0.9,355,355,0,62,0,158,92,0,0,43,8.342208,0.023499177,396,10,8,244,83.84788732,1.881690141,1,1,0,1,0.02,0,0,0.039341861,0.062447399,17.3237,0.0554603,17.3791603,0.675,25,SS,saed05rvt_base_ss0p675v25c,136.6875,5.874930731,5.874930731,0,4.143134726,0,5.068904202,4.532599493,0,0,3.784189634,2.234542627,5.983936281,2.397895273,2.197224577,18.551336,0.050242037,18.601578,7.033811978,7.086455483,9.409006837,Ok,Ok,Ok,,,
moving_average_filter,300,0.9,0.1,355,355,0,62,0,158,92,0,0,43,8.342208,0.023499177,396,10,8,244,83.84788732,1.881690141,1,1,0,1,0.02,0,0,0.051616187,0.057351319,24.9397,0.0575093,24.9972093,0.675,25,SS,saed05rvt_base_ss0p675v25c,136.6875,5.874930731,5.874930731,0,4.143134726,0,5.068904202,4.532599493,0,0,3.784189634,2.234542627,5.983936281,2.397895273,2.197224577,26.376637,0.052514326,26.429152,5.728408391,5.761643104,8.685506818,Ok,Ok,Ok,,,
moving_average_filter,300,0.9,0.37,355,355,0,62,0,158,92,0,0,43,8.342208,0.023499177,396,10,8,244,83.84788732,1.881690141,1,1,0,1,0.02,0,0,0.05843197,0.064924411,26.1922,0.0568949,26.2490949,0.675,25,SS,saed05rvt_base_ss0p675v25c,136.6875,5.874930731,5.874930731,0,4.143134726,0,5.068904202,4.532599493,0,0,3.784189634,2.234542627,5.983936281,2.397895273,2.197224577,26.738905,0.051254176,26.79016,2.061268503,2.08728153,9.914288269,Ok,Ok,Ok,,,
moving_average_filter,300,0.9,0.63,355,355,0,62,0,158,92,0,0,43,8.342208,0.023499177,396,10,8,244,83.84788732,1.881690141,1,1,0,1,0.02,0,0,0.058430487,0.064922764,25.6417,0.0562138,25.6979138,0.675,25,SS,saed05rvt_base_ss0p675v25c,136.6875,5.874930731,5.874930731,0,4.143134726,0,5.068904202,4.532599493,0,0,3.784189634,2.234542627,5.983936281,2.397895273,2.197224577,26.832079,0.0505914,26.88267,4.610318402,4.642355748,10.00181138,Ok,Ok,Ok,,,
moving_average_filter,300,0.9,0.9,355,355,0,62,0,158,92,0,0,43,8.342208,0.023499177,396,10,8,244,83.84788732,1.881690141,1,1,0,1,0.02,0,0,0.051614588,0.057349543,24.1184,0.0554603,24.1738603,0.675,25,SS,saed05rvt_base_ss0p675v25c,136.6875,5.874930731,5.874930731,0,4.143134726,0,5.068904202,4.532599493,0,0,3.784189634,2.234542627,5.983936281,2.397895273,2.197224577,26.573172,0.05110369,26.624275,10.13663055,10.17800358,7.855369018,Ok,Ok,Ok,,,
moving_average_filter,450,0.1,0.1,355,355,0,62,0,158,92,0,0,43,8.342208,0.023499177,396,10,8,244,83.84788732,1.881690141,1,1,0,1,0.02,0,0,0.013194646,0.131946465,4.2055,0.0575651,4.2630651,0.675,25,SS,saed05rvt_base_ss0p675v25c,205.03125,5.874930731,5.874930731,0,4.143134726,0,5.068904202,4.532599493,0,0,3.784189634,2.234542627,5.983936281,2.397895273,2.197224577,3.2783742,0.051125385,3.3294995,21.89892941,22.04555475,11.18683913,Anomal,Anomal,Ok,,,
moving_average_filter,450,0.1,0.37,355,355,0,62,0,158,92,0,0,43,8.342208,0.023499177,396,10,8,244,83.84788732,1.881690141,1,1,0,1,0.02,0,0,0.013462217,0.134622172,4.0518,0.0568708,4.1086708,0.675,25,SS,saed05rvt_base_ss0p675v25c,205.03125,5.874930731,5.874930731,0,4.143134726,0,5.068904202,4.532599493,0,0,3.784189634,2.234542627,5.983936281,2.397895273,2.197224577,3.306829,0.049643997,3.356473,18.30757117,18.38617465,12.70740503,Anomal,Anomal,Ok,,,
moving_average_filter,450,0.1,0.63,355,355,0,62,0,158,92,0,0,43,8.342208,0.023499177,396,10,8,244,83.84788732,1.881690141,1,1,0,1,0.02,0,0,0.013217667,0.132176667,3.8619,0.0561515,3.9180515,0.675,25,SS,saed05rvt_base_ss0p675v25c,205.03125,5.874930731,5.874930731,0,4.143134726,0,5.068904202,4.532599493,0,0,3.784189634,2.234542627,5.983936281,2.397895273,2.197224577,3.3439512,0.04969526,3.3936465,13.38433202,13.4117604,11.49789262,Ok,Ok,Ok,,,
moving_average_filter,450,0.1,0.9,355,355,0,62,0,158,92,0,0,43,8.342208,0.023499177,396,10,8,244,83.84788732,1.881690141,1,1,0,1,0.02,0,0,0.012966788,0.129667879,3.6774,0.0554059,3.7328059,0.675,25,SS,saed05rvt_base_ss0p675v25c,205.03125,5.874930731,5.874930731,0,4.143134726,0,5.068904202,4.532599493,0,0,3.784189634,2.234542627,5.983936281,2.397895273,2.197224577,3.3822145,0.050431725,3.4326463,8.041125991,8.027015114,8.97769978,Ok,Ok,Ok,,,
moving_average_filter,450,0.37,0.1,355,355,0,62,0,158,92,0,0,43,8.342208,0.023499177,396,10,8,244,83.84788732,1.881690141,1,1,0,1,0.02,0,0,0.031974952,0.086418789,12.7008,0.057591,12.758391,0.675,25,SS,saed05rvt_base_ss0p675v25c,205.03125,5.874930731,5.874930731,0,4.143134726,0,5.068904202,4.532599493,0,0,3.784189634,2.234542627,5.983936281,2.397895273,2.197224577,12.127818,0.051584806,12.179403,4.538093361,4.511384262,10.42904917,Ok,Ok,Ok,,,
moving_average_filter,450,0.37,0.37,355,355,0,62,0,158,92,0,0,43,8.342208,0.023499177,396,10,8,244,83.84788732,1.881690141,1,1,0,1,0.02,0,0,0.032748922,0.088510599,12.4615,0.0568677,12.5183677,0.675,25,SS,saed05rvt_base_ss0p675v25c,205.03125,5.874930731,5.874930731,0,4.143134726,0,5.068904202,4.532599493,0,0,3.784189634,2.234542627,5.983936281,2.397895273,2.197224577,12.273175,0.04975251,12.322927,1.561227707,1.511252742,12.51182818,Ok,Ok,Ok,,,
moving_average_filter,450,0.37,0.63,355,355,0,62,0,158,92,0,0,43,8.342208,0.023499177,396,10,8,244,83.84788732,1.881690141,1,1,0,1,0.02,0,0,0.032513356,0.087873935,11.9818,0.0561527,12.0379527,0.675,25,SS,saed05rvt_base_ss0p675v25c,205.03125,5.874930731,5.874930731,0,4.143134726,0,5.068904202,4.532599493,0,0,3.784189634,2.234542627,5.983936281,2.397895273,2.197224577,12.358496,0.0496482,12.408144,3.07520146,3.143899183,11.58359397,Ok,Ok,Ok,,,
moving_average_filter,450,0.37,0.9,355,355,0,62,0,158,92,0,0,43,8.342208,0.023499177,396,10,8,244,83.84788732,1.881690141,1,1,0,1,0.02,0,0,0.031435636,0.084961179,11.3642,0.0554268,11.4196268,0.675,25,SS,saed05rvt_base_ss0p675v25c,205.03125,5.874930731,5.874930731,0,4.143134726,0,5.068904202,4.532599493,0,0,3.784189634,2.234542627,5.983936281,2.397895273,2.197224577,12.3704,0.04996061,12.420361,8.76327907,8.854124609,9.861999023,Ok,Ok,Ok,,,
moving_average_filter,450,0.63,0.1,355,355,0,62,0,158,92,0,0,43,8.342208,0.023499177,396,10,8,244,83.84788732,1.881690141,1,1,0,1,0.02,0,0,0.047424005,0.075276198,20.2466,0.0575924,20.3041924,0.675,25,SS,saed05rvt_base_ss0p675v25c,205.03125,5.874930731,5.874930731,0,4.143134726,0,5.068904202,4.532599493,0,0,3.784189634,2.234542627,5.983936281,2.397895273,2.197224577,19.11253,0.052192047,19.164722,5.611993498,5.601287354,9.376849657,Ok,Ok,Ok,,,
moving_average_filter,450,0.63,0.37,355,355,0,62,0,158,92,0,0,43,8.342208,0.023499177,396,10,8,244,83.84788732,1.881690141,1,1,0,1,0.02,0,0,0.049717747,0.078917059,20.1946,0.0568684,20.2514684,0.675,25,SS,saed05rvt_base_ss0p675v25c,205.03125,5.874930731,5.874930731,0,4.143134726,0,5.068904202,4.532599493,0,0,3.784189634,2.234542627,5.983936281,2.397895273,2.197224577,19.21138,0.05040482,19.261786,4.886968556,4.868727259,11.36585416,Ok,Ok,Ok,,,
moving_average_filter,450,0.63,0.63,355,355,0,62,0,158,92,0,0,43,8.342208,0.023499177,396,10,8,244,83.84788732,1.881690141,1,1,0,1,0.02,0,0,0.049432311,0.078463985,19.4885,0.0561521,19.5446521,0.675,25,SS,saed05rvt_base_ss0p675v25c,205.03125,5.874930731,5.874930731,0,4.143134726,0,5.068904202,4.532599493,0,0,3.784189634,2.234542627,5.983936281,2.397895273,2.197224577,19.149103,0.049998365,19.199102,1.768001275,1.741523644,10.95904634,Ok,Ok,Ok,,,
moving_average_filter,450,0.63,0.9,355,355,0,62,0,158,92,0,0,43,8.342208,0.023499177,396,10,8,244,83.84788732,1.881690141,1,1,0,1,0.02,0,0,0.046989689,0.074586809,18.4599,0.055446,18.515346,0.675,25,SS,saed05rvt_base_ss0p675v25c,205.03125,5.874930731,5.874930731,0,4.143134726,0,5.068904202,4.532599493,0,0,3.784189634,2.234542627,5.983936281,2.397895273,2.197224577,18.979136,0.05013689,19.029272,2.775676347,2.812775331,9.57527998,Ok,Ok,Ok,,,
moving_average_filter,450,0.9,0.1,355,355,0,62,0,158,92,0,0,43,8.342208,0.023499177,396,10,8,244,83.84788732,1.881690141,1,1,0,1,0.02,0,0,0.055361285,0.061512539,25.9225,0.0574621,25.9799621,0.675,25,SS,saed05rvt_base_ss0p675v25c,205.03125,5.874930731,5.874930731,0,4.143134726,0,5.068904202,4.532599493,0,0,3.784189634,2.234542627,5.983936281,2.397895273,2.197224577,26.716858,0.052973825,26.769833,3.040306633,3.064356872,7.810843174,Ok,Ok,Ok,,,
moving_average_filter,450,0.9,0.37,355,355,0,62,0,158,92,0,0,43,8.342208,0.023499177,396,10,8,244,83.84788732,1.881690141,1,1,0,1,0.02,0,0,0.065585434,0.072872705,27.7815,0.0568472,27.8383472,0.675,25,SS,saed05rvt_base_ss0p675v25c,205.03125,5.874930731,5.874930731,0,4.143134726,0,5.068904202,4.532599493,0,0,3.784189634,2.234542627,5.983936281,2.397895273,2.197224577,27.380497,0.051243085,27.43174,1.460601773,1.443417459,9.858206888,Ok,Ok,Ok,,,
moving_average_filter,450,0.9,0.63,355,355,0,62,0,158,92,0,0,43,8.342208,0.023499177,396,10,8,244,83.84788732,1.881690141,1,1,0,1,0.02,0,0,0.065585366,0.072872629,26.936,0.0561656,26.9921656,0.675,25,SS,saed05rvt_base_ss0p675v25c,205.03125,5.874930731,5.874930731,0,4.143134726,0,5.068904202,4.532599493,0,0,3.784189634,2.234542627,5.983936281,2.397895273,2.197224577,27.485897,0.050540023,27.536438,2.016408747,2.041494892,10.01605511,Ok,Ok,Ok,,,
moving_average_filter,450,0.9,0.9,355,355,0,62,0,158,92,0,0,43,8.342208,0.023499177,396,10,8,244,83.84788732,1.881690141,1,1,0,1,0.02,0,0,0.055359619,0.061510687,24.6286,0.0554116,24.6840116,0.675,25,SS,saed05rvt_base_ss0p675v25c,205.03125,5.874930731,5.874930731,0,4.143134726,0,5.068904202,4.532599493,0,0,3.784189634,2.234542627,5.983936281,2.397895273,2.197224577,27.027346,0.05103529,27.07838,9.700080455,9.739675245,7.897825146,Ok,Ok,Ok,,,
moving_average_filter,600,0.1,0.1,355,355,0,62,0,158,92,0,0,43,8.342208,0.023499177,396,10,8,244,83.84788732,1.881690141,1,1,0,1,0.02,0,0,0.013412609,0.134126086,4.2408,0.0575555,4.2983555,0.675,25,SS,saed05rvt_base_ss0p675v25c,273.375,5.874930731,5.874930731,0,4.143134726,0,5.068904202,4.532599493,0,0,3.784189634,2.234542627,5.983936281,2.397895273,2.197224577,3.331153,0.0515678,3.3827207,21.30197912,21.44989351,10.40334921,Anomal,Anomal,Ok,,,
moving_average_filter,600,0.1,0.37,355,355,0,62,0,158,92,0,0,43,8.342208,0.023499177,396,10,8,244,83.84788732,1.881690141,1,1,0,1,0.02,0,0,0.013715636,0.137156364,4.0915,0.0568736,4.1483736,0.675,25,SS,saed05rvt_base_ss0p675v25c,273.375,5.874930731,5.874930731,0,4.143134726,0,5.068904202,4.532599493,0,0,3.784189634,2.234542627,5.983936281,2.397895273,2.197224577,3.3578444,0.049550854,3.4073951,17.86190317,17.93121465,12.87547532,Anomal,Anomal,Ok,,,
moving_average_filter,600,0.1,0.63,355,355,0,62,0,158,92,0,0,43,8.342208,0.023499177,396,10,8,244,83.84788732,1.881690141,1,1,0,1,0.02,0,0,0.013480982,0.134809823,3.9001,0.0561548,3.9562548,0.675,25,SS,saed05rvt_base_ss0p675v25c,273.375,5.874930731,5.874930731,0,4.143134726,0,5.068904202,4.532599493,0,0,3.784189634,2.234542627,5.983936281,2.397895273,2.197224577,3.3958645,0.0495683,3.445433,12.91175428,12.92878422,11.72918574,Ok,Ok,Ok,,,
moving_average_filter,600,0.1,0.9,355,355,0,62,0,158,92,0,0,43,8.342208,0.023499177,396,10,8,244,83.84788732,1.881690141,1,1,0,1,0.02,0,0,0.013243591,0.132435909,3.7138,0.0554074,3.7692074,0.675,25,SS,saed05rvt_base_ss0p675v25c,273.375,5.874930731,5.874930731,0,4.143134726,0,5.068904202,4.532599493,0,0,3.784189634,2.234542627,5.983936281,2.397895273,2.197224577,3.449535,0.050065752,3.4996006,7.15287652,7.115760325,9.640675941,Ok,Ok,Ok,,,
moving_average_filter,600,0.37,0.1,355,355,0,62,0,158,92,0,0,43,8.342208,0.023499177,396,10,8,244,83.84788732,1.881690141,1,1,0,1,0.02,0,0,0.033028351,0.089265814,12.9599,0.0575949,13.0174949,0.675,25,SS,saed05rvt_base_ss0p675v25c,273.375,5.874930731,5.874930731,0,4.143134726,0,5.068904202,4.532599493,0,0,3.784189634,2.234542627,5.983936281,2.397895273,2.197224577,12.119614,0.05202426,12.171638,6.497850557,6.483741021,9.672106101,Ok,Ok,Ok,,,
moving_average_filter,600,0.37,0.37,355,355,0,62,0,158,92,0,0,43,8.342208,0.023499177,396,10,8,244,83.84788732,1.881690141,1,1,0,1,0.02,0,0,0.03345399,0.090416189,12.6023,0.0568719,12.6591719,0.675,25,SS,saed05rvt_base_ss0p675v25c,273.375,5.874930731,5.874930731,0,4.143134726,0,5.068904202,4.532599493,0,0,3.784189634,2.234542627,5.983936281,2.397895273,2.197224577,12.267698,0.04984166,12.31754,2.698689408,2.655084485,12.36153354,Ok,Ok,Ok,,,
moving_average_filter,600,0.37,0.63,355,355,0,62,0,158,92,0,0,43,8.342208,0.023499177,396,10,8,244,83.84788732,1.881690141,1,1,0,1,0.02,0,0,0.03327499,0.089932405,12.1103,0.0561553,12.1664553,0.675,25,SS,saed05rvt_base_ss0p675v25c,273.375,5.874930731,5.874930731,0,4.143134726,0,5.068904202,4.532599493,0,0,3.784189634,2.234542627,5.983936281,2.397895273,2.197224577,12.377435,0.049665216,12.4271,2.142323916,2.205847341,11.55738398,Ok,Ok,Ok,,,
moving_average_filter,600,0.37,0.9,355,355,0,62,0,158,92,0,0,43,8.342208,0.023499177,396,10,8,244,83.84788732,1.881690141,1,1,0,1,0.02,0,0,0.032396177,0.087557235,11.4893,0.0554185,11.5447185,0.675,25,SS,saed05rvt_base_ss0p675v25c,273.375,5.874930731,5.874930731,0,4.143134726,0,5.068904202,4.532599493,0,0,3.784189634,2.234542627,5.983936281,2.397895273,2.197224577,12.40401,0.04978538,12.453795,7.874396704,7.961405995,10.16469352,Ok,Ok,Ok,,,
moving_average_filter,600,0.63,0.1,355,355,0,62,0,158,92,0,0,43,8.342208,0.023499177,396,10,8,244,83.84788732,1.881690141,1,1,0,1,0.02,0,0,0.049410442,0.078429273,20.7566,0.0575983,20.8141983,0.675,25,SS,saed05rvt_base_ss0p675v25c,273.375,5.874930731,5.874930731,0,4.143134726,0,5.068904202,4.532599493,0,0,3.784189634,2.234542627,5.983936281,2.397895273,2.197224577,19.188524,0.052548114,19.241072,7.557949513,7.554588679,8.767942439,Ok,Ok,Ok,,,
moving_average_filter,600,0.63,0.37,355,355,0,62,0,158,92,0,0,43,8.342208,0.023499177,396,10,8,244,83.84788732,1.881690141,1,1,0,1,0.02,0,0,0.051346366,0.081502169,20.5469,0.0568723,20.6037723,0.675,25,SS,saed05rvt_base_ss0p675v25c,273.375,5.874930731,5.874930731,0,4.143134726,0,5.068904202,4.532599493,0,0,3.784189634,2.234542627,5.983936281,2.397895273,2.197224577,19.295788,0.050459284,19.346247,6.103375451,6.089055715,11.27616725,Ok,Ok,Ok,,,
moving_average_filter,600,0.63,0.63,355,355,0,62,0,158,92,0,0,43,8.342208,0.023499177,396,10,8,244,83.84788732,1.881690141,1,1,0,1,0.02,0,0,0.051037172,0.081011384,19.7792,0.0561546,19.8353546,0.675,25,SS,saed05rvt_base_ss0p675v25c,273.375,5.874930731,5.874930731,0,4.143134726,0,5.068904202,4.532599493,0,0,3.784189634,2.234542627,5.983936281,2.397895273,2.197224577,19.246607,0.05006658,19.296673,2.715765812,2.692693199,10.84153545,Ok,Ok,Ok,,,
moving_average_filter,600,0.63,0.9,355,355,0,62,0,158,92,0,0,43,8.342208,0.023499177,396,10,8,244,83.84788732,1.881690141,1,1,0,1,0.02,0,0,0.048890215,0.077603515,18.7192,0.0554367,18.7746367,0.675,25,SS,saed05rvt_base_ss0p675v25c,273.375,5.874930731,5.874930731,0,4.143134726,0,5.068904202,4.532599493,0,0,3.784189634,2.234542627,5.983936281,2.397895273,2.197224577,19.110426,0.05016542,19.160591,2.055722471,2.089971522,9.508649441,Ok,Ok,Ok,,,
moving_average_filter,600,0.9,0.1,355,355,0,62,0,158,92,0,0,43,8.342208,0.023499177,396,10,8,244,83.84788732,1.881690141,1,1,0,1,0.02,0,0,0.06513471,0.0723719,28.5056,0.0575974,28.5631974,0.675,25,SS,saed05rvt_base_ss0p675v25c,273.375,5.874930731,5.874930731,0,4.143134726,0,5.068904202,4.532599493,0,0,3.784189634,2.234542627,5.983936281,2.397895273,2.197224577,27.343157,0.053205244,27.396362,4.085099714,4.077946738,7.625614623,Ok,Ok,Ok,,,
moving_average_filter,600,0.9,0.37,355,355,0,62,0,158,92,0,0,43,8.342208,0.023499177,396,10,8,244,83.84788732,1.881690141,1,1,0,1,0.02,0,0,0.068480677,0.076089641,28.463,0.0568719,28.5198719,0.675,25,SS,saed05rvt_base_ss0p675v25c,273.375,5.874930731,5.874930731,0,4.143134726,0,5.068904202,4.532599493,0,0,3.784189634,2.234542627,5.983936281,2.397895273,2.197224577,27.587107,0.05127448,27.638382,3.09079208,3.077304906,9.842156785,Ok,Ok,Ok,,,
moving_average_filter,600,0.9,0.63,355,355,0,62,0,158,92,0,0,43,8.342208,0.023499177,396,10,8,244,83.84788732,1.881690141,1,1,0,1,0.02,0,0,0.068222442,0.075802713,27.4963,0.056155,27.552455,0.675,25,SS,saed05rvt_base_ss0p675v25c,273.375,5.874930731,5.874930731,0,4.143134726,0,5.068904202,4.532599493,0,0,3.784189634,2.234542627,5.983936281,2.397895273,2.197224577,27.634161,0.050512478,27.684673,0.479878506,0.501380169,10.04812082,Ok,Ok,Ok,,,
moving_average_filter,600,0.9,0.9,355,355,0,62,0,158,92,0,0,43,8.342208,0.023499177,396,10,8,244,83.84788732,1.881690141,1,1,0,1,0.02,0,0,0.064679015,0.071865572,26.0338,0.0554502,26.0892502,0.675,25,SS,saed05rvt_base_ss0p675v25c,273.375,5.874930731,5.874930731,0,4.143134726,0,5.068904202,4.532599493,0,0,3.784189634,2.234542627,5.983936281,2.397895273,2.197224577,27.562002,0.050925553,27.612928,5.840252897,5.87006961,8.159839198,Ok,Ok,Ok,,,
moving_average_filter,750,0.1,0.1,355,355,0,62,0,158,92,0,0,43,8.342208,0.023499177,396,10,8,244,83.84788732,1.881690141,1,1,0,1,0.02,0,0,0.013519414,0.135194141,4.2679,0.057541,4.325441,0.675,25,SS,saed05rvt_base_ss0p675v25c,341.71875,5.874930731,5.874930731,0,4.143134726,0,5.068904202,4.532599493,0,0,3.784189634,2.234542627,5.983936281,2.397895273,2.197224577,3.4298224,0.051683113,3.4815056,19.51096703,19.63676644,10.18037056,Anomal,Anomal,Ok,,,
moving_average_filter,750,0.1,0.37,355,355,0,62,0,158,92,0,0,43,8.342208,0.023499177,396,10,8,244,83.84788732,1.881690141,1,1,0,1,0.02,0,0,0.013855303,0.13855303,4.116,0.0568434,4.1728434,0.675,25,SS,saed05rvt_base_ss0p675v25c,341.71875,5.874930731,5.874930731,0,4.143134726,0,5.068904202,4.532599493,0,0,3.784189634,2.234542627,5.983936281,2.397895273,2.197224577,3.4620166,0.049452092,3.5114686,15.84949848,15.88880995,13.00292998,Anomal,Anomal,Ok,,,
moving_average_filter,750,0.1,0.63,355,355,0,62,0,158,92,0,0,43,8.342208,0.023499177,396,10,8,244,83.84788732,1.881690141,1,1,0,1,0.02,0,0,0.013629424,0.136294242,3.9226,0.0561221,3.9787221,0.675,25,SS,saed05rvt_base_ss0p675v25c,341.71875,5.874930731,5.874930731,0,4.143134726,0,5.068904202,4.532599493,0,0,3.784189634,2.234542627,5.983936281,2.397895273,2.197224577,3.4933505,0.049500562,3.542851,10.95505335,10.9429841,11.79844972,Ok,Ok,Ok,,,
moving_average_filter,750,0.1,0.9,355,355,0,62,0,158,92,0,0,43,8.342208,0.023499177,396,10,8,244,83.84788732,1.881690141,1,1,0,1,0.02,0,0,0.013383033,0.133830328,3.7313,0.0553728,3.7866728,0.675,25,SS,saed05rvt_base_ss0p675v25c,341.71875,5.874930731,5.874930731,0,4.143134726,0,5.068904202,4.532599493,0,0,3.784189634,2.234542627,5.983936281,2.397895273,2.197224577,3.5397525,0.04979065,3.589543,5.205881423,5.133532995,10.08103147,Ok,Ok,Ok,,,
moving_average_filter,750,0.37,0.1,355,355,0,62,0,158,92,0,0,43,8.342208,0.023499177,396,10,8,244,83.84788732,1.881690141,1,1,0,1,0.02,0,0,0.03378204,0.091302812,13.1522,0.0575651,13.2097651,0.675,25,SS,saed05rvt_base_ss0p675v25c,341.71875,5.874930731,5.874930731,0,4.143134726,0,5.068904202,4.532599493,0,0,3.784189634,2.234542627,5.983936281,2.397895273,2.197224577,12.178923,0.052140057,12.231063,7.408929708,7.400110604,9.424187421,Ok,Ok,Ok,,,
moving_average_filter,750,0.37,0.37,355,355,0,62,0,158,92,0,0,43,8.342208,0.023499177,396,10,8,244,83.84788732,1.881690141,1,1,0,1,0.02,0,0,0.034028899,0.091969997,12.7242,0.0568425,12.7810425,0.675,25,SS,saed05rvt_base_ss0p675v25c,341.71875,5.874930731,5.874930731,0,4.143134726,0,5.068904202,4.532599493,0,0,3.784189634,2.234542627,5.983936281,2.397895273,2.197224577,12.341687,0.049870018,12.391558,3.047363363,3.006183474,12.26631848,Ok,Ok,Ok,,,
moving_average_filter,750,0.37,0.63,355,355,0,62,0,158,92,0,0,43,8.342208,0.023499177,396,10,8,244,83.84788732,1.881690141,1,1,0,1,0.02,0,0,0.03371546,0.091122864,12.1865,0.0561208,12.2426208,0.675,25,SS,saed05rvt_base_ss0p675v25c,341.71875,5.874930731,5.874930731,0,4.143134726,0,5.068904202,4.532599493,0,0,3.784189634,2.234542627,5.983936281,2.397895273,2.197224577,12.451685,0.049661905,12.501347,2.11332028,2.176055076,11.50891546,Ok,Ok,Ok,,,
moving_average_filter,750,0.37,0.9,355,355,0,62,0,158,92,0,0,43,8.342208,0.023499177,396,10,8,244,83.84788732,1.881690141,1,1,0,1,0.02,0,0,0.033084818,0.089418428,11.579,0.0553776,11.6343776,0.675,25,SS,saed05rvt_base_ss0p675v25c,341.71875,5.874930731,5.874930731,0,4.143134726,0,5.068904202,4.532599493,0,0,3.784189634,2.234542627,5.983936281,2.397895273,2.197224577,12.494675,0.049585328,12.54426,7.820636877,7.908063586,10.45959466,Ok,Ok,Ok,,,
moving_average_filter,750,0.63,0.1,355,355,0,62,0,158,92,0,0,43,8.342208,0.023499177,396,10,8,244,83.84788732,1.881690141,1,1,0,1,0.02,0,0,0.050914621,0.080816859,21.1527,0.0575682,21.2102682,0.675,25,SS,saed05rvt_base_ss0p675v25c,341.71875,5.874930731,5.874930731,0,4.143134726,0,5.068904202,4.532599493,0,0,3.784189634,2.234542627,5.983936281,2.397895273,2.197224577,19.345758,0.05266785,19.398426,8.542287759,8.542368406,8.512253699,Ok,Ok,Ok,,,
moving_average_filter,750,0.63,0.37,355,355,0,62,0,158,92,0,0,43,8.342208,0.023499177,396,10,8,244,83.84788732,1.881690141,1,1,0,1,0.02,0,0,0.052484258,0.083308345,20.7969,0.0568412,20.8537412,0.675,25,SS,saed05rvt_base_ss0p675v25c,341.71875,5.874930731,5.874930731,0,4.143134726,0,5.068904202,4.532599493,0,0,3.784189634,2.234542627,5.983936281,2.397895273,2.197224577,19.440393,0.050493494,19.490887,6.535299823,6.52263824,11.16743898,Ok,Ok,Ok,,,
moving_average_filter,750,0.63,0.63,355,355,0,62,0,158,92,0,0,43,8.342208,0.023499177,396,10,8,244,83.84788732,1.881690141,1,1,0,1,0.02,0,0,0.052213298,0.082878251,19.991,0.0561217,20.0471217,0.675,25,SS,saed05rvt_base_ss0p675v25c,341.71875,5.874930731,5.874930731,0,4.143134726,0,5.068904202,4.532599493,0,0,3.784189634,2.234542627,5.983936281,2.397895273,2.197224577,19.381224,0.05008483,19.431309,3.071827282,3.050254221,10.75674947,Ok,Ok,Ok,,,
moving_average_filter,750,0.63,0.9,355,355,0,62,0,158,92,0,0,43,8.342208,0.023499177,396,10,8,244,83.84788732,1.881690141,1,1,0,1,0.02,0,0,0.050350389,0.079921252,18.915,0.0553949,18.9703949,0.675,25,SS,saed05rvt_base_ss0p675v25c,341.71875,5.874930731,5.874930731,0,4.143134726,0,5.068904202,4.532599493,0,0,3.784189634,2.234542627,5.983936281,2.397895273,2.197224577,19.258955,0.050099716,19.309055,1.785204948,1.81842454,9.55897458,Ok,Ok,Ok,,,
moving_average_filter,750,0.9,0.1,355,355,0,62,0,158,92,0,0,43,8.342208,0.023499177,396,10,8,244,83.84788732,1.881690141,1,1,0,1,0.02,0,0,0.067407793,0.074897548,29.1083,0.0575688,29.1658688,0.675,25,SS,saed05rvt_base_ss0p675v25c,341.71875,5.874930731,5.874930731,0,4.143134726,0,5.068904202,4.532599493,0,0,3.784189634,2.234542627,5.983936281,2.397895273,2.197224577,27.577389,0.053278156,27.630667,5.263693935,5.259363263,7.453072454,Ok,Ok,Ok,,,
moving_average_filter,750,0.9,0.37,355,355,0,62,0,158,92,0,0,43,8.342208,0.023499177,396,10,8,244,83.84788732,1.881690141,1,1,0,1,0.02,0,0,0.070689649,0.078544054,28.9601,0.056842,29.016942,0.675,25,SS,saed05rvt_base_ss0p675v25c,341.71875,5.874930731,5.874930731,0,4.143134726,0,5.068904202,4.532599493,0,0,3.784189634,2.234542627,5.983936281,2.397895273,2.197224577,27.830992,0.051263403,27.882256,3.910427383,3.898841009,9.814216341,Ok,Ok,Ok,,,
moving_average_filter,750,0.9,0.63,355,355,0,62,0,158,92,0,0,43,8.342208,0.023499177,396,10,8,244,83.84788732,1.881690141,1,1,0,1,0.02,0,0,0.07035649,0.078173878,27.8979,0.0561213,27.9540213,0.675,25,SS,saed05rvt_base_ss0p675v25c,341.71875,5.874930731,5.874930731,0,4.143134726,0,5.068904202,4.532599493,0,0,3.784189634,2.234542627,5.983936281,2.397895273,2.197224577,27.898125,0.050516695,27.94864,0.019247594,0.000805418,9.986591928,Ok,Ok,Ok,,,
moving_average_filter,750,0.9,0.9,355,355,0,62,0,158,92,0,0,43,8.342208,0.023499177,396,10,8,244,83.84788732,1.881690141,1,1,0,1,0.02,0,0,0.066919732,0.074355258,26.3434,0.0554081,26.3988081,0.675,25,SS,saed05rvt_base_ss0p675v25c,341.71875,5.874930731,5.874930731,0,4.143134726,0,5.068904202,4.532599493,0,0,3.784189634,2.234542627,5.983936281,2.397895273,2.197224577,27.820374,0.05089195,27.871265,5.577741638,5.606616971,8.150702286,Ok,Ok,Ok,,,
moving_average_filter,900,0.1,0.1,355,355,0,62,0,158,92,0,0,43,8.342208,0.023499177,396,10,8,244,83.84788732,1.881690141,1,1,0,1,0.02,0,0,0.013878152,0.138781515,4.3294,0.0574981,4.3868981,0.675,25,SS,saed05rvt_base_ss0p675v25c,410.0625,5.874930731,5.874930731,0,4.143134726,0,5.068904202,4.532599493,0,0,3.784189634,2.234542627,5.983936281,2.397895273,2.197224577,3.5184832,0.051731076,3.5702143,18.61643033,18.73046699,10.02993822,Anomal,Anomal,Ok,,,
moving_average_filter,900,0.1,0.37,355,355,0,62,0,158,92,0,0,43,8.342208,0.023499177,396,10,8,244,83.84788732,1.881690141,1,1,0,1,0.02,0,0,0.014277922,0.142779217,4.1808,0.0568251,4.2376251,0.675,25,SS,saed05rvt_base_ss0p675v25c,410.0625,5.874930731,5.874930731,0,4.143134726,0,5.068904202,4.532599493,0,0,3.784189634,2.234542627,5.983936281,2.397895273,2.197224577,3.5623484,0.049298164,3.6116464,14.77192228,14.79266251,13.24579543,Ok,Ok,Ok,,,
moving_average_filter,900,0.1,0.63,355,355,0,62,0,158,92,0,0,43,8.342208,0.023499177,396,10,8,244,83.84788732,1.881690141,1,1,0,1,0.02,0,0,0.014025952,0.14025952,3.9784,0.0561012,4.0345012,0.675,25,SS,saed05rvt_base_ss0p675v25c,410.0625,5.874930731,5.874930731,0,4.143134726,0,5.068904202,4.532599493,0,0,3.784189634,2.234542627,5.983936281,2.397895273,2.197224577,3.601853,0.049245484,3.6510985,9.503100662,9.464787507,12.22026592,Ok,Ok,Ok,,,
moving_average_filter,900,0.1,0.9,355,355,0,62,0,158,92,0,0,43,8.342208,0.023499177,396,10,8,244,83.84788732,1.881690141,1,1,0,1,0.02,0,0,0.013780086,0.137800859,3.7824,0.0553507,3.8377507,0.675,25,SS,saed05rvt_base_ss0p675v25c,410.0625,5.874930731,5.874930731,0,4.143134726,0,5.068904202,4.532599493,0,0,3.784189634,2.234542627,5.983936281,2.397895273,2.197224577,3.6298447,0.049458332,3.679303,4.128662374,4.033294587,10.64551603,Ok,Ok,Ok,,,
moving_average_filter,900,0.37,0.1,355,355,0,62,0,158,92,0,0,43,8.342208,0.023499177,396,10,8,244,83.84788732,1.881690141,1,1,0,1,0.02,0,0,0.034639354,0.093619874,13.3394,0.0575476,13.3969476,0.675,25,SS,saed05rvt_base_ss0p675v25c,410.0625,5.874930731,5.874930731,0,4.143134726,0,5.068904202,4.532599493,0,0,3.784189634,2.234542627,5.983936281,2.397895273,2.197224577,12.294512,0.05216158,12.346673,7.839655865,7.833097478,9.359240326,Ok,Ok,Ok,,,
moving_average_filter,900,0.37,0.37,355,355,0,62,0,158,92,0,0,43,8.342208,0.023499177,396,10,8,244,83.84788732,1.881690141,1,1,0,1,0.02,0,0,0.034728124,0.093859794,12.8519,0.0568211,12.9087211,0.675,25,SS,saed05rvt_base_ss0p675v25c,410.0625,5.874930731,5.874930731,0,4.143134726,0,5.068904202,4.532599493,0,0,3.784189634,2.234542627,5.983936281,2.397895273,2.197224577,12.41351,0.049778655,12.463289,3.450627182,3.411088457,12.39406634,Ok,Ok,Ok,,,
moving_average_filter,900,0.37,0.63,355,355,0,62,0,158,92,0,0,43,8.342208,0.023499177,396,10,8,244,83.84788732,1.881690141,1,1,0,1,0.02,0,0,0.034571871,0.09343749,12.3272,0.0561019,12.3833019,0.675,25,SS,saed05rvt_base_ss0p675v25c,410.0625,5.874930731,5.874930731,0,4.143134726,0,5.068904202,4.532599493,0,0,3.784189634,2.234542627,5.983936281,2.397895273,2.197224577,12.519804,0.049485624,12.569289,1.501920158,1.562431054,11.79331923,Ok,Ok,Ok,,,
moving_average_filter,900,0.37,0.9,355,355,0,62,0,158,92,0,0,43,8.342208,0.023499177,396,10,8,244,83.84788732,1.881690141,1,1,0,1,0.02,0,0,0.03382425,0.091416892,11.6759,0.0553497,11.7312497,0.675,25,SS,saed05rvt_base_ss0p675v25c,410.0625,5.874930731,5.874930731,0,4.143134726,0,5.068904202,4.532599493,0,0,3.784189634,2.234542627,5.983936281,2.397895273,2.197224577,12.575427,0.04934119,12.624768,7.616567544,7.704134631,10.85554103,Ok,Ok,Ok,,,
moving_average_filter,900,0.63,0.1,355,355,0,62,0,158,92,0,0,43,8.342208,0.023499177,396,10,8,244,83.84788732,1.881690141,1,1,0,1,0.02,0,0,0.052399924,0.083174483,21.5082,0.0575507,21.5657507,0.675,25,SS,saed05rvt_base_ss0p675v25c,410.0625,5.874930731,5.874930731,0,4.143134726,0,5.068904202,4.532599493,0,0,3.784189634,2.234542627,5.983936281,2.397895273,2.197224577,19.625494,0.05273953,19.678234,8.752380689,8.753433559,8.359879547,Ok,Ok,Ok,,,
moving_average_filter,900,0.63,0.37,355,355,0,62,0,158,92,0,0,43,8.342208,0.023499177,396,10,8,244,83.84788732,1.881690141,1,1,0,1,0.02,0,0,0.053607172,0.085090749,21.0196,0.0568218,21.0764218,0.675,25,SS,saed05rvt_base_ss0p675v25c,410.0625,5.874930731,5.874930731,0,4.143134726,0,5.068904202,4.532599493,0,0,3.784189634,2.234542627,5.983936281,2.397895273,2.197224577,19.700993,0.050476167,19.751469,6.286423541,6.27322792,11.16760231,Ok,Ok,Ok,,,
moving_average_filter,900,0.63,0.63,355,355,0,62,0,158,92,0,0,43,8.342208,0.023499177,396,10,8,244,83.84788732,1.881690141,1,1,0,1,0.02,0,0,0.05340971,0.084777317,20.1939,0.0561007,20.2500007,0.675,25,SS,saed05rvt_base_ss0p675v25c,410.0625,5.874930731,5.874930731,0,4.143134726,0,5.068904202,4.532599493,0,0,3.784189634,2.234542627,5.983936281,2.397895273,2.197224577,19.627214,0.049928773,19.677143,2.828926337,2.806221524,11.00151479,Ok,Ok,Ok,,,
moving_average_filter,900,0.63,0.9,355,355,0,62,0,158,92,0,0,43,8.342208,0.023499177,396,10,8,244,83.84788732,1.881690141,1,1,0,1,0.02,0,0,0.051798657,0.08222009,19.1092,0.0553661,19.1645661,0.675,25,SS,saed05rvt_base_ss0p675v25c,410.0625,5.874930731,5.874930731,0,4.143134726,0,5.068904202,4.532599493,0,0,3.784189634,2.234542627,5.983936281,2.397895273,2.197224577,19.489908,0.05000144,19.53991,1.95852732,1.992277115,9.689433232,Ok,Ok,Ok,,,
moving_average_filter,900,0.9,0.1,355,355,0,62,0,158,92,0,0,43,8.342208,0.023499177,396,10,8,244,83.84788732,1.881690141,1,1,0,1,0.02,0,0,0.069589598,0.077321776,29.6522,0.0575517,29.7097517,0.675,25,SS,saed05rvt_base_ss0p675v25c,410.0625,5.874930731,5.874930731,0,4.143134726,0,5.068904202,4.532599493,0,0,3.784189634,2.234542627,5.983936281,2.397895273,2.197224577,27.862753,0.053315893,27.916069,6.037353282,6.034786915,7.360003587,Ok,Ok,Ok,,,
moving_average_filter,900,0.9,0.37,355,355,0,62,0,158,92,0,0,43,8.342208,0.023499177,396,10,8,244,83.84788732,1.881690141,1,1,0,1,0.02,0,0,0.072471975,0.080524416,29.3333,0.0568222,29.3901222,0.675,25,SS,saed05rvt_base_ss0p675v25c,410.0625,5.874930731,5.874930731,0,4.143134726,0,5.068904202,4.532599493,0,0,3.784189634,2.234542627,5.983936281,2.397895273,2.197224577,28.094799,0.051235862,28.146034,4.233013905,4.222167156,9.831259479,Ok,Ok,Ok,,,
moving_average_filter,900,0.9,0.63,355,355,0,62,0,158,92,0,0,43,8.342208,0.023499177,396,10,8,244,83.84788732,1.881690141,1,1,0,1,0.02,0,0,0.072130667,0.080145185,28.2104,0.0561001,28.2665001,0.675,25,SS,saed05rvt_base_ss0p675v25c,410.0625,5.874930731,5.874930731,0,4.143134726,0,5.068904202,4.532599493,0,0,3.784189634,2.234542627,5.983936281,2.397895273,2.197224577,28.12061,0.050543945,28.171154,0.337311225,0.318289413,9.90400145,Ok,Ok,Ok,,,
moving_average_filter,900,0.9,0.9,355,355,0,62,0,158,92,0,0,43,8.342208,0.023499177,396,10,8,244,83.84788732,1.881690141,1,1,0,1,0.02,0,0,0.069069343,0.076743715,26.6392,0.0553789,26.6945789,0.675,25,SS,saed05rvt_base_ss0p675v25c,410.0625,5.874930731,5.874930731,0,4.143134726,0,5.068904202,4.532599493,0,0,3.784189634,2.234542627,5.983936281,2.397895273,2.197224577,28.177032,0.050893523,28.227926,5.744040241,5.772817767,8.099433541,Ok,Ok,Ok,,,
moving_average_filter,1000,0.1,0.1,355,355,0,62,0,158,92,0,0,43,8.342208,0.023499177,396,10,8,244,83.84788732,1.881690141,1,1,0,1,0.02,0,0,0.01393849,0.139384899,4.3389,0.0574914,4.3963914,0.675,25,SS,saed05rvt_base_ss0p675v25c,455.625,5.874930731,5.874930731,0,4.143134726,0,5.068904202,4.532599493,0,0,3.784189634,2.234542627,5.983936281,2.397895273,2.197224577,3.5476265,0.05173594,3.5993624,18.12916445,18.23673061,10.01099065,Anomal,Anomal,Ok,,,
moving_average_filter,1000,0.1,0.37,355,355,0,62,0,158,92,0,0,43,8.342208,0.023499177,396,10,8,244,83.84788732,1.881690141,1,1,0,1,0.02,0,0,0.014307949,0.143079495,4.1843,0.0567974,4.2410974,0.675,25,SS,saed05rvt_base_ss0p675v25c,455.625,5.874930731,5.874930731,0,4.143134726,0,5.068904202,4.532599493,0,0,3.784189634,2.234542627,5.983936281,2.397895273,2.197224577,3.610279,0.049146526,3.6594255,13.7151272,13.71844554,13.47046597,Ok,Ok,Ok,,,
moving_average_filter,1000,0.1,0.63,355,355,0,62,0,158,92,0,0,43,8.342208,0.023499177,396,10,8,244,83.84788732,1.881690141,1,1,0,1,0.02,0,0,0.014064119,0.140641187,3.983,0.0560763,4.0390763,0.675,25,SS,saed05rvt_base_ss0p675v25c,455.625,5.874930731,5.874930731,0,4.143134726,0,5.068904202,4.532599493,0,0,3.784189634,2.234542627,5.983936281,2.397895273,2.197224577,3.6512442,0.048943702,3.700188,8.390244534,8.329295418,12.71945166,Ok,Ok,Ok,,,
moving_average_filter,1000,0.1,0.9,355,355,0,62,0,158,92,0,0,43,8.342208,0.023499177,396,10,8,244,83.84788732,1.881690141,1,1,0,1,0.02,0,0,0.013807808,0.138078081,3.7859,0.0553239,3.8412239,0.675,25,SS,saed05rvt_base_ss0p675v25c,455.625,5.874930731,5.874930731,0,4.143134726,0,5.068904202,4.532599493,0,0,3.784189634,2.234542627,5.983936281,2.397895273,2.197224577,3.634675,0.04928309,3.683958,4.094159843,3.994426003,10.91898623,Ok,Ok,Ok,,,
moving_average_filter,1000,0.37,0.1,355,355,0,62,0,158,92,0,0,43,8.342208,0.023499177,396,10,8,244,83.84788732,1.881690141,1,1,0,1,0.02,0,0,0.034818187,0.094103208,13.3835,0.0575224,13.4410224,0.675,25,SS,saed05rvt_base_ss0p675v25c,455.625,5.874930731,5.874930731,0,4.143134726,0,5.068904202,4.532599493,0,0,3.784189634,2.234542627,5.983936281,2.397895273,2.197224577,12.322346,0.05219688,12.374542,7.934516675,7.928824794,9.258169096,Ok,Ok,Ok,,,
moving_average_filter,1000,0.37,0.37,355,355,0,62,0,158,92,0,0,43,8.342208,0.023499177,396,10,8,244,83.84788732,1.881690141,1,1,0,1,0.02,0,0,0.034867444,0.094236336,12.8806,0.0567954,12.9373954,0.675,25,SS,saed05rvt_base_ss0p675v25c,455.625,5.874930731,5.874930731,0,4.143134726,0,5.068904202,4.532599493,0,0,3.784189634,2.234542627,5.983936281,2.397895273,2.197224577,12.44626,0.049714066,12.495975,3.411976257,3.372044375,12.46814691,Ok,Ok,Ok,,,
moving_average_filter,1000,0.37,0.63,355,355,0,62,0,158,92,0,0,43,8.342208,0.023499177,396,10,8,244,83.84788732,1.881690141,1,1,0,1,0.02,0,0,0.034701053,0.09378663,12.3483,0.0560762,12.4043762,0.675,25,SS,saed05rvt_base_ss0p675v25c,455.625,5.874930731,5.874930731,0,4.143134726,0,5.068904202,4.532599493,0,0,3.784189634,2.234542627,5.983936281,2.397895273,2.197224577,12.541049,0.049323246,12.590372,1.499437639,1.560935543,12.04246029,Ok,Ok,Ok,,,
moving_average_filter,1000,0.37,0.9,355,355,0,62,0,158,92,0,0,43,8.342208,0.023499177,396,10,8,244,83.84788732,1.881690141,1,1,0,1,0.02,0,0,0.033961235,0.091787121,11.6935,0.0553224,11.7488224,0.675,25,SS,saed05rvt_base_ss0p675v25c,455.625,5.874930731,5.874930731,0,4.143134726,0,5.068904202,4.532599493,0,0,3.784189634,2.234542627,5.983936281,2.397895273,2.197224577,12.617423,0.049231105,12.666655,7.812120701,7.901167807,11.01054084,Ok,Ok,Ok,,,
moving_average_filter,1000,0.63,0.1,355,355,0,62,0,158,92,0,0,43,8.342208,0.023499177,396,10,8,244,83.84788732,1.881690141,1,1,0,1,0.02,0,0,0.052915141,0.083992288,21.6446,0.0575249,21.7021249,0.675,25,SS,saed05rvt_base_ss0p675v25c,455.625,5.874930731,5.874930731,0,4.143134726,0,5.068904202,4.532599493,0,0,3.784189634,2.234542627,5.983936281,2.397895273,2.197224577,19.684387,0.052742105,19.73713,9.05439305,9.056359521,8.314303932,Ok,Ok,Ok,,,
moving_average_filter,1000,0.63,0.37,355,355,0,62,0,158,92,0,0,43,8.342208,0.023499177,396,10,8,244,83.84788732,1.881690141,1,1,0,1,0.02,0,0,0.053911811,0.085574303,21.0851,0.0567962,21.1418962,0.675,25,SS,saed05rvt_base_ss0p675v25c,455.625,5.874930731,5.874930731,0,4.143134726,0,5.068904202,4.532599493,0,0,3.784189634,2.234542627,5.983936281,2.397895273,2.197224577,19.73854,0.050403584,19.788944,6.39938794,6.386307632,11.25535899,Ok,Ok,Ok,,,
moving_average_filter,1000,0.63,0.63,355,355,0,62,0,158,92,0,0,43,8.342208,0.023499177,396,10,8,244,83.84788732,1.881690141,1,1,0,1,0.02,0,0,0.05372378,0.085275842,20.2504,0.056075,20.306475,0.675,25,SS,saed05rvt_base_ss0p675v25c,455.625,5.874930731,5.874930731,0,4.143134726,0,5.068904202,4.532599493,0,0,3.784189634,2.234542627,5.983936281,2.397895273,2.197224577,19.681595,0.049823847,19.731419,2.831886826,2.808858844,11.14784366,Ok,Ok,Ok,,,
moving_average_filter,1000,0.63,0.9,355,355,0,62,0,158,92,0,0,43,8.342208,0.023499177,396,10,8,244,83.84788732,1.881690141,1,1,0,1,0.02,0,0,0.052277265,0.082979786,19.1714,0.0553361,19.2267361,0.675,25,SS,saed05rvt_base_ss0p675v25c,455.625,5.874930731,5.874930731,0,4.143134726,0,5.068904202,4.532599493,0,0,3.784189634,2.234542627,5.983936281,2.397895273,2.197224577,19.528103,0.049988437,19.57809,1.827427005,1.86059899,9.663967204,Ok,Ok,Ok,,,
moving_average_filter,1000,0.9,0.1,355,355,0,62,0,158,92,0,0,43,8.342208,0.023499177,396,10,8,244,83.84788732,1.881690141,1,1,0,1,0.02,0,0,0.070431189,0.078256877,29.877,0.0575263,29.9345263,0.675,25,SS,saed05rvt_base_ss0p675v25c,455.625,5.874930731,5.874930731,0,4.143134726,0,5.068904202,4.532599493,0,0,3.784189634,2.234542627,5.983936281,2.397895273,2.197224577,27.95284,0.053318135,28.006159,6.441950849,6.440269086,7.315201151,Ok,Ok,Ok,,,
moving_average_filter,1000,0.9,0.37,355,355,0,62,0,158,92,0,0,43,8.342208,0.023499177,396,10,8,244,83.84788732,1.881690141,1,1,0,1,0.02,0,0,0.073012384,0.081124871,29.454,0.0567965,29.5107965,0.675,25,SS,saed05rvt_base_ss0p675v25c,455.625,5.874930731,5.874930731,0,4.143134726,0,5.068904202,4.532599493,0,0,3.784189634,2.234542627,5.983936281,2.397895273,2.197224577,28.132282,0.051201794,28.183483,4.497721287,4.487396425,9.850440966,Ok,Ok,Ok,,,
moving_average_filter,1000,0.9,0.63,355,355,0,62,0,158,92,0,0,43,8.342208,0.023499177,396,10,8,244,83.84788732,1.881690141,1,1,0,1,0.02,0,0,0.072699427,0.080777141,28.3111,0.056074,28.367174,0.675,25,SS,saed05rvt_base_ss0p675v25c,455.625,5.874930731,5.874930731,0,4.143134726,0,5.068904202,4.532599493,0,0,3.784189634,2.234542627,5.983936281,2.397895273,2.197224577,28.269308,0.050585337,28.319893,0.166675456,0.147616694,9.788249486,Ok,Ok,Ok,,,
moving_average_filter,1000,0.9,0.9,355,355,0,62,0,158,92,0,0,43,8.342208,0.023499177,396,10,8,244,83.84788732,1.881690141,1,1,0,1,0.02,0,0,0.06988726,0.077652511,26.7473,0.0553486,26.8026486,0.675,25,SS,saed05rvt_base_ss0p675v25c,455.625,5.874930731,5.874930731,0,4.143134726,0,5.068904202,4.532599493,0,0,3.784189634,2.234542627,5.983936281,2.397895273,2.197224577,28.40956,0.0509245,28.460484,6.185340023,6.214680547,7.993158657,Ok,Ok,Ok,,,
moving_average_filter,10,0.1,0.1,355,355,0,62,0,155,95,0,0,43,8.342208,0.023499177,396,10,8,244,83.92957746,1.881690141,1,1,0,1,0.02,0,0,0.004550783,0.045507828,2.5715,5.7966,8.3681,0.675,125,SS,saed05rvt_base_ss0p675v125c,4.55625,5.874930731,5.874930731,0,4.143134726,0,5.049856007,4.564348191,0,0,3.784189634,2.234542627,5.983936281,2.397895273,2.197224577,2.480604,5.015078,7.495682,10.42552356,3.53474885,13.48241956,Ok,Ok,Ok,,,
moving_average_filter,10,0.1,0.37,355,355,0,62,0,155,95,0,0,43,8.342208,0.023499177,396,10,8,244,83.92957746,1.881690141,1,1,0,1,0.02,0,0,0.004778301,0.047783005,2.6235,5.6437,8.2672,0.675,125,SS,saed05rvt_base_ss0p675v125c,4.55625,5.874930731,5.874930731,0,4.143134726,0,5.049856007,4.564348191,0,0,3.784189634,2.234542627,5.983936281,2.397895273,2.197224577,2.519873,4.8953466,7.4152193,10.30555319,3.94995602,13.25997765,Ok,Ok,Ok,,,
moving_average_filter,10,0.1,0.63,355,355,0,62,0,155,95,0,0,43,8.342208,0.023499177,396,10,8,244,83.92957746,1.881690141,1,1,0,1,0.02,0,0,0.004778298,0.04778298,2.6116,5.5016,8.1132,0.675,125,SS,saed05rvt_base_ss0p675v125c,4.55625,5.874930731,5.874930731,0,4.143134726,0,5.049856007,4.564348191,0,0,3.784189634,2.234542627,5.983936281,2.397895273,2.197224577,2.5530238,4.8418684,7.394892,8.853569298,2.242923298,11.99163151,Ok,Ok,Ok,,,
moving_average_filter,10,0.1,0.9,355,355,0,62,0,155,95,0,0,43,8.342208,0.023499177,396,10,8,244,83.92957746,1.881690141,1,1,0,1,0.02,0,0,0.004551013,0.045510126,2.565,5.3353,7.9003,0.675,125,SS,saed05rvt_base_ss0p675v125c,4.55625,5.874930731,5.874930731,0,4.143134726,0,5.049856007,4.564348191,0,0,3.784189634,2.234542627,5.983936281,2.397895273,2.197224577,2.5727904,4.818571,7.391361,6.442018195,0.303718686,9.68509567,Ok,Ok,Ok,,,
moving_average_filter,10,0.37,0.1,355,355,0,62,0,155,95,0,0,43,8.342208,0.023499177,396,10,8,244,83.92957746,1.881690141,1,1,0,1,0.02,0,0,0.016823753,0.045469601,9.5126,5.7967,15.3093,0.675,125,SS,saed05rvt_base_ss0p675v125c,4.55625,5.874930731,5.874930731,0,4.143134726,0,5.049856007,4.564348191,0,0,3.784189634,2.234542627,5.983936281,2.397895273,2.197224577,9.617147,4.9752192,14.592367,4.682988953,1.099041752,14.17152432,Ok,Ok,Ok,,,
moving_average_filter,10,0.37,0.37,355,355,0,62,0,155,95,0,0,43,8.342208,0.023499177,396,10,8,244,83.92957746,1.881690141,1,1,0,1,0.02,0,0,0.017051028,0.046083859,9.5577,5.6437,15.2014,0.675,125,SS,saed05rvt_base_ss0p675v125c,4.55625,5.874930731,5.874930731,0,4.143134726,0,5.049856007,4.564348191,0,0,3.784189634,2.234542627,5.983936281,2.397895273,2.197224577,9.707363,4.8959427,14.603306,3.934467768,1.565890629,13.24941638,Ok,Ok,Ok,,,
moving_average_filter,10,0.37,0.63,355,355,0,62,0,155,95,0,0,43,8.342208,0.023499177,396,10,8,244,83.92957746,1.881690141,1,1,0,1,0.02,0,0,0.017051025,0.046083852,9.54,5.5016,15.0416,0.675,125,SS,saed05rvt_base_ss0p675v125c,4.55625,5.874930731,5.874930731,0,4.143134726,0,5.049856007,4.564348191,0,0,3.784189634,2.234542627,5.983936281,2.397895273,2.197224577,9.78004,4.8398776,14.619917,2.803445671,2.516140328,12.02781726,Ok,Ok,Ok,,,
moving_average_filter,10,0.37,0.9,355,355,0,62,0,155,95,0,0,43,8.342208,0.023499177,396,10,8,244,83.92957746,1.881690141,1,1,0,1,0.02,0,0,0.01682374,0.045469567,9.4882,5.3353,14.8235,0.675,125,SS,saed05rvt_base_ss0p675v125c,4.55625,5.874930731,5.874930731,0,4.143134726,0,5.049856007,4.564348191,0,0,3.784189634,2.234542627,5.983936281,2.397895273,2.197224577,9.821484,4.82018,14.641664,1.226676889,3.512611581,9.654940879,Ok,Ok,Ok,,,
moving_average_filter,10,0.63,0.1,355,355,0,62,0,155,95,0,0,43,8.342208,0.023499177,396,10,8,244,83.92957746,1.881690141,1,1,0,1,0.02,0,0,0.028641934,0.045463388,16.1965,5.7967,21.9932,0.675,125,SS,saed05rvt_base_ss0p675v125c,4.55625,5.874930731,5.874930731,0,4.143134726,0,5.049856007,4.564348191,0,0,3.784189634,2.234542627,5.983936281,2.397895273,2.197224577,17.287218,4.9423013,22.229519,1.074508895,6.734282678,14.73939874,Ok,Ok,Ok,,,
moving_average_filter,10,0.63,0.37,355,355,0,62,0,155,95,0,0,43,8.342208,0.023499177,396,10,8,244,83.92957746,1.881690141,1,1,0,1,0.02,0,0,0.02886921,0.045824142,16.235,5.6437,21.8787,0.675,125,SS,saed05rvt_base_ss0p675v125c,4.55625,5.874930731,5.874930731,0,4.143134726,0,5.049856007,4.564348191,0,0,3.784189634,2.234542627,5.983936281,2.397895273,2.197224577,17.289877,4.8864794,22.176357,1.360488828,6.497548124,13.41709556,Ok,Ok,Ok,,,
moving_average_filter,10,0.63,0.63,355,355,0,62,0,155,95,0,0,43,8.342208,0.023499177,396,10,8,244,83.92957746,1.881690141,1,1,0,1,0.02,0,0,0.028869207,0.045824138,16.2118,5.5016,21.7134,0.675,125,SS,saed05rvt_base_ss0p675v125c,4.55625,5.874930731,5.874930731,0,4.143134726,0,5.049856007,4.564348191,0,0,3.784189634,2.234542627,5.983936281,2.397895273,2.197224577,17.238686,4.841342,22.080029,1.688489753,6.334186259,12.00120015,Ok,Ok,Ok,,,
moving_average_filter,10,0.63,0.9,355,355,0,62,0,155,95,0,0,43,8.342208,0.023499177,396,10,8,244,83.92957746,1.881690141,1,1,0,1,0.02,0,0,0.028641922,0.045463368,16.155,5.3353,21.4903,0.675,125,SS,saed05rvt_base_ss0p675v125c,4.55625,5.874930731,5.874930731,0,4.143134726,0,5.049856007,4.564348191,0,0,3.784189634,2.234542627,5.983936281,2.397895273,2.197224577,17.178568,4.807822,21.98639,2.308432922,6.335920064,9.886562565,Ok,Ok,Ok,,,
moving_average_filter,10,0.9,0.1,355,355,0,62,0,155,95,0,0,43,8.342208,0.023499177,396,10,8,244,83.92957746,1.881690141,1,1,0,1,0.02,0,0,0.040914662,0.045460735,23.1374,5.7967,28.9341,0.675,125,SS,saed05rvt_base_ss0p675v125c,4.55625,5.874930731,5.874930731,0,4.143134726,0,5.049856007,4.564348191,0,0,3.784189634,2.234542627,5.983936281,2.397895273,2.197224577,23.97111,4.9283457,28.899456,0.119734071,3.603297649,14.98014939,Ok,Ok,Ok,,,
moving_average_filter,10,0.9,0.37,355,355,0,62,0,155,95,0,0,43,8.342208,0.023499177,396,10,8,244,83.92957746,1.881690141,1,1,0,1,0.02,0,0,0.041141937,0.045713263,23.1692,5.6437,28.8129,0.675,125,SS,saed05rvt_base_ss0p675v125c,4.55625,5.874930731,5.874930731,0,4.143134726,0,5.049856007,4.564348191,0,0,3.784189634,2.234542627,5.983936281,2.397895273,2.197224577,23.958134,4.8760715,28.834206,0.073944752,3.405096842,13.60151225,Ok,Ok,Ok,,,
moving_average_filter,10,0.9,0.63,355,355,0,62,0,155,95,0,0,43,8.342208,0.023499177,396,10,8,244,83.92957746,1.881690141,1,1,0,1,0.02,0,0,0.041141934,0.04571326,23.1402,5.5016,28.6418,0.675,125,SS,saed05rvt_base_ss0p675v125c,4.55625,5.874930731,5.874930731,0,4.143134726,0,5.049856007,4.564348191,0,0,3.784189634,2.234542627,5.983936281,2.397895273,2.197224577,23.984324,4.8323116,28.816635,0.610419498,3.647866058,12.16534044,Ok,Ok,Ok,,,
moving_average_filter,10,0.9,0.9,355,355,0,62,0,155,95,0,0,43,8.342208,0.023499177,396,10,8,244,83.92957746,1.881690141,1,1,0,1,0.02,0,0,0.040914649,0.045460721,23.0782,5.3353,28.4135,0.675,125,SS,saed05rvt_base_ss0p675v125c,4.55625,5.874930731,5.874930731,0,4.143134726,0,5.049856007,4.564348191,0,0,3.784189634,2.234542627,5.983936281,2.397895273,2.197224577,24.040571,4.792416,28.832987,1.476364516,4.170044513,10.17532106,Ok,Ok,Ok,,,
moving_average_filter,50,0.1,0.1,355,355,0,62,0,155,95,0,0,43,8.342208,0.023499177,396,10,8,244,83.92957746,1.881690141,1,1,0,1,0.02,0,0,0.004571563,0.045715631,2.5748,5.7966,8.3714,0.675,125,SS,saed05rvt_base_ss0p675v125c,22.78125,5.874930731,5.874930731,0,4.143134726,0,5.049856007,4.564348191,0,0,3.784189634,2.234542627,5.983936281,2.397895273,2.197224577,2.565584,5.017756,7.5833397,9.413721825,0.357932876,13.43622149,Ok,Ok,Ok,,,
moving_average_filter,50,0.1,0.37,355,355,0,62,0,155,95,0,0,43,8.342208,0.023499177,396,10,8,244,83.92957746,1.881690141,1,1,0,1,0.02,0,0,0.005709364,0.057093636,2.8448,5.6437,8.4885,0.675,125,SS,saed05rvt_base_ss0p675v125c,22.78125,5.874930731,5.874930731,0,4.143134726,0,5.049856007,4.564348191,0,0,3.784189634,2.234542627,5.983936281,2.397895273,2.197224577,2.6694486,4.8958755,7.565324,10.87561018,6.163926669,13.25060769,Ok,Ok,Ok,,,
moving_average_filter,50,0.1,0.63,355,355,0,62,0,155,95,0,0,43,8.342208,0.023499177,396,10,8,244,83.92957746,1.881690141,1,1,0,1,0.02,0,0,0.005709331,0.057093308,2.7938,5.5016,8.2954,0.675,125,SS,saed05rvt_base_ss0p675v125c,22.78125,5.874930731,5.874930731,0,4.143134726,0,5.049856007,4.564348191,0,0,3.784189634,2.234542627,5.983936281,2.397895273,2.197224577,2.7042525,4.8413787,7.5456314,9.038365737,3.205222941,12.00053278,Ok,Ok,Ok,,,
moving_average_filter,50,0.1,0.9,355,355,0,62,0,155,95,0,0,43,8.342208,0.023499177,396,10,8,244,83.92957746,1.881690141,1,1,0,1,0.02,0,0,0.004572912,0.045729116,2.5686,5.3353,7.9039,0.675,125,SS,saed05rvt_base_ss0p675v125c,22.78125,5.874930731,5.874930731,0,4.143134726,0,5.049856007,4.564348191,0,0,3.784189634,2.234542627,5.983936281,2.397895273,2.197224577,2.6632748,4.824821,7.4880958,5.260747728,3.685850853,9.567953155,Ok,Ok,Ok,,,
moving_average_filter,50,0.37,0.1,355,355,0,62,0,155,95,0,0,43,8.342208,0.023499177,396,10,8,244,83.92957746,1.881690141,1,1,0,1,0.02,0,0,0.016845689,0.04552889,9.5164,5.7967,15.3131,0.675,125,SS,saed05rvt_base_ss0p675v125c,22.78125,5.874930731,5.874930731,0,4.143134726,0,5.049856007,4.564348191,0,0,3.784189634,2.234542627,5.983936281,2.397895273,2.197224577,10.1316395,4.975824,15.107464,1.342877427,6.465044351,14.16109374,Ok,Ok,Ok,,,
moving_average_filter,50,0.37,0.37,355,355,0,62,0,155,95,0,0,43,8.342208,0.023499177,396,10,8,244,83.92957746,1.881690141,1,1,0,1,0.02,0,0,0.017982091,0.048600246,9.779,5.6437,15.4227,0.675,125,SS,saed05rvt_base_ss0p675v125c,22.78125,5.874930731,5.874930731,0,4.143134726,0,5.049856007,4.564348191,0,0,3.784189634,2.234542627,5.983936281,2.397895273,2.197224577,10.284469,4.8998194,15.184288,1.545851084,5.168919632,13.18072587,Ok,Ok,Ok,,,
moving_average_filter,50,0.37,0.63,355,355,0,62,0,155,95,0,0,43,8.342208,0.023499177,396,10,8,244,83.92957746,1.881690141,1,1,0,1,0.02,0,0,0.017982058,0.048600157,9.7221,5.5016,15.2237,0.675,125,SS,saed05rvt_base_ss0p675v125c,22.78125,5.874930731,5.874930731,0,4.143134726,0,5.049856007,4.564348191,0,0,3.784189634,2.234542627,5.983936281,2.397895273,2.197224577,10.360857,4.843128,15.203985,0.129500619,6.570154698,11.96873265,Ok,Ok,Ok,,,
moving_average_filter,50,0.37,0.9,355,355,0,62,0,155,95,0,0,43,8.342208,0.023499177,396,10,8,244,83.92957746,1.881690141,1,1,0,1,0.02,0,0,0.016845639,0.045528754,9.4918,5.3353,14.8271,0.675,125,SS,saed05rvt_base_ss0p675v125c,22.78125,5.874930731,5.874930731,0,4.143134726,0,5.049856007,4.564348191,0,0,3.784189634,2.234542627,5.983936281,2.397895273,2.197224577,10.347866,4.8268723,15.174738,2.34461176,9.019006493,9.529504456,Ok,Ok,Ok,,,
moving_average_filter,50,0.63,0.1,355,355,0,62,0,155,95,0,0,43,8.342208,0.023499177,396,10,8,244,83.92957746,1.881690141,1,1,0,1,0.02,0,0,0.028663871,0.045498208,16.2003,5.7967,21.997,0.675,125,SS,saed05rvt_base_ss0p675v125c,22.78125,5.874930731,5.874930731,0,4.143134726,0,5.049856007,4.564348191,0,0,3.784189634,2.234542627,5.983936281,2.397895273,2.197224577,17.55071,4.9461904,22.4969,2.272585164,8.335714018,14.6723074,Ok,Ok,Ok,,,
moving_average_filter,50,0.63,0.37,355,355,0,62,0,155,95,0,0,43,8.342208,0.023499177,396,10,8,244,83.92957746,1.881690141,1,1,0,1,0.02,0,0,0.029800273,0.04730202,16.4564,5.6437,22.1001,0.675,125,SS,saed05rvt_base_ss0p675v125c,22.78125,5.874930731,5.874930731,0,4.143134726,0,5.049856007,4.564348191,0,0,3.784189634,2.234542627,5.983936281,2.397895273,2.197224577,17.565365,4.890202,22.455566,1.608437999,6.7388058,13.35113409,Ok,Ok,Ok,,,
moving_average_filter,50,0.63,0.63,355,355,0,62,0,155,95,0,0,43,8.342208,0.023499177,396,10,8,244,83.92957746,1.881690141,1,1,0,1,0.02,0,0,0.02980024,0.047301968,16.3939,5.5016,21.8955,0.675,125,SS,saed05rvt_base_ss0p675v125c,22.78125,5.874930731,5.874930731,0,4.143134726,0,5.049856007,4.564348191,0,0,3.784189634,2.234542627,5.983936281,2.397895273,2.197224577,17.52278,4.845442,22.368221,2.158988299,6.885972616,11.92667918,Ok,Ok,Ok,,,
moving_average_filter,50,0.63,0.9,355,355,0,62,0,155,95,0,0,43,8.342208,0.023499177,396,10,8,244,83.92957746,1.881690141,1,1,0,1,0.02,0,0,0.028663821,0.045498128,16.1586,5.3353,21.4939,0.675,125,SS,saed05rvt_base_ss0p675v125c,22.78125,5.874930731,5.874930731,0,4.143134726,0,5.049856007,4.564348191,0,0,3.784189634,2.234542627,5.983936281,2.397895273,2.197224577,17.42539,4.8119,22.23729,3.458606529,7.839727721,9.810129911,Ok,Ok,Ok,,,
moving_average_filter,50,0.9,0.1,355,355,0,62,0,155,95,0,0,43,8.342208,0.023499177,396,10,8,244,83.92957746,1.881690141,1,1,0,1,0.02,0,0,0.040936598,0.045485109,23.1412,5.7967,28.9379,0.675,125,SS,saed05rvt_base_ss0p675v125c,22.78125,5.874930731,5.874930731,0,4.143134726,0,5.049856007,4.564348191,0,0,3.784189634,2.234542627,5.983936281,2.397895273,2.197224577,24.43036,4.932668,29.36303,1.469109645,5.570846776,14.9055806,Ok,Ok,Ok,,,
moving_average_filter,50,0.9,0.37,355,355,0,62,0,155,95,0,0,43,8.342208,0.023499177,396,10,8,244,83.92957746,1.881690141,1,1,0,1,0.02,0,0,0.042073,0.046747778,23.3905,5.6437,29.0342,0.675,125,SS,saed05rvt_base_ss0p675v125c,22.78125,5.874930731,5.874930731,0,4.143134726,0,5.049856007,4.564348191,0,0,3.784189634,2.234542627,5.983936281,2.397895273,2.197224577,24.463743,4.881057,29.344799,1.069769588,4.588372244,13.51317778,Ok,Ok,Ok,,,
moving_average_filter,50,0.9,0.63,355,355,0,62,0,155,95,0,0,43,8.342208,0.023499177,396,10,8,244,83.92957746,1.881690141,1,1,0,1,0.02,0,0,0.042072967,0.046747741,23.3223,5.5016,28.8239,0.675,125,SS,saed05rvt_base_ss0p675v125c,22.78125,5.874930731,5.874930731,0,4.143134726,0,5.049856007,4.564348191,0,0,3.784189634,2.234542627,5.983936281,2.397895273,2.197224577,24.529406,4.834605,29.36401,1.873826433,5.175757082,12.12365099,Ok,Ok,Ok,,,
moving_average_filter,50,0.9,0.9,355,355,0,62,0,155,95,0,0,43,8.342208,0.023499177,396,10,8,244,83.92957746,1.881690141,1,1,0,1,0.02,0,0,0.040936548,0.045485053,23.0818,5.3353,28.4171,0.675,125,SS,saed05rvt_base_ss0p675v125c,22.78125,5.874930731,5.874930731,0,4.143134726,0,5.049856007,4.564348191,0,0,3.784189634,2.234542627,5.983936281,2.397895273,2.197224577,24.55204,4.7963905,29.34843,3.277359877,6.369694305,10.10082782,Ok,Ok,Ok,,,
moving_average_filter,100,0.1,0.1,355,355,0,62,0,155,95,0,0,43,8.342208,0.023499177,396,10,8,244,83.92957746,1.881690141,1,1,0,1,0.02,0,0,0.014391808,0.143918081,4.4671,5.6626,10.1297,0.675,125,SS,saed05rvt_base_ss0p675v125c,45.5625,5.874930731,5.874930731,0,4.143134726,0,5.049856007,4.564348191,0,0,3.784189634,2.234542627,5.983936281,2.397895273,2.197224577,3.4011416,4.956743,8.357884,17.49129385,23.86242431,12.46524982,Anomal,Anomal,Ok,,,
moving_average_filter,100,0.1,0.37,355,355,0,62,0,155,95,0,0,43,8.342208,0.023499177,396,10,8,244,83.92957746,1.881690141,1,1,0,1,0.02,0,0,0.015178609,0.151786086,4.4487,5.5328,9.9815,0.675,125,SS,saed05rvt_base_ss0p675v125c,45.5625,5.874930731,5.874930731,0,4.143134726,0,5.049856007,4.564348191,0,0,3.784189634,2.234542627,5.983936281,2.397895273,2.197224577,3.4213052,4.8599916,8.281297,17.03354476,23.09427069,12.16036093,Anomal,Anomal,Ok,,,
moving_average_filter,100,0.1,0.63,355,355,0,62,0,155,95,0,0,43,8.342208,0.023499177,396,10,8,244,83.92957746,1.881690141,1,1,0,1,0.02,0,0,0.014878646,0.148786465,4.2364,5.4001,9.6365,0.675,125,SS,saed05rvt_base_ss0p675v125c,45.5625,5.874930731,5.874930731,0,4.143134726,0,5.049856007,4.564348191,0,0,3.784189634,2.234542627,5.983936281,2.397895273,2.197224577,3.4448433,4.804804,8.249647,14.39166564,18.68465461,11.02379867,Ok,Anomal,Ok,,,
moving_average_filter,100,0.1,0.9,355,355,0,62,0,155,95,0,0,43,8.342208,0.023499177,396,10,8,244,83.92957746,1.881690141,1,1,0,1,0.02,0,0,0.014387467,0.143874672,4.0083,5.2626,9.2709,0.675,125,SS,saed05rvt_base_ss0p675v125c,45.5625,5.874930731,5.874930731,0,4.143134726,0,5.049856007,4.564348191,0,0,3.784189634,2.234542627,5.983936281,2.397895273,2.197224577,3.4619675,4.7805696,8.242537,11.09237998,13.63003098,9.159549398,Ok,Ok,Ok,,,
moving_average_filter,100,0.37,0.1,355,355,0,62,0,155,95,0,0,43,8.342208,0.023499177,396,10,8,244,83.92957746,1.881690141,1,1,0,1,0.02,0,0,0.02674754,0.07229065,11.3278,5.6616,16.9894,0.675,125,SS,saed05rvt_base_ss0p675v125c,45.5625,5.874930731,5.874930731,0,4.143134726,0,5.049856007,4.564348191,0,0,3.784189634,2.234542627,5.983936281,2.397895273,2.197224577,11.383697,4.9611807,16.344877,3.793675803,0.493445824,12.37140231,Ok,Ok,Ok,,,
moving_average_filter,100,0.37,0.37,355,355,0,62,0,155,95,0,0,43,8.342208,0.023499177,396,10,8,244,83.92957746,1.881690141,1,1,0,1,0.02,0,0,0.029021497,0.07843648,11.7305,5.5304,17.2609,0.675,125,SS,saed05rvt_base_ss0p675v125c,45.5625,5.874930731,5.874930731,0,4.143134726,0,5.049856007,4.564348191,0,0,3.784189634,2.234542627,5.983936281,2.397895273,2.197224577,11.70728,4.892672,16.599953,3.829158979,0.197944171,11.53131669,Ok,Ok,Ok,,,
moving_average_filter,100,0.37,0.63,355,355,0,62,0,155,95,0,0,43,8.342208,0.023499177,396,10,8,244,83.92957746,1.881690141,1,1,0,1,0.02,0,0,0.029020558,0.078433941,11.4973,5.4092,16.9065,0.675,125,SS,saed05rvt_base_ss0p675v125c,45.5625,5.874930731,5.874930731,0,4.143134726,0,5.049856007,4.564348191,0,0,3.784189634,2.234542627,5.983936281,2.397895273,2.197224577,11.747978,4.8328896,16.580868,1.926077146,2.180322427,10.6542639,Ok,Ok,Ok,,,
moving_average_filter,100,0.37,0.9,355,355,0,62,0,155,95,0,0,43,8.342208,0.023499177,396,10,8,244,83.92957746,1.881690141,1,1,0,1,0.02,0,0,0.026747677,0.072291018,10.9118,5.2646,16.1764,0.675,125,SS,saed05rvt_base_ss0p675v125c,45.5625,5.874930731,5.874930731,0,4.143134726,0,5.049856007,4.564348191,0,0,3.784189634,2.234542627,5.983936281,2.397895273,2.197224577,11.540983,4.8158393,16.356823,1.115346848,5.766080757,8.52411787,Ok,Ok,Ok,,,
moving_average_filter,100,0.63,0.1,355,355,0,62,0,155,95,0,0,43,8.342208,0.023499177,396,10,8,244,83.92957746,1.881690141,1,1,0,1,0.02,0,0,0.038565722,0.061215432,18.0011,5.6616,23.6627,0.675,125,SS,saed05rvt_base_ss0p675v125c,45.5625,5.874930731,5.874930731,0,4.143134726,0,5.049856007,4.564348191,0,0,3.784189634,2.234542627,5.983936281,2.397895273,2.197224577,18.551697,4.942001,23.493698,0.714212156,3.058684066,12.71017264,Ok,Ok,Ok,,,
moving_average_filter,100,0.63,0.37,355,355,0,62,0,155,95,0,0,43,8.342208,0.023499177,396,10,8,244,83.92957746,1.881690141,1,1,0,1,0.02,0,0,0.040839679,0.064824888,18.397,5.5304,23.9274,0.675,125,SS,saed05rvt_base_ss0p675v125c,45.5625,5.874930731,5.874930731,0,4.143134726,0,5.049856007,4.564348191,0,0,3.784189634,2.234542627,5.983936281,2.397895273,2.197224577,18.682768,4.8869658,23.569733,1.494802335,1.553339501,11.63449747,Ok,Ok,Ok,,,
moving_average_filter,100,0.63,0.63,355,355,0,62,0,155,95,0,0,43,8.342208,0.023499177,396,10,8,244,83.92957746,1.881690141,1,1,0,1,0.02,0,0,0.04083874,0.064823397,18.158,5.4092,23.5672,0.675,125,SS,saed05rvt_base_ss0p675v125c,45.5625,5.874930731,5.874930731,0,4.143134726,0,5.049856007,4.564348191,0,0,3.784189634,2.234542627,5.983936281,2.397895273,2.197224577,18.644606,4.8409896,23.485596,0.346262165,2.679841594,10.50451842,Ok,Ok,Ok,,,
moving_average_filter,100,0.63,0.9,355,355,0,62,0,155,95,0,0,43,8.342208,0.023499177,396,10,8,244,83.92957746,1.881690141,1,1,0,1,0.02,0,0,0.038565859,0.061215649,17.5671,5.2646,22.8317,0.675,125,SS,saed05rvt_base_ss0p675v125c,45.5625,5.874930731,5.874930731,0,4.143134726,0,5.049856007,4.564348191,0,0,3.784189634,2.234542627,5.983936281,2.397895273,2.197224577,18.464289,4.8078585,23.272148,1.929107917,5.107210135,8.67571198,Ok,Ok,Ok,,,
moving_average_filter,100,0.9,0.1,355,355,0,62,0,155,95,0,0,43,8.342208,0.023499177,396,10,8,244,83.92957746,1.881690141,1,1,0,1,0.02,0,0,0.050838449,0.056487166,24.9305,5.6616,30.5921,0.675,125,SS,saed05rvt_base_ss0p675v125c,45.5625,5.874930731,5.874930731,0,4.143134726,0,5.049856007,4.564348191,0,0,3.784189634,2.234542627,5.983936281,2.397895273,2.197224577,25.609749,4.931585,30.541334,0.165944305,2.724569665,12.89414944,Ok,Ok,Ok,,,
moving_average_filter,100,0.9,0.37,355,355,0,62,0,155,95,0,0,43,8.342208,0.023499177,396,10,8,244,83.92957746,1.881690141,1,1,0,1,0.02,0,0,0.053112407,0.059013785,25.3195,5.5304,30.8499,0.675,125,SS,saed05rvt_base_ss0p675v125c,45.5625,5.874930731,5.874930731,0,4.143134726,0,5.049856007,4.564348191,0,0,3.784189634,2.234542627,5.983936281,2.397895273,2.197224577,25.755539,4.879693,30.635231,0.695849847,1.722146727,11.76600189,Ok,Ok,Ok,,,
moving_average_filter,100,0.9,0.63,355,355,0,62,0,155,95,0,0,43,8.342208,0.023499177,396,10,8,244,83.92957746,1.881690141,1,1,0,1,0.02,0,0,0.053111467,0.059012741,25.0745,5.4092,30.4837,0.675,125,SS,saed05rvt_base_ss0p675v125c,45.5625,5.874930731,5.874930731,0,4.143134726,0,5.049856007,4.564348191,0,0,3.784189634,2.234542627,5.983936281,2.397895273,2.197224577,25.874714,4.8318954,30.70661,0.731242356,3.191345382,10.6726438,Ok,Ok,Ok,,,
moving_average_filter,100,0.9,0.9,355,355,0,62,0,155,95,0,0,43,8.342208,0.023499177,396,10,8,244,83.92957746,1.881690141,1,1,0,1,0.02,0,0,0.050838586,0.056487318,24.4783,5.2646,29.7429,0.675,125,SS,saed05rvt_base_ss0p675v125c,45.5625,5.874930731,5.874930731,0,4.143134726,0,5.049856007,4.564348191,0,0,3.784189634,2.234542627,5.983936281,2.397895273,2.197224577,25.864143,4.794065,30.658209,3.077402832,5.661518045,8.937716092,Ok,Ok,Ok,,,
moving_average_filter,200,0.1,0.1,355,355,0,62,0,155,95,0,0,43,8.342208,0.023499177,396,10,8,244,83.92957746,1.881690141,1,1,0,1,0.02,0,0,0.013373429,0.133734293,4.364,5.6912,10.0552,0.675,125,SS,saed05rvt_base_ss0p675v125c,91.125,5.874930731,5.874930731,0,4.143134726,0,5.049856007,4.564348191,0,0,3.784189634,2.234542627,5.983936281,2.397895273,2.197224577,3.367247,4.9736004,8.340847,17.04941706,22.84035049,12.60893331,Anomal,Anomal,Ok,,,
moving_average_filter,200,0.1,0.37,355,355,0,62,0,155,95,0,0,43,8.342208,0.023499177,396,10,8,244,83.92957746,1.881690141,1,1,0,1,0.02,0,0,0.013752078,0.137520783,4.2401,5.5522,9.7923,0.675,125,SS,saed05rvt_base_ss0p675v125c,91.125,5.874930731,5.874930731,0,4.143134726,0,5.049856007,4.564348191,0,0,3.784189634,2.234542627,5.983936281,2.397895273,2.197224577,3.3933592,4.8798633,8.273222,15.512985,19.96983127,12.10937534,Anomal,Anomal,Ok,,,
moving_average_filter,200,0.1,0.63,355,355,0,62,0,155,95,0,0,43,8.342208,0.023499177,396,10,8,244,83.92957746,1.881690141,1,1,0,1,0.02,0,0,0.013511727,0.135117273,4.0443,5.4167,9.461,0.675,125,SS,saed05rvt_base_ss0p675v125c,91.125,5.874930731,5.874930731,0,4.143134726,0,5.049856007,4.564348191,0,0,3.784189634,2.234542627,5.983936281,2.397895273,2.197224577,3.424674,4.820888,8.245562,12.84682803,15.32096941,10.99953768,Ok,Anomal,Ok,,,
moving_average_filter,200,0.1,0.9,355,355,0,62,0,155,95,0,0,43,8.342208,0.023499177,396,10,8,244,83.92957746,1.881690141,1,1,0,1,0.02,0,0,0.013194328,0.131943283,3.8415,5.2661,9.1076,0.675,125,SS,saed05rvt_base_ss0p675v125c,91.125,5.874930731,5.874930731,0,4.143134726,0,5.049856007,4.564348191,0,0,3.784189634,2.234542627,5.983936281,2.397895273,2.197224577,3.4461622,4.7989173,8.245079,9.470343004,10.29123457,8.871512247,Ok,Ok,Ok,,,
moving_average_filter,200,0.37,0.1,355,355,0,62,0,155,95,0,0,43,8.342208,0.023499177,396,10,8,244,83.92957746,1.881690141,1,1,0,1,0.02,0,0,0.02980026,0.080541244,12.4145,5.6917,18.1062,0.675,125,SS,saed05rvt_base_ss0p675v125c,91.125,5.874930731,5.874930731,0,4.143134726,0,5.049856007,4.564348191,0,0,3.784189634,2.234542627,5.983936281,2.397895273,2.197224577,12.383875,4.968484,17.35236,4.16343699,0.246688202,12.70650377,Ok,Ok,Ok,,,
moving_average_filter,200,0.37,0.37,355,355,0,62,0,155,95,0,0,43,8.342208,0.023499177,396,10,8,244,83.92957746,1.881690141,1,1,0,1,0.02,0,0,0.030705972,0.082989114,12.3156,5.5513,17.8669,0.675,125,SS,saed05rvt_base_ss0p675v125c,91.125,5.874930731,5.874930731,0,4.143134726,0,5.049856007,4.564348191,0,0,3.784189634,2.234542627,5.983936281,2.397895273,2.197224577,12.47153,4.9027343,17.374264,2.75725636,1.26611745,11.68313225,Ok,Ok,Ok,,,
moving_average_filter,200,0.37,0.63,355,355,0,62,0,155,95,0,0,43,8.342208,0.023499177,396,10,8,244,83.92957746,1.881690141,1,1,0,1,0.02,0,0,0.030561101,0.08259757,11.937,5.4196,17.3566,0.675,125,SS,saed05rvt_base_ss0p675v125c,91.125,5.874930731,5.874930731,0,4.143134726,0,5.049856007,4.564348191,0,0,3.784189634,2.234542627,5.983936281,2.397895273,2.197224577,12.491587,4.843574,17.335161,0.123519531,4.645946931,10.62856951,Ok,Ok,Ok,,,
moving_average_filter,200,0.37,0.9,355,355,0,62,0,155,95,0,0,43,8.342208,0.023499177,396,10,8,244,83.92957746,1.881690141,1,1,0,1,0.02,0,0,0.029491076,0.07970561,11.414,5.2892,16.7032,0.675,125,SS,saed05rvt_base_ss0p675v125c,91.125,5.874930731,5.874930731,0,4.143134726,0,5.049856007,4.564348191,0,0,3.784189634,2.234542627,5.983936281,2.397895273,2.197224577,12.462228,4.81993,17.282158,3.466149588,9.183702658,8.872228757,Ok,Ok,Ok,,,
moving_average_filter,200,0.63,0.1,355,355,0,62,0,155,95,0,0,43,8.342208,0.023499177,396,10,8,244,83.92957746,1.881690141,1,1,0,1,0.02,0,0,0.038694192,0.061419352,18.2542,5.6869,23.9411,0.675,125,SS,saed05rvt_base_ss0p675v125c,91.125,5.874930731,5.874930731,0,4.143134726,0,5.049856007,4.564348191,0,0,3.784189634,2.234542627,5.983936281,2.397895273,2.197224577,19.016716,4.9567685,23.973484,0.135265461,4.177208552,12.83883113,Ok,Ok,Ok,,,
moving_average_filter,200,0.63,0.37,355,355,0,62,0,155,95,0,0,43,8.342208,0.023499177,396,10,8,244,83.92957746,1.881690141,1,1,0,1,0.02,0,0,0.04323854,0.068632604,19.1242,5.5507,24.6749,0.675,125,SS,saed05rvt_base_ss0p675v125c,91.125,5.874930731,5.874930731,0,4.143134726,0,5.049856007,4.564348191,0,0,3.784189634,2.234542627,5.983936281,2.397895273,2.197224577,19.24199,4.896186,24.138176,2.175182212,0.61591667,11.79156007,Ok,Ok,Ok,,,
moving_average_filter,200,0.63,0.63,355,355,0,62,0,155,95,0,0,43,8.342208,0.023499177,396,10,8,244,83.92957746,1.881690141,1,1,0,1,0.02,0,0,0.043235045,0.068627056,18.7202,5.4246,24.1448,0.675,125,SS,saed05rvt_base_ss0p675v125c,91.125,5.874930731,5.874930731,0,4.143134726,0,5.049856007,4.564348191,0,0,3.784189634,2.234542627,5.983936281,2.397895273,2.197224577,19.193165,4.8513603,24.044525,0.415306209,2.526494511,10.56740919,Ok,Ok,Ok,,,
moving_average_filter,200,0.63,0.9,355,355,0,62,0,155,95,0,0,43,8.342208,0.023499177,396,10,8,244,83.92957746,1.881690141,1,1,0,1,0.02,0,0,0.038691126,0.061414486,17.6144,5.2749,22.8893,0.675,125,SS,saed05rvt_base_ss0p675v125c,91.125,5.874930731,5.874930731,0,4.143134726,0,5.049856007,4.564348191,0,0,3.784189634,2.234542627,5.983936281,2.397895273,2.197224577,18.913105,4.817034,23.730139,3.673501499,7.372973312,8.680093126,Ok,Ok,Ok,,,
moving_average_filter,200,0.9,0.1,355,355,0,62,0,155,95,0,0,43,8.342208,0.023499177,396,10,8,244,83.92957746,1.881690141,1,1,0,1,0.02,0,0,0.050966919,0.05662991,25.1869,5.6869,30.8738,0.675,125,SS,saed05rvt_base_ss0p675v125c,91.125,5.874930731,5.874930731,0,4.143134726,0,5.049856007,4.564348191,0,0,3.784189634,2.234542627,5.983936281,2.397895273,2.197224577,26.42976,4.940258,31.370018,1.607246291,4.934549227,13.12915602,Ok,Ok,Ok,,,
moving_average_filter,200,0.9,0.37,355,355,0,62,0,155,95,0,0,43,8.342208,0.023499177,396,10,8,244,83.92957746,1.881690141,1,1,0,1,0.02,0,0,0.055511268,0.061679186,26.0499,5.5507,31.6006,0.675,125,SS,saed05rvt_base_ss0p675v125c,91.125,5.874930731,5.874930731,0,4.143134726,0,5.049856007,4.564348191,0,0,3.784189634,2.234542627,5.983936281,2.397895273,2.197224577,26.751373,4.891985,31.643358,0.135308287,2.69280608,11.86724306,Ok,Ok,Ok,,,
moving_average_filter,200,0.9,0.63,355,355,0,62,0,155,95,0,0,43,8.342208,0.023499177,396,10,8,244,83.92957746,1.881690141,1,1,0,1,0.02,0,0,0.055507773,0.061675303,25.64,5.4246,31.0646,0.675,125,SS,saed05rvt_base_ss0p675v125c,91.125,5.874930731,5.874930731,0,4.143134726,0,5.049856007,4.564348191,0,0,3.784189634,2.234542627,5.983936281,2.397895273,2.197224577,26.882689,4.8378534,31.720543,2.111544677,4.846679104,10.81640247,Ok,Ok,Ok,,,
moving_average_filter,200,0.9,0.9,355,355,0,62,0,155,95,0,0,43,8.342208,0.023499177,396,10,8,244,83.92957746,1.881690141,1,1,0,1,0.02,0,0,0.050963854,0.056626504,24.5286,5.2749,29.8035,0.675,125,SS,saed05rvt_base_ss0p675v125c,91.125,5.874930731,5.874930731,0,4.143134726,0,5.049856007,4.564348191,0,0,3.784189634,2.234542627,5.983936281,2.397895273,2.197224577,26.845327,4.80393,31.649258,6.193090274,9.445004514,8.928514176,Ok,Ok,Ok,,,
moving_average_filter,300,0.1,0.1,355,355,0,62,0,155,95,0,0,43,8.342208,0.023499177,396,10,8,244,83.92957746,1.881690141,1,1,0,1,0.02,0,0,0.012764177,0.127641768,4.2753,5.7031,9.9784,0.675,125,SS,saed05rvt_base_ss0p675v125c,136.6875,5.874930731,5.874930731,0,4.143134726,0,5.049856007,4.564348191,0,0,3.784189634,2.234542627,5.983936281,2.397895273,2.197224577,3.3984218,4.9890046,8.387426,15.94417566,20.51033227,12.5211795,Anomal,Anomal,Ok,,,
moving_average_filter,300,0.1,0.37,355,355,0,62,0,155,95,0,0,43,8.342208,0.023499177,396,10,8,244,83.92957746,1.881690141,1,1,0,1,0.02,0,0,0.013021043,0.130210429,4.1271,5.5623,9.6894,0.675,125,SS,saed05rvt_base_ss0p675v125c,136.6875,5.874930731,5.874930731,0,4.143134726,0,5.049856007,4.564348191,0,0,3.784189634,2.234542627,5.983936281,2.397895273,2.197224577,3.4150472,4.898794,8.313841,14.19653574,17.25310342,11.92862352,Ok,Anomal,Ok,,,
moving_average_filter,300,0.1,0.63,355,355,0,62,0,155,95,0,0,43,8.342208,0.023499177,396,10,8,244,83.92957746,1.881690141,1,1,0,1,0.02,0,0,0.012842758,0.128427576,3.9473,5.4265,9.3738,0.675,125,SS,saed05rvt_base_ss0p675v125c,136.6875,5.874930731,5.874930731,0,4.143134726,0,5.049856007,4.564348191,0,0,3.784189634,2.234542627,5.983936281,2.397895273,2.197224577,3.441515,4.8366776,8.2781925,11.68797585,12.81344289,10.86929787,Ok,Ok,Ok,,,
moving_average_filter,300,0.1,0.9,355,355,0,62,0,155,95,0,0,43,8.342208,0.023499177,396,10,8,244,83.92957746,1.881690141,1,1,0,1,0.02,0,0,0.012530078,0.125300783,3.7463,5.2725,9.0188,0.675,125,SS,saed05rvt_base_ss0p675v125c,136.6875,5.874930731,5.874930731,0,4.143134726,0,5.049856007,4.564348191,0,0,3.784189634,2.234542627,5.983936281,2.397895273,2.197224577,3.4697404,4.8139653,8.283706,8.150688436,7.38220669,8.696722227,Ok,Ok,Ok,,,
moving_average_filter,300,0.37,0.1,355,355,0,62,0,155,95,0,0,43,8.342208,0.023499177,396,10,8,244,83.92957746,1.881690141,1,1,0,1,0.02,0,0,0.030196518,0.08161221,12.6211,5.7041,18.3252,0.675,125,SS,saed05rvt_base_ss0p675v125c,136.6875,5.874930731,5.874930731,0,4.143134726,0,5.049856007,4.564348191,0,0,3.784189634,2.234542627,5.983936281,2.397895273,2.197224577,12.448495,4.9795074,17.428001,4.895982561,1.367591484,12.70301281,Ok,Ok,Ok,,,
moving_average_filter,300,0.37,0.37,355,355,0,62,0,155,95,0,0,43,8.342208,0.023499177,396,10,8,244,83.92957746,1.881690141,1,1,0,1,0.02,0,0,0.031376023,0.084800061,12.55,5.5624,18.1124,0.675,125,SS,saed05rvt_base_ss0p675v125c,136.6875,5.874930731,5.874930731,0,4.143134726,0,5.049856007,4.564348191,0,0,3.784189634,2.234542627,5.983936281,2.397895273,2.197224577,12.54892,4.910707,17.459627,3.60401078,0.008608146,11.71603989,Ok,Ok,Ok,,,
moving_average_filter,300,0.37,0.63,355,355,0,62,0,155,95,0,0,43,8.342208,0.023499177,396,10,8,244,83.92957746,1.881690141,1,1,0,1,0.02,0,0,0.031114376,0.084092909,12.0931,5.4261,17.5192,0.675,125,SS,saed05rvt_base_ss0p675v125c,136.6875,5.874930731,5.874930731,0,4.143134726,0,5.049856007,4.564348191,0,0,3.784189634,2.234542627,5.983936281,2.397895273,2.197224577,12.56938,4.856238,17.425617,0.53417269,3.938442637,10.50224124,Ok,Ok,Ok,,,
moving_average_filter,300,0.37,0.9,355,355,0,62,0,155,95,0,0,43,8.342208,0.023499177,396,10,8,244,83.92957746,1.881690141,1,1,0,1,0.02,0,0,0.029779646,0.080485531,11.4602,5.2898,16.75,0.675,125,SS,saed05rvt_base_ss0p675v125c,136.6875,5.874930731,5.874930731,0,4.143134726,0,5.049856007,4.564348191,0,0,3.784189634,2.234542627,5.983936281,2.397895273,2.197224577,12.541837,4.828537,17.370373,3.703718043,9.438201241,8.719857323,Ok,Ok,Ok,,,
moving_average_filter,300,0.63,0.1,355,355,0,62,0,155,95,0,0,43,8.342208,0.023499177,396,10,8,244,83.92957746,1.881690141,1,1,0,1,0.02,0,0,0.039350962,0.062461845,18.5419,5.6983,24.2402,0.675,125,SS,saed05rvt_base_ss0p675v125c,136.6875,5.874930731,5.874930731,0,4.143134726,0,5.049856007,4.564348191,0,0,3.784189634,2.234542627,5.983936281,2.397895273,2.197224577,19.114391,4.9682617,24.082653,0.649940819,3.087554819,12.81151012,Ok,Ok,Ok,,,
moving_average_filter,300,0.63,0.37,355,355,0,62,0,155,95,0,0,43,8.342208,0.023499177,396,10,8,244,83.92957746,1.881690141,1,1,0,1,0.02,0,0,0.046167556,0.073281834,19.8948,5.56,25.4548,0.675,125,SS,saed05rvt_base_ss0p675v125c,136.6875,5.874930731,5.874930731,0,4.143134726,0,5.049856007,4.564348191,0,0,3.784189634,2.234542627,5.983936281,2.397895273,2.197224577,19.45379,4.904119,24.35791,4.309167009,2.216706553,11.7964206,Ok,Ok,Ok,,,
moving_average_filter,300,0.63,0.63,355,355,0,62,0,155,95,0,0,43,8.342208,0.023499177,396,10,8,244,83.92957746,1.881690141,1,1,0,1,0.02,0,0,0.046166303,0.073279846,19.3348,5.4319,24.7667,0.675,125,SS,saed05rvt_base_ss0p675v125c,136.6875,5.874930731,5.874930731,0,4.143134726,0,5.049856007,4.564348191,0,0,3.784189634,2.234542627,5.983936281,2.397895273,2.197224577,19.412016,4.858207,24.270224,2.004612574,0.399362367,10.56154889,Ok,Ok,Ok,,,
moving_average_filter,300,0.63,0.9,355,355,0,62,0,155,95,0,0,43,8.342208,0.023499177,396,10,8,244,83.92957746,1.881690141,1,1,0,1,0.02,0,0,0.039350616,0.062461295,17.7219,5.2801,23.002,0.675,125,SS,saed05rvt_base_ss0p675v125c,136.6875,5.874930731,5.874930731,0,4.143134726,0,5.049856007,4.564348191,0,0,3.784189634,2.234542627,5.983936281,2.397895273,2.197224577,19.049582,4.823442,23.873024,3.786731531,7.491756119,8.648662293,Ok,Ok,Ok,,,
moving_average_filter,300,0.9,0.1,355,355,0,62,0,155,95,0,0,43,8.342208,0.023499177,396,10,8,244,83.92957746,1.881690141,1,1,0,1,0.02,0,0,0.051623689,0.057359655,25.476,5.6983,31.1743,0.675,125,SS,saed05rvt_base_ss0p675v125c,136.6875,5.874930731,5.874930731,0,4.143134726,0,5.049856007,4.564348191,0,0,3.784189634,2.234542627,5.983936281,2.397895273,2.197224577,26.945328,4.9526415,31.897968,2.321361802,5.767497876,13.08563103,Ok,Ok,Ok,,,
moving_average_filter,300,0.9,0.37,355,355,0,62,0,155,95,0,0,43,8.342208,0.023499177,396,10,8,244,83.92957746,1.881690141,1,1,0,1,0.02,0,0,0.058440283,0.064933648,26.8218,5.56,32.3818,0.675,125,SS,saed05rvt_base_ss0p675v125c,136.6875,5.874930731,5.874930731,0,4.143134726,0,5.049856007,4.564348191,0,0,3.784189634,2.234542627,5.983936281,2.397895273,2.197224577,27.35097,4.903319,32.254288,0.393777617,1.97290754,11.81081148,Ok,Ok,Ok,,,
moving_average_filter,300,0.9,0.63,355,355,0,62,0,155,95,0,0,43,8.342208,0.023499177,396,10,8,244,83.92957746,1.881690141,1,1,0,1,0.02,0,0,0.05843903,0.064932256,26.2558,5.4319,31.6877,0.675,125,SS,saed05rvt_base_ss0p675v125c,136.6875,5.874930731,5.874930731,0,4.143134726,0,5.049856007,4.564348191,0,0,3.784189634,2.234542627,5.983936281,2.397895273,2.197224577,27.537117,4.845413,32.38253,2.192744227,4.88012936,10.79708375,Ok,Ok,Ok,,,
moving_average_filter,300,0.9,0.9,355,355,0,62,0,155,95,0,0,43,8.342208,0.023499177,396,10,8,244,83.92957746,1.881690141,1,1,0,1,0.02,0,0,0.051623343,0.05735927,24.6373,5.2801,29.9174,0.675,125,SS,saed05rvt_base_ss0p675v125c,136.6875,5.874930731,5.874930731,0,4.143134726,0,5.049856007,4.564348191,0,0,3.784189634,2.234542627,5.983936281,2.397895273,2.197224577,27.440022,4.80786,32.247883,7.78972385,11.37592802,8.943771943,Ok,Ok,Ok,,,
moving_average_filter,450,0.1,0.1,355,355,0,62,0,155,95,0,0,43,8.342208,0.023499177,396,10,8,244,83.92957746,1.881690141,1,1,0,1,0.02,0,0,0.013184806,0.131848056,4.3616,5.6952,10.0568,0.675,125,SS,saed05rvt_base_ss0p675v125c,205.03125,5.874930731,5.874930731,0,4.143134726,0,5.049856007,4.564348191,0,0,3.784189634,2.234542627,5.983936281,2.397895273,2.197224577,3.465437,4.9975095,8.462946,15.84852102,20.54665867,12.25050078,Anomal,Anomal,Ok,,,
moving_average_filter,450,0.1,0.37,355,355,0,62,0,155,95,0,0,43,8.342208,0.023499177,396,10,8,244,83.92957746,1.881690141,1,1,0,1,0.02,0,0,0.013468215,0.134682146,4.2055,5.5545,9.76,0.675,125,SS,saed05rvt_base_ss0p675v125c,205.03125,5.874930731,5.874930731,0,4.143134726,0,5.049856007,4.564348191,0,0,3.784189634,2.234542627,5.983936281,2.397895273,2.197224577,3.486157,4.920798,8.406955,13.86316839,17.10481654,11.40880683,Ok,Anomal,Ok,,,
moving_average_filter,450,0.1,0.63,355,355,0,62,0,155,95,0,0,43,8.342208,0.023499177,396,10,8,244,83.92957746,1.881690141,1,1,0,1,0.02,0,0,0.01322279,0.132227904,4.0049,5.4183,9.4232,0.675,125,SS,saed05rvt_base_ss0p675v125c,205.03125,5.874930731,5.874930731,0,4.143134726,0,5.049856007,4.564348191,0,0,3.784189634,2.234542627,5.983936281,2.397895273,2.197224577,3.5217028,4.857021,8.378723,11.08409941,12.06515103,10.3589529,Ok,Ok,Ok,,,
moving_average_filter,450,0.1,0.9,355,355,0,62,0,155,95,0,0,43,8.342208,0.023499177,396,10,8,244,83.92957746,1.881690141,1,1,0,1,0.02,0,0,0.012970876,0.129708763,3.8077,5.2653,9.073,0.675,125,SS,saed05rvt_base_ss0p675v125c,205.03125,5.874930731,5.874930731,0,4.143134726,0,5.049856007,4.564348191,0,0,3.784189634,2.234542627,5.983936281,2.397895273,2.197224577,3.5613298,4.8292875,8.390617,7.521025343,6.470314321,8.280866636,Ok,Ok,Ok,,,
moving_average_filter,450,0.37,0.1,355,355,0,62,0,155,95,0,0,43,8.342208,0.023499177,396,10,8,244,83.92957746,1.881690141,1,1,0,1,0.02,0,0,0.032001235,0.086489824,13.0963,5.6947,18.791,0.675,125,SS,saed05rvt_base_ss0p675v125c,205.03125,5.874930731,5.874930731,0,4.143134726,0,5.049856007,4.564348191,0,0,3.784189634,2.234542627,5.983936281,2.397895273,2.197224577,12.511777,4.9884076,17.500185,6.869325673,4.463268831,12.4026268,Ok,Ok,Ok,,,
moving_average_filter,450,0.37,0.37,355,355,0,62,0,155,95,0,0,43,8.342208,0.023499177,396,10,8,244,83.92957746,1.881690141,1,1,0,1,0.02,0,0,0.032779061,0.088592056,12.8622,5.5541,18.4163,0.675,125,SS,saed05rvt_base_ss0p675v125c,205.03125,5.874930731,5.874930731,0,4.143134726,0,5.049856007,4.564348191,0,0,3.784189634,2.234542627,5.983936281,2.397895273,2.197224577,12.634936,4.9303484,17.565285,4.620989401,1.766911316,11.23047125,Ok,Ok,Ok,,,
moving_average_filter,450,0.37,0.63,355,355,0,62,0,155,95,0,0,43,8.342208,0.023499177,396,10,8,244,83.92957746,1.881690141,1,1,0,1,0.02,0,0,0.032542967,0.087953965,12.3617,5.4188,17.7805,0.675,125,SS,saed05rvt_base_ss0p675v125c,205.03125,5.874930731,5.874930731,0,4.143134726,0,5.049856007,4.564348191,0,0,3.784189634,2.234542627,5.983936281,2.397895273,2.197224577,12.679976,4.8759646,17.55594,1.262953078,2.574698167,10.01763044,Ok,Ok,Ok,,,
moving_average_filter,450,0.37,0.9,355,355,0,62,0,155,95,0,0,43,8.342208,0.023499177,396,10,8,244,83.92957746,1.881690141,1,1,0,1,0.02,0,0,0.031461157,0.085030153,11.7047,5.2757,16.9804,0.675,125,SS,saed05rvt_base_ss0p675v125c,205.03125,5.874930731,5.874930731,0,4.143134726,0,5.049856007,4.564348191,0,0,3.784189634,2.234542627,5.983936281,2.397895273,2.197224577,12.668445,4.842387,17.510832,3.123788797,8.233826014,8.213370749,Ok,Ok,Ok,,,
moving_average_filter,450,0.63,0.1,355,355,0,62,0,155,95,0,0,43,8.342208,0.023499177,396,10,8,244,83.92957746,1.881690141,1,1,0,1,0.02,0,0,0.04746746,0.075345174,20.8309,5.6947,26.5256,0.675,125,SS,saed05rvt_base_ss0p675v125c,205.03125,5.874930731,5.874930731,0,4.143134726,0,5.049856007,4.564348191,0,0,3.784189634,2.234542627,5.983936281,2.397895273,2.197224577,19.525602,4.9755497,24.501152,7.632053418,6.266160652,12.62841418,Ok,Ok,Ok,,,
moving_average_filter,450,0.63,0.37,355,355,0,62,0,155,95,0,0,43,8.342208,0.023499177,396,10,8,244,83.92957746,1.881690141,1,1,0,1,0.02,0,0,0.04977199,0.079003159,20.8048,5.5543,26.3591,0.675,125,SS,saed05rvt_base_ss0p675v125c,205.03125,5.874930731,5.874930731,0,4.143134726,0,5.049856007,4.564348191,0,0,3.784189634,2.234542627,5.983936281,2.397895273,2.197224577,19.65966,4.9228616,24.582521,6.739905996,5.504208936,11.3684609,Ok,Ok,Ok,,,
moving_average_filter,450,0.63,0.63,355,355,0,62,0,155,95,0,0,43,8.342208,0.023499177,396,10,8,244,83.92957746,1.881690141,1,1,0,1,0.02,0,0,0.049487793,0.078552052,20.0709,5.4186,25.4895,0.675,125,SS,saed05rvt_base_ss0p675v125c,205.03125,5.874930731,5.874930731,0,4.143134726,0,5.049856007,4.564348191,0,0,3.784189634,2.234542627,5.983936281,2.397895273,2.197224577,19.614851,4.869236,24.484087,3.944420289,2.272190096,10.1384861,Ok,Ok,Ok,,,
moving_average_filter,450,0.63,0.9,355,355,0,62,0,155,95,0,0,43,8.342208,0.023499177,396,10,8,244,83.92957746,1.881690141,1,1,0,1,0.02,0,0,0.047029737,0.074650377,18.9776,5.2852,24.2628,0.675,125,SS,saed05rvt_base_ss0p675v125c,205.03125,5.874930731,5.874930731,0,4.143134726,0,5.049856007,4.564348191,0,0,3.784189634,2.234542627,5.983936281,2.397895273,2.197224577,19.491447,4.8278975,24.319345,0.233054199,2.707652436,8.652509864,Ok,Ok,Ok,,,
moving_average_filter,450,0.9,0.1,355,355,0,62,0,155,95,0,0,43,8.342208,0.023499177,396,10,8,244,83.92957746,1.881690141,1,1,0,1,0.02,0,0,0.055315487,0.061461653,26.5042,5.6881,32.1923,0.675,125,SS,saed05rvt_base_ss0p675v125c,205.03125,5.874930731,5.874930731,0,4.143134726,0,5.049856007,4.564348191,0,0,3.784189634,2.234542627,5.983936281,2.397895273,2.197224577,27.236017,4.9696417,32.205658,0.041494267,2.761136828,12.63090161,Ok,Ok,Ok,,,
moving_average_filter,450,0.9,0.37,355,355,0,62,0,155,95,0,0,43,8.342208,0.023499177,396,10,8,244,83.92957746,1.881690141,1,1,0,1,0.02,0,0,0.065540472,0.072822747,28.5037,5.5509,34.0546,0.675,125,SS,saed05rvt_base_ss0p675v125c,205.03125,5.874930731,5.874930731,0,4.143134726,0,5.049856007,4.564348191,0,0,3.784189634,2.234542627,5.983936281,2.397895273,2.197224577,28.011366,4.9202933,32.93166,3.297470243,1.727263862,11.36044009,Ok,Ok,Ok,,,
moving_average_filter,450,0.9,0.63,355,355,0,62,0,155,95,0,0,43,8.342208,0.023499177,396,10,8,244,83.92957746,1.881690141,1,1,0,1,0.02,0,0,0.065539535,0.072821706,27.635,5.4239,33.0589,0.675,125,SS,saed05rvt_base_ss0p675v125c,205.03125,5.874930731,5.874930731,0,4.143134726,0,5.049856007,4.564348191,0,0,3.784189634,2.234542627,5.983936281,2.397895273,2.197224577,28.338057,4.859145,33.1972,0.418346573,2.544080204,10.41233864,Ok,Ok,Ok,,,
moving_average_filter,450,0.9,0.9,355,355,0,62,0,155,95,0,0,43,8.342208,0.023499177,396,10,8,244,83.92957746,1.881690141,1,1,0,1,0.02,0,0,0.055313962,0.061459958,25.1851,5.2732,30.4583,0.675,125,SS,saed05rvt_base_ss0p675v125c,205.03125,5.874930731,5.874930731,0,4.143134726,0,5.049856007,4.564348191,0,0,3.784189634,2.234542627,5.983936281,2.397895273,2.197224577,28.027716,4.8115373,32.839252,7.817089174,11.28689456,8.754887625,Ok,Ok,Ok,,,
moving_average_filter,600,0.1,0.1,355,355,0,62,0,155,95,0,0,43,8.342208,0.023499177,396,10,8,244,83.92957746,1.881690141,1,1,0,1,0.02,0,0,0.013398558,0.133985581,4.3982,5.6938,10.092,0.675,125,SS,saed05rvt_base_ss0p675v125c,273.375,5.874930731,5.874930731,0,4.143134726,0,5.049856007,4.564348191,0,0,3.784189634,2.234542627,5.983936281,2.397895273,2.197224577,3.5452762,5.0038853,8.549162,15.28773374,19.39256594,12.11694704,Anomal,Anomal,Ok,,,
moving_average_filter,600,0.1,0.37,355,355,0,62,0,155,95,0,0,43,8.342208,0.023499177,396,10,8,244,83.92957746,1.881690141,1,1,0,1,0.02,0,0,0.013707318,0.137073182,4.2446,5.5527,9.7973,0.675,125,SS,saed05rvt_base_ss0p675v125c,273.375,5.874930731,5.874930731,0,4.143134726,0,5.049856007,4.564348191,0,0,3.784189634,2.234542627,5.983936281,2.397895273,2.197224577,3.5768366,4.941222,8.518059,13.05707923,15.73206931,11.01226087,Ok,Anomal,Ok,,,
moving_average_filter,600,0.1,0.63,355,355,0,62,0,155,95,0,0,43,8.342208,0.023499177,396,10,8,244,83.92957746,1.881690141,1,1,0,1,0.02,0,0,0.013472058,0.134720581,4.0436,5.4171,9.4607,0.675,125,SS,saed05rvt_base_ss0p675v125c,273.375,5.874930731,5.874930731,0,4.143134726,0,5.049856007,4.564348191,0,0,3.784189634,2.234542627,5.983936281,2.397895273,2.197224577,3.6053863,4.8849645,8.490351,10.25663298,10.8372179,9.823254766,Ok,Ok,Ok,,,
moving_average_filter,600,0.1,0.9,355,355,0,62,0,155,95,0,0,43,8.342208,0.023499177,396,10,8,244,83.92957746,1.881690141,1,1,0,1,0.02,0,0,0.013234343,0.132343434,3.8452,5.264,9.1092,0.675,125,SS,saed05rvt_base_ss0p675v125c,273.375,5.874930731,5.874930731,0,4.143134726,0,5.049856007,4.564348191,0,0,3.784189634,2.234542627,5.983936281,2.397895273,2.197224577,3.636118,4.8446317,8.480749,6.899078621,5.437482181,7.966723558,Ok,Ok,Ok,,,
moving_average_filter,600,0.37,0.1,355,355,0,62,0,155,95,0,0,43,8.342208,0.023499177,396,10,8,244,83.92957746,1.881690141,1,1,0,1,0.02,0,0,0.03301971,0.089242458,13.3614,5.6927,19.0541,0.675,125,SS,saed05rvt_base_ss0p675v125c,273.375,5.874930731,5.874930731,0,4.143134726,0,5.049856007,4.564348191,0,0,3.784189634,2.234542627,5.983936281,2.397895273,2.197224577,12.563186,5.000591,17.563776,7.821539636,5.974031974,12.15783721,Ok,Ok,Ok,,,
moving_average_filter,600,0.37,0.37,355,355,0,62,0,155,95,0,0,43,8.342208,0.023499177,396,10,8,244,83.92957746,1.881690141,1,1,0,1,0.02,0,0,0.033441735,0.090383067,13.0014,5.5526,18.554,0.675,125,SS,saed05rvt_base_ss0p675v125c,273.375,5.874930731,5.874930731,0,4.143134726,0,5.049856007,4.564348191,0,0,3.784189634,2.234542627,5.983936281,2.397895273,2.197224577,12.695601,4.951634,17.647236,4.887162497,2.352043139,10.82314717,Ok,Ok,Ok,,,
moving_average_filter,600,0.37,0.63,355,355,0,62,0,155,95,0,0,43,8.342208,0.023499177,396,10,8,244,83.92957746,1.881690141,1,1,0,1,0.02,0,0,0.033262278,0.089898048,12.4899,5.4174,17.9073,0.675,125,SS,saed05rvt_base_ss0p675v125c,273.375,5.874930731,5.874930731,0,4.143134726,0,5.049856007,4.564348191,0,0,3.784189634,2.234542627,5.983936281,2.397895273,2.197224577,12.782524,4.8961844,17.678709,1.276523931,2.342885923,9.621138472,Ok,Ok,Ok,,,
moving_average_filter,600,0.37,0.9,355,355,0,62,0,155,95,0,0,43,8.342208,0.023499177,396,10,8,244,83.92957746,1.881690141,1,1,0,1,0.02,0,0,0.032383187,0.087522127,11.8318,5.2695,17.1013,0.675,125,SS,saed05rvt_base_ss0p675v125c,273.375,5.874930731,5.874930731,0,4.143134726,0,5.049856007,4.564348191,0,0,3.784189634,2.234542627,5.983936281,2.397895273,2.197224577,12.812262,4.8594794,17.671741,3.335661532,8.286664594,7.781014758,Ok,Ok,Ok,,,
moving_average_filter,600,0.63,0.1,355,355,0,62,0,155,95,0,0,43,8.342208,0.023499177,396,10,8,244,83.92957746,1.881690141,1,1,0,1,0.02,0,0,0.049402116,0.078416057,21.3568,5.6928,27.0496,0.675,125,SS,saed05rvt_base_ss0p675v125c,273.375,5.874930731,5.874930731,0,4.143134726,0,5.049856007,4.564348191,0,0,3.784189634,2.234542627,5.983936281,2.397895273,2.197224577,19.626999,4.987861,24.61486,9.001018371,8.099533163,12.3829898,Ok,Ok,Ok,,,
moving_average_filter,600,0.63,0.37,355,355,0,62,0,155,95,0,0,43,8.342208,0.023499177,396,10,8,244,83.92957746,1.881690141,1,1,0,1,0.02,0,0,0.051333702,0.081482067,21.1673,5.5526,26.7199,0.675,125,SS,saed05rvt_base_ss0p675v125c,273.375,5.874930731,5.874930731,0,4.143134726,0,5.049856007,4.564348191,0,0,3.784189634,2.234542627,5.983936281,2.397895273,2.197224577,19.764502,4.946046,24.710548,7.520056584,6.627195856,10.92378569,Ok,Ok,Ok,,,
moving_average_filter,600,0.63,0.63,355,355,0,62,0,155,95,0,0,43,8.342208,0.023499177,396,10,8,244,83.92957746,1.881690141,1,1,0,1,0.02,0,0,0.05101729,0.080979826,20.3689,5.4172,25.7861,0.675,125,SS,saed05rvt_base_ss0p675v125c,273.375,5.874930731,5.874930731,0,4.143134726,0,5.049856007,4.564348191,0,0,3.784189634,2.234542627,5.983936281,2.397895273,2.197224577,19.786673,4.885009,24.67168,4.321784021,2.8584136,9.824100791,Ok,Ok,Ok,,,
moving_average_filter,600,0.63,0.9,355,355,0,62,0,155,95,0,0,43,8.342208,0.023499177,396,10,8,244,83.92957746,1.881690141,1,1,0,1,0.02,0,0,0.048878242,0.077584512,19.2484,5.2785,24.5269,0.675,125,SS,saed05rvt_base_ss0p675v125c,273.375,5.874930731,5.874930731,0,4.143134726,0,5.049856007,4.564348191,0,0,3.784189634,2.234542627,5.983936281,2.397895273,2.197224577,19.774454,4.8405766,24.61503,0.359320944,2.732975815,8.296359786,Ok,Ok,Ok,,,
moving_average_filter,600,0.9,0.1,355,355,0,62,0,155,95,0,0,43,8.342208,0.023499177,396,10,8,244,83.92957746,1.881690141,1,1,0,1,0.02,0,0,0.065119957,0.072355508,29.2891,5.6927,34.9818,0.675,125,SS,saed05rvt_base_ss0p675v125c,273.375,5.874930731,5.874930731,0,4.143134726,0,5.049856007,4.564348191,0,0,3.784189634,2.234542627,5.983936281,2.397895273,2.197224577,27.9015,4.983276,32.884777,5.994611286,4.737596232,12.46199711,Ok,Ok,Ok,,,
moving_average_filter,600,0.9,0.37,355,355,0,62,0,155,95,0,0,43,8.342208,0.023499177,396,10,8,244,83.92957746,1.881690141,1,1,0,1,0.02,0,0,0.068465932,0.076073258,29.2814,5.5526,34.834,0.675,125,SS,saed05rvt_base_ss0p675v125c,273.375,5.874930731,5.874930731,0,4.143134726,0,5.049856007,4.564348191,0,0,3.784189634,2.234542627,5.983936281,2.397895273,2.197224577,28.385855,4.9404335,33.326286,4.328281805,3.058410045,11.02486219,Ok,Ok,Ok,,,
moving_average_filter,600,0.9,0.63,355,355,0,62,0,155,95,0,0,43,8.342208,0.023499177,396,10,8,244,83.92957746,1.881690141,1,1,0,1,0.02,0,0,0.068198679,0.07577631,28.2795,5.4174,33.6969,0.675,125,SS,saed05rvt_base_ss0p675v125c,273.375,5.874930731,5.874930731,0,4.143134726,0,5.049856007,4.564348191,0,0,3.784189634,2.234542627,5.983936281,2.397895273,2.197224577,28.690134,4.874821,33.564957,0.391559268,1.452055547,10.0154837,Ok,Ok,Ok,,,
moving_average_filter,600,0.9,0.9,355,355,0,62,0,155,95,0,0,43,8.342208,0.023499177,396,10,8,244,83.92957746,1.881690141,1,1,0,1,0.02,0,0,0.064660712,0.071845236,26.7375,5.2852,32.0227,0.675,125,SS,saed05rvt_base_ss0p675v125c,273.375,5.874930731,5.874930731,0,4.143134726,0,5.049856007,4.564348191,0,0,3.784189634,2.234542627,5.983936281,2.397895273,2.197224577,28.839592,4.816493,33.656086,5.100712832,7.861961589,8.86829194,Ok,Ok,Ok,,,
moving_average_filter,750,0.1,0.1,355,355,0,62,0,155,95,0,0,43,8.342208,0.023499177,396,10,8,244,83.92957746,1.881690141,1,1,0,1,0.02,0,0,0.013503003,0.135030025,4.4273,5.6898,10.1171,0.675,125,SS,saed05rvt_base_ss0p675v125c,341.71875,5.874930731,5.874930731,0,4.143134726,0,5.049856007,4.564348191,0,0,3.784189634,2.234542627,5.983936281,2.397895273,2.197224577,3.6347284,5.011324,8.646052,14.54021053,17.90191693,11.92442742,Ok,Anomal,Ok,,,
moving_average_filter,750,0.1,0.37,355,355,0,62,0,155,95,0,0,43,8.342208,0.023499177,396,10,8,244,83.92957746,1.881690141,1,1,0,1,0.02,0,0,0.013872987,0.138729874,4.2784,5.5499,9.8283,0.675,125,SS,saed05rvt_base_ss0p675v125c,341.71875,5.874930731,5.874930731,0,4.143134726,0,5.049856007,4.564348191,0,0,3.784189634,2.234542627,5.983936281,2.397895273,2.197224577,3.656622,4.9579444,8.614567,12.34937066,14.53295781,10.66605897,Ok,Ok,Ok,,,
moving_average_filter,750,0.1,0.63,355,355,0,62,0,155,95,0,0,43,8.342208,0.023499177,396,10,8,244,83.92957746,1.881690141,1,1,0,1,0.02,0,0,0.013642258,0.136422576,4.0731,5.4148,9.4879,0.675,125,SS,saed05rvt_base_ss0p675v125c,341.71875,5.874930731,5.874930731,0,4.143134726,0,5.049856007,4.564348191,0,0,3.784189634,2.234542627,5.983936281,2.397895273,2.197224577,3.670937,4.9111776,8.582115,9.54673665,9.873632827,9.300848874,Ok,Ok,Ok,,,
moving_average_filter,750,0.1,0.9,355,355,0,62,0,155,95,0,0,43,8.342208,0.023499177,396,10,8,244,83.92957746,1.881690141,1,1,0,1,0.02,0,0,0.013397308,0.133973081,3.8681,5.2615,9.1296,0.675,125,SS,saed05rvt_base_ss0p675v125c,341.71875,5.874930731,5.874930731,0,4.143134726,0,5.049856007,4.564348191,0,0,3.784189634,2.234542627,5.983936281,2.397895273,2.197224577,3.6789737,4.8654914,8.544465,6.409206701,4.889385622,7.526534444,Ok,Ok,Ok,,,
moving_average_filter,750,0.37,0.1,355,355,0,62,0,155,95,0,0,43,8.342208,0.023499177,396,10,8,244,83.92957746,1.881690141,1,1,0,1,0.02,0,0,0.033850124,0.091486821,13.5878,5.6887,19.2765,0.675,125,SS,saed05rvt_base_ss0p675v125c,341.71875,5.874930731,5.874930731,0,4.143134726,0,5.049856007,4.564348191,0,0,3.784189634,2.234542627,5.983936281,2.397895273,2.197224577,12.59999,5.01329,17.61328,8.628229488,7.269831091,11.87283688,Ok,Ok,Ok,,,
moving_average_filter,750,0.37,0.37,355,355,0,62,0,155,95,0,0,43,8.342208,0.023499177,396,10,8,244,83.92957746,1.881690141,1,1,0,1,0.02,0,0,0.034114328,0.092200887,13.1577,5.5499,18.7076,0.675,125,SS,saed05rvt_base_ss0p675v125c,341.71875,5.874930731,5.874930731,0,4.143134726,0,5.049856007,4.564348191,0,0,3.784189634,2.234542627,5.983936281,2.397895273,2.197224577,12.741052,4.9736614,17.714714,5.307393518,3.166574144,10.38286415,Ok,Ok,Ok,,,
moving_average_filter,750,0.37,0.63,355,355,0,62,0,155,95,0,0,43,8.342208,0.023499177,396,10,8,244,83.92957746,1.881690141,1,1,0,1,0.02,0,0,0.033798629,0.091347645,12.5942,5.4145,18.0087,0.675,125,SS,saed05rvt_base_ss0p675v125c,341.71875,5.874930731,5.874930731,0,4.143134726,0,5.049856007,4.564348191,0,0,3.784189634,2.234542627,5.983936281,2.397895273,2.197224577,12.853255,4.918773,17.772028,1.314209413,2.056941067,9.155542076,Ok,Ok,Ok,,,
moving_average_filter,750,0.37,0.9,355,355,0,62,0,155,95,0,0,43,8.342208,0.023499177,396,10,8,244,83.92957746,1.881690141,1,1,0,1,0.02,0,0,0.033151283,0.089598062,11.9415,5.264,17.2055,0.675,125,SS,saed05rvt_base_ss0p675v125c,341.71875,5.874930731,5.874930731,0,4.143134726,0,5.049856007,4.564348191,0,0,3.784189634,2.234542627,5.983936281,2.397895273,2.197224577,12.981808,4.8762774,17.858086,3.792889671,8.711700446,7.365550024,Ok,Ok,Ok,,,
moving_average_filter,750,0.63,0.1,355,355,0,62,0,155,95,0,0,43,8.342208,0.023499177,396,10,8,244,83.92957746,1.881690141,1,1,0,1,0.02,0,0,0.051035129,0.081008141,21.8163,5.6887,27.505,0.675,125,SS,saed05rvt_base_ss0p675v125c,341.71875,5.874930731,5.874930731,0,4.143134726,0,5.049856007,4.564348191,0,0,3.784189634,2.234542627,5.983936281,2.397895273,2.197224577,19.724098,5.0068426,24.730942,10.08565071,9.590085369,11.98617236,Ok,Ok,Ok,,,
moving_average_filter,750,0.63,0.37,355,355,0,62,0,155,95,0,0,43,8.342208,0.023499177,396,10,8,244,83.92957746,1.881690141,1,1,0,1,0.02,0,0,0.052625689,0.08353284,21.4749,5.5497,27.0246,0.675,125,SS,saed05rvt_base_ss0p675v125c,341.71875,5.874930731,5.874930731,0,4.143134726,0,5.049856007,4.564348191,0,0,3.784189634,2.234542627,5.983936281,2.397895273,2.197224577,19.897827,4.9671726,24.865,7.99123846,7.34379602,10.49655616,Ok,Ok,Ok,,,
moving_average_filter,750,0.63,0.63,355,355,0,62,0,155,95,0,0,43,8.342208,0.023499177,396,10,8,244,83.92957746,1.881690141,1,1,0,1,0.02,0,0,0.052359121,0.083109716,20.6348,5.4148,26.0496,0.675,125,SS,saed05rvt_base_ss0p675v125c,341.71875,5.874930731,5.874930731,0,4.143134726,0,5.049856007,4.564348191,0,0,3.784189634,2.234542627,5.983936281,2.397895273,2.197224577,19.955154,4.9117317,24.866886,4.540238088,3.293686302,9.29061609,Ok,Ok,Ok,,,
moving_average_filter,750,0.63,0.9,355,355,0,62,0,155,95,0,0,43,8.342208,0.023499177,396,10,8,244,83.92957746,1.881690141,1,1,0,1,0.02,0,0,0.050471646,0.080113725,19.4827,5.2725,24.7552,0.675,125,SS,saed05rvt_base_ss0p675v125c,341.71875,5.874930731,5.874930731,0,4.143134726,0,5.049856007,4.564348191,0,0,3.784189634,2.234542627,5.983936281,2.397895273,2.197224577,20.002987,4.8534427,24.85643,0.408924403,2.670507209,7.947981623,Ok,Ok,Ok,,,
moving_average_filter,750,0.9,0.1,355,355,0,62,0,155,95,0,0,43,8.342208,0.023499177,396,10,8,244,83.92957746,1.881690141,1,1,0,1,0.02,0,0,0.067571126,0.075079029,29.9829,5.6887,35.6716,0.675,125,SS,saed05rvt_base_ss0p675v125c,341.71875,5.874930731,5.874930731,0,4.143134726,0,5.049856007,4.564348191,0,0,3.784189634,2.234542627,5.983936281,2.397895273,2.197224577,28.229706,5.005262,33.234966,6.83073852,5.8473136,12.01395929,Ok,Ok,Ok,,,
moving_average_filter,750,0.9,0.37,355,355,0,62,0,155,95,0,0,43,8.342208,0.023499177,396,10,8,244,83.92957746,1.881690141,1,1,0,1,0.02,0,0,0.070902399,0.078780443,29.8787,5.5498,35.4285,0.675,125,SS,saed05rvt_base_ss0p675v125c,341.71875,5.874930731,5.874930731,0,4.143134726,0,5.049856007,4.564348191,0,0,3.784189634,2.234542627,5.983936281,2.397895273,2.197224577,28.747135,4.9594803,33.706615,4.860167808,3.787195687,10.63677456,Ok,Ok,Ok,,,
moving_average_filter,750,0.9,0.63,355,355,0,62,0,155,95,0,0,43,8.342208,0.023499177,396,10,8,244,83.92957746,1.881690141,1,1,0,1,0.02,0,0,0.07057248,0.078413866,28.7722,5.4147,34.1869,0.675,125,SS,saed05rvt_base_ss0p675v125c,341.71875,5.874930731,5.874930731,0,4.143134726,0,5.049856007,4.564348191,0,0,3.784189634,2.234542627,5.983936281,2.397895273,2.197224577,29.062975,4.897372,33.960346,0.662691786,1.010610693,9.554143924,Ok,Ok,Ok,,,
moving_average_filter,750,0.9,0.9,355,355,0,62,0,155,95,0,0,43,8.342208,0.023499177,396,10,8,244,83.92957746,1.881690141,1,1,0,1,0.02,0,0,0.067090116,0.074544574,27.108,5.2791,32.3871,0.675,125,SS,saed05rvt_base_ss0p675v125c,341.71875,5.874930731,5.874930731,0,4.143134726,0,5.049856007,4.564348191,0,0,3.784189634,2.234542627,5.983936281,2.397895273,2.197224577,29.213223,4.83235,34.04557,5.120774548,7.766056159,8.462620954,Ok,Ok,Ok,,,
moving_average_filter,900,0.1,0.1,355,355,0,62,0,155,95,0,0,43,8.342208,0.023499177,396,10,8,244,83.92957746,1.881690141,1,1,0,1,0.02,0,0,0.013858182,0.138581818,4.4926,5.6838,10.1764,0.675,125,SS,saed05rvt_base_ss0p675v125c,410.0625,5.874930731,5.874930731,0,4.143134726,0,5.049856007,4.564348191,0,0,3.784189634,2.234542627,5.983936281,2.397895273,2.197224577,3.7156296,5.0166435,8.732273,14.19094079,17.29444915,11.73785981,Ok,Anomal,Ok,,,
moving_average_filter,900,0.1,0.37,355,355,0,62,0,155,95,0,0,43,8.342208,0.023499177,396,10,8,244,83.92957746,1.881690141,1,1,0,1,0.02,0,0,0.014274674,0.142746742,4.3422,5.5439,9.8861,0.675,125,SS,saed05rvt_base_ss0p675v125c,410.0625,5.874930731,5.874930731,0,4.143134726,0,5.049856007,4.564348191,0,0,3.784189634,2.234542627,5.983936281,2.397895273,2.197224577,3.7460337,4.9652567,8.71129,11.88344889,13.72959172,10.43747739,Ok,Ok,Ok,,,
moving_average_filter,900,0.1,0.63,355,355,0,62,0,155,95,0,0,43,8.342208,0.023499177,396,10,8,244,83.92957746,1.881690141,1,1,0,1,0.02,0,0,0.014025818,0.140258182,4.1292,5.4091,9.5383,0.675,125,SS,saed05rvt_base_ss0p675v125c,410.0625,5.874930731,5.874930731,0,4.143134726,0,5.049856007,4.564348191,0,0,3.784189634,2.234542627,5.983936281,2.397895273,2.197224577,3.7657123,4.926345,8.692057,8.87205628,8.802861058,8.924869728,Ok,Ok,Ok,,,
moving_average_filter,900,0.1,0.9,355,355,0,62,0,155,95,0,0,43,8.342208,0.023499177,396,10,8,244,83.92957746,1.881690141,1,1,0,1,0.02,0,0,0.013775725,0.137757247,3.9192,5.2561,9.1753,0.675,125,SS,saed05rvt_base_ss0p675v125c,410.0625,5.874930731,5.874930731,0,4.143134726,0,5.049856007,4.564348191,0,0,3.784189634,2.234542627,5.983936281,2.397895273,2.197224577,3.7616072,4.8846827,8.64629,5.765589949,4.021045874,7.066405599,Ok,Ok,Ok,,,
moving_average_filter,900,0.37,0.1,355,355,0,62,0,155,95,0,0,43,8.342208,0.023499177,396,10,8,244,83.92957746,1.881690141,1,1,0,1,0.02,0,0,0.034655725,0.093664121,13.7708,5.682,19.4528,0.675,125,SS,saed05rvt_base_ss0p675v125c,410.0625,5.874930731,5.874930731,0,4.143134726,0,5.049856007,4.564348191,0,0,3.784189634,2.234542627,5.983936281,2.397895273,2.197224577,12.654494,5.0288215,17.683315,9.096298337,8.106324356,11.4955743,Ok,Ok,Ok,,,
moving_average_filter,900,0.37,0.37,355,355,0,62,0,155,95,0,0,43,8.342208,0.023499177,396,10,8,244,83.92957746,1.881690141,1,1,0,1,0.02,0,0,0.034750679,0.093920755,13.2776,5.5434,18.821,0.675,125,SS,saed05rvt_base_ss0p675v125c,410.0625,5.874930731,5.874930731,0,4.143134726,0,5.049856007,4.564348191,0,0,3.784189634,2.234542627,5.983936281,2.397895273,2.197224577,12.804746,4.9897165,17.794462,5.454214951,3.561293651,9.988156549,Ok,Ok,Ok,,,
moving_average_filter,900,0.37,0.63,355,355,0,62,0,155,95,0,0,43,8.342208,0.023499177,396,10,8,244,83.92957746,1.881690141,1,1,0,1,0.02,0,0,0.034592061,0.093492056,12.731,5.4094,18.1404,0.675,125,SS,saed05rvt_base_ss0p675v125c,410.0625,5.874930731,5.874930731,0,4.143134726,0,5.049856007,4.564348191,0,0,3.784189634,2.234542627,5.983936281,2.397895273,2.197224577,12.954823,4.9387465,17.89357,1.36066489,1.758090804,8.700660844,Ok,Ok,Ok,,,
moving_average_filter,900,0.37,0.9,355,355,0,62,0,155,95,0,0,43,8.342208,0.023499177,396,10,8,244,83.92957746,1.881690141,1,1,0,1,0.02,0,0,0.033840758,0.091461507,12.0367,5.2556,17.2923,0.675,125,SS,saed05rvt_base_ss0p675v125c,410.0625,5.874930731,5.874930731,0,4.143134726,0,5.049856007,4.564348191,0,0,3.784189634,2.234542627,5.983936281,2.397895273,2.197224577,13.126991,4.8935375,18.020529,4.211289379,9.058058039,6.889079813,Ok,Ok,Ok,,,
moving_average_filter,900,0.63,0.1,355,355,0,62,0,155,95,0,0,43,8.342208,0.023499177,396,10,8,244,83.92957746,1.881690141,1,1,0,1,0.02,0,0,0.052434758,0.083229774,22.1681,5.6821,27.8502,0.675,125,SS,saed05rvt_base_ss0p675v125c,410.0625,5.874930731,5.874930731,0,4.143134726,0,5.049856007,4.564348191,0,0,3.784189634,2.234542627,5.983936281,2.397895273,2.197224577,20.01165,5.0294533,25.041103,10.0864505,9.727716469,11.48601261,Ok,Ok,Ok,,,
moving_average_filter,900,0.63,0.37,355,355,0,62,0,155,95,0,0,43,8.342208,0.023499177,396,10,8,244,83.92957746,1.881690141,1,1,0,1,0.02,0,0,0.053650801,0.085160001,21.6883,5.5436,27.2319,0.675,125,SS,saed05rvt_base_ss0p675v125c,410.0625,5.874930731,5.874930731,0,4.143134726,0,5.049856007,4.564348191,0,0,3.784189634,2.234542627,5.983936281,2.397895273,2.197224577,20.189583,4.9882464,25.17783,7.54288264,6.910256568,10.01792263,Ok,Ok,Ok,,,
moving_average_filter,900,0.63,0.63,355,355,0,62,0,155,95,0,0,43,8.342208,0.023499177,396,10,8,244,83.92957746,1.881690141,1,1,0,1,0.02,0,0,0.053459722,0.084856702,20.8316,5.4091,26.2407,0.675,125,SS,saed05rvt_base_ss0p675v125c,410.0625,5.874930731,5.874930731,0,4.143134726,0,5.049856007,4.564348191,0,0,3.784189634,2.234542627,5.983936281,2.397895273,2.197224577,20.273527,4.9371467,25.210674,3.925298159,2.678972593,8.725173066,Ok,Ok,Ok,,,
moving_average_filter,900,0.63,0.9,355,355,0,62,0,155,95,0,0,43,8.342208,0.023499177,396,10,8,244,83.92957746,1.881690141,1,1,0,1,0.02,0,0,0.051834179,0.082276475,19.677,5.2637,24.9407,0.675,125,SS,saed05rvt_base_ss0p675v125c,410.0625,5.874930731,5.874930731,0,4.143134726,0,5.049856007,4.564348191,0,0,3.784189634,2.234542627,5.983936281,2.397895273,2.197224577,20.267233,4.8752894,25.142523,0.809210695,2.999608146,7.379040596,Ok,Ok,Ok,,,
moving_average_filter,900,0.9,0.1,355,355,0,62,0,155,95,0,0,43,8.342208,0.023499177,396,10,8,244,83.92957746,1.881690141,1,1,0,1,0.02,0,0,0.069639672,0.077377413,30.5278,5.6821,36.2099,0.675,125,SS,saed05rvt_base_ss0p675v125c,410.0625,5.874930731,5.874930731,0,4.143134726,0,5.049856007,4.564348191,0,0,3.784189634,2.234542627,5.983936281,2.397895273,2.197224577,28.616606,5.02832,33.644924,7.083631372,6.260504332,11.5059602,Ok,Ok,Ok,,,
moving_average_filter,900,0.9,0.37,355,355,0,62,0,155,95,0,0,43,8.342208,0.023499177,396,10,8,244,83.92957746,1.881690141,1,1,0,1,0.02,0,0,0.072541826,0.080602029,30.2435,5.5436,35.7871,0.675,125,SS,saed05rvt_base_ss0p675v125c,410.0625,5.874930731,5.874930731,0,4.143134726,0,5.049856007,4.564348191,0,0,3.784189634,2.234542627,5.983936281,2.397895273,2.197224577,29.12929,4.979199,34.10849,4.690544944,3.684131707,10.181129,Ok,Ok,Ok,,,
moving_average_filter,900,0.9,0.63,355,355,0,62,0,155,95,0,0,43,8.342208,0.023499177,396,10,8,244,83.92957746,1.881690141,1,1,0,1,0.02,0,0,0.07220773,0.080230811,29.0796,5.409,34.4886,0.675,125,SS,saed05rvt_base_ss0p675v125c,410.0625,5.874930731,5.874930731,0,4.143134726,0,5.049856007,4.564348191,0,0,3.784189634,2.234542627,5.983936281,2.397895273,2.197224577,29.457579,4.918496,34.376076,0.326265071,1.29980694,9.068291146,Ok,Ok,Ok,,,
moving_average_filter,900,0.9,0.9,355,355,0,62,0,155,95,0,0,43,8.342208,0.023499177,396,10,8,244,83.92957746,1.881690141,1,1,0,1,0.02,0,0,0.069124553,0.076805059,27.4075,5.2701,32.6776,0.675,125,SS,saed05rvt_base_ss0p675v125c,410.0625,5.874930731,5.874930731,0,4.143134726,0,5.049856007,4.564348191,0,0,3.784189634,2.234542627,5.983936281,2.397895273,2.197224577,29.59032,4.8522797,34.4426,5.401254224,7.964318479,7.928129199,Ok,Ok,Ok,,,
moving_average_filter,1000,0.1,0.1,355,355,0,62,0,155,95,0,0,43,8.342208,0.023499177,396,10,8,244,83.92957746,1.881690141,1,1,0,1,0.02,0,0,0.013917058,0.139170581,4.5026,5.6824,10.185,0.675,125,SS,saed05rvt_base_ss0p675v125c,455.625,5.874930731,5.874930731,0,4.143134726,0,5.049856007,4.564348191,0,0,3.784189634,2.234542627,5.983936281,2.397895273,2.197224577,3.748433,5.022519,8.770952,13.88363059,16.74958661,11.61271449,Ok,Anomal,Ok,,,
moving_average_filter,1000,0.1,0.37,355,355,0,62,0,155,95,0,0,43,8.342208,0.023499177,396,10,8,244,83.92957746,1.881690141,1,1,0,1,0.02,0,0,0.014324495,0.143244949,4.3477,5.5393,9.887,0.675,125,SS,saed05rvt_base_ss0p675v125c,455.625,5.874930731,5.874930731,0,4.143134726,0,5.049856007,4.564348191,0,0,3.784189634,2.234542627,5.983936281,2.397895273,2.197224577,3.7954726,4.9702125,8.765685,11.34130594,12.70159804,10.27363639,Ok,Ok,Ok,,,
moving_average_filter,1000,0.1,0.63,355,355,0,62,0,155,95,0,0,43,8.342208,0.023499177,396,10,8,244,83.92957746,1.881690141,1,1,0,1,0.02,0,0,0.014080126,0.140801263,4.1349,5.4049,9.5398,0.675,125,SS,saed05rvt_base_ss0p675v125c,455.625,5.874930731,5.874930731,0,4.143134726,0,5.049856007,4.564348191,0,0,3.784189634,2.234542627,5.983936281,2.397895273,2.197224577,3.7913327,4.934265,8.725597,8.534797568,8.308962207,8.707559127,Ok,Ok,Ok,,,
moving_average_filter,1000,0.1,0.9,355,355,0,62,0,155,95,0,0,43,8.342208,0.023499177,396,10,8,244,83.92957746,1.881690141,1,1,0,1,0.02,0,0,0.013825131,0.138251313,3.9252,5.2516,9.1768,0.675,125,SS,saed05rvt_base_ss0p675v125c,455.625,5.874930731,5.874930731,0,4.143134726,0,5.049856007,4.564348191,0,0,3.784189634,2.234542627,5.983936281,2.397895273,2.197224577,3.7594962,4.894082,8.653578,5.701575663,4.22153745,6.80779059,Ok,Ok,Ok,,,
moving_average_filter,1000,0.37,0.1,355,355,0,62,0,155,95,0,0,43,8.342208,0.023499177,396,10,8,244,83.92957746,1.881690141,1,1,0,1,0.02,0,0,0.034861172,0.094219383,13.8223,5.6775,19.4998,0.675,125,SS,saed05rvt_base_ss0p675v125c,455.625,5.874930731,5.874930731,0,4.143134726,0,5.049856007,4.564348191,0,0,3.784189634,2.234542627,5.983936281,2.397895273,2.197224577,12.6965065,5.039119,17.735626,9.047137813,8.144762447,11.24405519,Ok,Ok,Ok,,,
moving_average_filter,1000,0.37,0.37,355,355,0,62,0,155,95,0,0,43,8.342208,0.023499177,396,10,8,244,83.92957746,1.881690141,1,1,0,1,0.02,0,0,0.034912354,0.094357712,13.3114,5.539,18.8504,0.675,125,SS,saed05rvt_base_ss0p675v125c,455.625,5.874930731,5.874930731,0,4.143134726,0,5.049856007,4.564348191,0,0,3.784189634,2.234542627,5.983936281,2.397895273,2.197224577,12.906478,4.9962835,17.902761,5.027153486,3.041919496,9.798094761,Ok,Ok,Ok,,,
moving_average_filter,1000,0.37,0.63,355,355,0,62,0,155,95,0,0,43,8.342208,0.023499177,396,10,8,244,83.92957746,1.881690141,1,1,0,1,0.02,0,0,0.034741876,0.093896963,12.7553,5.4052,18.1605,0.675,125,SS,saed05rvt_base_ss0p675v125c,455.625,5.874930731,5.874930731,0,4.143134726,0,5.049856007,4.564348191,0,0,3.784189634,2.234542627,5.983936281,2.397895273,2.197224577,13.103374,4.950481,18.053854,0.587241603,2.728854104,8.412622327,Ok,Ok,Ok,,,
moving_average_filter,1000,0.37,0.9,355,355,0,62,0,155,95,0,0,43,8.342208,0.023499177,396,10,8,244,83.92957746,1.881690141,1,1,0,1,0.02,0,0,0.033997278,0.091884535,12.0576,5.2509,17.3085,0.675,125,SS,saed05rvt_base_ss0p675v125c,455.625,5.874930731,5.874930731,0,4.143134726,0,5.049856007,4.564348191,0,0,3.784189634,2.234542627,5.983936281,2.397895273,2.197224577,13.131563,4.9020114,18.033575,4.189127065,8.90693991,6.644358215,Ok,Ok,Ok,,,
moving_average_filter,1000,0.63,0.1,355,355,0,62,0,155,95,0,0,43,8.342208,0.023499177,396,10,8,244,83.92957746,1.881690141,1,1,0,1,0.02,0,0,0.052976081,0.084089017,22.3166,5.6775,27.9941,0.675,125,SS,saed05rvt_base_ss0p675v125c,455.625,5.874930731,5.874930731,0,4.143134726,0,5.049856007,4.564348191,0,0,3.784189634,2.234542627,5.983936281,2.397895273,2.197224577,20.201418,5.0442486,25.245667,9.817902687,9.478066,11.15370179,Ok,Ok,Ok,,,
moving_average_filter,1000,0.63,0.37,355,355,0,62,0,155,95,0,0,43,8.342208,0.023499177,396,10,8,244,83.92957746,1.881690141,1,1,0,1,0.02,0,0,0.053961268,0.085652806,21.7551,5.5392,27.2943,0.675,125,SS,saed05rvt_base_ss0p675v125c,455.625,5.874930731,5.874930731,0,4.143134726,0,5.049856007,4.564348191,0,0,3.784189634,2.234542627,5.983936281,2.397895273,2.197224577,20.390932,4.998868,25.389801,6.977643591,6.27056606,9.754694025,Ok,Ok,Ok,,,
moving_average_filter,1000,0.63,0.63,355,355,0,62,0,155,95,0,0,43,8.342208,0.023499177,396,10,8,244,83.92957746,1.881690141,1,1,0,1,0.02,0,0,0.053786336,0.085375136,20.8925,5.4049,26.2974,0.675,125,SS,saed05rvt_base_ss0p675v125c,455.625,5.874930731,5.874930731,0,4.143134726,0,5.049856007,4.564348191,0,0,3.784189634,2.234542627,5.983936281,2.397895273,2.197224577,20.49138,4.94908,25.44046,3.258648364,1.919920108,8.433458706,Ok,Ok,Ok,,,
moving_average_filter,1000,0.63,0.9,355,355,0,62,0,155,95,0,0,43,8.342208,0.023499177,396,10,8,244,83.92957746,1.881690141,1,1,0,1,0.02,0,0,0.05233474,0.083071016,19.7456,5.2577,25.0033,0.675,125,SS,saed05rvt_base_ss0p675v125c,455.625,5.874930731,5.874930731,0,4.143134726,0,5.049856007,4.564348191,0,0,3.784189634,2.234542627,5.983936281,2.397895273,2.197224577,20.394981,4.8906455,25.285627,1.129160411,3.28873969,6.981275006,Ok,Ok,Ok,,,
moving_average_filter,1000,0.9,0.1,355,355,0,62,0,155,95,0,0,43,8.342208,0.023499177,396,10,8,244,83.92957746,1.881690141,1,1,0,1,0.02,0,0,0.070497677,0.078330752,30.7666,5.6775,36.4441,0.675,125,SS,saed05rvt_base_ss0p675v125c,455.625,5.874930731,5.874930731,0,4.143134726,0,5.049856007,4.564348191,0,0,3.784189634,2.234542627,5.983936281,2.397895273,2.197224577,28.87906,5.044203,33.923264,6.916994658,6.135027123,11.15450807,Ok,Ok,Ok,,,
moving_average_filter,1000,0.9,0.37,355,355,0,62,0,155,95,0,0,43,8.342208,0.023499177,396,10,8,244,83.92957746,1.881690141,1,1,0,1,0.02,0,0,0.073093207,0.081214675,30.3715,5.5393,35.9108,0.675,125,SS,saed05rvt_base_ss0p675v125c,455.625,5.874930731,5.874930731,0,4.143134726,0,5.049856007,4.564348191,0,0,3.784189634,2.234542627,5.983936281,2.397895273,2.197224577,29.361702,4.992578,34.35428,4.33441036,3.324821081,9.86987472,Ok,Ok,Ok,,,
moving_average_filter,1000,0.9,0.63,355,355,0,62,0,155,95,0,0,43,8.342208,0.023499177,396,10,8,244,83.92957746,1.881690141,1,1,0,1,0.02,0,0,0.072784871,0.080872079,29.1865,5.4046,34.5911,0.675,125,SS,saed05rvt_base_ss0p675v125c,455.625,5.874930731,5.874930731,0,4.143134726,0,5.049856007,4.564348191,0,0,3.784189634,2.234542627,5.983936281,2.397895273,2.197224577,29.66002,4.9311223,34.591145,0.000128824,1.622396753,8.76064273,Ok,Ok,Ok,,,
moving_average_filter,1000,0.9,0.9,355,355,0,62,0,155,95,0,0,43,8.342208,0.023499177,396,10,8,244,83.92957746,1.881690141,1,1,0,1,0.02,0,0,0.069950045,0.077722273,27.5225,5.2639,32.7864,0.675,125,SS,saed05rvt_base_ss0p675v125c,455.625,5.874930731,5.874930731,0,4.143134726,0,5.049856007,4.564348191,0,0,3.784189634,2.234542627,5.983936281,2.397895273,2.197224577,29.648277,4.866833,34.51511,5.272643584,7.723779754,7.543205418,Ok,Ok,Ok,,,
